source,target,weight,chapter_count,chapters,sample_evidence,relation_definition
刘备,诸葛亮,214,43,36;37;38;39;40;41;42;43;44;45;48;49;50;51;52;53;54;55;56;57;58;60;61;62;63;64;65;66;67;70;71;72;73;77;78;79;80;81;82;84;85;106;120,"Chapter 36, P036-021: 玄德喜曰：「愿闻此人姓名。」庶曰：「此人乃瑯琊阳都人，覆姓诸葛，名亮，字孔明。乃汉司隶校尉诸葛丰之后其父名珪，字子贡，为泰山郡丞，早卒。亮从其叔玄。玄与荆州刘景升有旧，因往依之，遂家于襄阳。后玄卒，亮与弟诸葛均躬耕于南阳尝好为梁父吟。所居之地，有一冈，名卧龙冈，因自号为卧龙先生。此人乃绝代奇才，使君急宜枉驾见之。若此人肯相辅佐，何愁天下不定乎？」玄德曰：「昔水镜先生曾为备言：『伏龙、凤雏，两人得一，可安天下。』今所云莫非即伏龙、凤雏乎？」庶曰：「凤雏乃襄阳庞统也。伏龙正是诸葛孔明。」玄德踊跃曰：「今日方知伏龙、凤雏之语。何期大贤只在目前。非先生言，备有眼如盲也！」后人有赞徐庶走马荐诸葛诗曰： || Chapter 36, P036-023: 徐庶荐了孔明，再别玄德，策马而去。玄德闻徐庶之语，方悟司马德操之言，似醉方醒，如梦初觉，引众将回至新野，便具厚币，同关、张前去南阳请孔明。 || Chapter 36, P036-024: 且说徐庶既别玄德，感其留恋之情，恐孔明不肯出山辅之，遂乘马直至卧龙冈下，入草庐见孔明。孔明问其来意。庶曰：「庶本欲事刘豫州，奈老母为曹操所囚，驰书来召，只得舍之而往。临行时，将公荐与玄德。玄德即日将来奉谒，望公勿推阻，即展平生之大才以辅之，幸甚。」",same_body_paragraph
刘备,曹操,199,58,2;5;11;13;14;16;17;18;19;20;21;22;23;24;25;26;27;28;31;32;34;35;36;37;38;39;40;41;42;43;44;45;49;50;51;52;55;56;57;58;60;61;62;63;65;66;67;68;70;71;72;73;74;77;78;81;82;120,"Chapter 2, P002-002: 于是三人连夜引军来投朱隽。隽待之其厚，合兵一处，进讨张宝。是时曹操自跟皇甫嵩讨张梁，大战于曲阳。这里朱隽进攻张宝。张宝引贼众八九万，屯于山后。隽令玄德为其先锋，与贼对敌。张宝遣副将高升出马搦战。玄德使张飞击之。飞纵马挺矛，与升交战，不数合，刺升落马。玄德麾军直冲过去。张宝就马上披发仗剑，作起妖法。只见风雷大作，一股黑气，从天而降：黑气中似有无限人马杀来。玄德连忙回军，军中大乱，败阵而归，与朱隽计议。隽曰：「彼用妖术，我来日可宰猪羊狗血，令军士伏于山头；候贼赶来，从高坡上泼之，其法可解。」 || Chapter 5, P005-010: 玄德、关、张引数骑跟公孙瓒来。曹操接著。众诸侯亦陆续皆至，各自安营下寨，连接二百余里。操乃宰牛杀马，大会诸侯，商议进兵之策。太守王匡曰：「今奉大义，必立盟主；众听约束，然后进兵。」操曰：「袁本初四世三公，门多故吏，汉朝名相之裔，可为盟主。」绍再三推辞。众皆曰：「非本初不可。」绍方应允。次日筑台三层，遍列五方旗帜，上建白旄黄钺，兵符将印，请绍登坛。绍整衣佩剑，慨然而上，焚香再拜。其盟曰：汉室不幸，皇纲失统。贼臣董卓，乘衅纵害，祸加至尊，虐流百姓。绍等惧社稷沦丧，纠合义兵，并赴国难。凡我同盟，齐心戮力，以致臣节，必无二志。有渝此盟，俾坠其命，无克遗育。皇天后土，祖宗明灵，实皆鉴之！ || Chapter 5, P005-016: 绍举目遍视，见公孙瓒背后立著三人，容貌异常，都在那里冷笑。绍问曰：「公孙太守背后何人？」瓒呼玄德出曰：「此吾自幼同舍兄弟，平原令刘备是也。」曹操曰：「莫非破黄巾刘玄德乎？」瓒曰：「然。」即令刘玄德拜见。瓒将玄德功劳，并其出身，细说一遍。绍曰：「既是汉室宗派，取坐来。」命坐。备逊谢。绍曰：「吾非敬汝名爵，吾敬汝是帝室之胄耳。」玄德乃坐于末位，关、张叉手侍立于后。",same_body_paragraph
关羽,刘备,169,49,1;2;5;7;11;13;14;16;18;19;20;21;22;24;25;26;27;28;31;34;35;36;37;38;39;40;41;42;45;49;50;51;52;53;56;60;63;65;66;67;73;77;78;79;80;81;82;83;85,"Chapter 1, P001-013: 正饮间，见一大汉，推著一辆车子，到店门首歇了；入店坐下，便唤酒保：「快斟酒来吃，我待赶入城去投军。」玄德看其人：身长九尺，髯长二尺：面如重枣，唇若涂脂；丹凤眼，卧蚕眉：相貌堂堂，威风凛凛。玄德就邀他同坐，叩其姓名。其人曰：「吾姓关，名羽，字寿长，后改云长，河东解良人也。因本处势豪，倚势凌人，被吾杀了；逃难江湖，五六年矣。今闻此处招军破贼，特来应募。」玄德遂以己志告之。云长大喜。同到张飞庄上，共议大事。 || Chapter 1, P001-014: 飞曰：「吾庄后有一桃园，花开正盛；明日当于园中祭告天地，我三人结为兄弟，协力同心，然后可图大事。」玄德、云长、齐声应曰：「如此甚好。」次日，于桃园中，备下乌牛白马祭礼等项，三人焚香，再拜而说誓曰：「念刘备、关羽、张飞，虽然异姓，既结为兄弟，则同心协力，救困扶危；上报国家，下安黎庶；不求同年同月同日生，但愿同年同月同日死。皇天后土，实鉴此心。背义忘恩，天人共戮。」誓毕，拜玄德为兄，关羽次之，张飞为弟。祭罢天地，复宰牛设酒，聚乡中勇士，得三百余人，就桃园中痛饮一醉。来日收拾军器，但恨无马匹可乘。 || Chapter 1, P001-015: 正思虑间，人报「有两个客人，引一伙伴儅，赶一群马，投庄上来。」玄德曰：「此天佑我也！」三人出庄迎接。原来二客乃中山大商：一名张世平，一名苏双，每年往北贩马，近因寇发而回。玄德请二人到庄，置酒管待，诉说欲讨贼安民之意。二客大喜，愿将良马五十匹相送；又赠金银五百两，镔铁一千斤，以资器用。玄德谢别二客，便命良匠打造双股剑。云长造青龙偃月刀，又名冷艳锯，重八十二斤。张飞造丈八点钢矛。各置全身铠甲。共聚乡勇五百余人，来见邹靖。邹靖引见太守刘焉。三人参见毕，各通姓名。玄德说起宗派，刘焉大喜，遂认玄德为姪。",same_body_paragraph
刘备,张飞,152,46,1;2;5;6;7;11;13;14;15;16;18;19;21;22;24;25;28;31;34;35;36;37;38;39;40;41;42;45;51;52;53;56;57;60;63;64;65;69;70;71;72;73;77;81;83;85,"Chapter 1, P001-012: 玄德回视其人：身长八尺，豹头环眼，燕颔虎须，声若巨雷，势如奔马。玄德见他形貌异常，问其姓名。其人曰：「某姓张，名飞，字翼德。世居涿郡，颇有庄田，卖酒屠猪，专好结交天下豪杰。适才见公看榜而叹，故此相问。」玄德曰：「我本汉室宗亲，姓刘，名备。今闻黄巾倡乱，有志欲破贼安民；恨力不能，故长叹耳。」飞曰：「吾颇有资财，当招募乡勇，与公同举大事，如何？」玄德甚喜，遂与同入村店中饮酒。 || Chapter 1, P001-013: 正饮间，见一大汉，推著一辆车子，到店门首歇了；入店坐下，便唤酒保：「快斟酒来吃，我待赶入城去投军。」玄德看其人：身长九尺，髯长二尺：面如重枣，唇若涂脂；丹凤眼，卧蚕眉：相貌堂堂，威风凛凛。玄德就邀他同坐，叩其姓名。其人曰：「吾姓关，名羽，字寿长，后改云长，河东解良人也。因本处势豪，倚势凌人，被吾杀了；逃难江湖，五六年矣。今闻此处招军破贼，特来应募。」玄德遂以己志告之。云长大喜。同到张飞庄上，共议大事。 || Chapter 1, P001-014: 飞曰：「吾庄后有一桃园，花开正盛；明日当于园中祭告天地，我三人结为兄弟，协力同心，然后可图大事。」玄德、云长、齐声应曰：「如此甚好。」次日，于桃园中，备下乌牛白马祭礼等项，三人焚香，再拜而说誓曰：「念刘备、关羽、张飞，虽然异姓，既结为兄弟，则同心协力，救困扶危；上报国家，下安黎庶；不求同年同月同日生，但愿同年同月同日死。皇天后土，实鉴此心。背义忘恩，天人共戮。」誓毕，拜玄德为兄，关羽次之，张飞为弟。祭罢天地，复宰牛设酒，聚乡中勇士，得三百余人，就桃园中痛饮一醉。来日收拾军器，但恨无马匹可乘。",same_body_paragraph
刘备,赵云,118,32,7;11;21;28;31;34;35;36;39;40;41;42;45;49;51;52;53;54;55;56;57;60;64;65;70;71;72;73;80;81;84;85,"Chapter 7, P007-014: 正说之间，忽见赵云冲到面前。弓箭手急待射时，云连刺数人，众军皆走。后面瓒军团团围裹上来。田丰慌对绍曰：「主公且于空墙中躲避！」绍以兜鍪扑地，大呼曰：「大丈夫愿临阵斗死，岂可入墙而望活乎！」众军士齐心死战，赵云冲突不入，绍兵大队掩至，颜良亦引军来到，两路并杀。赵云保公孙瓒杀透重围，回到界桥。绍驱兵大进，复赶过桥，落水死者，不计其数。袁绍当先赶来，不到五里，只听得山背后喊声大起，闪出一彪人马，为首三员大将，乃是刘玄德，关云长，张翼德。因在平原探知公孙瓒与袁绍相争，特来助战。当下三匹马，三般兵器，飞奔前来，直取袁绍。绍惊得魂飞天外，手中宝刀坠于马下，忙拨马而逃，众人死救过桥。公孙瓒亦收军归寨。玄德、关、张动问毕，瓒曰：「若非玄德远来救我，几乎狼狈。」教与赵云相见。玄德甚相敬爱，便有不舍之心。 || Chapter 7, P007-015: 却说袁绍输了一阵，坚守不出。两军相拒月余，有人来长安报知董卓。李儒对卓曰：「袁绍与公孙瓒，亦当今豪杰。见在磐河厮杀，宜假天子之诏，差人往和解之。二人感德，必顺太师矣。」卓大喜。次日便使太傅马日䃅、太仆赵岐，赍诏前去。二人来至河北，绍出迎于百里之外，再拜奉诏。次日二人至瓒营宣谕，瓒乃遣使致书于绍，互相讲和；二人自回京复命。瓒即日班师，又表荐刘玄德为平原相。玄德与赵云分别，执手垂泪，不忍相离。云叹曰：「某日误认公孙瓒为英雄；今观所为，亦袁绍等辈耳！」玄德曰：「公且屈身事之，相见有日。」洒泪而别。 || Chapter 11, P011-012: 不说孔融起兵。且说玄德离北海来见公孙瓒，且说欲救徐州之事。瓒曰：「曹操与君无雠，何苦替人出力？」玄德曰：「备已许人，不敢失信。」瓒曰：「我借与君马步军二千。」玄德曰：「更望借赵子龙一行。」瓒许之。玄德遂与关、张引本部三千人为前部，子龙引二千人随后，往徐州来。",same_body_paragraph
司马懿,诸葛亮,106,17,67;85;86;91;94;95;96;97;98;99;100;101;102;103;104;106;107,"Chapter 67, P067-019: 曹操已得东川。主簿司马懿进曰：「刘备以诈力取刘璋、蜀人尚未归心。今主公已得汉中，益州震动。可速进兵攻之，势必瓦解。知者贵于乘时，时不可失也。」曹操叹曰：「人苦不知足，既得陇，复望蜀耶﹖」刘晔曰：「司马仲达之言是也。若少迟缓，诸葛亮明于治国而为相，关张等勇冠三军而为将，蜀民既定，据守关隘，不可犯矣。」操曰：「士卒远涉劳苦，且宜存恤。」遂按兵不动。 || Chapter 85, P085-020: 正言间，忽一人从班部中奋然而出曰：「不乘此时进兵，更待何时？」众视之，乃司马懿也。丕大喜，遂问计于懿。懿曰：「若只起中国之兵，急难取胜。须用五路大兵，四面夹攻，令诸葛亮首尾不能救应，然后可图。」 || Chapter 86, P086-016: 却说吴王见张温入蜀未还，乃聚文武商议。忽近臣奏曰；「蜀遣邓芝同张温入国答礼。」权召入。张温拜于殿前，备称后主、孔明之德，愿求永结盟好，特遣邓尚书又来答礼。权大喜，乃设宴待之。权问邓芝曰：「若吴、蜀二国同心灭魏，得天下太平，二主分治，岂不乐乎？」芝答曰：「『天无二日，民无二王』。如灭魏之后，未识天命所归何人。但为君者，各修其德；为臣者，各尽其忠，则战争方息耳。」权大笑曰：「君之诚款，乃如是耶！」遂厚赠邓芝还蜀。自此吴、蜀通好。却说魏国细作人探知此事，火速报入中原。魏主曹丕听知，大怒曰：「吴、蜀连和，必有图中原之意也。不若朕先伐之。」于是大集文武，商议起兵伐吴。此时大司马曹仁、太尉贾诩已亡。侍中辛毗出班奏曰：「中原之地，土阔民稀，而欲用兵，未见其利。今日之计，莫若养兵屯田十年，足食足兵，然后用之，则吴、蜀方可破也。」丕怒曰：「此迂儒之论也！今吴、蜀连和，早晚必来侵境，何暇等待十年？」即传旨起兵伐吴。司马懿奏曰：「吴有长江之险，非船莫渡。陛下必御驾亲征，可选大小战船，从蔡颍而入淮，取寿春，至广陵，渡江口，迳取南徐：此为上策。」",same_body_paragraph
曹操,诸葛亮,100,36,36;37;38;39;40;41;42;43;44;45;46;49;50;51;52;54;55;56;57;58;60;62;63;64;65;67;70;71;72;73;76;78;81;88;94;120,"Chapter 36, P036-024: 且说徐庶既别玄德，感其留恋之情，恐孔明不肯出山辅之，遂乘马直至卧龙冈下，入草庐见孔明。孔明问其来意。庶曰：「庶本欲事刘豫州，奈老母为曹操所囚，驰书来召，只得舍之而往。临行时，将公荐与玄德。玄德即日将来奉谒，望公勿推阻，即展平生之大才以辅之，幸甚。」 || Chapter 37, P037-006: 却说玄德正安排礼物，欲往隆中谒诸葛亮，忽人报：「门外有一先生，峨冠博带，道貌非常，特来相探。」玄德曰：「此莫非即孔明否？」遂整衣出迎。视之，乃司马徽也。玄德大喜，请入后堂高坐，拜问曰：「备自别仙颜，日因军务倥偬，有失拜访。今得光降，大慰仰慕之私。」徽曰：「闻徐元直在此，特来一会。」玄德曰：「近因曹操囚其母，徐母遣人驰书唤回许昌去矣。」徽曰：「此中曹操之计矣！吾素闻徐母最贤，虽为操所囚，必不肯驰书召其子。此书必诈也。元直不去，其母尚存；今若去，母必死矣。」 || Chapter 38, P038-008: 孔明曰：「自董卓造逆以来，天下豪杰并起。曹操势不及袁绍，而竟能克绍者，非惟天时，抑亦人谋也。今操已拥百万之众，挟天子以令诸侯，此诚不可与争锋。孙权据有江东，已历三世，国险而民附，此可用为援，而不可图也。荆州北据汉沔，利尽南海，东连吴会，西通巴蜀，此用武之地，非其主不能守。是殆天所以资将军，将军岂可弃乎？益州险塞，沃野千里，天府之国，高祖因之以成帝业。今刘璋暗弱，民殷国富，而不知存恤，智能之士，思得明君。将军既帝室之胄，信义著于四海，总揽英雄，思贤如渴，若跨有荆益，保其岩阻，西和诸戎，南抚彝越，外结孙权，内修政理；待天下有变，则命一上将，将荆州之兵，以向宛洛；将军身率益州之众，以出秦川，百姓有不箪食壸浆以迎将军者乎？诚如是，则大业可成，汉室可兴矣。此亮所以为将军谋者也。惟将军图之。」言罢，命童子取出画一轴，挂于中堂，指谓玄德曰：「此西川五十四州之图也。将军欲成霸业，北让曹操占天时，南让孙权占地利，将军可占人和。先取荆州为家，后即取西川建基业，以成鼎足之势，然后可图中原也。」",same_body_paragraph
诸葛亮,魏延,98,32,41;53;56;60;63;64;65;70;71;72;73;81;85;87;88;89;90;91;92;93;94;95;96;97;98;99;100;101;102;103;104;105,"Chapter 41, P041-009: 两下军兵在城边混杀，喊声大震。玄德曰：「本欲保民，反害民也！吾不愿入襄阳！」孔明曰：「江陵乃荆州要地，不如先取江陵为家。」玄德曰：「正合吾心。」于是引著百姓，尽离襄阳大路，望江陵而走。襄阳城中百姓，多有乘乱逃出城来，跟玄德而去。魏延与文聘交战，从已至未，手下兵卒，皆已折尽。延乃拨马而逃，却寻不见玄德，自投长沙太守韩玄去了。 || Chapter 53, P053-014: 众视其人，面如重枣，目若朗星，乃义阳人魏延也；自襄阳赶刘玄德不著，来投韩玄；玄怪其傲慢少礼，不肯重用，故屈沈于此。当日救了黄忠，教百姓同杀韩玄，袒臂一呼，相从者数百余人。黄忠拦当不住。魏延直杀上城头，一刀砍韩玄为两段，提头上马，引百姓出城，投拜云长。云长大喜，遂入城安抚已毕，请黄忠相见。忠托病不出。云长即使人去请玄德、孔明。 || Chapter 53, P053-018: 玄德待黄忠甚厚。云长引魏延来见，孔明喝令刀斧手推出斩之。玄德惊问孔明曰：「魏延乃有功无罪之人，军师何故欲杀之？」孔明曰：「食其禄而杀其主，是不忠也；居其土而献其地，是不义也。吾观魏延脑后有反骨，久后必反，故先斩之，以绝祸根。」玄德曰：「若杀此人，恐降者人人自危；望军师恕之。」孔明指魏延曰：「吾今饶汝性命。汝可尽忠报主，勿生异心，若生异心，我好歹取汝首级。」",same_body_paragraph
关羽,曹操,97,36,5;14;16;18;20;21;22;24;25;26;27;28;31;39;40;41;42;43;45;49;50;60;63;65;66;67;73;74;75;76;77;78;79;81;82;97,"Chapter 5, P005-017: 忽探子来报：「华雄引铁骑下关，用长竿挑著孙太守赤帻，来寨前大骂搦战。」绍曰：「谁敢去战？」袁术背后转出骁将俞涉曰：「小将愿往。」绍喜，便著俞涉出马。即时报来：「俞涉与华雄战不三合，被华雄斩了。」众大惊。太守韩馥曰：「吾有上将潘凤，可斩华雄。」绍急令出战。潘凤手提大斧上马。去不多时，飞马来报：「潘凤又被华雄斩了。」众皆失色。绍曰：「可惜吾上将颜良、文丑未至！得一人在此，何惧华雄？」言未毕，阶下一人大呼出曰：「小将军愿往斩华雄头，献于帐下！」众视之，见其人身长九尺，髯长二尺；丹凤眼，卧蚕眉；面如重枣，声如巨钟；立于帐前。绍问何人。公孙瓒曰：「此刘玄德之弟关羽也。」绍问见居何职。瓒曰：「跟随刘玄德充马弓手。」帐上袁术大喝曰：「汝欺吾众诸侯无大将耶？量一弓手，安敢乱言！与我打出！」曹操急止之曰：「公路息怒：此人既出大言，必有勇略；试教出马，如其不胜，责之未迟。」袁绍曰：「使一弓手出战，必被华雄所笑。」操曰：「此人仪表不俗，华雄安知他是弓手？」关公曰：「如不胜，请斩某头。」 || Chapter 5, P005-026: 这三个围住吕布，转灯儿般厮杀。八路人马，都看得呆了。吕布架隔遮拦不定，看著玄德面上，虚刺一戟，玄德急闪。吕布荡开阵角，倒拖画戟，飞马便回。三个那里肯舍，拍马赶来。八路军兵，喊声大震，一齐掩杀。吕布军马，望关上奔走；玄德、关、张随后赶来。古人曾有篇言语，单道著玄德、关、张三战吕布：汉朝天数当桓灵，炎炎红日将西倾。奸臣董卓废少帝，刘协懦弱魂梦惊。曹操传檄告天下，诸侯奋怒皆兴兵。议立袁绍作盟主，誓扶王室定太平。温侯吕布世无比，雄才四海夸英伟。护躯银铠砌龙鳞，束发金冠簪雉尾。参差宝带兽平吞，错落锦袍飞凤起。龙驹跳踏起天风，画戟荧煌射秋水。出关搦战谁敢当？诸侯胆裂心惶惶。踊出燕人张翼德，手持蛇矛丈八鎗。虎须倒竖翻金线，环眼圆睁起电光。酣战未能分胜败，阵前恼起关云长。青龙宝刀灿霜雪，鹦鹉战袍飞蛱蝶。马蹄到处鬼神嚎，目前一怒应流血。枭雄玄德掣双锋，抖擞天威施勇烈。三人围绕战多时，遮拦架隔无休歇。喊声震动天地翻，杀气迷漫牛斗寒。吕布力穷寻走路，遥望山塞拍马还。倒拖画杆方天戟，乱散销金五彩旛。顿断绒走赤兔，翻身飞上虎牢关。三人直赶吕布到关下，看见关上西风飘动青罗伞盖。张飞大叫：「此必董卓！追吕布有甚强处！不如先拿董贼，便是斩草除根！」拍马上关，来擒董卓。正是：擒贼定须擒贼首，奇功端的待奇人。未知胜负如何，且听下文分解。 || Chapter 14, P014-026: 吕布再三拜谢。备留布饮酒，至晚方回。关、张曰：「兄长何故不杀吕布？」玄德曰：「此曹孟德恐我与吕布同谋伐之，故用此计，使我两人自相吞并，彼却于中取利。奈何为所使乎？」关公点头道是。张飞曰：「我只要杀此贼以绝后患！」玄德曰：「此非大丈夫之所为也。」",same_body_paragraph
诸葛亮,赵云,96,37,39;40;41;43;45;49;50;51;52;53;54;55;56;57;60;63;64;65;70;71;72;73;80;81;85;86;87;88;89;90;91;92;93;94;95;96;97,"Chapter 39, P039-022: 孔明令曰：「博望之左有山，名曰豫山；右有林，名曰安林；可以埋伏军马。云长可引一千军往豫山之前，先且埋伏，等彼军至，放过休敌。其辎重粮草，必在后面。但看南面火起，可纵兵出击，就焚其粮草。翼德可引一千军去安林背后山谷中埋伏，只看南面火起，便可出，向博望城旧屯粮草处纵火烧之。关平、刘封可引兵五百军，预备引火之物，于博望坡后两边等候，至初更兵到，便可放火矣。」──又命于樊城取回赵云，令为前部，不要赢，只要输。──「主公自引一军为后援。各须依计而行，勿使有失。」 || Chapter 39, P039-026: 惇令于禁、李典押住阵脚，亲自出马阵前。遥望军马来到，惇忽然大笑。众问：「将军为何而笑？」惇曰：「吾笑徐元直在丞相面前，夸诸葛亮为天人！今观其用兵，乃以此等军马为前部，与吾对敌，正如驱犬羊与虎豹斗耳！吾于丞相前夸口，要活捉刘备、诸葛亮，今必应吾言矣。」遂自纵马向前。赵云出马。惇骂曰：「汝等随刘备，如孤魂随鬼耳！」 || Chapter 39, P039-033: 却说孔明收军，关、张二人相谓曰：「孔明真英杰也！」行不数里，见糜竺、糜芳引军簇拥著一辆小军，车中端坐一人，乃孔明也。关、张下马拜伏于车前。须臾，玄德、赵云、刘封、关平等皆至，收聚众军，把所获粮草辎重，分赏将士，班师回新野。新野百姓望尘遮道而拜，曰：「吾属生全，皆使君得贤人之力也！」",same_body_paragraph
关羽,张飞,89,35,1;2;5;7;11;13;14;16;18;19;21;22;25;28;31;34;35;36;37;38;39;40;41;42;45;51;52;53;60;63;65;73;77;81;85,"Chapter 1, P001-013: 正饮间，见一大汉，推著一辆车子，到店门首歇了；入店坐下，便唤酒保：「快斟酒来吃，我待赶入城去投军。」玄德看其人：身长九尺，髯长二尺：面如重枣，唇若涂脂；丹凤眼，卧蚕眉：相貌堂堂，威风凛凛。玄德就邀他同坐，叩其姓名。其人曰：「吾姓关，名羽，字寿长，后改云长，河东解良人也。因本处势豪，倚势凌人，被吾杀了；逃难江湖，五六年矣。今闻此处招军破贼，特来应募。」玄德遂以己志告之。云长大喜。同到张飞庄上，共议大事。 || Chapter 1, P001-014: 飞曰：「吾庄后有一桃园，花开正盛；明日当于园中祭告天地，我三人结为兄弟，协力同心，然后可图大事。」玄德、云长、齐声应曰：「如此甚好。」次日，于桃园中，备下乌牛白马祭礼等项，三人焚香，再拜而说誓曰：「念刘备、关羽、张飞，虽然异姓，既结为兄弟，则同心协力，救困扶危；上报国家，下安黎庶；不求同年同月同日生，但愿同年同月同日死。皇天后土，实鉴此心。背义忘恩，天人共戮。」誓毕，拜玄德为兄，关羽次之，张飞为弟。祭罢天地，复宰牛设酒，聚乡中勇士，得三百余人，就桃园中痛饮一醉。来日收拾军器，但恨无马匹可乘。 || Chapter 1, P001-015: 正思虑间，人报「有两个客人，引一伙伴儅，赶一群马，投庄上来。」玄德曰：「此天佑我也！」三人出庄迎接。原来二客乃中山大商：一名张世平，一名苏双，每年往北贩马，近因寇发而回。玄德请二人到庄，置酒管待，诉说欲讨贼安民之意。二客大喜，愿将良马五十匹相送；又赠金银五百两，镔铁一千斤，以资器用。玄德谢别二客，便命良匠打造双股剑。云长造青龙偃月刀，又名冷艳锯，重八十二斤。张飞造丈八点钢矛。各置全身铠甲。共聚乡勇五百余人，来见邹靖。邹靖引见太守刘焉。三人参见毕，各通姓名。玄德说起宗派，刘焉大喜，遂认玄德为姪。",same_body_paragraph
曹操,袁绍,77,26,3;5;6;10;11;13;14;18;19;22;23;24;26;27;28;29;30;31;33;38;43;45;48;50;56;120,"Chapter 3, P003-005: 太后乃降诏宣进。进得诏便行。主簿陈琳谏曰：「太后此诏，必是十常侍之谋，切不可去。去必有祸。」进曰：「太后诏我，有何祸事？」袁绍曰：「今谋已泄，事已露，将军尚欲入宫耶？」曹操曰：「先召十常侍出，然后可入。」进笑曰：「此小儿之见也。吾掌天下之权，十常侍敢待如何？」绍曰：「公必欲去，我等引甲士护从，以防不测。」 || Chapter 3, P003-006: 于是袁绍、曹操各选精兵五百，命袁绍之弟袁术领之。袁术全身披挂，引兵布列青琐门外。绍与操带剑护送何进至长乐宫前。黄门传懿旨云：「太后特宣大将军，余人不许辄入。」将袁绍、曹操等都阻住宫门外。何进昂然直入。至嘉德殿门，张让、段珪迎出，左右围住，进大惊。让厉声责进曰：「董后何罪，妄以酖死？国母丧葬，托疾不出！汝本屠沽小辈，我等荐之天子，以致荣贵：不思报效，欲相谋害！汝言我等甚浊，其清者是谁？」进慌急，欲寻出路，宫门尽闭，伏甲齐出，将何进砍为两段。后人有诗叹之曰：汉室倾危天数终，无谋何进作三公。几番不听忠臣谏，难免宫中受剑锋。 || Chapter 3, P003-007: 让等既杀何进，袁绍久不见进出，乃于宫门外大叫曰：「请将军上车！」让等将何进首级从墙上掷出，宣谕曰：「何进谋反，已伏诛矣。其余胁从，尽皆赦宥。」袁绍厉声大叫：「阉官谋杀大臣！诛恶党者前来助战！」何进部将吴匡，便于青琐门外放起火来。袁术引兵突入宫庭，但见阉官，不谕大小，尽皆杀之。袁绍、曹操斩关入内。赵忠，程旷，夏恽，郭胜四个被赶至翠花楼前，剁为肉泥。宫中火燄冲天。张让，段珪，曹节，侯览将太后及太子并陈留王劫去内省，从后道走北宫。",same_body_paragraph
刘备,孙权,75,26,34;38;40;42;43;53;54;55;56;57;58;60;61;62;63;65;66;67;73;77;78;80;81;82;83;85,"Chapter 34, P034-004: 言未毕，赵云挺鎗出，径冲彼阵。张武纵马来迎，不三合，被赵云一鎗刺落马下，随手扯住辔头，牵马回阵。陈孙见了，随赶来夺。张飞大喝一声，挺矛直出，将陈孙刺死。众皆溃散。玄德招安余党，平复江夏诸县，班师而回。表出郭迎接入城，设宴庆功。酒至半酣，表曰：「吾弟如此雄才，荆州有倚赖也。但忧南越不时来寇；张鲁、孙权皆足为虑。」玄德曰：「弟有三将，足可委用：使张飞巡南越之境；云长拒固子城，以镇张鲁；赵云拒三江，以当孙权；何足虑哉？」 || Chapter 38, P038-008: 孔明曰：「自董卓造逆以来，天下豪杰并起。曹操势不及袁绍，而竟能克绍者，非惟天时，抑亦人谋也。今操已拥百万之众，挟天子以令诸侯，此诚不可与争锋。孙权据有江东，已历三世，国险而民附，此可用为援，而不可图也。荆州北据汉沔，利尽南海，东连吴会，西通巴蜀，此用武之地，非其主不能守。是殆天所以资将军，将军岂可弃乎？益州险塞，沃野千里，天府之国，高祖因之以成帝业。今刘璋暗弱，民殷国富，而不知存恤，智能之士，思得明君。将军既帝室之胄，信义著于四海，总揽英雄，思贤如渴，若跨有荆益，保其岩阻，西和诸戎，南抚彝越，外结孙权，内修政理；待天下有变，则命一上将，将荆州之兵，以向宛洛；将军身率益州之众，以出秦川，百姓有不箪食壸浆以迎将军者乎？诚如是，则大业可成，汉室可兴矣。此亮所以为将军谋者也。惟将军图之。」言罢，命童子取出画一轴，挂于中堂，指谓玄德曰：「此西川五十四州之图也。将军欲成霸业，北让曹操占天时，南让孙权占地利，将军可占人和。先取荆州为家，后即取西川建基业，以成鼎足之势，然后可图中原也。」 || Chapter 40, P040-002: 却说夏侯惇败回许昌，自缚见曹操，伏地请死。操释之。惇曰：「惇遭诸葛亮诡计，用火攻破我军。」操曰：「汝自幼用兵，岂不知狭处须防火攻？」惇曰：「李典、于禁曾言及此，悔之不及！」操乃赏二人。惇曰：「刘备如此猖獗，真腹心之患也，不可不急除。」操曰：「吾所虑者，刘备、孙权耳。余皆不足介意。今当乘此时扫平江南。」便传令起大兵五十万，令曹仁、曹洪，为第一队；张辽、张郃，为第二队；夏侯渊、夏侯惇，为第三队；于禁、李典，为第四队；操自领诸将为第五队。每队各引兵十万。又令许褚为折冲将军，引兵三千为先锋。选定建安十三年秋七月丙午日出师。",same_body_paragraph
关羽,诸葛亮,69,28,37;38;39;40;41;42;43;45;49;50;51;52;53;56;60;63;65;66;67;73;76;77;78;79;80;81;87;94,"Chapter 37, P037-008: 时云长在侧曰：「某闻管仲、乐毅，乃春秋战国名人，功盖寰宇。孔明自比此二人，毋乃太过？」徽笑曰：「以吾观之，不当比此二人。我欲另以二人比之。」云长问那二人。徽曰：「可比兴周八百年之姜子牙，旺汉四百年之张子房也。」众皆愕然。徽下阶相辞欲行。玄德留之不住。徽出门仰天大笑曰：「卧龙虽得其主，不得其时，惜哉！」言罢，飘然而去。玄德叹曰：「真隐居贤士也！」次日，玄德同关、张并从人等来隆中，遥望山畔数人，荷锄耕于田间，而作歌曰： || Chapter 37, P037-013: 玄德惆怅不已。张飞曰：「既不见，自归去罢了。」玄德曰：「且待片时。」云长曰：「不如且归，再使人来探听。」玄德从其言，嘱付童子：「如先生回，可言刘备拜访。」遂上马，行数里，勒马回观隆中景物，果然山不高而秀雅，水不深而澄清；地不广而平坦，林不大而茂盛；猿鹤相亲，松篁交翠，观之不已。忽见一人，容貌轩昂，丰姿俊爽，头戴逍遥巾，身穿皂布袍，杖藜从山僻小路而来。玄德曰：「此必卧龙先生也。」急下马向前施礼，问曰：「先生非卧龙否？」其人曰：「将军是谁？」玄德曰：「刘备也。」其人曰：「吾非孔明，乃孔明之友，博陵崔州平也。」玄德曰：「久闻大名，幸得相遇。乞即席地权坐，请教一言。」 || Chapter 38, P038-001: 却说玄德访孔明两次不遇，欲再往访之。关公曰：「兄长两次亲往拜谒，其礼太过矣。想诸葛亮有虚名而无实学，故避而不敢见。兄何惑于斯人之甚也？」玄德曰：「不然。昔齐桓公欲见东郭野人，五反而方得一面。况吾欲见大贤耶？」张飞曰：「哥哥差矣。量此村夫，何足为大贤？今番不须哥哥去；他如不来，我只用一条麻绳缚将来！」玄德叱曰：「汝皆不闻周文王谒姜子牙之事乎？文王且如此敬贤，汝何太无礼！今番汝休去，我自与云长去。」飞曰：「既两位哥哥都去，小弟如何落后？」玄德曰：「汝若同往，不可失礼。」",same_body_paragraph
刘备,吕布,65,13,5;12;13;14;15;16;17;18;19;20;22;31;40,"Chapter 5, P005-019: 曹操大喜。只见玄德背后转出张飞，高声大叫：「俺哥哥斩了华雄，不就这里杀入关去，活拏董卓，更待何时！」袁术大怒，喝曰：「俺大臣尚自谦让，量一县令手下小卒，安敢在此耀武扬威！都与赶出帐去！」曹操曰：「得功者赏，何计贵贱乎？」袁术曰：「既然公等只重一县令，我当告退。」操曰：「岂可因一言而误大事耶？」命公孙瓒且带玄德、关、张回寨。众官皆散。曹操暗使人赍牛酒抚慰三人。却说华雄手下败军，报上关来。李肃慌忙写告急文书，申闻董卓。卓急聚李儒、吕布等商议。儒曰：「今失了上将华雄，贼势浩大。袁绍为盟主，绍叔袁隗，现为太傅；倘或里应外合，深为不便，可先除之。请丞相亲领大军，分拨剿捕。」 || Chapter 5, P005-025: 吕布见了，弃了公孙瓒，便战张飞。飞抖擞精神，酣战吕布。连斗五十余合，不分胜负。云长见了，把马一拍，舞八十二斤青龙偃月刀，来夹攻吕布。三匹马丁字儿厮杀。战到三十合，战不倒吕布。刘玄德掣双股剑，骤黄鬃马，刺斜里也来助战。 || Chapter 5, P005-026: 这三个围住吕布，转灯儿般厮杀。八路人马，都看得呆了。吕布架隔遮拦不定，看著玄德面上，虚刺一戟，玄德急闪。吕布荡开阵角，倒拖画戟，飞马便回。三个那里肯舍，拍马赶来。八路军兵，喊声大震，一齐掩杀。吕布军马，望关上奔走；玄德、关、张随后赶来。古人曾有篇言语，单道著玄德、关、张三战吕布：汉朝天数当桓灵，炎炎红日将西倾。奸臣董卓废少帝，刘协懦弱魂梦惊。曹操传檄告天下，诸侯奋怒皆兴兵。议立袁绍作盟主，誓扶王室定太平。温侯吕布世无比，雄才四海夸英伟。护躯银铠砌龙鳞，束发金冠簪雉尾。参差宝带兽平吞，错落锦袍飞凤起。龙驹跳踏起天风，画戟荧煌射秋水。出关搦战谁敢当？诸侯胆裂心惶惶。踊出燕人张翼德，手持蛇矛丈八鎗。虎须倒竖翻金线，环眼圆睁起电光。酣战未能分胜败，阵前恼起关云长。青龙宝刀灿霜雪，鹦鹉战袍飞蛱蝶。马蹄到处鬼神嚎，目前一怒应流血。枭雄玄德掣双锋，抖擞天威施勇烈。三人围绕战多时，遮拦架隔无休歇。喊声震动天地翻，杀气迷漫牛斗寒。吕布力穷寻走路，遥望山塞拍马还。倒拖画杆方天戟，乱散销金五彩旛。顿断绒走赤兔，翻身飞上虎牢关。三人直赶吕布到关下，看见关上西风飘动青罗伞盖。张飞大叫：「此必董卓！追吕布有甚强处！不如先拿董贼，便是斩草除根！」拍马上关，来擒董卓。正是：擒贼定须擒贼首，奇功端的待奇人。未知胜负如何，且听下文分解。",same_body_paragraph
诸葛亮,鲁肃,64,14,42;43;44;45;46;48;49;51;52;53;54;56;57;58,"Chapter 42, P042-024: 正说间，人报江东孙权差鲁肃来吊丧，船已傍岸。孔明笑曰：「大事济矣！」遂问刘琦曰：「往日孙策亡时，襄阳曾遣人去吊丧否？」琦曰：「江东与我家有杀父之雠，安得通庆吊之礼？」孔明曰：「然则鲁肃之来，非为吊丧，乃来探听军情也。」遂谓玄德曰：「鲁肃至，若问曹操动静，主公只推不知。再三问时，主公只说可问诸葛亮。」 || Chapter 42, P042-025: 计议已定，使人迎接鲁肃。肃入城吊丧，收过礼物，刘琦请肃与玄德相见。礼毕，邀入后堂饮酒。肃曰：「久闻皇叔大名，无缘拜会；今幸得见，实为欣慰。近闻皇叔与曹操会战，必知彼虚实：敢问操军约有几何？」玄德曰：「备兵微将寡，一闻操至即走，竟不知彼虚实。」鲁肃曰：「闻皇叔用诸葛孔明之谋，两场火烧得曹操魂亡胆落，何言不知耶？」玄德曰：「除非问孔明，便知其详。」肃曰：「孔明安在？愿求一见。」 || Chapter 42, P042-028: 肃坚请孔明同去。玄德佯不许。孔明曰：「事急矣，请奉命一行。」玄德方才许诺。鲁肃遂别了玄德、刘琦，与孔明登舟，望柴桑郡来。正是：只因诸葛扁舟去，致使曹兵一旦休。不知孔明此去毕竟如何，且看下文分解。",same_body_paragraph
周瑜,诸葛亮,63,12,44;45;46;48;49;50;51;52;54;55;56;57,"Chapter 44, P044-001: 却说吴国太见孙权疑惑不决，乃谓之曰：「先姊遗言云：『伯符临终有言：内事不决问张昭，外事不决问周瑜。』今何不请公瑾问之？」权大喜，即遣使往鄱阳请周瑜议事。原来周瑜在鄱阳湖训练水师，闻曹操大军至汉上，便星夜回柴桑郡议军机事。使者未发，周瑜已先到。鲁肃与瑜最厚，先来接著，将前项事细述一番。周瑜曰：「子敬休忧，瑜自有主张。今可速请孔明来相见。」 || Chapter 44, P044-002: 鲁肃上马去了。周瑜方才歇息。忽报张昭、顾雍、张纮、步骘四人来相探。瑜接入堂中坐定，叙寒温毕。张昭曰：「都督知江东之利害否？」瑜曰：「未知也。」昭曰：「曹操拥众百万，屯于汉上，昨传檄文至此，欲请主公会猎于江夏。虽有相吞之意，尚未露其形。昭等劝主公且降之，庶免江东之祸。不想鲁子敬从江夏带刘备军师诸葛亮至此，彼因自欲雪愤，特下说词以激主公。子敬却执迷不悟。正欲待都督一决。」瑜曰：「公等之见皆同否？」顾雍等曰：「所议皆同。」瑜曰：「吾亦欲降久矣。公等请回。明早见主公，自有定议。」 || Chapter 44, P044-004: 程普等别去。又未几，诸葛瑾、吕范等一班儿文官相候。瑜迎入，讲礼毕。诸葛瑾曰：「舍弟诸葛亮自汉上来，言刘豫州欲结东吴，共伐曹操，文武商议未定。因舍弟为使，瑾不敢多言，专候都督来决此事。」瑜曰：「以公论之若何？」瑾曰：「降者易安，战者难保。」周瑜笑曰：「瑜自有主张。来日同至府下定议。」",same_body_paragraph
孙权,曹操,62,23,29;38;40;42;43;44;56;57;60;61;62;63;65;66;67;68;73;75;77;79;81;88;106,"Chapter 29, P029-030: 权闻言大喜，披衣起谢；次日厚赠鲁肃，并将衣服帏帐等物，赐肃之母。肃又荐一人见孙权，此人博学多才，事母至孝。覆姓诸葛，名瑾，字子瑜，瑯琊南阳人也。权拜之为上宾。瑾劝权勿通袁绍，且顺曹操，然后乘便图之。权依言，乃遗陈震回，以书绝袁绍。 || Chapter 29, P029-031: 却说曹操闻孙策已死，欲起兵下江南。侍御史张纮谏曰：「乘人之丧而伐之，既非义举；若其不克，弃好成仇；不如因而善遇之。」操然其说，乃即奏封孙权为将军，兼领会稽太守；既令张纮为会稽都尉，赍印往江东。孙权大喜，又得张纮回吴，即命与张昭同理政事。张纮又荐一人于孙权。此人姓顾，名雍，子元叹，乃中郎蔡邕之徒；其为人少言语，不饮酒，严厉正大。权以为丞，行太守事。自是孙权威震江东，深得民心。 || Chapter 29, P029-032: 且说陈震回见袁绍，具说「孙策已亡，孙权继立。曹操封之为将军，结为外应矣。」袁绍大怒，遂起冀、青、幽、并等处人马七十余万，复来攻取许昌。正是：江南兵革方休息，冀北干戈又复兴。未知胜负如何，且看下文分解。",same_body_paragraph
张飞,诸葛亮,62,24,37;38;39;40;41;42;45;51;52;53;56;57;60;63;64;65;70;71;72;73;77;81;85;99,"Chapter 37, P037-013: 玄德惆怅不已。张飞曰：「既不见，自归去罢了。」玄德曰：「且待片时。」云长曰：「不如且归，再使人来探听。」玄德从其言，嘱付童子：「如先生回，可言刘备拜访。」遂上马，行数里，勒马回观隆中景物，果然山不高而秀雅，水不深而澄清；地不广而平坦，林不大而茂盛；猿鹤相亲，松篁交翠，观之不已。忽见一人，容貌轩昂，丰姿俊爽，头戴逍遥巾，身穿皂布袍，杖藜从山僻小路而来。玄德曰：「此必卧龙先生也。」急下马向前施礼，问曰：「先生非卧龙否？」其人曰：「将军是谁？」玄德曰：「刘备也。」其人曰：「吾非孔明，乃孔明之友，博陵崔州平也。」玄德曰：「久闻大名，幸得相遇。乞即席地权坐，请教一言。」 || Chapter 37, P037-015: 玄德曰：「先生所言，诚为高见。但备身为汉胄，合当匡扶汉室，何敢委之数与命？」州平曰：「山野之夫，不足与论天下事，适承明问，故妄言之。」玄德曰：「蒙先生见教，但不知孔明往何处去了？」州平曰：「吾亦欲访之，正不知其何往。」玄德曰：「请先生同至敝县，若何？」州平曰：「愚性颇乐闲散，无意功名久矣。容他日再见。」言讫，长揖而去。玄德与关、张上马而行。张飞曰：「孔明又访不著，却遇此腐儒，闲谈许久！」玄德曰：「此亦隐者之言也。」 || Chapter 37, P037-016: 三人回至新野，过了数日，玄德使人探听孔明。回报曰：「卧龙先生已回矣。」玄德便教备马。张飞曰：「量一村夫，何必哥哥自去？可使人唤来便了。」玄德叱曰：「汝岂不闻孟子云：『欲见贤而不以其道，犹欲其入而闭之门也。』孔明当世大贤，岂可召乎？」遂上马再往访孔明。关、张亦乘马相随。",same_body_paragraph
刘备,孙乾,61,24,12;14;16;18;19;21;22;24;26;28;31;34;35;36;39;40;41;42;49;51;54;55;57;65,"Chapter 12, P012-011: 谦大喜使人来小沛，请刘玄德议军务。玄德引关、张带数十骑到徐州，陶谦教请入卧内。玄德问安毕，谦曰：「请玄德公来，不为别事：止因老夫病已危笃，朝夕难保；万望明公可怜汉家城池为重，受取徐州牌印，老夫死亦瞑目矣！」玄德曰：「君有二子，何不传之？」谦曰：「长子商，次子应，其才皆不堪任。老夫死后，犹望明公教诲，切勿令掌州事。」玄德曰：「备一身安能当此大任？」谦曰：「某举一人，可为公辅：系北海人，姓孙，名干，字公祐。此人可使为从事。」又谓糜竺曰：「刘公当世人杰，汝当善事之。」 || Chapter 12, P012-012: 玄德终是推托，陶谦以手指心而死。众军举哀毕，即捧牌印交送玄德。玄德固辞。次日，徐州百姓，拥挤府前哭拜曰：「刘使君若不领此郡，我等皆不能安生矣！」关、张二公亦再三相劝。玄德乃许权领徐州事；使孙干、糜竺为辅，陈登为幕官；尽取小沛军马入城，出榜安民；一面安排丧事。玄德与大小军士，尽皆挂孝，大设祭奠。祭毕，葬于黄河之原。将陶谦遗表，申奏朝廷。 || Chapter 14, P014-029: 遂点军马，克日起程。孙干曰：「可先定守城之人。」玄德曰：「二弟之中，谁人可守？」关公曰：「弟愿守此城。」玄德曰：「吾早晚欲与尔议事，岂可相离？」张飞曰：「小弟愿守此城。」玄德曰：「你守不得此城。你一者酒后刚强，鞭打士卒；二者作事轻易，不从人谏。吾不于心。」",same_body_paragraph
张飞,赵云,58,25,7;11;28;31;34;35;36;39;40;41;42;45;52;53;56;60;61;63;64;65;70;71;72;73;81,"Chapter 7, P007-014: 正说之间，忽见赵云冲到面前。弓箭手急待射时，云连刺数人，众军皆走。后面瓒军团团围裹上来。田丰慌对绍曰：「主公且于空墙中躲避！」绍以兜鍪扑地，大呼曰：「大丈夫愿临阵斗死，岂可入墙而望活乎！」众军士齐心死战，赵云冲突不入，绍兵大队掩至，颜良亦引军来到，两路并杀。赵云保公孙瓒杀透重围，回到界桥。绍驱兵大进，复赶过桥，落水死者，不计其数。袁绍当先赶来，不到五里，只听得山背后喊声大起，闪出一彪人马，为首三员大将，乃是刘玄德，关云长，张翼德。因在平原探知公孙瓒与袁绍相争，特来助战。当下三匹马，三般兵器，飞奔前来，直取袁绍。绍惊得魂飞天外，手中宝刀坠于马下，忙拨马而逃，众人死救过桥。公孙瓒亦收军归寨。玄德、关、张动问毕，瓒曰：「若非玄德远来救我，几乎狼狈。」教与赵云相见。玄德甚相敬爱，便有不舍之心。 || Chapter 11, P011-014: 却说刘玄德军到，见孔融。融曰：「曹兵势大，操又善于用兵，未可轻战。且观其动静，然后进兵。」玄德曰：「但恐城中无粮，难以久持。备令云长、子龙领军四千，在公部下相助；备与张飞奔曹营，迳投徐州去见陶使君商议。」融大喜，会合田楷，为犄角之势；云长、子龙领兵两边接应。 || Chapter 11, P011-022: 玄德坚执不肯。陶谦泣下曰：「君若舍我而去，我死不瞑目矣！」云长曰：「既承陶公相让，兄且权领州事。」张飞曰：「又不是我强要他的州郡；他好意相让，何必苦苦推辞？」玄德曰：「汝等欲陷我于不义耶？」陶谦推让再三，玄德只是不受。陶谦曰：「如玄德必不肯从，此间近邑，名小沛，足可屯军。请玄德暂驻军此邑，以保徐州，何如？」众皆劝玄德留小沛，玄德从之。陶谦劳军已毕，赵云辞去，玄德执手挥泪而别。孔融、田楷亦各相别，引军自回。玄德与关、张引本部军来至小沛，修葺城垣，抚谕居民。",same_body_paragraph
姜维,诸葛亮,57,19,92;93;94;95;96;97;98;99;100;101;102;103;104;105;111;113;115;119;120,"Chapter 92, P092-011: 众视之，乃天水冀人也：姓姜名维，字伯约。父名冏，昔日曾为天水郡功曹，因羌人乱，没于王事。维自幼博览群书，兵法武艺，无所不通，奉母至孝，郡人敬之；后为中郎将，就参本部军事。当日姜维谓马遵曰：「近闻诸葛亮杀败夏侯楙，困于南安，水泄不通，安得有人自重围之中而出？又且裴绪乃无名下将。从不曾见；况安定报马，又无公文：以此察之，此人乃蜀将诈称魏将。赚得太守出城，料城中无备，必然暗伏一军于左近，乘虚而取天水也。」马遵大悟曰：「非伯约之言，则误中奸计矣！」维笑曰：「太守放心：某有一计，可擒诸葛亮，解南安之危。」正是：运筹又遇强中手，斗智还逢意外人。未知其计如何，且看下文分解。 || Chapter 93, P093-001: 却说姜维献计于马遵曰：「诸葛亮必伏兵于郡后，赚我兵出城，乘虚袭我。某愿请精兵三千，伏于要路。太守随后发兵出城，不可远去，止行三十里便回；但看火起为号，前后夹攻，可获大胜。如诸葛亮自来，必为某所擒矣。」遵用其计，付精兵与姜维去讫，然后自与梁虔引出城等候；只留梁绪、尹赏守城。原来孔明果遣赵云引一军埋伏于山僻之中，只待天水人马离城，便乘虚袭之。当日细作回报赵云，说天水太守马遵，起兵出城，只留文官守城。赵云大喜，又令人报与张翼、高翔，教于要路截杀马遵。此二处兵亦是孔明预先埋伏。 || Chapter 93, P093-002: 却说赵云引五千兵，迳投天水郡城下，高叫曰：「吾乃常山赵子龙也。汝知中计，早献城池，免遭诛戮。」城上梁绪大笑曰：「汝中吾姜伯约之计，尚然不知耶？」云恰待攻城，忽然喊声大震，四面火光冲天。当先一员少年将军，挺鎗跃马而言曰：「汝见天水姜伯约乎！」云挺鎗直取姜维。战不数合，维精神倍长。云大惊，暗忖曰：「谁想此处有这般人物！」正战时，两军夹攻来，乃是马遵、梁虔引军杀回。赵云首尾不能相顾，冲开条路，引败兵奔走，姜维赶来。亏得张翼、高翔两路军杀出，接应回去。赵云归见孔明，说中了敌人之计。孔明惊问曰：「此是何人，识吾玄机？」有南安人告曰：「此人姓姜，名维，字伯约，天水冀人也：事母至孝，文武双全，智勇足备，真当也之英杰也。」赵云又夸奖姜维鎗法，与他人大不同。孔明曰：「吾今欲取天水，不想有此人。」遂起大军前来。",same_body_paragraph
孟获,诸葛亮,55,7,85;86;87;88;89;90;91,"Chapter 85, P085-021: 丕问何五路？懿曰：「可修书一封，差使往辽东鲜卑国，王轲比能，赂以金帛，令起辽西羌兵十万，先从旱路取西平关：此一路也。再修书遣使赍官诰赏赐，直入南蛮见蛮王孟获，令起兵十万，攻打益州、永昌、牂牁、越隽四郡，以击西川之南：此二路也。再遣使入吴修好，许以割地，令孙权起兵十万，攻两川夹口，径取涪城：此三路也。又可遣使至降将孟达处，起上庸兵十万，西攻汉中：此四路也。然后命大将军曹真为大都督，提兵十万，由京兆径出阳平关取西川：此五路也。共大兵五十万，五路并进。诸葛亮便有吕望之才，安能当此乎？」 || Chapter 85, P085-026: 次日，后主车驾亲至相府。门吏见驾到，慌忙拜伏于地而迎。后主问曰；「丞相在何处？」门吏曰：「不知在何处。只有丞相钧旨，教挡住百官，勿得辄入。」后主乃下车步行，独进第三重门，见孔明独倚竹杖，在小池边观鱼。后主在后立久，乃徐徐而言曰：「丞相安乐否？」孔明回顾，见是后主，慌忙弃杖，拜伏于地曰：「臣该万死！」后主扶起，问曰；「今曹丕分兵五路，犯境甚急，相父缘何不肯出府视事？」孔明大笑，扶后主入内室坐定，奏曰：「五路兵至，臣安得不知？臣非观鱼，有所思也。」后主曰：「如之奈何？」孔明曰：「羌王轲比能，蛮王孟获，反将孟达，魏将曹真：此四路兵，臣已皆退去了也。止有孙权这一路兵，臣已有退兵之计，但须一能言之人为使。因未得其人，故熟思之。陛下何必忧乎？」 || Chapter 85, P085-027: 后主听罢，又惊又喜，曰：「相父果有鬼神不测之机也！愿闻退兵之策。」孔明曰：「先帝以陛下付托与臣，臣安敢旦夕怠慢？成都众官，皆不晓兵法之妙，贵在使人不测，岂可泄漏于人？老臣先知西番国王轲比能，引兵犯西平关；臣料马超积祖西川人氏，素得羌人之心，羌人以超为神威大将军；臣已先遣一人，星夜驰檄，令马超紧守西平关，伏四路奇兵，每日交换，以兵拒之：此一路不必忧矣。又南蛮孟获，兵犯四邵，臣亦飞檄遣魏延领一军左出右入，右出左入，为疑兵之计；蛮兵惟勇力，其心多疑，若见疑兵，必不敢进：此一路又不足忧矣。又知孟达引兵出汉中；孟达与李严曾结生死之交；臣回成都时，留李严守永安宫；臣已作一书，只做李严亲笔，令人送与孟达；达必然推病不出，以慢军心：此一路又不足忧矣。又知曹真引兵犯阳平关；此地险峻，可以保守，臣已调赵云引一军守把关隘，并不出战；曹真若见我军不出，不久自退矣。」",same_body_paragraph
刘备,黄忠,52,14,53;56;60;62;63;64;65;70;71;72;73;81;82;83,"Chapter 53, P053-005: 玄德大喜，遂令张飞星夜去替云长守荆州，令云长来取长沙。云长既至，入见玄德、孔明。孔明曰：「子龙取桂阳，翼德取武陵，都是三千军去。今长沙太守韩玄，固不足道，只是他有一员大将，乃南阳人，姓黄，名忠，字汉升；是刘表帐下中郎将，与刘表之姪刘磐共守长沙，后事韩玄；虽今年近六旬，却有万夫不当之勇，不可轻敌。云长去，必须多带军马。」 || Chapter 53, P053-006: 云长曰：「军师何故长别人锐气，灭自己威风？量一老卒，何足道哉！关某不须用三千军，只消本部下五百名校刀手，决定斩黄忠、韩玄之首，来献麾下。」玄德苦挡。云长不依，只领五百校刀手而去。孔明谓玄德曰：「云长轻敌黄忠，只恐有失，主公当往接应。」玄德从之，随后引兵望长沙进发。 || Chapter 53, P053-014: 众视其人，面如重枣，目若朗星，乃义阳人魏延也；自襄阳赶刘玄德不著，来投韩玄；玄怪其傲慢少礼，不肯重用，故屈沈于此。当日救了黄忠，教百姓同杀韩玄，袒臂一呼，相从者数百余人。黄忠拦当不住。魏延直杀上城头，一刀砍韩玄为两段，提头上马，引百姓出城，投拜云长。云长大喜，遂入城安抚已毕，请黄忠相见。忠托病不出。云长即使人去请玄德、孔明。",same_body_paragraph
姜维,邓艾,51,11,110;111;112;113;114;115;116;117;118;119;120,"Chapter 110, P110-025: 却说姜维围住狄道城，令兵八面攻之，连攻数日不下，心中郁闷，无计可施.是日黄昏时分，忽三五次流星马报说：「有两路兵来，旗上明书大字。一路是征西将军陈泰，一路是兖州刺史邓艾。」维大惊，遂请夏侯霸商议。霸曰：「吾向尝为将军言，邓艾自幼深明兵法，善晓地理。今领兵到，颇为劲敌。」维曰：「彼军远来，我休容他住脚，便可击之。」及留张翼攻城，命夏侯霸引兵迎陈泰。维自引兵来迎邓艾。 || Chapter 111, P111-001: 却说姜维退兵屯于钟堤，魏兵屯于狄道城外。王经迎接陈泰、邓艾入城，拜谢解围之事，设宴相待，大赏三军。泰将邓艾之功，申奏魏主曹髦。髦封艾为安西将军，假节领护东羌校尉，同陈泰屯兵于雍、凉等处。邓艾上表谢恩毕，陈泰设宴与邓艾拜贺曰：「姜维夜遁，其力已竭，不敢再出矣。」艾笑曰：「吾料蜀兵其必出有五。」泰问其故。艾曰：「蜀兵虽退，终有乘胜之势；吾兵终有弱败之实：其必出一也。蜀兵皆是孔明教演，精锐之兵，容易调遣；吾将不时更换，军又训练不熟：其必出二也。蜀人多以船行，吾军皆是旱地，劳逸不同：其必出三也。狄道、陇西、南安、祁山四处，皆是守战之地；蜀人或声东击西，指南攻北，吾兵必须分头把守；蜀兵合为一处而来，以一分当我四分：其必出四也。若蜀兵自南安、陇西，则可取羌人之谷为食；若出祁山，则有麦可就食：其必出五也。」 || Chapter 111, P111-003: 却说姜维在钟堤大设筵宴，会集诸将，商议伐魏之事。令史樊建谏曰：「将军屡出，未获全胜；今日洮西之战，魏人既服威名，何故又欲出也？万一不利，前功尽弃。」维曰：「汝等只知魏国地宽人广，急不可得；却不知攻魏者有五可胜。」众问之。维答曰：「彼洮西一败，挫尽锐气，吾兵虽退，不曾损折，今若进兵，一可胜也。吾兵船载而进，不致劳困，彼兵从旱地来迎，二可胜也。吾兵久经训练之众，彼皆鸟合之徒，不曾有法度，三可胜也。吾兵自出祁山，抄掠秋谷为食，四可胜也。彼兵虽各守备，军刀分开，吾兵一处而去，彼安能救？五可胜也。不在此时伐魏，更待何时耶？」夏侯霸曰：「艾年虽幼，而机谋深远；近封为安西将军之职，必于各处准备，非同往日矣。」维厉声曰：「吾何畏彼哉！公等休长他人锐气，灭自己威风！吾意已决，必先取陇西。」众不敢谏。维自领前部，令众将随后而进。于是蜀兵尽离钟提，杀奔祁山来。哨马报说魏兵已先在祁山立下九个寨棚。维不信，引数骑凭高望之，果见祁山九寨势如长蛇，首尾相顾。维回顾左右曰：「夏侯霸之言，信不诬矣。此寨形势绝妙，止吾师诸葛丞相能之。今观邓艾所为，不在吾师之下。」遂回本寨，唤诸将曰：「魏人既有准备，必知吾来矣。吾料邓艾必在此间。汝等可虚张吾旗号，据此谷口下寨，每日令百余骑出哨。每出哨一回，换一番衣甲。旗号按青、黄、赤、白、黑五方，旗帜更换。吾却提大兵偷出董亭，迳袭南安去也。」遂令鲍素屯于祁山谷口。维尽率大兵，望南安进发。",same_body_paragraph
周瑜,鲁肃,50,14,44;45;46;47;48;49;51;52;53;54;56;57;75;77,"Chapter 44, P044-001: 却说吴国太见孙权疑惑不决，乃谓之曰：「先姊遗言云：『伯符临终有言：内事不决问张昭，外事不决问周瑜。』今何不请公瑾问之？」权大喜，即遣使往鄱阳请周瑜议事。原来周瑜在鄱阳湖训练水师，闻曹操大军至汉上，便星夜回柴桑郡议军机事。使者未发，周瑜已先到。鲁肃与瑜最厚，先来接著，将前项事细述一番。周瑜曰：「子敬休忧，瑜自有主张。今可速请孔明来相见。」 || Chapter 44, P044-002: 鲁肃上马去了。周瑜方才歇息。忽报张昭、顾雍、张纮、步骘四人来相探。瑜接入堂中坐定，叙寒温毕。张昭曰：「都督知江东之利害否？」瑜曰：「未知也。」昭曰：「曹操拥众百万，屯于汉上，昨传檄文至此，欲请主公会猎于江夏。虽有相吞之意，尚未露其形。昭等劝主公且降之，庶免江东之祸。不想鲁子敬从江夏带刘备军师诸葛亮至此，彼因自欲雪愤，特下说词以激主公。子敬却执迷不悟。正欲待都督一决。」瑜曰：「公等之见皆同否？」顾雍等曰：「所议皆同。」瑜曰：「吾亦欲降久矣。公等请回。明早见主公，自有定议。」 || Chapter 44, P044-008: 二人互相争辩，孔明只袖手冷笑。瑜曰：「先生何故哂笑？」孔明曰：「亮不笑别人，笑子敬不识时务耳。肃曰：「先生如何反笑我不识时务？」孔明曰：「公瑾主意欲降操，甚为合理。」瑜曰：「孔明乃识时务之士，必与吾有同心。」肃曰：「孔明，你也如何说此？」孔明曰：「操极善用兵，天下莫敢当。向只有吕布、袁绍、袁术、刘表敢与对敌。今数人皆被操灭，天下无人矣。独有刘豫州不识时务，强与争衡。今孤身江夏，存亡未保。将军决计降曹，可以保妻子，可以全富贵。国祚迁移，付之天命，何足惜哉！」",same_body_paragraph
刘备,袁绍,49,19,5;6;7;13;15;21;22;23;24;25;26;27;28;31;33;38;40;43;120,"Chapter 5, P005-017: 忽探子来报：「华雄引铁骑下关，用长竿挑著孙太守赤帻，来寨前大骂搦战。」绍曰：「谁敢去战？」袁术背后转出骁将俞涉曰：「小将愿往。」绍喜，便著俞涉出马。即时报来：「俞涉与华雄战不三合，被华雄斩了。」众大惊。太守韩馥曰：「吾有上将潘凤，可斩华雄。」绍急令出战。潘凤手提大斧上马。去不多时，飞马来报：「潘凤又被华雄斩了。」众皆失色。绍曰：「可惜吾上将颜良、文丑未至！得一人在此，何惧华雄？」言未毕，阶下一人大呼出曰：「小将军愿往斩华雄头，献于帐下！」众视之，见其人身长九尺，髯长二尺；丹凤眼，卧蚕眉；面如重枣，声如巨钟；立于帐前。绍问何人。公孙瓒曰：「此刘玄德之弟关羽也。」绍问见居何职。瓒曰：「跟随刘玄德充马弓手。」帐上袁术大喝曰：「汝欺吾众诸侯无大将耶？量一弓手，安敢乱言！与我打出！」曹操急止之曰：「公路息怒：此人既出大言，必有勇略；试教出马，如其不胜，责之未迟。」袁绍曰：「使一弓手出战，必被华雄所笑。」操曰：「此人仪表不俗，华雄安知他是弓手？」关公曰：「如不胜，请斩某头。」 || Chapter 5, P005-019: 曹操大喜。只见玄德背后转出张飞，高声大叫：「俺哥哥斩了华雄，不就这里杀入关去，活拏董卓，更待何时！」袁术大怒，喝曰：「俺大臣尚自谦让，量一县令手下小卒，安敢在此耀武扬威！都与赶出帐去！」曹操曰：「得功者赏，何计贵贱乎？」袁术曰：「既然公等只重一县令，我当告退。」操曰：「岂可因一言而误大事耶？」命公孙瓒且带玄德、关、张回寨。众官皆散。曹操暗使人赍牛酒抚慰三人。却说华雄手下败军，报上关来。李肃慌忙写告急文书，申闻董卓。卓急聚李儒、吕布等商议。儒曰：「今失了上将华雄，贼势浩大。袁绍为盟主，绍叔袁隗，现为太傅；倘或里应外合，深为不便，可先除之。请丞相亲领大军，分拨剿捕。」 || Chapter 5, P005-026: 这三个围住吕布，转灯儿般厮杀。八路人马，都看得呆了。吕布架隔遮拦不定，看著玄德面上，虚刺一戟，玄德急闪。吕布荡开阵角，倒拖画戟，飞马便回。三个那里肯舍，拍马赶来。八路军兵，喊声大震，一齐掩杀。吕布军马，望关上奔走；玄德、关、张随后赶来。古人曾有篇言语，单道著玄德、关、张三战吕布：汉朝天数当桓灵，炎炎红日将西倾。奸臣董卓废少帝，刘协懦弱魂梦惊。曹操传檄告天下，诸侯奋怒皆兴兵。议立袁绍作盟主，誓扶王室定太平。温侯吕布世无比，雄才四海夸英伟。护躯银铠砌龙鳞，束发金冠簪雉尾。参差宝带兽平吞，错落锦袍飞凤起。龙驹跳踏起天风，画戟荧煌射秋水。出关搦战谁敢当？诸侯胆裂心惶惶。踊出燕人张翼德，手持蛇矛丈八鎗。虎须倒竖翻金线，环眼圆睁起电光。酣战未能分胜败，阵前恼起关云长。青龙宝刀灿霜雪，鹦鹉战袍飞蛱蝶。马蹄到处鬼神嚎，目前一怒应流血。枭雄玄德掣双锋，抖擞天威施勇烈。三人围绕战多时，遮拦架隔无休歇。喊声震动天地翻，杀气迷漫牛斗寒。吕布力穷寻走路，遥望山塞拍马还。倒拖画杆方天戟，乱散销金五彩旛。顿断绒走赤兔，翻身飞上虎牢关。三人直赶吕布到关下，看见关上西风飘动青罗伞盖。张飞大叫：「此必董卓！追吕布有甚强处！不如先拿董贼，便是斩草除根！」拍马上关，来擒董卓。正是：擒贼定须擒贼首，奇功端的待奇人。未知胜负如何，且听下文分解。",same_body_paragraph
吕布,曹操,48,19,4;5;6;11;12;13;14;16;17;18;19;22;25;31;43;48;56;59;60,"Chapter 4, P004-017: 次日，曹操佩著宝刀，来至相府，问丞相何在。从人云：「在小阁中。」操竟入。见董卓坐于床上，吕布侍立于侧。卓曰：「孟德来何迟？」操曰：「马赢行迟耳。」卓顾谓布曰：「吾有西凉进来好马，奉先可亲去拣一骑赐与孟德。」布领令而去。操暗忖曰：「此贼合死！」即欲拔刀刺之。惧卓力大，未敢轻动。卓胖大不耐久坐，遂倒身而卧，转面向内。操又思曰：「此贼当休矣！」急掣宝刀在手。恰待要刺，不想董卓仰面看衣镜中，照见曹操在背后拔刀，急回身问曰：「孟德何为？」 || Chapter 4, P004-018: 时吕布已牵马至阁外，操惶遽，乃持刀跪下曰：「操有宝刀一口，献上恩相。」卓接视之，见其刀长尺余，七宝嵌饰，极其锋利，果宝刀也；遂递与吕布收了。操解鞘付布。卓引操出阁看马。操谢曰：「借愿试一骑。」卓就教与鞍辔。操牵马出相府，加鞭望东南而去。布对卓曰：「适来曹操似有行刺之状，及被喝破，故推献刀。」卓曰：「吾亦疑之。」 || Chapter 5, P005-019: 曹操大喜。只见玄德背后转出张飞，高声大叫：「俺哥哥斩了华雄，不就这里杀入关去，活拏董卓，更待何时！」袁术大怒，喝曰：「俺大臣尚自谦让，量一县令手下小卒，安敢在此耀武扬威！都与赶出帐去！」曹操曰：「得功者赏，何计贵贱乎？」袁术曰：「既然公等只重一县令，我当告退。」操曰：「岂可因一言而误大事耶？」命公孙瓒且带玄德、关、张回寨。众官皆散。曹操暗使人赍牛酒抚慰三人。却说华雄手下败军，报上关来。李肃慌忙写告急文书，申闻董卓。卓急聚李儒、吕布等商议。儒曰：「今失了上将华雄，贼势浩大。袁绍为盟主，绍叔袁隗，现为太傅；倘或里应外合，深为不便，可先除之。请丞相亲领大军，分拨剿捕。」",same_body_paragraph
刘备,刘璋,47,10,21;38;56;60;61;62;63;64;65;67,"Chapter 21, P021-008: 玄德曰：「备肉眼安识英雄？」操曰：「休得过谦。」玄德曰：「备叨恩庇，得仕于朝。天下英雄，实有未知。」操曰：「既不识其面，亦闻其名。」玄德曰：「淮南袁术，兵粮足备，可谓英雄。」操笑曰：「冢中枯骨，吾早晚必擒之！」玄德曰：「河北袁绍，四世三公，门多故吏；今虎踞冀州之地，部下能事者极多，可谓英雄。」操笑曰：「袁绍色厉胆薄，好谋无断；干大事而惜身，见小利而忘命：非英雄也。」玄德曰：「有一人名称八骏，威镇九州──刘景升可为英雄。」操曰：「刘表虚名无实，非英雄也。」玄德曰：「有一人血气方刚，江东领袖──孙伯苻乃英雄也。」操曰：「孙策藉父之名，非英雄也。」玄德曰：「益州刘季玉，可为英雄乎？」操曰：「刘璋虽系宗室，乃守户之犬耳，何足为英雄！」玄德曰：「如张绣、张鲁、韩遂等辈皆何如？」操鼓掌大笑曰：「此等碌碌小人，何足挂齿！」玄德曰：「舍此之外，备实不知。」操曰：「夫英雄者，胸怀大志，腹有良谋；有包藏宇宙之机，吞吐天地之志者也。」玄德曰：「谁能当之？」操以手指玄德，后自指曰：「今天下英雄，惟使君与操耳。」 || Chapter 38, P038-008: 孔明曰：「自董卓造逆以来，天下豪杰并起。曹操势不及袁绍，而竟能克绍者，非惟天时，抑亦人谋也。今操已拥百万之众，挟天子以令诸侯，此诚不可与争锋。孙权据有江东，已历三世，国险而民附，此可用为援，而不可图也。荆州北据汉沔，利尽南海，东连吴会，西通巴蜀，此用武之地，非其主不能守。是殆天所以资将军，将军岂可弃乎？益州险塞，沃野千里，天府之国，高祖因之以成帝业。今刘璋暗弱，民殷国富，而不知存恤，智能之士，思得明君。将军既帝室之胄，信义著于四海，总揽英雄，思贤如渴，若跨有荆益，保其岩阻，西和诸戎，南抚彝越，外结孙权，内修政理；待天下有变，则命一上将，将荆州之兵，以向宛洛；将军身率益州之众，以出秦川，百姓有不箪食壸浆以迎将军者乎？诚如是，则大业可成，汉室可兴矣。此亮所以为将军谋者也。惟将军图之。」言罢，命童子取出画一轴，挂于中堂，指谓玄德曰：「此西川五十四州之图也。将军欲成霸业，北让曹操占天时，南让孙权占地利，将军可占人和。先取荆州为家，后即取西川建基业，以成鼎足之势，然后可图中原也。」 || Chapter 38, P038-009: 玄德闻言，避席拱手谢曰：「先生之言，顿开茅塞，使备如拨云雾而睹青天；但荆州刘表、益州刘璋，皆汉室宗亲，备安忍夺之？」孔明曰：「亮夜观天象，刘表不久人世。刘璋非立业之主，久后必归将军。」玄德闻言，顿首拜谢。只这一席话，乃孔明未出茅庐，已知三分天下，真万古人不及也！后人有诗赞曰：",same_body_paragraph
孙权,诸葛亮,46,28,38;40;42;43;44;45;53;54;55;56;57;60;62;63;65;66;67;76;77;80;81;82;85;86;87;88;98;102,"Chapter 38, P038-008: 孔明曰：「自董卓造逆以来，天下豪杰并起。曹操势不及袁绍，而竟能克绍者，非惟天时，抑亦人谋也。今操已拥百万之众，挟天子以令诸侯，此诚不可与争锋。孙权据有江东，已历三世，国险而民附，此可用为援，而不可图也。荆州北据汉沔，利尽南海，东连吴会，西通巴蜀，此用武之地，非其主不能守。是殆天所以资将军，将军岂可弃乎？益州险塞，沃野千里，天府之国，高祖因之以成帝业。今刘璋暗弱，民殷国富，而不知存恤，智能之士，思得明君。将军既帝室之胄，信义著于四海，总揽英雄，思贤如渴，若跨有荆益，保其岩阻，西和诸戎，南抚彝越，外结孙权，内修政理；待天下有变，则命一上将，将荆州之兵，以向宛洛；将军身率益州之众，以出秦川，百姓有不箪食壸浆以迎将军者乎？诚如是，则大业可成，汉室可兴矣。此亮所以为将军谋者也。惟将军图之。」言罢，命童子取出画一轴，挂于中堂，指谓玄德曰：「此西川五十四州之图也。将军欲成霸业，北让曹操占天时，南让孙权占地利，将军可占人和。先取荆州为家，后即取西川建基业，以成鼎足之势，然后可图中原也。」 || Chapter 40, P040-002: 却说夏侯惇败回许昌，自缚见曹操，伏地请死。操释之。惇曰：「惇遭诸葛亮诡计，用火攻破我军。」操曰：「汝自幼用兵，岂不知狭处须防火攻？」惇曰：「李典、于禁曾言及此，悔之不及！」操乃赏二人。惇曰：「刘备如此猖獗，真腹心之患也，不可不急除。」操曰：「吾所虑者，刘备、孙权耳。余皆不足介意。今当乘此时扫平江南。」便传令起大兵五十万，令曹仁、曹洪，为第一队；张辽、张郃，为第二队；夏侯渊、夏侯惇，为第三队；于禁、李典，为第四队；操自领诸将为第五队。每队各引兵十万。又令许褚为折冲将军，引兵三千为先锋。选定建安十三年秋七月丙午日出师。 || Chapter 42, P042-023: 却说玄德至江夏，与孔明、刘琦共议良策。孔明曰：「曹操势大，急难抵敌，不如往投东吴孙权，以为应援。使南北相持，吾等于中取利，有何不可？」玄德曰：「江东人物极多，必有远谋，安肯相容耶？」孔明笑曰：「今操引百万之众，虎踞江汉，江东安得不使人来探听虚实？」若有人到此，亮借一帆风，直至江东，凭三寸不烂之舌，说南北两军互相吞并。若南军胜，共诛曹操以取荆州之地；若北军胜，则我乘势以取江南可也。」玄德曰：「此论甚高。但如何得江东人到？」",same_body_paragraph
王平,诸葛亮,46,17,72;73;87;88;89;90;91;93;95;96;97;98;99;100;101;102;104,"Chapter 72, P072-004: 却说徐晃逃回见操，说王平反去降刘备矣。操大怒，亲统大军来夺汉水寨栅。赵云恐孤军难立，遂退于汉水之西。两军隔水相拒。玄德与孔明来观形势。孔明见汉水上流头，有一带土山，可伏千余人；乃回到营中。唤赵云吩咐：「汝可引五百人，皆带鼓角，伏于土山之下；或半夜，或黄昏，只听我营中砲响，砲响一番，擂鼓一番，只不要出战。」 || Chapter 73, P073-002: 且说玄德命刘封、孟达、王平等，攻取上庸诸郡。申耽等闻操已弃汉中而走，遂皆投降。玄德安民已定，大赏三军，人心大悦。于是众将皆有推尊玄德为帝之心；未敢迳启，却来禀告诸葛军师。孔明曰：「吾意已有定夺了。」随引法正等入见玄德曰：「今曹操专权，百姓无主；主公仁义著于天下，今已抚有两川之地，可以应天顺人，即皇帝位，名正言顺，以讨国贼。事不宜迟，便请择吉。」 || Chapter 87, P087-003: 王连再三苦劝，孔明不从。是日，孔明辞了后主，令蒋琬为参军；费袆为长史；董厥、樊建二人为掾史；赵云、魏延为大将，总督军马；王平、张翼为副将；并川将数十员：共起川兵五十万，前望益州进发。忽有关公第三子关索，入军来见孔明曰：「自荆州失陷，逃难在鲍家庄养病。每要赴川见先帝报雠，疮痕未合，不能起行。近已安痊，打探得东吴雠人已皆诛戮，迳来西川见帝，恰在途中遇见征南之兵，特来投见。孔明闻之，嗟讶不已；面遣人申报朝廷，就令关索为前部先锋，一同征南。大队人马，各依队伍而行。饥餐渴饮，夜住晓行：所经之处，秋亳无犯。",same_body_paragraph
刘禅,诸葛亮,45,18,73;80;85;86;87;91;96;97;98;99;100;101;102;104;105;106;115;119,"Chapter 73, P073-005: 玄德再三推迟不过，只得依允。建安二十四年秋七月，筑坛于沔阳，方圆九里，分布五方，各设旌旗仪仗。群臣皆依次序排列。许靖、法正请玄德登坛，进冠冕玺绶讫，面南而坐，受文武官员拜贺为汉中王。子刘禅立为王世子。封许靖为太傅，法正为尚书令。诸葛亮为军师，总理军国重事。封关羽、张飞、赵云、马超、黄忠为五虎大将军；魏延为汉中太守。其余各拟功勋定爵。 || Chapter 80, P080-029: 读罢祭文，孔明率众官恭上玉玺。汉中王受了，捧于坛上，再三推让曰：「备无才德，请择有才德者受之。」孔明奏曰：「王上平定四海，功德昭于天下，况是大汉宗派，宜即正位。已祭告天神，复何让焉？」文武各官，皆呼万岁。拜舞礼毕，改元章武元年。立妃吴氏为皇后，长子刘禅为太子。封次子刘永为鲁王，刘理为梁王。封诸葛亮为丞相，许靖为司徒。大小官僚，一一升赏。大赦天下。两川军民，无不欣跃。次日设朝，文武官僚拜毕，列为两班。先主降诏曰：「朕自桃园与关、张结义，誓同生死；不幸二弟云长，被东吴孙权所害。若不报雠，是负盟也。朕欲起倾国之兵，攻伐东吴，生擒逆贼，以雪此恨！」言未毕，班内一人，拜伏于阶下，谏曰：「不可。」先主视之，乃虎威将军赵云也。正是：君王未及行天讨，臣下曾闻进直言。未知子龙所谏若何，且看下文分解。 || Chapter 85, P085-011: 先主扯定大哭。忽然惊觉：二弟不见。即唤从人问之，时正三更。先主叹曰：「朕不久于人世矣！」遂遣使往成都，请丞相诸葛亮、尚书令李严等，星夜来永安宫，听受遗命。孔明等与先主次子鲁王刘永、梁王刘理，来永安宫见帝，留太子刘禅守成都。且说孔明到永安宫，见先主病危，慌忙拜伏于龙榻之下。先主传旨，请孔明坐于龙榻之侧，抚其背曰：「朕自得丞相，幸成帝业；何期智识浅陋，不纳丞相之言，自取其败。悔恨成疾，死在旦夕。」嗣子孱弱，不得不以大事相托。」言讫，泪流满面。孔明亦涕泣曰：「愿陛下善保龙体，以副天下之望！」",same_body_paragraph
张辽,曹操,45,21,11;12;16;18;19;20;23;24;25;26;27;30;31;33;40;42;46;49;50;67;68,"Chapter 11, P011-030: 却说吕布于寨中劳军。陈宫曰：「西寨是个要紧去处，倘或曹操袭之，奈何？」布曰：「他今日输了一阵，如何敢来？」宫曰：「曹操是极能用兵之人，须防他攻我不备。」布乃拨高顺并魏续、侯成引兵往守西寨。却说曹操于黄昏时分，引军至西寨，四面突入。寨兵不能抵挡，四散奔走，曹操夺了寨。将及四更，高顺方引军到，杀将入来。曹操自引军马来迎，正逢高顺，三军混战。将及天明，正西鼓声大震，人报吕布自引军来了。操弃寨而走。背后高顺，魏续，侯成赶来，当头吕布亲自引军来到。于禁，乐进，双战吕布不住，操望北而行。山后一彪军出：左有张辽，右有臧霸。操使吕虔、曹洪战之，不利，操望西而走。忽又喊声大震，一彪军至：郝萌，曹性，成廉，宋宪四将拦住去路。众将死战，操当先冲阵。梆子响处，箭如骤雨射将来。操不能前进，无计可脱，大叫：「谁人救我！」 || Chapter 12, P012-004: 时约初更，月光未上。只听得西门上吹蠃壳声，喊声忽起，门上火把燎乱，城门大开，吊桥放落。曹操争先拍马而入。直到州衙，路上不见一人。操知是计，忙拨回马，大叫：「退兵！」州衙中一声砲响，四门烈火，轰天而起；金鼓齐鸣，喊声如江翻海沸。东巷内转出张辽，西巷内转出臧霸，夹攻掩杀。操走北门，道傍转出郝萌、曹性，又杀一阵。操急走南门，高顺、侯成拦住。典韦怒目咬牙，冲杀出去。高顺、侯成倒走出城。 || Chapter 16, P016-025: 布听之，不从所请，攻城愈急。玄德与麋竺、孙干商议。孙干曰：「曹操所恨者，吕布也。不若弃城走许都，投奔曹操，借军破布，此为上策。」玄德曰：「谁可当先破围而出？」飞曰：「小弟情愿死战。」玄德令飞在前；云长在后；自居其中，保护老少。当夜三更，乘著月明出北门而走，正遇宋宪、魏续，被翼德一阵杀退，得出重围。后面张辽赶来，关公敌住。吕布见玄德去了，也不来赶，随即入城安民，令高顺守小沛，自己仍回徐州去了。",same_body_paragraph
徐晃,曹操,45,21,14;23;24;25;26;27;30;31;32;33;46;50;56;57;58;59;67;68;71;72;76,"Chapter 14, P014-016: 操由是日与众谋士密议迁都之事。时侍中太史令王立私谓宗正刘艾曰：「吾仰观天文，自去春太白犯镇星于斗牛，过天津，荧惑又逆行，与太白会于天关，金火交会，必有新天子出。吾观大汉气数将终，晋、魏之地，必有兴者。」又密奏献帝曰：「天命有去就，五行不常盛。代火者土也。代汉而有天下者，当在魏。」操闻之，使告立曰：「知公忠于朝廷，然天道深远，幸勿多言。」操以是告彧。彧曰：「汉以火德王，而明公乃土命也。许都属土，到彼必兴。火能生土，土能旺木：正合董昭、王立之言。他日必有兴者。」操意遂决。次日，入见帝，奏曰：「东都荒废久矣，不可修葺；更兼转运粮食艰辛。许都地近鲁阳，城宫宫室，钱粮民物，足可备用。臣敢请驾幸许都：惟陛下从之。」帝不敢不从；群臣皆惧操势，亦莫敢有异议；遂择日起驾。操引军护行，百官皆从。行不到数程，前至一高陵。忽然喊声大举，杨奉，韩暹，领兵拦路。徐晃当先，大叫：「曹操欲劫驾何往！」 || Chapter 14, P014-019: 晃沈吟良久，乃喟然叹曰：「吾固知奉、暹非立业之人，奈从之久矣，不忍相舍。」宠曰：「岂不闻『良禽择木而栖，贤臣择主而事』？遇可事之主，而交臂失之，非丈夫也。」晃起谢曰：「愿从公言。」宠曰：「何不就杀奉、暹而去，以为进见之礼？」晃曰：「以臣弑主，大不义也，吾决不为。」宠曰：「公真义士也！」晃遂引帐下数十骑，连夜同满宠来投曹操。早有人报知杨奉。奉大怒，自引千骑来追，大叫：「徐晃反贼休走！」 || Chapter 14, P014-021: 曹操收军回营，满宠引徐晃入见。操大喜，厚待之。于是迎銮驾到许都，盖造宫室殿宇，立宗庙社稷、省台司院衙门，修城郭府库；封董承等十三人为列侯。赏功罚罪，并听曹操处置。",same_body_paragraph
刘备,鲁肃,44,17,42;43;44;45;48;51;52;53;54;56;57;58;66;67;69;77;83,"Chapter 42, P042-022: 话分两头。却说江东孙权，屯兵柴桑郡，闻曹操大军至襄阳，刘琮已降，今又星夜兼道取江陵，乃集众谋士商议御守之策。鲁肃曰：「荆州与国邻接，江山险固，士民殷富。吾若据而有之，此帝王之资也。今刘表新亡，刘备新败，肃请奉命往江夏吊丧，因说刘备使抚刘表，众将同心一意，共破曹操；备若喜而从命，则大事可成矣。」权喜从其言，即遣鲁肃赍礼往江夏吊丧。 || Chapter 42, P042-024: 正说间，人报江东孙权差鲁肃来吊丧，船已傍岸。孔明笑曰：「大事济矣！」遂问刘琦曰：「往日孙策亡时，襄阳曾遣人去吊丧否？」琦曰：「江东与我家有杀父之雠，安得通庆吊之礼？」孔明曰：「然则鲁肃之来，非为吊丧，乃来探听军情也。」遂谓玄德曰：「鲁肃至，若问曹操动静，主公只推不知。再三问时，主公只说可问诸葛亮。」 || Chapter 42, P042-025: 计议已定，使人迎接鲁肃。肃入城吊丧，收过礼物，刘琦请肃与玄德相见。礼毕，邀入后堂饮酒。肃曰：「久闻皇叔大名，无缘拜会；今幸得见，实为欣慰。近闻皇叔与曹操会战，必知彼虚实：敢问操军约有几何？」玄德曰：「备兵微将寡，一闻操至即走，竟不知彼虚实。」鲁肃曰：「闻皇叔用诸葛孔明之谋，两场火烧得曹操魂亡胆落，何言不知耶？」玄德曰：「除非问孔明，便知其详。」肃曰：「孔明安在？愿求一见。」",same_body_paragraph
刘备,魏延,43,14,41;53;56;60;61;62;63;64;65;70;71;72;73;81,"Chapter 41, P041-007: 刘琮闻玄德至，惧而不出。蔡瑁、张允，迳来敌楼上，叱军士乱箭射下。城外百姓，皆望敌楼而哭。城中忽有一将，引数百人迳上城楼，大喝：「蔡瑁、张允，卖国之贼！刘使君乃仁德之人，今为救民而来投，何得相拒！」众观其人，身长八尺，面如重枣；乃义阳人也，姓魏，名延，字文长。 || Chapter 41, P041-008: 当下魏延轮刀砍死守门将士，开了城门，放下吊桥，大叫：「刘皇叔快领兵入城，共杀卖国之贼！」张飞便跃马欲入。玄德急止之曰：「休惊百姓！」魏延只管招呼玄德军马入城。只见城内一将飞马引军而出，大喝：「魏延无名小卒，安敢造乱！认得我大将文聘么！」魏延大怒，挺枪跃马，便来交战。 || Chapter 41, P041-009: 两下军兵在城边混杀，喊声大震。玄德曰：「本欲保民，反害民也！吾不愿入襄阳！」孔明曰：「江陵乃荆州要地，不如先取江陵为家。」玄德曰：「正合吾心。」于是引著百姓，尽离襄阳大路，望江陵而走。襄阳城中百姓，多有乘乱逃出城来，跟玄德而去。魏延与文聘交战，从已至未，手下兵卒，皆已折尽。延乃拨马而逃，却寻不见玄德，自投长沙太守韩玄去了。",same_body_paragraph
刘备,周瑜,42,12,44;45;47;48;49;51;52;54;55;56;57;77,"Chapter 44, P044-002: 鲁肃上马去了。周瑜方才歇息。忽报张昭、顾雍、张纮、步骘四人来相探。瑜接入堂中坐定，叙寒温毕。张昭曰：「都督知江东之利害否？」瑜曰：「未知也。」昭曰：「曹操拥众百万，屯于汉上，昨传檄文至此，欲请主公会猎于江夏。虽有相吞之意，尚未露其形。昭等劝主公且降之，庶免江东之祸。不想鲁子敬从江夏带刘备军师诸葛亮至此，彼因自欲雪愤，特下说词以激主公。子敬却执迷不悟。正欲待都督一决。」瑜曰：「公等之见皆同否？」顾雍等曰：「所议皆同。」瑜曰：「吾亦欲降久矣。公等请回。明早见主公，自有定议。」 || Chapter 44, P044-022: 周瑜谢出，暗忖曰：「孔明早已料著吴侯之心。其计划又高我一头。久必为江东之患，不如杀之。」乃令人连夜请鲁肃入帐，言欲杀孔明之事。肃曰：「不可。今操贼未破，先杀贤士，是自去其助也。」瑜曰：「此人助刘备，必为江东之患。」肃曰：「诸葛瑾乃其亲兄，可令招此人同事东吴，岂不妙哉？」 || Chapter 45, P045-008: 玄德乃备羊酒礼物，令糜竺至东吴，以犒军为名，探听虚实。竺领命，驾小舟顺流而下，迳至周瑜大寨前。军士入报周瑜，瑜召入。竺再拜，致玄德相敬之意，献上酒礼。瑜受讫，设宴款待糜竺。竺曰：「孔明在此已久，今愿与同回。」瑜曰：「孔明方与我同谋破曹，岂可便去？吾亦欲见刘豫州，共议良策；奈身统大军，不可暂离。若豫州肯枉驾来临，深慰所望。」",same_body_paragraph
刘备,刘表,40,19,16;17;21;23;28;31;32;33;34;35;38;39;40;41;42;53;56;62;120,"Chapter 16, P016-029: 操正欲起兵，自往征吕布，忽流星马报说张济自关中引兵攻南阳，为流矢所中而死；济姪张绣统其众，用贾诩为谋士，结连刘表，屯兵宛城，欲兴兵犯阙夺驾。操大怒，欲兴兵讨之，又恐吕布来攻许都，乃问计于荀彧。彧曰：「此易事耳。吕布无谋之辈，见利必喜；明公可遣使往徐州，加官赐赏，令与玄德解和。布喜，则不思远图矣。」操曰：「善。」遂差奉军都尉王则，赍官诰并和解书，往徐州去讫；一面起兵五十万，亲讨张绣。分军三路而行，以夏侯惇为先锋。军马至淯水下寨。 || Chapter 17, P017-020: 操踌躇未决。忽报马到，报说：「张绣依托刘表，复肆猖獗；南阳诸县复反；曹洪拒敌不住，连输数阵，今特来告急。」操乃驰书与孙策，令其跨江布阵，以为刘表疑兵，使不敢妄动；自己即日班师，别议征张绣之事。临行，令玄德仍屯兵小沛，与吕布结为兄弟，互相救助，再无相侵。吕布引兵自回徐州。操密谓玄德曰：「吾令汝屯兵小沛，是『掘坑待虎』之计也。公但与陈珪父子商议，勿致有失。某当为公外援。」话毕而别。 || Chapter 21, P021-008: 玄德曰：「备肉眼安识英雄？」操曰：「休得过谦。」玄德曰：「备叨恩庇，得仕于朝。天下英雄，实有未知。」操曰：「既不识其面，亦闻其名。」玄德曰：「淮南袁术，兵粮足备，可谓英雄。」操笑曰：「冢中枯骨，吾早晚必擒之！」玄德曰：「河北袁绍，四世三公，门多故吏；今虎踞冀州之地，部下能事者极多，可谓英雄。」操笑曰：「袁绍色厉胆薄，好谋无断；干大事而惜身，见小利而忘命：非英雄也。」玄德曰：「有一人名称八骏，威镇九州──刘景升可为英雄。」操曰：「刘表虚名无实，非英雄也。」玄德曰：「有一人血气方刚，江东领袖──孙伯苻乃英雄也。」操曰：「孙策藉父之名，非英雄也。」玄德曰：「益州刘季玉，可为英雄乎？」操曰：「刘璋虽系宗室，乃守户之犬耳，何足为英雄！」玄德曰：「如张绣、张鲁、韩遂等辈皆何如？」操鼓掌大笑曰：「此等碌碌小人，何足挂齿！」玄德曰：「舍此之外，备实不知。」操曰：「夫英雄者，胸怀大志，腹有良谋；有包藏宇宙之机，吞吐天地之志者也。」玄德曰：「谁能当之？」操以手指玄德，后自指曰：「今天下英雄，惟使君与操耳。」",same_body_paragraph
曹操,许褚,40,19,12;14;21;23;24;27;30;33;40;42;56;57;58;59;61;66;67;68;72,"Chapter 12, P012-019: 曹操班师，曹仁、夏侯惇接见，言近日细作报说：兖州薛兰、李封军士皆出掳掠，城邑空虚，可引得胜之兵攻之，一鼓可下。操遂引军迳奔兖州。薛兰、李封出其不意，只得引兵出城迎战。许褚曰：「吾愿取此二人，以为贽见之礼。」操大喜，遂令出战，李封使画戟，向前来迎。交马两合，许褚斩李封于马下。薛兰急走回阵，吊桥边李典拦住；薛兰不敢回城，引军投巨野而去；却被吕虔飞马赶来，一箭射于马下，军皆溃散。 || Chapter 12, P012-020: 曹操复得兖州，程昱便请进兵取濮阳。操令许褚、典韦为先锋，夏侯惇、夏侯渊为左军，李典、乐进为右军，操自领中军，于禁、吕虔为合后。兵至濮阳，吕布欲自将出迎，陈宫谏：「不可出战。待众将聚会后方可。」吕布曰：「吾怕谁来？」遂不听宫言，引兵出阵，横戟大骂。许褚便出。斗二十合，不分胜负。操曰：「吕布非一人可胜。」便差典韦助战，两将夹攻。左边夏侯惇、夏侯渊，右边李典、乐进齐到，六员将共攻吕布。布遮拦不住，拨马回城。城上田氏，见布败回，急令人拽起吊桥。布大叫：「开门！」田氏曰：「吾已降曹将军。」 || Chapter 12, P012-023: 却说吕布回报陈宫。宫曰：「操多诡计，不可轻敌。」布曰：「吾用火攻，可破伏兵。」乃留陈宫、高顺守城。布次日引大军来，遥见林中有旗，驱兵大进，四面于火，竟无一人；欲投寨中，却闻鼓声大震。正自疑惑不定，忽然寨后一彪军出，吕布纵马赶来。砲声响处，堤内伏兵尽出：夏侯惇，夏侯渊，许褚，典韦，李典，乐进，骤马杀来。吕布料敌不过，落荒而走。从将成廉，被乐进一箭射死。布军三停去了一停，，败卒回报陈宫。宫曰：「空城难守，不若急去。」遂与高顺保著吕布老小，弃定陶而走。曹操将得胜之兵，杀入城中，势如破竹。张超自焚，张邈投袁术去了。山东一境，尽被曹操所得。安民修城，不在话下。",same_body_paragraph
赵云,魏延,40,18,56;60;64;65;71;72;73;81;85;86;87;88;89;90;92;93;94;95,"Chapter 56, P056-017: 却说鲁肃回见周瑜，说玄德，孔明欢喜不疑，准备出城劳军。周瑜大笑曰：「原来今番也中了吾计！」便教鲁肃禀报吴侯，并遣程普引兵接应。周瑜此时箭疮已渐平愈，身躯无事，使甘宁为先锋，自与徐盛，丁奉为第二；凌统，吕蒙为后队。水陆大兵五百万，望荆州而来。周瑜在船中，时复欢笑，以为孔明中计。前军至夏口，周瑜问：「荆州有人在前面接否？」人报：「刘皇叔使糜竺来见都督。」瑜唤至，问劳军如何。糜竺曰：「主公皆准备安排下了。」瑜曰：「皇叔何在？」竺曰：「在荆州城门相等，与都督把盏。」瑜曰：「今为汝家之事，出兵远征；劳军之礼，休得轻易。」糜竺领了言语先回。战船密密排在江上，依次而进。看看至公安，并无一双军船，又无一人远接。周瑜催船速行。离荆州十余里，只见江面上静荡荡的。哨探的回报：「荆州城上，插两面白旗，并不见一人之影。」瑜心疑，教把船傍岸，亲自上岸，乘马带了甘宁，徐盛，丁奉一班军官，引亲随精军三千人，迳望荆州来。既至城下，并不见动静。瑜勒住马，令军士叫门。城上问是谁人。吴军答曰：「是东吴周都督亲自此。」言未毕，忽一声梆子响，城上一齐都竖起鎗刀。敌楼上赵云出曰：「都督此行，端的为何？」瑜曰：「吾替汝主取西川，汝岂犹未知耶？」云曰：「孔明军师已知都督『假途灭虢』之计，故留赵云在此。吾主公有言：『孤与刘璋，皆汉室宗亲，安忍背义而取西川？若汝东吴端的取蜀，吾当披发入山，不失信于天下也。』」周瑜闻之，勒马便回。只见一人打著令字旗，于马前报说：「探得四路军马，一齐杀到：关某从江陵杀来，张飞从秭归杀来，黄忠从公安杀来，魏延从彝陵小路杀来：四路正不知多少军马。喊声远近震动百余里，皆言要捉周瑜。」瑜马上大叫一声，箭鎗复裂，墬于马下。正是：一著掑高难对敌，几番算定总成空。不知周瑜性命如何，且看下文解。 || Chapter 60, P060-023: 正商议间，一人自外突入，汗流满面，大叫曰：「主公若听张松之言，则四十一州郡，已属他人矣！」松大惊；视其人，乃西阆中巴人，姓黄，名权，字公衡，现为刘璋府下主簿。璋问曰：「玄德与我同宗，吾故结之为援；汝何出此言？」权曰：「某素知刘备宽以待人，柔能克刚，英雄莫敌。远得人心，近得民望。兼有诸葛亮，庞统之智谋，关，张，赵云，黄忠，魏延为羽翼。若召到蜀中，以部曲待之，刘备岂肯伏低做小？若以客礼待之，又一国不容二主。今听臣言，则西蜀有泰山之安；不听臣言，则主公有累卵之危矣。张松昨从荆州过，必与刘备同谋。可先斩张松，后绝刘备，则西川万幸也。」璋曰：「曹操，张鲁到来，何以拒之？」权曰：「不如闭境绝塞，棎沟高垒，以待时清。」璋曰：「贼兵犯界，有燃眉之急；若待时清，则是慢计也。」遂不从其言，遣法正行。又一人阻曰：「不可！不可！」 || Chapter 60, P060-028: 于是遂请孔明同议，起兵西行。孔明曰：「荆州重地，必须分兵守之。」玄德曰：「吾与庞士元，黄忠，魏延，前往西川；军师可与关云长，张翼德，赵子龙，守荆州。」孔明应允。于是孔明总守荆州；关公拒襄阳要路，当青泥隘口；张飞领四郡巡江；赵云屯江陵，镇公安。玄德令黄忠为前部，魏延为后军。玄德自与刘封关平在中军，庞统为军师，马步五万，起程西行。",same_body_paragraph
周瑜,曹操,39,13,38;44;45;46;47;48;49;50;51;52;56;57;77,"Chapter 38, P038-018: 建安七年，曹操破袁绍，遣使往江东，命孙权遣子入朝随驾。权犹豫未决。吴太夫人命周瑜、张昭等面议。张昭曰：「操欲令我遣子入朝，是牵制诸侯之法也。然若不令去，恐其兴兵下江东，势必危矣。」周瑜曰：「将军承父兄遣业，兼六郡之众，兵精粮足，将士用命，有何逼迫而欲送质于人？质一入，不得不与曹氏连和；彼有命召，不得不往；如此则见制于人也。不如勿遣，徐观其变，别以良策御之。」吴太夫人曰：「公瑾之言是也。」权遂从其言，谢使者，不遣子。自此曹操有下江南之意。但正值北方未宁，无暇南征。 || Chapter 44, P044-001: 却说吴国太见孙权疑惑不决，乃谓之曰：「先姊遗言云：『伯符临终有言：内事不决问张昭，外事不决问周瑜。』今何不请公瑾问之？」权大喜，即遣使往鄱阳请周瑜议事。原来周瑜在鄱阳湖训练水师，闻曹操大军至汉上，便星夜回柴桑郡议军机事。使者未发，周瑜已先到。鲁肃与瑜最厚，先来接著，将前项事细述一番。周瑜曰：「子敬休忧，瑜自有主张。今可速请孔明来相见。」 || Chapter 44, P044-002: 鲁肃上马去了。周瑜方才歇息。忽报张昭、顾雍、张纮、步骘四人来相探。瑜接入堂中坐定，叙寒温毕。张昭曰：「都督知江东之利害否？」瑜曰：「未知也。」昭曰：「曹操拥众百万，屯于汉上，昨传檄文至此，欲请主公会猎于江夏。虽有相吞之意，尚未露其形。昭等劝主公且降之，庶免江东之祸。不想鲁子敬从江夏带刘备军师诸葛亮至此，彼因自欲雪愤，特下说词以激主公。子敬却执迷不悟。正欲待都督一决。」瑜曰：「公等之见皆同否？」顾雍等曰：「所议皆同。」瑜曰：「吾亦欲降久矣。公等请回。明早见主公，自有定议。」",same_body_paragraph
夏侯惇,曹操,39,20,5;6;10;12;14;16;23;24;26;30;31;39;40;42;66;67;69;71;72;91,"Chapter 5, P005-003: 一日，有一个阳平卫国人，姓乐，名进，字文谦，来投曹操。又有一个山阳巨鹿人，姓李，名典，字曼成，也来投曹操。操皆留为帐前吏。又有沛国谯人，夏侯惇，字元让，乃夏侯婴之后；自小习鎗棒；年十四从师学武，有人辱骂其师，惇杀之，逃于外方；闻知曹操起兵，与其族弟夏侯渊两个，各引壮士千人来会。此二人本操之弟兄：操父曹嵩原是夏侯氏之子，过房与曹家，因此是同族。 || Chapter 6, P006-009: 且说孙坚飞奔洛阳，遥望火焰冲天，黑烟铺地，二三百里，并无鸡犬人烟；坚先发兵救灭了火，令众诸侯各于荒地上屯住军马。曹操来见袁绍曰：「今董贼西去，正可乘势追袭；本初按兵不动，何也？」绍曰：「诸兵疲困，进恐无益。」操曰：「董贼焚烧宫室，劫迁天子，海内震动，不知所归；此天亡之时也，一战而天下定矣。诸侯何疑而不进？」众诸侯皆言不可轻动。操大怒曰：「竖子不足与谋！」遂自引兵万余，领夏侯惇，夏侯渊，曹仁，曹洪，李典，乐进，星夜来赶董卓。 || Chapter 6, P006-010: 且说董卓行至荥阳地方，太守徐荣出接。李儒曰：「丞相新弃洛阳，防有追兵。可教徐荣伏军荥阳城外山坞之旁：若有兵追来，可竟放过；待我这里杀败，然后截住掩杀。令后来者不敢复追。」卓从其计，又令吕布引精兵遏后。布正行间，曹操一军赶上。吕布大笑曰：「不出李儒所料也」！将军马摆开。曹操出马，大叫：「逆贼！劫迁天子，流徙百姓，将欲何往？」吕布骂曰：「背主懦夫，何得妄言！」夏侯惇挺鎗跃马，直取吕布。战不数合，李傕引一军，从左边杀来，操急令夏侯渊迎敌。右边喊声又起，郭汜引军杀到，操急令曹仁迎敌。三路军马，势不可当。夏侯惇抵敌吕布不住，飞马回阵。布引铁骑掩杀，操军大败，回望荥阳而走。走至一荒山脚下，时约二更，月明如昼。方才聚集残兵。",same_body_paragraph
曹操,马超,39,10,57;58;59;60;64;65;67;72;73;74,"Chapter 57, P057-021: 当日奉诏，乃与长子马超商议曰：「吾自与董承受衣带诏以来，与刘玄德约共讨贼，不幸董承已死，玄德屡败。我又僻处西凉，未能协助玄德。今闻玄德已得荆州，我正欲展昔日之志，而曹操反来召我，当是如何？」马超曰：「操奉天子之命以召父亲，今若不往，彼必以逆命责我矣。当乘其来召，竟往京师，于中取事，则昔日之志可展也。」 || Chapter 58, P058-008: 马超看毕，即时挥涕回书，发使者先回，随后便起西凉军马。正欲进发，忽西凉太守韩遂使人请马超往见。超至遂府，遂将出曹操书示之。内云：「若将马超擒赴许都，即封汝为西凉侯。」超拜伏于地曰：「请叔父就䌸俺兄弟二人，解赴许昌，免叔父戈戟之劳。」韩遂扶起曰：「吾与汝父结为兄弟，安忍害汝？汝若兴兵，吾当相助。」 || Chapter 58, P058-009: 马超拜谢。韩遂便将操使者推出斩之，乃点手下八部军马，一同进发。那八部乃侯选，程银，李堪，长横，梁兴，成宜，马玩，杨秋也。八将随著韩遂，合马超手下庞德，马岱共起二十万大兵，杀奔长安来。长安郡守钟繇，飞报曹操；一面引军拒敌，布阵于野。西凉州前部先锋马岱，引军一万五千，浩浩荡荡，漫山遍野而来。钟繇出马答话。岱使宝刀一口，与繇交战。不一合，繇大败奔走，岱提刀赶来。马超，韩遂，引大军都到，围住长安，钟繇上城守护。",same_body_paragraph
魏延,黄忠,39,13,53;55;56;60;62;63;64;65;70;71;72;73;81,"Chapter 53, P053-014: 众视其人，面如重枣，目若朗星，乃义阳人魏延也；自襄阳赶刘玄德不著，来投韩玄；玄怪其傲慢少礼，不肯重用，故屈沈于此。当日救了黄忠，教百姓同杀韩玄，袒臂一呼，相从者数百余人。黄忠拦当不住。魏延直杀上城头，一刀砍韩玄为两段，提头上马，引百姓出城，投拜云长。云长大喜，遂入城安抚已毕，请黄忠相见。忠托病不出。云长即使人去请玄德、孔明。 || Chapter 53, P053-016: 少顷，见一小校飞报前来，说：「关将军已得长沙郡，降将黄忠、魏延。耑等主公到彼。」玄德大喜，遂入长沙。云长接入厅上，具言黄忠之事，玄德乃亲往黄忠家相请，忠方出降，求葬韩玄尸首于长沙之东。后人有诗赞黄忠曰： || Chapter 53, P053-018: 玄德待黄忠甚厚。云长引魏延来见，孔明喝令刀斧手推出斩之。玄德惊问孔明曰：「魏延乃有功无罪之人，军师何故欲杀之？」孔明曰：「食其禄而杀其主，是不忠也；居其土而献其地，是不义也。吾观魏延脑后有反骨，久后必反，故先斩之，以绝祸根。」玄德曰：「若杀此人，恐降者人人自危；望军师恕之。」孔明指魏延曰：「吾今饶汝性命。汝可尽忠报主，勿生异心，若生异心，我好歹取汝首级。」",same_body_paragraph
张飞,曹操,37,23,2;5;14;16;18;19;21;22;24;28;31;39;40;41;42;45;49;52;57;63;65;72;81,"Chapter 2, P002-002: 于是三人连夜引军来投朱隽。隽待之其厚，合兵一处，进讨张宝。是时曹操自跟皇甫嵩讨张梁，大战于曲阳。这里朱隽进攻张宝。张宝引贼众八九万，屯于山后。隽令玄德为其先锋，与贼对敌。张宝遣副将高升出马搦战。玄德使张飞击之。飞纵马挺矛，与升交战，不数合，刺升落马。玄德麾军直冲过去。张宝就马上披发仗剑，作起妖法。只见风雷大作，一股黑气，从天而降：黑气中似有无限人马杀来。玄德连忙回军，军中大乱，败阵而归，与朱隽计议。隽曰：「彼用妖术，我来日可宰猪羊狗血，令军士伏于山头；候贼赶来，从高坡上泼之，其法可解。」 || Chapter 5, P005-019: 曹操大喜。只见玄德背后转出张飞，高声大叫：「俺哥哥斩了华雄，不就这里杀入关去，活拏董卓，更待何时！」袁术大怒，喝曰：「俺大臣尚自谦让，量一县令手下小卒，安敢在此耀武扬威！都与赶出帐去！」曹操曰：「得功者赏，何计贵贱乎？」袁术曰：「既然公等只重一县令，我当告退。」操曰：「岂可因一言而误大事耶？」命公孙瓒且带玄德、关、张回寨。众官皆散。曹操暗使人赍牛酒抚慰三人。却说华雄手下败军，报上关来。李肃慌忙写告急文书，申闻董卓。卓急聚李儒、吕布等商议。儒曰：「今失了上将华雄，贼势浩大。袁绍为盟主，绍叔袁隗，现为太傅；倘或里应外合，深为不便，可先除之。请丞相亲领大军，分拨剿捕。」 || Chapter 5, P005-026: 这三个围住吕布，转灯儿般厮杀。八路人马，都看得呆了。吕布架隔遮拦不定，看著玄德面上，虚刺一戟，玄德急闪。吕布荡开阵角，倒拖画戟，飞马便回。三个那里肯舍，拍马赶来。八路军兵，喊声大震，一齐掩杀。吕布军马，望关上奔走；玄德、关、张随后赶来。古人曾有篇言语，单道著玄德、关、张三战吕布：汉朝天数当桓灵，炎炎红日将西倾。奸臣董卓废少帝，刘协懦弱魂梦惊。曹操传檄告天下，诸侯奋怒皆兴兵。议立袁绍作盟主，誓扶王室定太平。温侯吕布世无比，雄才四海夸英伟。护躯银铠砌龙鳞，束发金冠簪雉尾。参差宝带兽平吞，错落锦袍飞凤起。龙驹跳踏起天风，画戟荧煌射秋水。出关搦战谁敢当？诸侯胆裂心惶惶。踊出燕人张翼德，手持蛇矛丈八鎗。虎须倒竖翻金线，环眼圆睁起电光。酣战未能分胜败，阵前恼起关云长。青龙宝刀灿霜雪，鹦鹉战袍飞蛱蝶。马蹄到处鬼神嚎，目前一怒应流血。枭雄玄德掣双锋，抖擞天威施勇烈。三人围绕战多时，遮拦架隔无休歇。喊声震动天地翻，杀气迷漫牛斗寒。吕布力穷寻走路，遥望山塞拍马还。倒拖画杆方天戟，乱散销金五彩旛。顿断绒走赤兔，翻身飞上虎牢关。三人直赶吕布到关下，看见关上西风飘动青罗伞盖。张飞大叫：「此必董卓！追吕布有甚强处！不如先拿董贼，便是斩草除根！」拍马上关，来擒董卓。正是：擒贼定须擒贼首，奇功端的待奇人。未知胜负如何，且听下文分解。",same_body_paragraph
曹操,鲁肃,37,16,29;42;43;44;45;46;47;49;51;52;56;57;58;66;67;77,"Chapter 29, P029-029: 一日，众官皆散，权留鲁肃共饮，至晚同榻抵足而卧。夜半，权谓肃曰：「方今汉室倾危，四方纷扰；孤承父兄余业，思为桓文之事，君将何以教我？」肃曰：「昔汉高祖欲尊事义帝而不获者，以项羽为害也。今之曹操可比项羽，将军何由得为桓文乎？肃窃料汉室不可复兴，曹操不可卒除。为将军计，惟有鼎足江东以观天下之衅。今乘北方多务，剿除黄祖，进伐刘表，竟长江所极而据守之。然后建号帝王，以图天下，此高祖之业也。」 || Chapter 29, P029-030: 权闻言大喜，披衣起谢；次日厚赠鲁肃，并将衣服帏帐等物，赐肃之母。肃又荐一人见孙权，此人博学多才，事母至孝。覆姓诸葛，名瑾，字子瑜，瑯琊南阳人也。权拜之为上宾。瑾劝权勿通袁绍，且顺曹操，然后乘便图之。权依言，乃遗陈震回，以书绝袁绍。 || Chapter 42, P042-022: 话分两头。却说江东孙权，屯兵柴桑郡，闻曹操大军至襄阳，刘琮已降，今又星夜兼道取江陵，乃集众谋士商议御守之策。鲁肃曰：「荆州与国邻接，江山险固，士民殷富。吾若据而有之，此帝王之资也。今刘表新亡，刘备新败，肃请奉命往江夏吊丧，因说刘备使抚刘表，众将同心一意，共破曹操；备若喜而从命，则大事可成矣。」权喜从其言，即遣鲁肃赍礼往江夏吊丧。",same_body_paragraph
关羽,赵云,36,20,7;11;28;31;34;35;36;39;40;41;45;52;53;60;63;65;73;80;87;94,"Chapter 7, P007-014: 正说之间，忽见赵云冲到面前。弓箭手急待射时，云连刺数人，众军皆走。后面瓒军团团围裹上来。田丰慌对绍曰：「主公且于空墙中躲避！」绍以兜鍪扑地，大呼曰：「大丈夫愿临阵斗死，岂可入墙而望活乎！」众军士齐心死战，赵云冲突不入，绍兵大队掩至，颜良亦引军来到，两路并杀。赵云保公孙瓒杀透重围，回到界桥。绍驱兵大进，复赶过桥，落水死者，不计其数。袁绍当先赶来，不到五里，只听得山背后喊声大起，闪出一彪人马，为首三员大将，乃是刘玄德，关云长，张翼德。因在平原探知公孙瓒与袁绍相争，特来助战。当下三匹马，三般兵器，飞奔前来，直取袁绍。绍惊得魂飞天外，手中宝刀坠于马下，忙拨马而逃，众人死救过桥。公孙瓒亦收军归寨。玄德、关、张动问毕，瓒曰：「若非玄德远来救我，几乎狼狈。」教与赵云相见。玄德甚相敬爱，便有不舍之心。 || Chapter 11, P011-014: 却说刘玄德军到，见孔融。融曰：「曹兵势大，操又善于用兵，未可轻战。且观其动静，然后进兵。」玄德曰：「但恐城中无粮，难以久持。备令云长、子龙领军四千，在公部下相助；备与张飞奔曹营，迳投徐州去见陶使君商议。」融大喜，会合田楷，为犄角之势；云长、子龙领兵两边接应。 || Chapter 11, P011-021: 且说来使回徐州，入城见陶谦，呈上书札，言曹兵已退。谦大喜，差人请孔融，田楷，云长，子龙等赴城大会。饮宴既毕，谦延玄德于上座，拱手对众曰：「老夫年迈，二子不才，不堪国家重任。刘公乃帝室之胄，德广才高，可领徐州。老夫情愿乞闲养病。」玄德曰：「孔文举令备来救徐州，为义也；今无端据而有之，天下将以备为无义人矣。」糜竺曰：「今汉室陵迟，海宇颠覆，树功立业，正在此时。徐州殷富，户口百万，刘使君领此，不可辞也。」玄德曰：「此事决不敢应命。」陈登曰：「陶府君多病，不能视事，明公勿辞。」玄德曰：「袁公路四世三公，海内所归，近在寿春，何不以州让之？」孔融曰：「袁公路冢中枯骨，何足挂齿！今日之事，天与不取，悔不可追。」",same_body_paragraph
刘备,庞统,36,9,35;36;47;57;60;61;62;63;65,"Chapter 35, P035-005: 玄德曰：「汝师何人也？」牧童曰：「吾师覆姓司马，名徽，字德操，颍川人也．道号水镜先生。」玄德曰：「汝师与谁为友？」小童曰：「与襄阳庞德公、庞统为友。」玄德曰：「庞德公乃庞统何人？」童子曰：「叔姪也。庞德公字山民，长俺师父十岁；庞统字士元，小俺师父五岁。一日，吾师父在树上采桑，适庞统来相访，坐于树下，共相议论，终日不倦。吾师甚爱庞统，呼之为弟。」玄德曰：「汝师今居何处？」牧童遥指曰：「前面林中，便是庄院。」玄德曰：「吾正是刘玄德，汝可引我去拜见你师父。」 || Chapter 36, P036-021: 玄德喜曰：「愿闻此人姓名。」庶曰：「此人乃瑯琊阳都人，覆姓诸葛，名亮，字孔明。乃汉司隶校尉诸葛丰之后其父名珪，字子贡，为泰山郡丞，早卒。亮从其叔玄。玄与荆州刘景升有旧，因往依之，遂家于襄阳。后玄卒，亮与弟诸葛均躬耕于南阳尝好为梁父吟。所居之地，有一冈，名卧龙冈，因自号为卧龙先生。此人乃绝代奇才，使君急宜枉驾见之。若此人肯相辅佐，何愁天下不定乎？」玄德曰：「昔水镜先生曾为备言：『伏龙、凤雏，两人得一，可安天下。』今所云莫非即伏龙、凤雏乎？」庶曰：「凤雏乃襄阳庞统也。伏龙正是诸葛孔明。」玄德踊跃曰：「今日方知伏龙、凤雏之语。何期大贤只在目前。非先生言，备有眼如盲也！」后人有赞徐庶走马荐诸葛诗曰： || Chapter 47, P047-023: 庞统又谓操曰：「某观江左豪杰，多有怨周瑜者。某凭三寸舌，为丞相说之，使皆来降，周瑜孤立无援，必为丞相所擒。瑜既破，则刘备无所用矣。」操曰：「先生果能成大功，操请奏闻天子，封为三公之列。」统曰：「某非为富贵，但欲救万民耳。丞相渡江，慎勿杀害。」操曰：「吾替天行道，安忍杀戮人民？」统拜求榜文，以安宗族。操曰：「先生家属，现居何处？」统曰：「只在江边。若得此榜，可保全矣。」",same_body_paragraph
曹操,荀彧,34,21,10;11;14;16;18;19;20;21;22;23;24;25;26;30;31;37;40;60;61;66;68,"Chapter 10, P010-011: 操在兖州，招贤纳士。有叔姪二人来投曹操：乃颖川颖阴人：姓荀，名彧，字文若，荀昆之子也；旧事袁绍，今弃绍投操；操与语大悦，曰：「此吾之子房也！」遂以为行军司马。其姪荀攸，字公达，海内名士，曾拜黄门侍郎，后弃官归乡，今与其叔同投曹操，操以为行军教授。荀彧曰：「某闻兖州有一贤士，今此人知何在。」操问是谁，彧曰：「乃东郡东阿人：姓程，名昱，字仲德。」操曰：「吾亦闻名久矣。」遂遣人于乡中寻问。访得他在山中读书，操拜请之。程昱来见，曹操大喜。 || Chapter 10, P010-012: 昱谓荀彧曰：「某孤陋寡闻，不足当公之荐。公之乡人姓郭，名嘉，字奉孝，乃当今贤士，何不罗而致之？」彧猛省曰：「吾几忘却！」遂启操征聘郭嘉到兖州，共论天下之事。郭嘉荐光武嫡派子孙，淮南成德人：姓刘，名晔，字子阳。操即聘晔至。晔又荐二人：一个是山阳昌邑人：姓满，名宠，字伯宁；一个是武城人：姓吕，名虔，字子恪。曹操亦素知这两个名誉，就聘为军中从事。满宠、吕虔共荐一人：乃陈留平邱人：姓毛，名玠，字孝先。曹操亦聘为从事。又有一将引军数百人，来投曹操：乃泰山巨平人：姓于，名禁，字文则。操见其人弓马熟娴，武艺出众，命为典军司马。 || Chapter 10, P010-018: 当下应劭部下有逃命的军士，报与曹操。操闻之，哭倒于地。众人救起。操切齿曰：「陶谦纵兵杀吾父，此雠不共戴天！吾今悉起大军，洗荡徐州，方雪吾恨！」遂留荀彧、程昱领军三万守鄄城，范县，东阿三县，其余尽杀奔徐州来。夏侯惇，于禁，典韦为先锋。操令但得城池，将城中百姓，尽行屠戮，以雪父雠。当有九江太守边让，与陶谦交厚，闻知徐州有难，自引兵五千来救。操闻之大怒，使夏侯惇于路截杀之。",same_body_paragraph
曹真,诸葛亮,34,9,84;85;93;94;95;97;98;99;100,"Chapter 84, P084-031: 陆逊回寨叹曰：「孔明真『卧龙』也！吾不能及！」于是下令班师。左右曰：「刘备兵败势穷，困守一城，正好乘势击之；今见石阵而退，何也？」逊曰：「吾非惧石阵而退？吾料魏主曹丕，其奸诈与父无异，今知吾追赶蜀兵，必乘虚来袭。吾若深入西川，急难退矣。」遂令一将断后，逊率大军而回。退兵未及二日，三处人来飞报：「魏兵曹仁出濡须，曹休出洞口，曹真出南郡：三路兵马数十万，星夜至境，未知何意。」逊笑曰：「不出吾之所料。吾已令兵拒之矣。」正是：雄心方欲吞西蜀，胜算还须御北朝。未知如何退兵，且看下文分解。 || Chapter 85, P085-021: 丕问何五路？懿曰：「可修书一封，差使往辽东鲜卑国，王轲比能，赂以金帛，令起辽西羌兵十万，先从旱路取西平关：此一路也。再修书遣使赍官诰赏赐，直入南蛮见蛮王孟获，令起兵十万，攻打益州、永昌、牂牁、越隽四郡，以击西川之南：此二路也。再遣使入吴修好，许以割地，令孙权起兵十万，攻两川夹口，径取涪城：此三路也。又可遣使至降将孟达处，起上庸兵十万，西攻汉中：此四路也。然后命大将军曹真为大都督，提兵十万，由京兆径出阳平关取西川：此五路也。共大兵五十万，五路并进。诸葛亮便有吕望之才，安能当此乎？」 || Chapter 85, P085-022: 丕大喜，随即密遣能言官四员为使前去；又命曹真为大都督，领兵十万，迳取阳平关。此时张辽等一班旧将，皆封列侯，俱在冀、徐、青及合淝等处，据守关津隘口，故不复调用。却说蜀汉后主刘禅，自即位以来，旧臣多有病亡者，不能细说。凡一应朝廷、选法、钱粮、词讼等事，皆听诸葛丞相裁处。时后主未立皇后。孔明与群臣上言曰：「故车骑将军张飞之女甚贤，年十七岁，可纳为正宫皇后。」后主即纳之。",same_body_paragraph
关羽,孙乾,33,16,14;16;18;22;24;26;27;28;31;34;35;40;41;42;49;65,"Chapter 14, P014-029: 遂点军马，克日起程。孙干曰：「可先定守城之人。」玄德曰：「二弟之中，谁人可守？」关公曰：「弟愿守此城。」玄德曰：「吾早晚欲与尔议事，岂可相离？」张飞曰：「小弟愿守此城。」玄德曰：「你守不得此城。你一者酒后刚强，鞭打士卒；二者作事轻易，不从人谏。吾不于心。」 || Chapter 16, P016-025: 布听之，不从所请，攻城愈急。玄德与麋竺、孙干商议。孙干曰：「曹操所恨者，吕布也。不若弃城走许都，投奔曹操，借军破布，此为上策。」玄德曰：「谁可当先破围而出？」飞曰：「小弟情愿死战。」玄德令飞在前；云长在后；自居其中，保护老少。当夜三更，乘著月明出北门而走，正遇宋宪、魏续，被翼德一阵杀退，得出重围。后面张辽赶来，关公敌住。吕布见玄德去了，也不来赶，随即入城安民，令高顺守小沛，自己仍回徐州去了。 || Chapter 18, P018-019: 且说高顺等引兵出徐州，将至小沛，有人报知玄德。玄德急与众商议。孙干曰：「可速告急于曹操。」玄德曰：「谁可去许都告急？」阶下一人出曰：「某愿往。」视之，乃玄德同郡人，姓简，名雍，字宪和，现为玄德幕宾。玄德即修书付简雍，使星夜赴许都求援；一面整顿守城器具。玄德自守南门，孙干守北门，云长守西门，张飞守东门，令糜竺与其弟糜芳守护中军，原来糜竺有一妹，嫁与玄德为次妻。玄德与他兄弟有郎舅之亲，故令其守中军保护妻小。",same_body_paragraph
关羽,孙权,32,12,34;63;66;67;73;75;76;77;79;80;81;110,"Chapter 34, P034-004: 言未毕，赵云挺鎗出，径冲彼阵。张武纵马来迎，不三合，被赵云一鎗刺落马下，随手扯住辔头，牵马回阵。陈孙见了，随赶来夺。张飞大喝一声，挺矛直出，将陈孙刺死。众皆溃散。玄德招安余党，平复江夏诸县，班师而回。表出郭迎接入城，设宴庆功。酒至半酣，表曰：「吾弟如此雄才，荆州有倚赖也。但忧南越不时来寇；张鲁、孙权皆足为虑。」玄德曰：「弟有三将，足可委用：使张飞巡南越之境；云长拒固子城，以镇张鲁；赵云拒三江，以当孙权；何足虑哉？」 || Chapter 63, P063-012: 数日之后，孔明与云长等正坐间，人报关平到。众官皆惊。关平入，呈上玄德书信。孔明视之，内言：「本年七月初七日，庞军师被张任在落凤坡前，箭射身故。」孔明大哭，众官无不垂泪。孔明曰：「既主公在涪关，进退两难之际，亮不得不去。」云长曰：「军师去，谁人保守荆州？荆州乃重地，干系非轻。」孔明曰：「主公书中虽不明写其人，吾已知其意了。」乃将玄德书与众官看曰：「主公书中，把荆州托在吾身上，教我自量才委用。虽然如此，今教关平赍书前来，其意欲云长公当此重任。云长想桃园结义之情，可竭力保守此地。责任非轻，公宜勉之。」云长更不推辞，慨然领诺。孔明设宴，交割印绶。云长双手来接。孔明擎著印曰：「这干系都在将军身上。」云长曰：「大丈夫既领重任，除死方休。」孔明见云长说个「死」字，心中不悦；欲待不与，其言已出。孔明曰：「倘曹操引兵来到，当如之何？」云长曰：「以力拒之。」孔明又曰：「倘曹操，孙权，齐起兵来，如之奈何？」云长曰：「分兵拒之。」孔明曰：「若如此，荆州危矣。吾有八个字，将军牢记，可保守荆州。」云长问那八个字。孔明曰：「北拒曹操，东和孙权。」云长曰：「军师之言，当铭肺腑。」 || Chapter 66, P066-008: 瑾满面羞惭，急辞下船，再往西州见孔明，孔明已自出巡去了。瑾只再见玄德，哭告云长欲杀之事。玄德曰：「吾弟性急，极难与言。子谕可暂回，容吾取了东川，汉中诸郡，调云长往守之，那时方得交付荆州。」瑾不得已，只得回东吴见孙权，具言前事。孙权大怒曰：「子瑜此去，反复奔走，莫非皆是诸葛亮之计？」瑾曰：「非也；吾弟亦哭告玄德，方许将三郡先还，又无奈云长恃顽不肯。」孙权曰；「既刘备有先还三郡之言，便可差官前去长沙，零陵，桂杨三郡赴任，且看如何。」瑾曰：「主公所言极是。」",same_body_paragraph
孙权,张昭,32,18,29;38;39;43;44;53;55;58;61;65;66;68;73;75;77;82;86;98,"Chapter 29, P029-021: 言未己，忽见于吉立于镜中。策拍镜大叫一声，金疮迸裂，昏绝于地。夫人令扶入卧内。须臾苏醒，自叹曰：「吾不能复生矣！」随召张昭等诸人，及弟孙权，至卧榻前，嘱付曰：「天下方乱，以吴越之众，三江之固，大可有为。子布等幸善相吾弟。」乃取印绶与孙权曰：「若举江东之众，决机于两阵之间，与天下争衡，卿不如我；举贤任能，使各尽力以保江东，我不如卿。卿宜念父兄创业之艰难，善自图之！」 || Chapter 29, P029-024: 孙策既死，孙权哭倒于床前。张昭曰：「此非将军哭时也，宜一面治丧事，一面理军国大事。」权乃收泪。张昭令孙静理会丧事，请孙权出堂，受众文武谒贺。孙权生得方颐大口，碧眼紫髯。昔汉使刘琬入吴，见孙家诸昆仲，因语人曰：「吾遍观孙氏兄弟，虽各才气秀达，然皆禄祚不终。惟仲谋形貌奇伟，骨格非常，乃大贵之表，又享高寿，众皆不及也。」 || Chapter 29, P029-031: 却说曹操闻孙策已死，欲起兵下江南。侍御史张纮谏曰：「乘人之丧而伐之，既非义举；若其不克，弃好成仇；不如因而善遇之。」操然其说，乃即奏封孙权为将军，兼领会稽太守；既令张纮为会稽都尉，赍印往江东。孙权大喜，又得张纮回吴，即命与张昭同理政事。张纮又荐一人于孙权。此人姓顾，名雍，子元叹，乃中郎蔡邕之徒；其为人少言语，不饮酒，严厉正大。权以为丞，行太守事。自是孙权威震江东，深得民心。",same_body_paragraph
孙权,鲁肃,32,15,29;42;43;44;45;49;53;54;56;57;58;66;75;77;82,"Chapter 29, P029-030: 权闻言大喜，披衣起谢；次日厚赠鲁肃，并将衣服帏帐等物，赐肃之母。肃又荐一人见孙权，此人博学多才，事母至孝。覆姓诸葛，名瑾，字子瑜，瑯琊南阳人也。权拜之为上宾。瑾劝权勿通袁绍，且顺曹操，然后乘便图之。权依言，乃遗陈震回，以书绝袁绍。 || Chapter 42, P042-022: 话分两头。却说江东孙权，屯兵柴桑郡，闻曹操大军至襄阳，刘琮已降，今又星夜兼道取江陵，乃集众谋士商议御守之策。鲁肃曰：「荆州与国邻接，江山险固，士民殷富。吾若据而有之，此帝王之资也。今刘表新亡，刘备新败，肃请奉命往江夏吊丧，因说刘备使抚刘表，众将同心一意，共破曹操；备若喜而从命，则大事可成矣。」权喜从其言，即遣鲁肃赍礼往江夏吊丧。 || Chapter 42, P042-024: 正说间，人报江东孙权差鲁肃来吊丧，船已傍岸。孔明笑曰：「大事济矣！」遂问刘琦曰：「往日孙策亡时，襄阳曾遣人去吊丧否？」琦曰：「江东与我家有杀父之雠，安得通庆吊之礼？」孔明曰：「然则鲁肃之来，非为吊丧，乃来探听军情也。」遂谓玄德曰：「鲁肃至，若问曹操动静，主公只推不知。再三问时，主公只说可问诸葛亮。」",same_body_paragraph
刘禅,姜维,31,13,104;105;107;108;110;112;113;114;115;116;117;118;119,"Chapter 104, P104-005: 岱领计而出。少顷,杨仪入。孔明唤至榻前,授与一锦囊,密嘱曰：「我死,魏延必反;待其反时,汝与临阵,方开此囊。那时自有斩魏延之人也。」孔明一一调度已毕,便昏然而倒,至晚方苏,便连夜表奏后主。后主闻奏大惊,急命尚书李福,星夜至军中问安,兼询后事。李福领命,趱程赴五丈原,入见孔明传后主之命。问安毕,孔明流涕曰：「吾不幸中道丧亡,虚废国家大事,得罪于天下。我死后,公等宜竭忠辅国。国家旧制,不可更易。吾所用之人,亦不可轻废。吾兵法皆授与姜维,他自能继吾之志,为国家出力。吾今命已在旦夕,当即有遗表上奏天子也。」 || Chapter 104, P104-006: 李福领了言语,匆匆辞去。孔明强支病体,令左右扶上小车,出寨遍观各营,自觉秋风吹面,彻骨生寒：乃长叹曰：「再不能临阵讨贼矣！悠悠苍天,曷此其极！」叹息良久。回到帐中,病转沉重,乃唤杨仪吩咐曰：「马岱、王平、廖化、张翼、张嶷等,皆忠谅死节之士,久经战阵,多负勤劳,堪可委用。我死之后,凡事俱依旧章而行。缓缓退兵,不可急骤。汝深通谋略,不必多嘱。姜伯约智勇足备,可以断后。杨仪泣拜受命。孔明令取文房四宝,于卧榻上手书遗表,以达后主。表略曰： || Chapter 105, P105-013: 却说董允未及到南郑，马岱已杀了魏延，与姜维合兵一处。杨仪具表星夜奏闻后主。后主降旨曰：「既已明正其罪，仍念前功，赐棺椁葬之。」杨仪等扶孔明灵柩到成都，后主引文武官僚，尽皆挂孝，出城二十里迎接。后主放声大哭。上至公卿大夫，下及山林百姓，男女老幼，无不痛哭，哀声震地。后主命扶柩入城，停于丞相府中。其子诸葛瞻守孝居丧。",same_body_paragraph
吕布,陈宫,31,8,11;12;13;14;16;17;18;19,"Chapter 11, P011-019: 正商议间，忽流星马飞报「祸事！」。操问其故，报说吕布已袭破兖州，进据濮阳。原来吕布自遭李、郭之乱，逃出武关，去投袁术；术怪吕布反复不定，拒而不纳。投袁绍，绍纳之，与布共破张燕于常山；布自以为得志，傲慢袁绍手下将士。绍欲杀之，布乃去投张扬，扬纳之。时庞舒在长安城中，私藏吕布妻小，送还吕布。李傕、郭汜知之，遂斩庞舒，写书与张扬，教杀吕布；布因弃张扬去投张邈。恰好张邈弟张超引陈宫来见张邈。宫说邈曰：「今天下分崩，英雄并起，君以千里之众，而反受制于人，不亦鄙乎！今曹操征东，兖州空虚，而吕布乃当世勇士，若与之共取兖州，伯业可图也。」张邈大喜，便令吕布袭破兖州，随据濮阳。止有鄄城，东阿，范县三处，被荀彧、程昱设计死守得全，其余俱破。曹仁屡战，皆不能胜，特此告急。 || Chapter 11, P011-023: 却说曹操回军，曹仁接著，言吕布势大，更有陈宫为辅，兖州、濮阳已失，其鄄城，东阿，范县三处，赖荀彧、程昱二人设计相连，死守城郭。操曰：「吾料吕布有勇无谋，不足虑也。」教且安营下寨，再作商议。吕布知曹操回兵，已过滕县，召副将薛兰、李封曰：「吾欲用汝二人久矣。汝可引军一万，坚守兖州。吾亲自率兵，前去破曹。」 || Chapter 11, P011-030: 却说吕布于寨中劳军。陈宫曰：「西寨是个要紧去处，倘或曹操袭之，奈何？」布曰：「他今日输了一阵，如何敢来？」宫曰：「曹操是极能用兵之人，须防他攻我不备。」布乃拨高顺并魏续、侯成引兵往守西寨。却说曹操于黄昏时分，引军至西寨，四面突入。寨兵不能抵挡，四散奔走，曹操夺了寨。将及四更，高顺方引军到，杀将入来。曹操自引军马来迎，正逢高顺，三军混战。将及天明，正西鼓声大震，人报吕布自引军来了。操弃寨而走。背后高顺，魏续，侯成赶来，当头吕布亲自引军来到。于禁，乐进，双战吕布不住，操望北而行。山后一彪军出：左有张辽，右有臧霸。操使吕虔、曹洪战之，不利，操望西而走。忽又喊声大震，一彪军至：郝萌，曹性，成廉，宋宪四将拦住去路。众将死战，操当先冲阵。梆子响处，箭如骤雨射将来。操不能前进，无计可脱，大叫：「谁人救我！」",same_body_paragraph
吕蒙,孙权,31,11,38;61;66;67;68;75;76;77;82;83;110,"Chapter 38, P038-017: 却说孙权自孙策死后，据住江东，承父兄基业，广纳贤士，开宾馆于吴会，命顾雍、张纮延接四方宾客。连年以来，你我相荐。时有会稽阚泽，字德润；彭城严畯，字曼才；沛县薛综，字敬文；汝南程秉，字德枢；吴郡朱桓，字休穆；陆绩，字公纪；吴人张温，字惠恕；会稽凌统，字公续；乌程吴粲，字孔休：此数人皆至江东。孙权敬礼甚厚。又得良将数人，乃汝阳吕蒙，字子明，吴郡陆逊，字伯言，瑯琊徐盛，字文向，东郡潘璋，字文珪，庐江丁奉，字承渊。文武诸人，共相辅佐。由此江东称得人之盛。 || Chapter 38, P038-027: 言讫遂终。孙权哀哭，具丧葬之礼，自不必说。至来年春，孙权商议欲伐黄祖。张昭曰：「居丧未及期年，不可动兵．」周瑜曰：「报仇雪恨，何待期年？」权犹豫未决。适北平都尉吕蒙入见，告权曰：「某把龙湫水口，忽有黄祖部将甘宁来降。某细询之。宁字兴霸，巴郡临江人也；颇通书史，有气力，好游侠；尝招合亡命，纵横于江湖之中；腰悬铜铃，人听铃声，尽皆避之。又尝以西川锦作帆幔，时人皆称为『锦帆贼』。后悔前非，改行从善，引众投刘表。见表不能成事，即欲来投东吴，却被黄祖留住在夏口。 || Chapter 38, P038-029: 孙权大喜曰：「吾得兴霸，破黄祖必矣。」遂命吕蒙引甘宁入见。参拜已毕，权曰：「兴霸来此，大获我心，岂有记恨之理？请无怀疑。愿教我以破黄祖之策。」宁曰：「今汉祚日危，曹操终必纂窃。荆南之地，操所必争也。刘表无远虑，其子又愚劣，不能承业传基。明公宜早图之。若迟，则操先图之矣。今宜先取黄祖。祖今年老昏迈，务于货利；侵刻吏民，人心皆怨；战具不修，军无法律。明公若往攻之，其势必破。既破祖军，鼓行而西，据楚关而图巴蜀，霸业可定也。」",same_body_paragraph
周瑜,孙权,31,14,29;38;39;44;45;49;52;53;54;55;56;57;75;77,"Chapter 29, P029-025: 且说当时孙权承孙策遗命，掌江东之事。经理未定，人报周瑜自巴丘提兵回吴。权曰：「公瑾已回，吾无忧矣。」原来周瑜守御巴丘，闻知孙策中箭被伤，因此回来问候；将至吴郡，闻策已亡，故星夜来奔丧。当下周瑜哭拜于孙策灵柩之前。吴太夫人出，以遗嘱之语告瑜。瑜拜伏于地曰：「敢不效犬马之力，继之以死！」 || Chapter 29, P029-026: 少顷，孙权入。周瑜拜见毕，权曰：「愿公无忘先兄遗命。」瑜顿首曰：「愿以肝脑涂地，报知己之恩。」权曰：「今承父兄之业，将何策以守之？」瑜曰：「自古『得人者昌，失人者亡』。为今之计，须求高明远见之人为辅，然后江东可定也。」权曰：「先兄遗言，内事托子布，外事全赖公瑾。」瑜曰：「子布贤达之士，足当大任。瑜不才，恐负倚托之重，愿荐一人以辅将军。」 || Chapter 29, P029-028: 权大喜，即命周瑜往聘。瑜奉命亲往，见肃叙礼毕，具道孙权相慕之意。肃曰：「近刘子扬约某往巢湖，某将就之。」瑜曰：『昔马援对光武云：「当今之世，非但君择臣，臣亦择君。」今吾孙将军亲贤礼士，纳奇录异，世所罕有。足下不须他计，只同我往投东吴为是。』肃从其言，遂同周瑜来见孙权。权甚敬之，与之谈论，终日不倦。",same_body_paragraph
姜维,魏延,31,9,93;94;95;98;101;102;103;104;105,"Chapter 93, P093-004: 却说孔明因虑姜维，自为前部，望天水郡进发。将到城边，孔明传令曰：「凡攻城池：以初到之日，激励三军，鼓噪直上。若迟延日久，锐气尽隳，急难破矣。」于是大军迳到城下。因见城上旗帜整齐，未敢轻攻。候至半夜，忽然四下火光冲天，喊声震地，正不知何处兵到。只见城上亦鼓噪呐喊相应，蜀兵乱窜。孔明急上马，有关兴，张苞二将保护，杀出重，围回头视之，正东上军马，一带火光，势若长蛇。孔明令关兴探视，回报曰：「此姜维兵也。」孔明叹曰：「兵不在多，在人之调遣耳，此人真将才也！」收兵归寨，思之良久，乃唤安定人问曰：「姜维之母，现在何处？」答曰：「维母今居冀县。」孔明唤魏延分付曰：「汝可引一军，虚张声势，诈取冀县。若姜维到，可放入城。」又问：「此地何处紧要？」安定人曰：「天水钱粮，皆在上邽；若打破上邽；则粮道自绝矣。」孔明大喜，教赵云引一军去攻上邽。孔明离城三十里下寨。早有人报入天水郡，说蜀兵分为三路：一军守此郡，一军取上邽，一军取冀城。姜维闻之，哀告马遵曰：「维母现在冀城，恐母有失。维乞一军往救此城，兼保老母。」马遵从之，遂令姜维引三千军去保冀城；梁虔引三千军去保上邽。 || Chapter 93, P093-005: 却说姜维引兵至冀城，前面一彪军摆开，为首蜀将，乃是魏延。二将交锋数合，延诈败奔走。维入城闭门，率兵守护，拜见老母，并不出战。赵云亦放过梁虔入上邽城去了。孔明乃令人去南安郡，取夏侯楙至帐下。孔明曰：「汝惧死乎？」楙慌拜伏乞命。孔明曰：「目今姜维现守冀州，使人持书来说：『但得驸马在，我愿来降。』吾今饶汝性命，汝肯招安姜维否？」楙曰：「情愿招安。」孔明乃与衣服鞍马，不令人跟随，放之自去。楙得脱出寨，欲寻路而走，奈不知路径。正行之间，逢数人奔走。楙问之，答曰：「我等是冀县百姓；今被姜维献了城池，归降诸葛亮，蜀将魏延纵火劫财，我等因此弃家而走，投上邽去也。」楙又问曰：「今守天水城是谁？」土人曰：「天水城中乃马太守也。」楙闻之，纵马望天水而行。又见百姓携男抱女而来，所说皆同。楙至天水城下叫门，城上人认得是夏侯楙，慌忙开门迎接。马遵惊拜问之。楙细言姜维之事；又将百姓所言说了。遵叹曰：「不想姜维反投蜀矣！」梁绪曰：「彼意欲救都督，故以此言虚降。」楙曰：「今维已降，何为虚也？」正踌躇间，时已初更，蜀兵又来攻城。火光中见姜维在城下挺鎗勒马，大叫曰：「请夏侯都督答话！」夏侯楙与马遵等皆到城上；见姜维耀武扬威，大叫曰：「我为都督而降，都督何背前言？」楙曰：「汝受魏恩，何故降蜀？有何前言耶？」维应曰：「汝写书教我降蜀，何出此言？汝欲脱身，却将我陷了！我今降蜀，加为上将，安有还魏之理？」言讫，驱兵打城，至晓方退，原来夜间假妆姜维者，乃孔明之计，令部卒形貌相似者，假扮姜维攻城，因火光之中，不辨真伪。 || Chapter 93, P093-006: 孔明却引兵来攻冀城。城中粮少，军食不敷。姜维在城上，见蜀军大车小辆，搬运粮草，入魏延寨中去了，姜维引三千兵出城，迳来劫粮。蜀兵尽弃了粮车，寻路而走。姜维夺得粮草，欲要入城，忽然一彪军拦住，为首蜀将张翼也。二将交锋，战不数合，王平引一军又到，两下夹攻。维力穷抵敌不住，夺路归城；城上早插蜀兵旗号：原来已被魏延袭了。维杀条奔天水城，手下尚有十余骑；又遇张苞杀了一阵，维止剩得匹马单鎗，来到天水城下叫门。城上军见是姜维，慌报马遵。遵曰：「此是姜维来赚我城门也。」令城上乱箭射下。姜维回顾蜀兵至近，遂飞奔上邽城来。城上梁虔见了姜维，大骂曰：「反国之贼，安敢来赚我城池！吾已知汝降蜀矣！」遂乱箭射下。姜维不能分说，仰天长叹，两眼泪流，拨马望长安而走。行不数里，前至一派大树茂林之处，一声喊起，数千兵拥出；为首蜀将关兴，截住去路。维人困马乏，不能抵当，勒回马便走。忽然一辆小车从山坡中转出。其人头戴纶巾，身披鹤氅，手摇羽扇乃孔明也。孔明唤姜维曰：「伯约此时何尚不降？」维寻思良久，前有孔明，后有关兴，又无去路，只得下马投降。孔明慌忙下车而迎，执维手曰：「吾自出茅庐以来，遍求贤者，欲抟授平生之学，恨未得其人。今遇伯约，吾愿足矣。」维大喜拜谢。",same_body_paragraph
关兴,诸葛亮,30,14,78;87;91;92;93;94;95;96;97;98;99;100;101;102,"Chapter 78, P078-002: 言未毕，只见关兴号恸而来。玄德见了，大叫一声，又哭绝于地。众官救醒。一日哭绝三五次，三日水浆不进，只是痛哭；泪湿衣襟，斑斑成血。孔明与众官再三劝解。玄德曰：「孤与东吴，誓不同日月也！」孔明曰：「闻东吴将关公首级献与曹操，操以王侯礼祭葬之。」玄德曰：「此何意也？」孔明曰：「此是东吴欲移祸于曹操，操知其谋，故以厚礼葬关公，令主上归怨于吴也。」玄德曰：「吾今即提兵问罪于吴，以雪吾恨！」孔明谏曰：「不可。吴欲令我伐魏，魏亦欲令我伐吴；各怀谲计，伺隙而乘。主上只宜按兵不动，且与关公发丧。待吴、魏不和，乘时而伐之，可也。」 || Chapter 87, P087-002: 建兴三年，益州飞报：「蛮王孟获，大起蛮兵十万，犯境侵掠。建宁太守雍闿，乃汉朝什邡侯雍齿之后，今结连孟获造反。牂牁郡太守朱褒、越隽郡太守高定，二人献了城。止有永昌郡太守王伉不肯反。现今雍闿、朱褒、高定三人部下人马，皆与孟获为乡导官，攻打永昌郡。赖王伉与功曹吕凯，会集百姓，死守此城，其势甚急。」孔明乃入朝奏后主曰：「臣观南蛮不服，实国家之大患也。臣当自领大军，前去征讨。」后主曰：「东有孙权，北有曹丕；今相父弃朕而去，倘吴、魏来攻，如之奈何？」孔明日：「东吴方与我国讲和，料无异心；若有异心，李严在白帝城，此人可当陆逊也。曹丕新败，锐气已丧，未能远图；且有马超守把汉中诸处关口，不必忧也。臣又留关兴、张苞等分两军为救应，保陛下万无一失。今臣先去扫荡蛮方，然后北伐，以图中原，报先帝三顾之恩，托孤之重。」后主曰：「朕年幼无知，惟相父斟酌行之。」言未毕，班部内一人出曰：「不可！不可！」众视之，乃南阳人也：姓王，名连，字文仪；见为谏议大夫。连谏曰：「南方不毛之地，瘴疫之乡；丞相秉钧衡之重任，而自远征，非所宜也。且雍闿等乃疥癣之疾，丞相只须遣一大将讨之，必然成功。」孔明曰：「南蛮之地，离国甚远，人多不习王化，收伏甚难，吾当亲往征之。可刚可柔，别有斟酌，非可容易托人。」 || Chapter 91, P091-023: 孔明受诏归府，唤诸将听令。前督部镇北将军领丞相司马、凉州刺史、都亭侯魏延，前军都督领伏风太守张翼，牙门将裨将军王平﹔后军领兵使安汉将军领建宁太守李恢，副将定远将军领汉中太守吕义，兼管运粮左军领兵使平北将军陈仓侯马岱，副将飞卫将军廖化，右军领兵使奋威将军博阳亭侯马忠，镇抚将军关内侯张嶷，行中军师车骑大将军都乡侯刘琰，中监军扬武将军邓芝，中参军安远将军马谡，前将军都亭侯袁琳，左将军高阳侯吴懿，右将军玄都侯高翔，后将军安乐侯吴班，领长史绥军将军杨仪，前将军征南将军刘巴，前护军偏将军、汉成亭侯许允，左护军笃信中郎将丁咸，右护军偏将军刘敏，后护军典军中郎将宫雝，行参军昭武中郎将胡济，行参军谏议将军阎晏，行参军偏将军爨习，行参军稗将军杜义，武略中郎将杜祺，绥军都尉盛敦，从事武略中郎将樊岐，典军书记樊建，丞相令史董厥，帐前左护卫使龙骧将军关兴，右护卫使虎翼将军张苞。──以上一应官员，都随著平北大都督丞相武乡侯领益州牧知内外事诸葛亮。",same_body_paragraph
张郃,诸葛亮,30,9,40;42;70;71;94;95;98;99;101,"Chapter 40, P040-002: 却说夏侯惇败回许昌，自缚见曹操，伏地请死。操释之。惇曰：「惇遭诸葛亮诡计，用火攻破我军。」操曰：「汝自幼用兵，岂不知狭处须防火攻？」惇曰：「李典、于禁曾言及此，悔之不及！」操乃赏二人。惇曰：「刘备如此猖獗，真腹心之患也，不可不急除。」操曰：「吾所虑者，刘备、孙权耳。余皆不足介意。今当乘此时扫平江南。」便传令起大兵五十万，令曹仁、曹洪，为第一队；张辽、张郃，为第二队；夏侯渊、夏侯惇，为第三队；于禁、李典，为第四队；操自领诸将为第五队。每队各引兵十万。又令许褚为折冲将军，引兵三千为先锋。选定建安十三年秋七月丙午日出师。 || Chapter 42, P042-005: 俄而曹仁、李典、夏侯惇、夏侯渊、乐进、张辽、张郃、许褚等都至。见飞怒目横矛，立马于桥上，又恐是诸葛孔明之计，都不敢近前，扎住阵脚，一字儿摆在桥西，使人飞报曹操。操闻知，急上马，从阵后来。张飞圆睁环眼，隐隐见后军青罗伞盖、旄钺旌旗来到，料得是曹操心疑，亲自来看。飞乃厉声大喝曰：「我乃燕人张翼德也！谁敢与我决一死战？」声如巨雷。曹军闻之，尽皆股栗。曹操急令去其伞盖，回顾左右曰：「我向曾闻云长言，翼德于百万军中，取上将之首，如探囊取物。今日相逢，不可轻敌。」 || Chapter 70, P070-004: 玄德差人犒军，见张飞终日饮酒，使者回报玄德。玄德大惊，忙来问孔明。孔明笑曰：「原来如此。军前恐无好酒；成都佳酿极多，可将五十饔作三车装，送到军前与张将军饮。」玄德曰；「吾弟自来饮酒失事，军师何故反送酒与他﹖」孔明笑曰：「主公与翼德做了许多年兄弟，还不知其为人耶﹖翼德自来刚强，然前于收川之时，义释严颜，此非勇夫所为也。今与张郃相拒五十余日，酒醉之后，便坐山前辱骂，傍若无人；此非贪杯，乃败张郃之计耳。」玄德曰：「虽然如此，未可托大。可使魏延助之。」孔明今魏延解酒赴军前，车上各插黄旗，大书「军前公用美酒」。",same_body_paragraph
赵云,黄忠,30,10,53;56;60;64;65;70;71;72;73;81,"Chapter 53, P053-005: 玄德大喜，遂令张飞星夜去替云长守荆州，令云长来取长沙。云长既至，入见玄德、孔明。孔明曰：「子龙取桂阳，翼德取武陵，都是三千军去。今长沙太守韩玄，固不足道，只是他有一员大将，乃南阳人，姓黄，名忠，字汉升；是刘表帐下中郎将，与刘表之姪刘磐共守长沙，后事韩玄；虽今年近六旬，却有万夫不当之勇，不可轻敌。云长去，必须多带军马。」 || Chapter 56, P056-017: 却说鲁肃回见周瑜，说玄德，孔明欢喜不疑，准备出城劳军。周瑜大笑曰：「原来今番也中了吾计！」便教鲁肃禀报吴侯，并遣程普引兵接应。周瑜此时箭疮已渐平愈，身躯无事，使甘宁为先锋，自与徐盛，丁奉为第二；凌统，吕蒙为后队。水陆大兵五百万，望荆州而来。周瑜在船中，时复欢笑，以为孔明中计。前军至夏口，周瑜问：「荆州有人在前面接否？」人报：「刘皇叔使糜竺来见都督。」瑜唤至，问劳军如何。糜竺曰：「主公皆准备安排下了。」瑜曰：「皇叔何在？」竺曰：「在荆州城门相等，与都督把盏。」瑜曰：「今为汝家之事，出兵远征；劳军之礼，休得轻易。」糜竺领了言语先回。战船密密排在江上，依次而进。看看至公安，并无一双军船，又无一人远接。周瑜催船速行。离荆州十余里，只见江面上静荡荡的。哨探的回报：「荆州城上，插两面白旗，并不见一人之影。」瑜心疑，教把船傍岸，亲自上岸，乘马带了甘宁，徐盛，丁奉一班军官，引亲随精军三千人，迳望荆州来。既至城下，并不见动静。瑜勒住马，令军士叫门。城上问是谁人。吴军答曰：「是东吴周都督亲自此。」言未毕，忽一声梆子响，城上一齐都竖起鎗刀。敌楼上赵云出曰：「都督此行，端的为何？」瑜曰：「吾替汝主取西川，汝岂犹未知耶？」云曰：「孔明军师已知都督『假途灭虢』之计，故留赵云在此。吾主公有言：『孤与刘璋，皆汉室宗亲，安忍背义而取西川？若汝东吴端的取蜀，吾当披发入山，不失信于天下也。』」周瑜闻之，勒马便回。只见一人打著令字旗，于马前报说：「探得四路军马，一齐杀到：关某从江陵杀来，张飞从秭归杀来，黄忠从公安杀来，魏延从彝陵小路杀来：四路正不知多少军马。喊声远近震动百余里，皆言要捉周瑜。」瑜马上大叫一声，箭鎗复裂，墬于马下。正是：一著掑高难对敌，几番算定总成空。不知周瑜性命如何，且看下文解。 || Chapter 60, P060-023: 正商议间，一人自外突入，汗流满面，大叫曰：「主公若听张松之言，则四十一州郡，已属他人矣！」松大惊；视其人，乃西阆中巴人，姓黄，名权，字公衡，现为刘璋府下主簿。璋问曰：「玄德与我同宗，吾故结之为援；汝何出此言？」权曰：「某素知刘备宽以待人，柔能克刚，英雄莫敌。远得人心，近得民望。兼有诸葛亮，庞统之智谋，关，张，赵云，黄忠，魏延为羽翼。若召到蜀中，以部曲待之，刘备岂肯伏低做小？若以客礼待之，又一国不容二主。今听臣言，则西蜀有泰山之安；不听臣言，则主公有累卵之危矣。张松昨从荆州过，必与刘备同谋。可先斩张松，后绝刘备，则西川万幸也。」璋曰：「曹操，张鲁到来，何以拒之？」权曰：「不如闭境绝塞，棎沟高垒，以待时清。」璋曰：「贼兵犯界，有燃眉之急；若待时清，则是慢计也。」遂不从其言，遣法正行。又一人阻曰：「不可！不可！」",same_body_paragraph
刘表,曹操,29,15,18;23;28;29;31;32;33;34;38;39;40;42;43;56;120,"Chapter 18, P018-003: 却说贾诩见操败走，急劝张绣遗书刘表，使起兵截其后路。表得书，即欲起兵，忽探马报孙策屯兵湖口。蒯良曰：「策屯兵湖口，乃曹操之计也。今操新败，若不乘势击之，后必有患。」表乃令黄祖坚守隘口，自己统兵至安众县截操后路；一面约会张绣。绣知表兵已起，即同贾诩引兵袭操。 || Chapter 18, P018-006: 及天色微明，刘表、张绣军会合，见操兵少，疑操遁去，俱引兵入险击之。操纵奇兵出，大破两家之兵。曹兵出了安众界口，于隘外下寨。刘表、张绣各整败兵相见。表曰：「何期反中曹操奸计！」绣曰：「容再图之！」于是两军集于安众。 || Chapter 18, P018-007: 且说荀彧探知袁绍欲兴兵犯许都，星夜驰书报曹操。操得书心慌，即日回兵。细作报知张绣，绣欲追之。贾诩曰：「不可追也，追之必败。」刘表曰：「今日不追，坐失机会矣。」力劝绣引军万余同往追之。约行十余里，赶上曹军后队。曹军奋力接战，绣、表两军大败而还。绣谓诩曰：「不用公言，果有此败。」诩曰：「今可整兵再往追之。」绣与表俱曰：「今已败，奈何复追？」诩曰：「今番追去，必获大胜，如其不然，请斩吾首。」绣信之。刘表疑虑，不肯同往。绣乃自引一军往追，操兵果然大败，军马辎重，连路散弃而走。",same_body_paragraph
诸葛亮,黄忠,29,11,53;56;60;63;64;65;70;71;72;73;81,"Chapter 53, P053-005: 玄德大喜，遂令张飞星夜去替云长守荆州，令云长来取长沙。云长既至，入见玄德、孔明。孔明曰：「子龙取桂阳，翼德取武陵，都是三千军去。今长沙太守韩玄，固不足道，只是他有一员大将，乃南阳人，姓黄，名忠，字汉升；是刘表帐下中郎将，与刘表之姪刘磐共守长沙，后事韩玄；虽今年近六旬，却有万夫不当之勇，不可轻敌。云长去，必须多带军马。」 || Chapter 53, P053-006: 云长曰：「军师何故长别人锐气，灭自己威风？量一老卒，何足道哉！关某不须用三千军，只消本部下五百名校刀手，决定斩黄忠、韩玄之首，来献麾下。」玄德苦挡。云长不依，只领五百校刀手而去。孔明谓玄德曰：「云长轻敌黄忠，只恐有失，主公当往接应。」玄德从之，随后引兵望长沙进发。 || Chapter 53, P053-014: 众视其人，面如重枣，目若朗星，乃义阳人魏延也；自襄阳赶刘玄德不著，来投韩玄；玄怪其傲慢少礼，不肯重用，故屈沈于此。当日救了黄忠，教百姓同杀韩玄，袒臂一呼，相从者数百余人。黄忠拦当不住。魏延直杀上城头，一刀砍韩玄为两段，提头上马，引百姓出城，投拜云长。云长大喜，遂入城安抚已毕，请黄忠相见。忠托病不出。云长即使人去请玄德、孔明。",same_body_paragraph
关羽,吕蒙,28,8,66;73;75;76;77;82;83;110,"Chapter 66, P066-010: 权问何计，肃曰：「今屯兵于陆口，使人请关云长赴会。若云长肯来，以善言说之，如其不从，伏下刀斧手杀之。如彼不肯来，随即进兵，与决胜负，夺取荆州便了。」孙权曰：「正合吾意，可即行之。」阚泽进曰：「不可。关云长乃世之虎将，非等闲可及。恐事不谐，反遭其害。」孙权怒曰：「若如此，荆州何日可得！」便命鲁肃速行此计。肃乃辞孙权，至陆口，召吕蒙，甘宁商议；设宴于陆口寨外临江亭上，修下请书，选帐下能言快语一人为使，登舟渡江。江口关平问了，遂引使入荆州，叩见云长，具道鲁肃相邀赴会之意，呈上请书。云长看毕，谓来人曰：「既子敬相请，我明日便来赴宴。汝可先回。」 || Chapter 66, P066-012: 却说使者回报鲁肃，说云长慨然应允，来日准到。肃与吕蒙商议：「此来若何？」蒙曰：「彼带军马来，某与甘宁各人领一军伏于岸侧，放砲为号，准备厮杀；如无军来，只于庭后伏刀斧手五十人，就筵间杀之。」 || Chapter 66, P066-017: 鲁肃魂不附体，被云长扯至江边。吕蒙，甘宁，各引本部军欲出；见云长手提大刀，亲握鲁肃，恐肃被伤，遂不敢动。云长到船边，却才放手，早立于船首，与鲁肃作别。肃如痴似呆，看关公船已乘风而去。后人有诗赞关公曰：藐视吴臣若小儿，单刀赴会敢平欺？当年一段英雄气，尤胜相如在渑池。」",same_body_paragraph
吕布,董卓,28,10,3;4;5;6;8;9;13;19;56;93,"Chapter 3, P003-019: 董卓未及回言，吕布飞马直杀过来。董卓慌走，建阳率军掩杀。卓兵大败，退三十余里下寨，聚众商议。卓曰：「吾观吕布非常人也。吾若得此人，何虑天下哉？」帐前一人出曰：「主公勿忧：某与吕布同乡，知其勇而无谋，见利忘义。某凭三寸不烂之舌，说吕布拱手来降，可乎？」 || Chapter 4, P004-017: 次日，曹操佩著宝刀，来至相府，问丞相何在。从人云：「在小阁中。」操竟入。见董卓坐于床上，吕布侍立于侧。卓曰：「孟德来何迟？」操曰：「马赢行迟耳。」卓顾谓布曰：「吾有西凉进来好马，奉先可亲去拣一骑赐与孟德。」布领令而去。操暗忖曰：「此贼合死！」即欲拔刀刺之。惧卓力大，未敢轻动。卓胖大不耐久坐，遂倒身而卧，转面向内。操又思曰：「此贼当休矣！」急掣宝刀在手。恰待要刺，不想董卓仰面看衣镜中，照见曹操在背后拔刀，急回身问曰：「孟德何为？」 || Chapter 5, P005-011: 读毕，歃血。众因其辞气慷慨，皆涕泗横流。歃血已罢，下坛。众扶绍升帐而坐，两行依爵位年齿分列坐定。操行酒数巡，言曰：「今日既立盟主，各听调遣，同扶国家，勿以强弱计较。」袁绍曰：「绍虽不才，既承公等推为盟主，有功必赏，有罪必罚。国有常刑，军有纪律；各宜遵守，勿得违犯。」众皆曰：「惟命是听。」绍曰：「吾弟袁术总督粮草，应付诸营，无使有缺。更须一人为先锋，直抵汜水关挑战。余各据险要，以为接应。」长沙太守孙坚出曰：「坚愿为前部。」绍曰：「文台勇烈，可当此任。」坚遂引本部人马杀奔汜水关来。守关将士，差流星马往洛阳丞相府告急。董卓自专大权之后，每日饮宴。李儒接得告急文书，迳来禀卓。卓大惊，急聚众将商议。温侯吕布挺身出曰：「父亲勿虑：关外诸侯，布视之如草芥。愿提虎狼之师，尽斩其首，悬于都门。」卓大喜曰：「吾有奉先，高枕无忧矣！」言未绝，吕布背后一人高声出曰：「『割鸡焉用牛刀？』不劳温侯亲往。吾斩众诸侯首级，如探囊取物耳。」卓视之，其人身长九尺，虎体狼腰，豹头猿臂：关西人也；姓华，名雄。卓闻言大喜，加为骁骑校尉，拨马步军五万，同李肃，胡轸，赵岑星夜赴关迎敌。众诸侯内有济北相鲍信，寻思孙坚既为前部，怕他夺了头功，暗拨其弟鲍忠，先将马步军三千，迳抄小路，直到关下搦战。华雄引铁骑五百，飞下关来，大喝：「贼将休走！」鲍忠急待退，被华雄手起刀落，斩于马下，生擒将校极多。华雄遣人将鲍忠首级来相府报捷，卓加雄为都督。",same_body_paragraph
徐晃,许褚,28,18,14;19;23;24;25;27;30;31;33;48;50;56;57;59;67;68;72;86,"Chapter 14, P014-017: 操出马视之，见徐晃威风凛凛，暗暗称奇；便令许褚出马与徐晃交锋。刀斧相交，战五十余合，不分胜败。操即鸣金收军，召谋士议曰：「杨奉，韩暹诚不足道；徐晃乃真良将也。吾不忍以力并之，当以计招之。」行军从事满宠曰：「主公勿虑：某向与徐晃有一面之交，今晚扮作小卒，偷入其营，以言说之，管教他倾心来降。」操欣然遣之。 || Chapter 14, P014-022: 操自封为大将军武平侯，以荀彧为侍中尚书令；荀攸为军师；郭嘉为司马祭酒；刘晔为司空掾曹；毛玠，任峻为典农中郎将，催督钱粮；程昱为东平相，范成，董昭为洛阳令；满宠为许都令；夏侯惇，夏侯渊，曹仁，曹洪皆为将军；吕虔，李典，乐进，于禁，徐晃，皆为校尉；许褚，典韦，皆为都尉；其余将士，各各封官。自此大权皆归于曹操。朝廷大务，先禀曹操，然后方奏天子。 || Chapter 19, P019-028: 次夜二更时分，吕布将女以绵缠身，用甲包里，负于背上，提戟上马。放开城门，布当先出城，张辽，高顺跟著。将次到玄德寨前，一声鼓响，关，张二人拦住去路，大叫：「休走！」布无心恋战，只顾夺路而行。玄德自引一军杀来，两军混战。吕布虽勇，终是缚一女在身上，只恐有伤，不敢冲突重围。后面徐晃、许褚皆杀来，众军皆大叫曰：「不要走了吕布！」",same_body_paragraph
关羽,袁绍,27,8,5;7;24;25;26;27;28;43,"Chapter 5, P005-017: 忽探子来报：「华雄引铁骑下关，用长竿挑著孙太守赤帻，来寨前大骂搦战。」绍曰：「谁敢去战？」袁术背后转出骁将俞涉曰：「小将愿往。」绍喜，便著俞涉出马。即时报来：「俞涉与华雄战不三合，被华雄斩了。」众大惊。太守韩馥曰：「吾有上将潘凤，可斩华雄。」绍急令出战。潘凤手提大斧上马。去不多时，飞马来报：「潘凤又被华雄斩了。」众皆失色。绍曰：「可惜吾上将颜良、文丑未至！得一人在此，何惧华雄？」言未毕，阶下一人大呼出曰：「小将军愿往斩华雄头，献于帐下！」众视之，见其人身长九尺，髯长二尺；丹凤眼，卧蚕眉；面如重枣，声如巨钟；立于帐前。绍问何人。公孙瓒曰：「此刘玄德之弟关羽也。」绍问见居何职。瓒曰：「跟随刘玄德充马弓手。」帐上袁术大喝曰：「汝欺吾众诸侯无大将耶？量一弓手，安敢乱言！与我打出！」曹操急止之曰：「公路息怒：此人既出大言，必有勇略；试教出马，如其不胜，责之未迟。」袁绍曰：「使一弓手出战，必被华雄所笑。」操曰：「此人仪表不俗，华雄安知他是弓手？」关公曰：「如不胜，请斩某头。」 || Chapter 5, P005-026: 这三个围住吕布，转灯儿般厮杀。八路人马，都看得呆了。吕布架隔遮拦不定，看著玄德面上，虚刺一戟，玄德急闪。吕布荡开阵角，倒拖画戟，飞马便回。三个那里肯舍，拍马赶来。八路军兵，喊声大震，一齐掩杀。吕布军马，望关上奔走；玄德、关、张随后赶来。古人曾有篇言语，单道著玄德、关、张三战吕布：汉朝天数当桓灵，炎炎红日将西倾。奸臣董卓废少帝，刘协懦弱魂梦惊。曹操传檄告天下，诸侯奋怒皆兴兵。议立袁绍作盟主，誓扶王室定太平。温侯吕布世无比，雄才四海夸英伟。护躯银铠砌龙鳞，束发金冠簪雉尾。参差宝带兽平吞，错落锦袍飞凤起。龙驹跳踏起天风，画戟荧煌射秋水。出关搦战谁敢当？诸侯胆裂心惶惶。踊出燕人张翼德，手持蛇矛丈八鎗。虎须倒竖翻金线，环眼圆睁起电光。酣战未能分胜败，阵前恼起关云长。青龙宝刀灿霜雪，鹦鹉战袍飞蛱蝶。马蹄到处鬼神嚎，目前一怒应流血。枭雄玄德掣双锋，抖擞天威施勇烈。三人围绕战多时，遮拦架隔无休歇。喊声震动天地翻，杀气迷漫牛斗寒。吕布力穷寻走路，遥望山塞拍马还。倒拖画杆方天戟，乱散销金五彩旛。顿断绒走赤兔，翻身飞上虎牢关。三人直赶吕布到关下，看见关上西风飘动青罗伞盖。张飞大叫：「此必董卓！追吕布有甚强处！不如先拿董贼，便是斩草除根！」拍马上关，来擒董卓。正是：擒贼定须擒贼首，奇功端的待奇人。未知胜负如何，且听下文分解。 || Chapter 7, P007-014: 正说之间，忽见赵云冲到面前。弓箭手急待射时，云连刺数人，众军皆走。后面瓒军团团围裹上来。田丰慌对绍曰：「主公且于空墙中躲避！」绍以兜鍪扑地，大呼曰：「大丈夫愿临阵斗死，岂可入墙而望活乎！」众军士齐心死战，赵云冲突不入，绍兵大队掩至，颜良亦引军来到，两路并杀。赵云保公孙瓒杀透重围，回到界桥。绍驱兵大进，复赶过桥，落水死者，不计其数。袁绍当先赶来，不到五里，只听得山背后喊声大起，闪出一彪人马，为首三员大将，乃是刘玄德，关云长，张翼德。因在平原探知公孙瓒与袁绍相争，特来助战。当下三匹马，三般兵器，飞奔前来，直取袁绍。绍惊得魂飞天外，手中宝刀坠于马下，忙拨马而逃，众人死救过桥。公孙瓒亦收军归寨。玄德、关、张动问毕，瓒曰：「若非玄德远来救我，几乎狼狈。」教与赵云相见。玄德甚相敬爱，便有不舍之心。",same_body_paragraph
刘备,刘琦,27,11,34;35;39;40;41;42;43;45;49;52;53,"Chapter 34, P034-022: 遂与赵云即日赴襄阳。蔡瑁出郭迎接，意甚谦谨。随后刘琦、刘琮二子，引一班文武官僚出迎。玄德见二公子俱在，并不疑忌。是日请玄德于馆舍暂歇。赵云引三百军围绕保护。云披甲挂剑，行坐不离左右。刘琦告玄德曰：「父亲气疾作，不能行动，特请叔父待客，抚劝各处守牧之官。」玄德曰：「吾本不敢当此，既有兄命，不敢不从。」 || Chapter 35, P035-013: 玄德从其言，即令孙干赍书至荆州。刘表唤入问曰：「吾请玄德襄阳赴会，缘何逃席而去？」孙干呈上书札，具言蔡瑁设谋相害，赖跃马檀溪得脱。表大怒，急唤蔡瑁责骂曰：「汝焉敢害吾弟！」命推出斩之。蔡夫人出，哭求免死，表怒犹未息。孙干告曰：「若杀蔡瑁，恐皇叔不能安居于此矣。」表乃责而释之，使长子刘琦同孙干至玄德处请罪。 || Chapter 35, P035-015: 次日，琦泣别。玄德乘马送琦出郭，因指马谓琦曰：「若非此马，吾已为泉下之人矣。」琦曰：「此非马之力，乃叔父之洪福也。」说罢，相别。刘琦涕泣而去。玄德回马入城，忽见市上一人，葛巾布袍，皂★（左糸，右条）乌履，长歌而来。歌曰：",same_body_paragraph
吕布,张飞,27,6,5;13;14;15;16;19,"Chapter 5, P005-019: 曹操大喜。只见玄德背后转出张飞，高声大叫：「俺哥哥斩了华雄，不就这里杀入关去，活拏董卓，更待何时！」袁术大怒，喝曰：「俺大臣尚自谦让，量一县令手下小卒，安敢在此耀武扬威！都与赶出帐去！」曹操曰：「得功者赏，何计贵贱乎？」袁术曰：「既然公等只重一县令，我当告退。」操曰：「岂可因一言而误大事耶？」命公孙瓒且带玄德、关、张回寨。众官皆散。曹操暗使人赍牛酒抚慰三人。却说华雄手下败军，报上关来。李肃慌忙写告急文书，申闻董卓。卓急聚李儒、吕布等商议。儒曰：「今失了上将华雄，贼势浩大。袁绍为盟主，绍叔袁隗，现为太傅；倘或里应外合，深为不便，可先除之。请丞相亲领大军，分拨剿捕。」 || Chapter 5, P005-024: 正议间，吕布复引兵搦战。八路诸侯齐出。公孙瓒挥槊亲战吕布。战不数合，瓒败走。吕布纵赤兔马赶来。那马日行千里，飞走如风。看看赶上，布举画戟望瓒后心便刺。旁边一将，圆睁环眼，倒竖虎须，挺丈八蛇矛，飞马大叫：「三姓家奴休走！燕人张飞在此！」 || Chapter 5, P005-025: 吕布见了，弃了公孙瓒，便战张飞。飞抖擞精神，酣战吕布。连斗五十余合，不分胜负。云长见了，把马一拍，舞八十二斤青龙偃月刀，来夹攻吕布。三匹马丁字儿厮杀。战到三十合，战不倒吕布。刘玄德掣双股剑，骤黄鬃马，刺斜里也来助战。",same_body_paragraph
张郃,曹操,27,10,30;31;40;42;50;58;67;69;70;71,"Chapter 30, P030-004: 三通鼓罢，袁绍金盔金甲，锦袍玉带，立马阵前。左右排列著张郃、高览、韩猛、淳于琼等诸将。旌旗节钺，甚是严整。曹阵上门旗开处，曹操出马。许褚、张辽、徐晃、李典等，各持兵器，前后拥卫。曹操以鞭指袁绍曰：「吾于天子之前，保奏你为大将军；今何故谋反？」绍怒曰：「汝托名汉相，实为汉贼！罪恶弥天，甚于莽、卓，乃反诬人造反耶！」操曰：「吾今奉诏讨汝！」绍曰：「吾奉衣带诏讨贼！」 || Chapter 30, P030-005: 操怒，使张辽出战。张郃跃马来迎。二将斗了四五十合，不分胜负。曹操见了，暗暗称奇。许褚挥刀纵马，直出助战。高览挺枪接住。四员将捉对儿厮杀。曹操令夏侯惇、曹洪，各引三千军，齐冲彼阵。审配见曹军来冲阵，便令放起号砲。两下万弩并发，中车内弓箭手一齐拥出阵前乱射。曹军如何抵敌，望南急走。袁绍驱兵掩杀，曹军大败，尽退至官渡。袁绍移军逼近官渡下寨。审配曰：「今可拨兵十万守官渡，就曹操寨前筑起土山，令军人下视寨中放箭。操若弃此而去，吾得此隘口，许昌可破矣。」 || Chapter 30, P030-012: 绍急遣张郃、高览去截大路，正遇徐晃烧粮而回。恰欲交锋，背后张辽、许褚军到。两下夹攻，杀散袁军，四将合兵一处，回官渡寨中。曹操大喜，重加赏劳；又分军于寨前结营，为犄角之势。",same_body_paragraph
关羽,张辽,26,12,16;18;19;20;21;24;25;26;27;28;42;50,"Chapter 16, P016-025: 布听之，不从所请，攻城愈急。玄德与麋竺、孙干商议。孙干曰：「曹操所恨者，吕布也。不若弃城走许都，投奔曹操，借军破布，此为上策。」玄德曰：「谁可当先破围而出？」飞曰：「小弟情愿死战。」玄德令飞在前；云长在后；自居其中，保护老少。当夜三更，乘著月明出北门而走，正遇宋宪、魏续，被翼德一阵杀退，得出重围。后面张辽赶来，关公敌住。吕布见玄德去了，也不来赶，随即入城安民，令高顺守小沛，自己仍回徐州去了。 || Chapter 18, P018-020: 高顺军至，玄德在敌楼上问曰：「吾与奉先无隙，何故引兵至此？」顺曰：「你结连曹操，欲害吾主，今事已露，何不就缚？」言讫，便麾军攻城。玄德闭门不出。次日，张辽引兵攻打西门。云长从城上谓之曰：「公仪表非俗，何故失身于贼？」张辽低头不语。云长知此人有忠义之气，更不以恶言相加，亦不出战。 || Chapter 18, P018-021: 辽引兵退至东门，张飞便出迎战。早有人报知关公。关公急来东门看时，只见张飞方出城，张辽军已退。飞欲追赶，关公急召入城。飞曰：「彼惧而退，何不追之？」关公曰：「此人武艺不在你我之下。因我以正言感之，颇有自悔之心，故不与我等战耳。」飞乃悟，只令士卒坚守城门，更不出战。",same_body_paragraph
刘备,马超,26,10,57;58;60;65;69;71;73;74;79;81,"Chapter 57, P057-021: 当日奉诏，乃与长子马超商议曰：「吾自与董承受衣带诏以来，与刘玄德约共讨贼，不幸董承已死，玄德屡败。我又僻处西凉，未能协助玄德。今闻玄德已得荆州，我正欲展昔日之志，而曹操反来召我，当是如何？」马超曰：「操奉天子之命以召父亲，今若不往，彼必以逆命责我矣。当乘其来召，竟往京师，于中取事，则昔日之志可展也。」 || Chapter 58, P058-004: 使者去了。玄德问曰：「今操起三十万大军，会合淝之众，一拥而来，先生有何妙计，可以退之？」孔明曰：「操平生所虑者，乃西凉之兵也。今操杀马腾，其子马超，现统西凉之众，必切齿操贼。主公可作一书，往结马超，使超兴兵入关，则操又无暇下江南矣。」玄德大喜，即时作书，遣一心腹人，迳往西凉州投下。 || Chapter 60, P060-003: 却说张松到了许都馆驿中住定，每日去相府伺候，求见曹操。原来曹操自破马超回，傲睨得志，每日饮宴，无事少出，国政皆在相府商议。张松候了三日，方得通过姓名。左右近侍先要贿赂，却才引入。操坐于堂上。松拜毕，操问曰：「汝主刘璋连年不进贡，何也？」松曰：「为路途艰难，贼寇窃发，不能通达。」操叱曰：「吾扫清中原，有何盗贼？」松曰：「南有孙权，北有张鲁，西有刘备，至少者亦带甲十余万，岂得谓太平耶？」",same_body_paragraph
司马昭,姜维,26,10,104;108;109;110;112;113;114;115;118;119,"Chapter 104, P104-025: 于是司马师、司马昭在后催军;懿自引军先行,追到山下,望见蜀兵不远,乃奋力追赶，忽然山后一声较响,喊声大震：只见蜀兵俱回旗返鼓,树影中飘出中军大旗,上书一行大字曰：「汉丞相武乡侯诸葛亮」懿大惊失色。定睛看时,只见中军数十员上将,拥出一辆四轮车来;车上端坐孔明：纶巾羽扇,鹤氅皂★（左糸右条）。懿大惊曰：「孔明尚在,吾深入其重地,堕其计矣！」急勒回马便走。背后姜维大叫：「贼将休走！你中了我丞相之计也！」 || Chapter 108, P108-002: 却说曲山城中，蜀将句安见援兵不至，乃开门降魏。姜维折兵数万，领败兵回汉中屯扎。司马师自还洛阳。至嘉平三年秋八月，司马懿染病，渐渐沈重，乃唤二子至榻前嘱曰：「吾事魏历年，官授太傅，人臣之位极矣；人皆疑吾有异志，吾尝怀恐惧。吾死之后，汝二人善理国政。慎之！慎之！」言讫而亡。长子司马师，次子司马昭，二人申奏魏主曹芳。芳厚加祭葬，优锡赠谥。封师为大将军，总领尚书机密大事；昭为骠骑上将军。 || Chapter 108, P108-011: 却说诸葛恪引兵至东兴，收兵赏劳已毕，乃聚诸将曰：「司马昭兵败北归，正好乘势进取中原。」遂一面遣人赍看入蜀，求姜维进兵攻其北，许以平分天下；一面起大兵二十万，来伐中原。",same_body_paragraph
孟达,诸葛亮,26,12,60;65;70;71;72;73;76;77;79;85;94;95,"Chapter 60, P060-019: 松于袖中取出一图，递与玄德曰：「松感明公盛德，敢献此图。便知蜀中道路矣。」玄德略展视之，上面尽写著地理行程。远近阔狭，山川险要，府库钱粮，一一俱载明白。松曰：「明公可速图之。松有心腹契友二人：法正，孟达。此二人必能相助。如二人到荆州时，可将心事共议。」玄德拱手谢曰：「青山不老，绿水长存。他日事成，必当厚报。」松曰：「松遇明主，不得不尽情相告，岂敢望报乎？」说罢作别。孔明命云长等护送数十里方回。 || Chapter 65, P065-005: 严入绵竹城，对费观赞玄德如此仁德；今若不降，必有大祸。观从其言，开门投降。玄德遂入绵竹，商议分兵取成都。忽流星马急报，言：「孟达，霍峻守葭明关，今被东川张鲁遣马超与杨柏，马岱领兵攻打甚急，救迟则关隘休矣。」玄德大惊。孔明曰：「须是张，赵二将，方可与敌。」玄德曰：「子龙引兵在外未回。翼得已在此，可急遗之。」孔明曰：「主公且勿言，容亮激之。」 || Chapter 65, P065-027: 玄德从之，设一大宴，请刘璋收拾财物，佩领振威将军印绶，将妻子良贱，尽赴南郡公安住歇，即日起行。玄德自领益州牧，其所降文武，尽皆重赏，定拟名爵。严颜为前将军，法正为蜀郡太守，董和为掌军中郎将，许靖为左将军长史，庞义为营中司马，刘巴为左将军，黄权为右将军。其余吴懿，费观，彭羕，卓膺，李严，吴兰，雷同，李恢，张翼，秦宓，谯周，吕义，霍峻，邓芝，杨洪，周群，费袆，费诗，孟达，……文武投降官员，共六十余人，并皆擢用。诸葛亮军师，关云长为荡寇将军汉寿亭侯，张飞为征远将军新亭侯，赵云为镇远将军，黄忠为征西将军，魏延为扬武将军，马超为平西将军。孙干，简雍，糜竺、糜芳，刘封，关平，周仓，廖化，马良，马谡，蒋琬，伊籍，及旧日荆襄一班文武官员，尽皆升赏。遣使赍黄金五百斤，白银一千斤，钱五千万，蜀锦一千疋，赐与云长。其余官将，给赐有差。杀牛宰马，大饷士卒，开仓赈济百姓，军民大悦。",same_body_paragraph
张辽,徐晃,26,14,19;23;24;26;27;30;31;32;33;46;48;50;68;86,"Chapter 19, P019-028: 次夜二更时分，吕布将女以绵缠身，用甲包里，负于背上，提戟上马。放开城门，布当先出城，张辽，高顺跟著。将次到玄德寨前，一声鼓响，关，张二人拦住去路，大叫：「休走！」布无心恋战，只顾夺路而行。玄德自引一军杀来，两军混战。吕布虽勇，终是缚一女在身上，只恐有伤，不敢冲突重围。后面徐晃、许褚皆杀来，众军皆大叫曰：「不要走了吕布！」 || Chapter 19, P019-038: 布从睡梦中惊醒，急唤左右，却都被二人杀散，把白旗一招，曹兵齐至城下。魏续大叫：「已生擒吕布矣！」夏侯渊尚未信。宋宪在掷下吕布画戟来，大开城门，曹兵一拥而入。高顺，张辽在西门，水围难出。为曹兵所擒。陈宫奔至南门，为徐晃所获。 || Chapter 23, P023-008: 帝览表，以付曹操。操遂使人召衡至。礼毕，操不命坐。祢衡仰天叹曰：「天地虽阔，何无一人也！」操曰：「吾手下有数十人，皆当世英雄，何谓无人？」衡曰：「愿闻。」操曰：「荀彧，荀攸，郭嘉，程昱，机深智远，虽萧何，陈平不及也。张辽[陈怡妏3]，许褚，乐进，李典，勇不可当，虽岑彭，马武不及也。吕虔，满宠，为从事；于禁，徐晃，为先锋。夏侯惇，天下奇才；曹子孝，世间福将。安得无人？」衡笑曰：「公言差矣。此等人物，吾尽识之：荀彧可使吊丧问疾，荀攸可使看坟守墓，程昱可使关门闭户，郭嘉可使白词念赋，张辽可使击鼓鸣金，许褚可使牧牛放马，乐进可使取状读诏，李典可使传书送檄，吕虔可使磨刀铸剑，满宠可使饮酒食糟，于禁可使负版筑墙，徐晃可使屠猪杀狗。夏侯惇称为『完体将军』，曹子孝呼为『要钱太守』。其余皆是衣架！饭囊！酒桶！肉袋耳！」操怒曰：「汝有何能？」衡曰：「天文地理，无一不通；三教九流，无一不晓；上可以致君为尧、舜，下可以配德于孔、颜。岂与俗子共论乎！」时止有张辽在侧，掣剑欲斩之。操曰：「吾正少一鼓吏；早晚朝贺宴享，可令祢衡充此职。」衡不推辞，应声而去。辽曰：「此人出言不逊，何不杀之？」操曰：「此人素有虚名，远近所闻。今日杀之，天下必谓我不能容物，彼自以为能，故令为鼓吏以辱之。」",same_body_paragraph
刘表,袁绍,25,15,6;7;16;18;21;23;28;31;33;34;43;44;56;93;120,"Chapter 6, P006-016: 谁想数中一军，是袁绍乡人，欲假此为进身之计，连夜偷出营寨，来报袁绍。绍与之赏赐，暗留军中。次日，孙坚来辞袁绍曰：「坚抱小疾，欲归长沙，特来别公。」绍笑曰：「吾知公疾乃害传国玺耳。」坚失色曰：「此言何来？」绍曰：「今兴民讨贼，为国除害。玉玺乃朝廷之宝，公既获得，当对众留盟主处，候诛了董卓，复归朝廷。今匿之而去，意欲何为？」坚曰：「玉玺何由在吾处？」绍曰：「建章殿井中之物何在？」坚曰：「吾本无之，何强相逼？」绍曰：「作速取出，免自生祸。」坚指天为誓曰：「吾若果得此宝，私自藏匿，异日不得善终，死于刀箭之下！」众诸侯曰：「文台如此说誓，想必无之。」绍唤军士出曰：「打捞之时，有此人否？」坚大怒，拔所佩之剑，要斩那军士。绍亦拔剑曰：「汝斩军士，乃欺我也。」绍背后颜良、文丑皆拔剑出鞘。坚背后程普，黄盖，韩当，亦掣刀在手。众诸侯一齐劝住。坚随即上马，拔寨离洛阳而去。绍大怒，遂写书一封，差心腹人连夜往荆州，送与刺史刘表，教就路上截住夺之。 || Chapter 6, P006-019: 却说荆州刺史刘表，字景升，山阳高平人也：乃汉室宗亲；幼好结纳，与名士七人为友，时号「江夏八俊」。那七人：一一汝南陈翔，字仲麟；同郡范滂，字孟博；鲁国孔昱，字世元；渤海范康，字仲真；山阳檀敷，字文友；同郡张俭，字元节；南阳岑晊，字公孝。刘表与此七人为友；有延平人蒯良、蒯越，襄阳人蔡瑁为辅。当时看了袁绍书，随令蒯越、蔡瑁引兵一万来截孙坚。 || Chapter 6, P006-020: 坚军方到，蒯越将阵摆开，当先出马。孙坚问曰：「蒯英度何故引兵截吾去路？」越曰：「汝既为汉臣，如何私匿传国之宝？可速留下，放汝归去！」坚大怒，命黄盖出战。蔡瑁舞刀来迎。斗到数合，黄盖挥鞭打瑁，正中护心镜。瑁拨回马走，孙坚乘势杀过界口。山背后金鼓齐鸣，乃刘表亲自引军来到。孙坚就马上施礼曰：「景升何故信袁绍之书，相逼邻郡！」表曰：「汝匿传国玺，将欲反耶？」坚曰：「吾若有此物，死于刀箭之下！」表曰：「汝若要我听信，将随军行李，任我搜看。」坚怒曰：「汝有何力，敢小觑我！」方欲交兵，刘表便退。坚纵马赶去，两山后伏兵齐起，背后蒯越、蔡瑁赶来，将孙坚困在垓心。正是：玉玺得来无用处，反因此宝动刀兵。毕竟孙坚怎地脱身，且听下文分解。",same_body_paragraph
司马懿,曹叡,25,10,91;94;95;96;97;101;102;103;105;106,"Chapter 91, P091-010: 夏五月，丕感寒疾，医治不痊，乃召中军大将军曹真、镇军大将军陈群、抚军大将军司马懿三人入寝宫。丕唤曹叡至，指谓曹真等曰：「今朕病已沉重，不能复生。此子年幼，卿等三人，可善辅之，勿负朕心。」三人皆告曰：「陛下何出此言？臣等愿竭力以事陛下，至千秋万岁。」丕曰：「今年许昌城门无故自崩，乃不祥之兆，朕故自知必死也。」 || Chapter 91, P091-011: 正言间，内侍奏征东大将军曹休入宫问安。丕召入谓曰：「卿等皆国家柱石之臣也，若能同心辅朕之子，朕死亦瞑目矣！」言讫，堕泪而薨。时年四十岁，在位七年。于是曹真、陈群、司马懿、曹休等，一面举哀，一面拥立曹叡为大魏皇帝。谥父丕为文皇帝，谥母甄氏为文昭皇后。封钟繇为太傅，曹真为大将军，曹休为大司马，华歆为太尉，王朗为司徒，陈群为司空，司马懿为骠骑大将军。其余文武官僚，各各封赠。大赦天下。时雍，凉，二州缺人守把，司马懿上表乞守西凉等处。曹叡从之，遂封懿提督雍，凉等处兵马。领诏去讫。 || Chapter 91, P091-012: 早有细作飞报入川。孔明大惊曰：「曹丕已死，孺子曹叡即位，余皆不足虑，司马懿深有谋略，今督雍、凉兵马，倘训练成时，深为蜀中之大患。不如先起兵伐之。」参军马谡曰：「今丞相平南方回，军马疲敝，只宜存恤，岂可复远征？某有一计，使司马懿自死于曹叡之手，未知丞相钧意允否？」",same_body_paragraph
司马懿,曹真,25,9,86;91;94;95;97;98;99;100;106,"Chapter 86, P086-017: 丕从之。于是日夜并工，造龙舟十只，长二十余丈，可容二千余人；收拾战船三千余只。魏黄初五年秋八月，会聚大小将士，令曹真为前部，张辽、张邰、文聘、徐晃等为大将先行，许褚、吕虔为中军护卫，曹休为合后，刘晔、蒋济为参谋。前后水陆军马三十余万，克日起兵。封司马懿为尚书仆射，留在许昌。凡国政大事，并皆听懿决断。 || Chapter 91, P091-010: 夏五月，丕感寒疾，医治不痊，乃召中军大将军曹真、镇军大将军陈群、抚军大将军司马懿三人入寝宫。丕唤曹叡至，指谓曹真等曰：「今朕病已沉重，不能复生。此子年幼，卿等三人，可善辅之，勿负朕心。」三人皆告曰：「陛下何出此言？臣等愿竭力以事陛下，至千秋万岁。」丕曰：「今年许昌城门无故自崩，乃不祥之兆，朕故自知必死也。」 || Chapter 91, P091-011: 正言间，内侍奏征东大将军曹休入宫问安。丕召入谓曰：「卿等皆国家柱石之臣也，若能同心辅朕之子，朕死亦瞑目矣！」言讫，堕泪而薨。时年四十岁，在位七年。于是曹真、陈群、司马懿、曹休等，一面举哀，一面拥立曹叡为大魏皇帝。谥父丕为文皇帝，谥母甄氏为文昭皇后。封钟繇为太傅，曹真为大将军，曹休为大司马，华歆为太尉，王朗为司徒，陈群为司空，司马懿为骠骑大将军。其余文武官僚，各各封赠。大赦天下。时雍，凉，二州缺人守把，司马懿上表乞守西凉等处。曹叡从之，遂封懿提督雍，凉等处兵马。领诏去讫。",same_body_paragraph
张辽,许褚,25,15,19;21;23;24;27;30;31;32;33;40;42;48;50;68;86,"Chapter 19, P019-028: 次夜二更时分，吕布将女以绵缠身，用甲包里，负于背上，提戟上马。放开城门，布当先出城，张辽，高顺跟著。将次到玄德寨前，一声鼓响，关，张二人拦住去路，大叫：「休走！」布无心恋战，只顾夺路而行。玄德自引一军杀来，两军混战。吕布虽勇，终是缚一女在身上，只恐有伤，不敢冲突重围。后面徐晃、许褚皆杀来，众军皆大叫曰：「不要走了吕布！」 || Chapter 21, P021-006: 一日，关、张不在，玄德正在后园浇菜，许褚、张辽引数十人入园中曰：「丞相有命，请使君便行。」玄德惊问曰：「有甚紧事？」许褚曰：「不知。只教我来相请。」玄德只得随二人入府见操。操笑曰：「在家做得好大事！」諕得玄德面如土色。操执玄德手，直至后园曰：「玄德学圃不易。」玄德方才放心，答曰：「无事消遣耳。」操曰：「适见枝头梅子青青，忽感去年征张绣时，道上缺水，将士皆渴。吾心生一计，以鞭虚指曰：『前面有梅林。』军士闻之，口皆生唾，由是不渴。今见此梅，不可不赏。又值煮酒正熟，故邀使君小亭一会。」玄德心神方定，随至小亭，已设樽俎：盘置青梅，一樽煮酒。二人对坐，开怀畅饮。 || Chapter 21, P021-011: 天雨方住，见两个人撞入后园，手提宝剑，突至亭前，左右拦挡不住。操视之，乃关、张二人也。原来二人从城外射箭方回，听得玄德被许褚、张辽请将去了，慌忙来相府打听；闻说在后园，只恐有失，故冲突而入。却见玄德与操对坐饮酒。二人按剑而立。操问二人何来。云长曰：「听知丞相和兄饮酒，特来舞剑，以助一笑。」操笑曰：「此非鸿门会，安用项庄、项伯乎？」玄德亦笑。操命：「取酒与『二樊哙』压惊。」关、张拜谢。",same_body_paragraph
曹操,曹洪,25,14,6;11;14;22;26;30;31;40;41;57;58;61;69;78,"Chapter 6, P006-009: 且说孙坚飞奔洛阳，遥望火焰冲天，黑烟铺地，二三百里，并无鸡犬人烟；坚先发兵救灭了火，令众诸侯各于荒地上屯住军马。曹操来见袁绍曰：「今董贼西去，正可乘势追袭；本初按兵不动，何也？」绍曰：「诸兵疲困，进恐无益。」操曰：「董贼焚烧宫室，劫迁天子，海内震动，不知所归；此天亡之时也，一战而天下定矣。诸侯何疑而不进？」众诸侯皆言不可轻动。操大怒曰：「竖子不足与谋！」遂自引兵万余，领夏侯惇，夏侯渊，曹仁，曹洪，李典，乐进，星夜来赶董卓。 || Chapter 6, P006-011: 正欲埋锅造饭，只听得四围喊声，徐荣伏兵尽出。曹操慌忙策马，夺路奔逃，正遇徐荣，转身便走。荣搭上箭，射中操肩膊。操带箭逃命，转过山坡。两个军士伏于草中，见操马来，二鎗齐发，操马中鎗而倒。操翻身落马，被二卒擒住。只见一将飞马而来，挥刀砍死两个步军，下马救起曹操。操视之，乃曹洪也。操曰：「吾死于此矣，贤弟可速去！」洪曰：「公急上马！洪愿步行。」操曰：「贼兵赶上，汝将奈何？」洪曰：「天下可无洪，不可无公。」操曰：「吾若再生，汝之力也。」操上马，洪脱去衣甲，拖刀跟马而走。约走至四更余，只见前面一条大河，阻住去路，后面喊声渐近。操曰：「命已至此，不得复活矣！」洪急扶操下马，脱去袍铠，负操渡水。才过彼岸，追兵已到，隔水放箭。操带水而走。比及天明，又走三十余里，土冈下少歇。忽然喊声起处，一彪人马赶来，却是徐荣从上流渡河来追。 || Chapter 11, P011-029: 曹操输了一阵，回寨与诸将商议。于禁曰：「某今日上山观望，濮阳之西，吕布有一寨，约无多军。今夜彼将谓我军败走，必不准备，可引兵击之；若得寨，布军必惧：此为上策。」操从其言，带曹洪，李典，毛玠，吕虔，于禁，典韦六将，选马步二万人，连夜从小路进发。",same_body_paragraph
刘备,张辽,24,12,16;18;19;20;21;24;25;26;28;40;42;58,"Chapter 16, P016-021: 布大惊曰：「陈宫误我！」急令张辽引兵追赶之。三十里之外将女抢归；连韩胤都拏回监禁，不放归去；却令人回复袁术，只说女儿妆奁未备，俟备毕便自送来。陈珪又说吕布，使解韩胤赴许都。布犹豫未决。忽人报：「玄德在小沛招军买马，不知何意？」布曰：「此为将者本分事，何足为怪？」 || Chapter 16, P016-025: 布听之，不从所请，攻城愈急。玄德与麋竺、孙干商议。孙干曰：「曹操所恨者，吕布也。不若弃城走许都，投奔曹操，借军破布，此为上策。」玄德曰：「谁可当先破围而出？」飞曰：「小弟情愿死战。」玄德令飞在前；云长在后；自居其中，保护老少。当夜三更，乘著月明出北门而走，正遇宋宪、魏续，被翼德一阵杀退，得出重围。后面张辽赶来，关公敌住。吕布见玄德去了，也不来赶，随即入城安民，令高顺守小沛，自己仍回徐州去了。 || Chapter 18, P018-018: 吕布见了，大惊曰：「操贼焉敢如此！」遂将使者斩首，先使陈宫」、臧霸，结连泰山寇孙观、吴敦、尹礼、昌豨，东取山东兖州诸郡。令高顺、张辽取沛城，攻玄德。令宋宪、魏续西取汝、颍。布自总中军为三路救应。",same_body_paragraph
刘备,法正,24,8,60;61;63;64;65;70;71;73,"Chapter 60, P060-019: 松于袖中取出一图，递与玄德曰：「松感明公盛德，敢献此图。便知蜀中道路矣。」玄德略展视之，上面尽写著地理行程。远近阔狭，山川险要，府库钱粮，一一俱载明白。松曰：「明公可速图之。松有心腹契友二人：法正，孟达。此二人必能相助。如二人到荆州时，可将心事共议。」玄德拱手谢曰：「青山不老，绿水长存。他日事成，必当厚报。」松曰：「松遇明主，不得不尽情相告，岂敢望报乎？」说罢作别。孔明命云长等护送数十里方回。 || Chapter 60, P060-021: 少顷，孟达至。达字子庆，与法正同乡。达入，见正与松密语。达曰：「吾已知二公之意。将欲献益州耶？」松曰：「是欲如此。兄试猜之，合献与谁？」达曰：「非刘玄德不可。」三人抚掌大笑。松正谓松曰：「兄明日见刘璋，当若何？」松曰：「吾荐二公为使，可往荆州。」二人应允。 || Chapter 60, P060-022: 次日，张松见刘璋。璋问：「干事若何？」松曰：「操乃汉贼，欲篡天下，不可为言。彼已有取川之心。」璋曰：「似此如之奈何？」松曰：「松有一谋，使张鲁，曹操必不敢轻犯西川。」璋曰：「何计？」松曰：「荆州刘皇叔，与主公同宗，仁慈宽厚，有长者风。赤壁鏖兵之后，操闻之而胆裂，何况张鲁乎？主公何不遣使结好，使为外援？可以拒曹操张鲁矣。」璋曰：「吾亦有此心久矣。谁可为使？」松曰：「非法正，孟达，不可往也。」璋即召二人入，修书一封，令法正为使，先通情好；次遣孟达领精兵五千，迎玄德入川为援。",same_body_paragraph
刘备,蔡瑁,24,6,31;34;35;39;40;41,"Chapter 31, P031-026: 表大喜曰：「玄德，吾弟也。久欲相会，而不可得。今肯惠顾，实为幸甚。」蔡瑁谮曰：「不可。刘备先从吕布，后事曹操，近投袁绍，皆不克终，足可见其为人。今若纳之，曹操必加兵于我，枉动干戈；不如斩孙干之首，以献曹操，操必重待主公也。」孙干正色曰：「干非惧死之人也。刘使君忠心为国，非曹操、袁绍、吕布等比。前此相从，不得已也。今闻刘将军汉朝苗裔，谊切同宗，故千里相投。尔何献谗而妒贤如此耶！」 || Chapter 31, P031-027: 刘表闻言，乃叱蔡瑁曰：「吾主意已定，汝勿多言。」蔡瑁惭恨而出。刘表遂命孙干先往报玄德，一面亲自出郭三十里迎接。玄德见表，执礼甚恭。表亦相待甚厚。玄德引关、张等拜见刘表，表遂与玄德同入荆州，分拨院宅居住。 || Chapter 34, P034-005: 表喜，欲从其言。蔡瑁告其姊蔡夫人曰：「刘备遣三将居外，而自居荆州，久必为患。」蔡夫人乃夜对刘表曰：「我闻荆州人多与刘备往来，不可不防之。今容其居住城中，无益，不若遣使他往。」表曰：「玄德仁人也。」蔡氏曰：「只恐他人不似汝心。」",same_body_paragraph
曹操,赵云,24,15,11;28;31;41;42;45;49;50;52;55;60;65;71;72;81,"Chapter 11, P011-012: 不说孔融起兵。且说玄德离北海来见公孙瓒，且说欲救徐州之事。瓒曰：「曹操与君无雠，何苦替人出力？」玄德曰：「备已许人，不敢失信。」瓒曰：「我借与君马步军二千。」玄德曰：「更望借赵子龙一行。」瓒许之。玄德遂与关、张引本部三千人为前部，子龙引二千人随后，往徐州来。 || Chapter 28, P028-029: 于是关公纵马当先，玄德在后，迳投卧牛山来。周仓在山下叫骂，只见那将全副披挂，持枪骤马，引众下山。玄德早挥鞭出马大叫曰：「来者莫非子龙否？」那将见了玄德，滚鞍下马，拜伏道旁。原来果然是赵子龙。玄德，关公，俱下马相见，问其何由至此。云曰：「云自别使君，不想公孙瓒不听人言，以致兵败自焚。袁绍屡次招云。云想绍亦非用人之人，因此未往。后欲至徐州投使君，又闻徐州失守，云长已归曹操，使君又在袁绍处。云几番欲来相投，只恐袁绍见怪。四海飘零，无容身之地。前偶过此处，适遇裴元绍下山来欲夺吾马，云因杀之，借此安身。近闻翼德在古城，欲往投之，未知真实。今幸得遇使君！」 || Chapter 31, P031-015: 却说玄德与关、张、赵云等，引兵欲袭许都。行近穰山地面，正遇曹兵杀来，玄德便于穰山下寨。军分三队：云长屯兵于东南角上，张飞屯兵于西南角上，玄德与赵云于正南立寨。曹操兵至，玄德鼓噪而出。操布成阵势，叫玄德打话。玄德出马于门旗下。操以鞭指骂曰：「吾待汝为上宾，汝何背义忘恩？」玄德曰：「汝托名汉相，实为国贼！吾乃汉室宗亲，奉天子密诏，来讨反贼！」遂于马上朗诵衣带诏。",same_body_paragraph
刘备,夏侯惇,23,13,16;17;18;19;24;26;27;28;31;39;40;51;78,"Chapter 16, P016-029: 操正欲起兵，自往征吕布，忽流星马报说张济自关中引兵攻南阳，为流矢所中而死；济姪张绣统其众，用贾诩为谋士，结连刘表，屯兵宛城，欲兴兵犯阙夺驾。操大怒，欲兴兵讨之，又恐吕布来攻许都，乃问计于荀彧。彧曰：「此易事耳。吕布无谋之辈，见利必喜；明公可遣使往徐州，加官赐赏，令与玄德解和。布喜，则不思远图矣。」操曰：「善。」遂差奉军都尉王则，赍官诰并和解书，往徐州去讫；一面起兵五十万，亲讨张绣。分军三路而行，以夏侯惇为先锋。军马至淯水下寨。 || Chapter 17, P017-014: 遂厚劳玄德，合兵到徐州界。吕布出迎、操善言抚慰，封为左将军，许于还都之时，换给印绶。布大喜。操即分吕布一军在左，玄德一军在右，自统大军居中，令夏侯惇、于禁为先锋。 || Chapter 17, P017-015: 袁术知曹兵至，令大将桥蕤引兵五万作先锋。两军会于寿春界口。桥蕤当先出马，与夏侯惇战不三合，被夏侯惇搠死。术军大败，奔走回城。忽报孙策发船攻江边西面，吕布引兵攻东面，刘备、关、张引兵攻南面，操自引兵十七万攻北面。术大惊，急聚众文武商议。杨大将曰：「寿春水旱连年，人皆缺食；今又动兵扰民，民既生怨，兵至难以拒敌。不如留军在寿春，不必与战。待彼粮尽，必然生变。陛下且统御林军渡淮；一者就熟，二者暂避其锐。」",same_body_paragraph
夏侯霸,姜维,23,7,107;109;110;111;113;114;115,"Chapter 107, P107-030: 于是姜维引夏侯霸至成都，入见后主。维奏曰：「司马懿谋杀曹爽，又来赚夏侯霸，霸因此投降。目今司马懿父子专权，曹芳懦弱，魏国将危。臣在汉中有年，兵精粮足；臣愿领王师，即以霸为乡导官，进取中原，重兴汉室，以报陛下之恩，以终丞相之志。」尚书令费袆谏曰：「近者，蒋琬、董允，皆相继而亡，内治无人。伯约只宜待时，不宜轻动。」维曰：「不然，人生如白驹过隙，似此迁延岁月，何日恢复中原乎？」袆又曰：「孙子云：『知彼知己，百战百胜。』我等皆不如丞相远甚，丞相尚不能恢复中原，何况我等？」维曰：「吾久居陇上，深知羌人之心；今若结羌人为援，虽未能克复中原，自陇而西，可断而有也。」后主曰：「卿既欲伐魏，可尽忠竭力，勿堕锐气，以负朕命。」 || Chapter 107, P107-031: 于是姜维领敕辞朝，同夏侯霸迳到汉中，计议起兵。维曰：「可先遣使去羌人处通盟，然后出西平，近雍州。先筑二城于曲山之下，令兵守之，以为犄角之势。我等尽发粮草于川口，依丞相旧制次第进兵。」是年秋八月，先差蜀将句安、李歆同引一万五千兵，往曲山前连筑二城。句安守东城，李歆守西城。 || Chapter 107, P107-035: 遂令人送李歆入川养病。维问夏侯霸曰：「羌兵未到，魏兵围困曲山甚急，将军有何高见？」霸曰：「若等羌兵到曲山，二城皆陷矣。吾料雍州兵，尽来曲山攻打。雍州城定然空虚，将军可引兵迳往牛头山，抄在雍州之后：郭淮、陈泰必回救雍州，则曲山之围自解矣。」维大喜曰：「此计最善！」于是姜维引兵望牛头山而去。",same_body_paragraph
孙乾,曹操,23,13,16;18;19;22;24;26;28;31;36;41;42;49;57,"Chapter 16, P016-025: 布听之，不从所请，攻城愈急。玄德与麋竺、孙干商议。孙干曰：「曹操所恨者，吕布也。不若弃城走许都，投奔曹操，借军破布，此为上策。」玄德曰：「谁可当先破围而出？」飞曰：「小弟情愿死战。」玄德令飞在前；云长在后；自居其中，保护老少。当夜三更，乘著月明出北门而走，正遇宋宪、魏续，被翼德一阵杀退，得出重围。后面张辽赶来，关公敌住。吕布见玄德去了，也不来赶，随即入城安民，令高顺守小沛，自己仍回徐州去了。 || Chapter 16, P016-026: 却说玄德前奔许都，到城外下寨，先使孙干来见曹操，言被吕布追迫，特来相投。操曰：「玄德与吾兄弟也。」便请入城相见。次日，玄德留关、张在城外，自带孙干、糜竺入见操。操待以上宾之礼。玄德备诉吕布之事。操曰：「布乃无义之辈，吾与贤弟并力诛之。」玄德称谢。操设宴相待，至晚送出。荀彧入见曰：「刘备英雄也，今不早图，后必为患。」 || Chapter 18, P018-019: 且说高顺等引兵出徐州，将至小沛，有人报知玄德。玄德急与众商议。孙干曰：「可速告急于曹操。」玄德曰：「谁可去许都告急？」阶下一人出曰：「某愿往。」视之，乃玄德同郡人，姓简，名雍，字宪和，现为玄德幕宾。玄德即修书付简雍，使星夜赴许都求援；一面整顿守城器具。玄德自守南门，孙干守北门，云长守西门，张飞守东门，令糜竺与其弟糜芳守护中军，原来糜竺有一妹，嫁与玄德为次妻。玄德与他兄弟有郎舅之亲，故令其守中军保护妻小。",same_body_paragraph
王平,魏延,23,12,87;88;89;91;93;95;96;97;99;100;101;102,"Chapter 87, P087-003: 王连再三苦劝，孔明不从。是日，孔明辞了后主，令蒋琬为参军；费袆为长史；董厥、樊建二人为掾史；赵云、魏延为大将，总督军马；王平、张翼为副将；并川将数十员：共起川兵五十万，前望益州进发。忽有关公第三子关索，入军来见孔明曰：「自荆州失陷，逃难在鲍家庄养病。每要赴川见先帝报雠，疮痕未合，不能起行。近已安痊，打探得东吴雠人已皆诛戮，迳来西川见帝，恰在途中遇见征南之兵，特来投见。孔明闻之，嗟讶不已；面遣人申报朝廷，就令关索为前部先锋，一同征南。大队人马，各依队伍而行。饥餐渴饮，夜住晓行：所经之处，秋亳无犯。 || Chapter 87, P087-004: 却说雍闿听知孔明自统大军而来，即与高定、朱褒商议，分兵三路：高定取中路，雍闿在左，朱褒在右；三路各引兵五六万迎敌。于是高定令鄂焕为前部先锋。焕身长九尺，面貌丑恶，使一枝方天戟，有万夫不当之勇；领本部兵，离了大寨，来迎蜀兵。却说孔明统大军已到益州界分。前部先锋魏延，副将张翼、王平，才入界口，正遇鄂焕军马。两阵对圆，魏延出马大骂曰：「反贼早早受降！」鄂焕拍马与魏延交锋。战不数合，延诈败走，焕随后赶来。走不数里，喊声大震。张翼、王平两路军杀来，绝其后路。延复回。三员将并力拒战，生擒鄂焕，解到大寨，入见孔明。孔明令去其缚，以酒食待之。问曰：「汝是何人部将？」焕曰：「某是高定部将。」孔明曰：「吾知高定乃忠义之士，今为雍闿所惑，以致如此。吾今放汝回去，令高太守早早归降，免遭大祸。」鄂焕拜谢而去，回见高定，说孔明之德。定亦感激不已。次曰，雍闿至寨。礼毕，闿曰：「如何得鄂焕回也？」定曰：「诸葛亮以义放之。」闿曰：「此乃诸葛亮反间计；欲令我两人不和，故施此谋也。」定半信半疑，心中犹豫。忽报蜀将搦战，闿自引三万兵出迎。战不数合，闿拨马便走。魏延率兵，追杀二十余里。次日，雍闿又起兵来迎。孔明一连三日不出。至第四日，雍闿、高定分兵两路，来取蜀寨。 || Chapter 87, P087-010: 却说蛮王孟获，听知孔明智破雍闿等，遂聚三洞元帅商议：第一洞乃金环三结元帅，第二洞乃董荼那元帅，第三洞乃阿会喃元帅。三洞元帅入见孟获，获曰：「今诸葛丞相领大军来侵我境界，不得不并力敌之。汝三人可分兵三路而进。如得胜者，便为洞主。」于是分金环三结取中路，董荼那取左路，阿会喃取右路：各引五万蛮兵，依令而行。却说孔明正在寨中议事，忽哨马飞报，忽哨马飞报，说三洞元帅分兵三路到来。孔明听毕，即唤赵云、魏延至，却都不分付；更唤王平、马忠至，嘱之曰：「今蛮兵三路而来，吾欲令子龙、文长去；此二人不识地理，未敢用之。王平可往左路迎敌，马忠可往右路迎敌。吾却使子龙、文长随后接应。今日整顿军马，来日平明进发。」二人听令而去。又唤张嶷、张翼分付曰：「汝二人同领一军，往中路迎敌。今日整点军马，来日与王平、马忠约会而进。吾欲令子龙、文长去取，二人不识地理，故未敢用之。」张嶷、张翼听令去了。",same_body_paragraph
刘备,孟达,22,9,60;62;65;70;71;72;73;77;79,"Chapter 60, P060-019: 松于袖中取出一图，递与玄德曰：「松感明公盛德，敢献此图。便知蜀中道路矣。」玄德略展视之，上面尽写著地理行程。远近阔狭，山川险要，府库钱粮，一一俱载明白。松曰：「明公可速图之。松有心腹契友二人：法正，孟达。此二人必能相助。如二人到荆州时，可将心事共议。」玄德拱手谢曰：「青山不老，绿水长存。他日事成，必当厚报。」松曰：「松遇明主，不得不尽情相告，岂敢望报乎？」说罢作别。孔明命云长等护送数十里方回。 || Chapter 60, P060-021: 少顷，孟达至。达字子庆，与法正同乡。达入，见正与松密语。达曰：「吾已知二公之意。将欲献益州耶？」松曰：「是欲如此。兄试猜之，合献与谁？」达曰：「非刘玄德不可。」三人抚掌大笑。松正谓松曰：「兄明日见刘璋，当若何？」松曰：「吾荐二公为使，可往荆州。」二人应允。 || Chapter 60, P060-022: 次日，张松见刘璋。璋问：「干事若何？」松曰：「操乃汉贼，欲篡天下，不可为言。彼已有取川之心。」璋曰：「似此如之奈何？」松曰：「松有一谋，使张鲁，曹操必不敢轻犯西川。」璋曰：「何计？」松曰：「荆州刘皇叔，与主公同宗，仁慈宽厚，有长者风。赤壁鏖兵之后，操闻之而胆裂，何况张鲁乎？主公何不遣使结好，使为外援？可以拒曹操张鲁矣。」璋曰：「吾亦有此心久矣。谁可为使？」松曰：「非法正，孟达，不可往也。」璋即召二人入，修书一封，令法正为使，先通情好；次遣孟达领精兵五千，迎玄德入川为援。",same_body_paragraph
曹操,程昱,22,17,10;11;12;14;16;19;21;22;23;24;27;31;36;37;49;56;61,"Chapter 10, P010-011: 操在兖州，招贤纳士。有叔姪二人来投曹操：乃颖川颖阴人：姓荀，名彧，字文若，荀昆之子也；旧事袁绍，今弃绍投操；操与语大悦，曰：「此吾之子房也！」遂以为行军司马。其姪荀攸，字公达，海内名士，曾拜黄门侍郎，后弃官归乡，今与其叔同投曹操，操以为行军教授。荀彧曰：「某闻兖州有一贤士，今此人知何在。」操问是谁，彧曰：「乃东郡东阿人：姓程，名昱，字仲德。」操曰：「吾亦闻名久矣。」遂遣人于乡中寻问。访得他在山中读书，操拜请之。程昱来见，曹操大喜。 || Chapter 10, P010-018: 当下应劭部下有逃命的军士，报与曹操。操闻之，哭倒于地。众人救起。操切齿曰：「陶谦纵兵杀吾父，此雠不共戴天！吾今悉起大军，洗荡徐州，方雪吾恨！」遂留荀彧、程昱领军三万守鄄城，范县，东阿三县，其余尽杀奔徐州来。夏侯惇，于禁，典韦为先锋。操令但得城池，将城中百姓，尽行屠戮，以雪父雠。当有九江太守边让，与陶谦交厚，闻知徐州有难，自引兵五千来救。操闻之大怒，使夏侯惇于路截杀之。 || Chapter 11, P011-019: 正商议间，忽流星马飞报「祸事！」。操问其故，报说吕布已袭破兖州，进据濮阳。原来吕布自遭李、郭之乱，逃出武关，去投袁术；术怪吕布反复不定，拒而不纳。投袁绍，绍纳之，与布共破张燕于常山；布自以为得志，傲慢袁绍手下将士。绍欲杀之，布乃去投张扬，扬纳之。时庞舒在长安城中，私藏吕布妻小，送还吕布。李傕、郭汜知之，遂斩庞舒，写书与张扬，教杀吕布；布因弃张扬去投张邈。恰好张邈弟张超引陈宫来见张邈。宫说邈曰：「今天下分崩，英雄并起，君以千里之众，而反受制于人，不亦鄙乎！今曹操征东，兖州空虚，而吕布乃当世勇士，若与之共取兖州，伯业可图也。」张邈大喜，便令吕布袭破兖州，随据濮阳。止有鄄城，东阿，范县三处，被荀彧、程昱设计死守得全，其余俱破。曹仁屡战，皆不能胜，特此告急。",same_body_paragraph
诸葛亮,邓芝,22,8,65;85;86;91;92;95;96;100,"Chapter 65, P065-027: 玄德从之，设一大宴，请刘璋收拾财物，佩领振威将军印绶，将妻子良贱，尽赴南郡公安住歇，即日起行。玄德自领益州牧，其所降文武，尽皆重赏，定拟名爵。严颜为前将军，法正为蜀郡太守，董和为掌军中郎将，许靖为左将军长史，庞义为营中司马，刘巴为左将军，黄权为右将军。其余吴懿，费观，彭羕，卓膺，李严，吴兰，雷同，李恢，张翼，秦宓，谯周，吕义，霍峻，邓芝，杨洪，周群，费袆，费诗，孟达，……文武投降官员，共六十余人，并皆擢用。诸葛亮军师，关云长为荡寇将军汉寿亭侯，张飞为征远将军新亭侯，赵云为镇远将军，黄忠为征西将军，魏延为扬武将军，马超为平西将军。孙干，简雍，糜竺、糜芳，刘封，关平，周仓，廖化，马良，马谡，蒋琬，伊籍，及旧日荆襄一班文武官员，尽皆升赏。遣使赍黄金五百斤，白银一千斤，钱五千万，蜀锦一千疋，赐与云长。其余官将，给赐有差。杀牛宰马，大饷士卒，开仓赈济百姓，军民大悦。 || Chapter 85, P085-029: 孔明与后主共饮数杯，送后主出府。众官皆环立于门外，见后主面有喜色。后主别了孔明，上御车回朝。众皆疑惑不定。孔明见众官中，一人仰天而笑，面亦有喜色。孔明视之，乃义阳新野人：姓邓，名芝，字伯苗；现为户部尚书；汉司马邓禹之后。孔明暗令人留住邓芝。多官皆散。 || Chapter 85, P085-030: 孔明请芝到书院中，问芝曰：「今蜀、魏、吴鼎分三国，欲讨二国，一统中兴，当先伐何国？」芝曰：「以愚意论之，魏虽汉贼，其势甚大，急难摇动，当徐徐缓图。今主上初登宝位，民心未安，当与东吴连合结为唇齿，一洗先帝旧怨，此乃长久之计也。未审丞相钧意若何。」孔明大笑曰：「吾思之久矣，奈未得其人，今日方得也！」芝曰：「丞相欲其人何为？」孔明曰：「吾欲使人往结东吴。公既能明此意，必能不辱君命。使吴之任，非公不可。」芝曰：「愚才智浅，恐不堪当此重任。」孔明曰：「吾来日奏知天子，便请伯苗一行，切勿推辞。」芝应允而退。至次日，孔明奏准后主，差邓芝往说东吴。芝拜辞，望东吴而来。正是：吴人方见干戈息，蜀使还将玉帛通。未知邓芝此去若何，且看下文分解。",same_body_paragraph
刘备,吴国太,21,3,54;55;61,"Chapter 54, P054-012: 玄德教请吕范入，礼毕坐定。茶罢，玄德问曰：「子衡来必有所谕？」范曰：「范近闻皇叔失偶，有一门好亲，故不避嫌，特来作媒。未知尊意若何？」玄德曰：「中年丧妻，大不幸也。骨肉未寒，安忍便议亲？」范曰：「人若无妻，如屋无梁，岂可中道而废人伦？吾主吴侯有一妹，美而贤，堪奉箕帚。若两家共结秦晋之好，则曹贼不敢正视东南也。此事家国两便，请皇叔勿疑。但我国太吴夫人甚爱幼女，不肯远嫁，必求皇叔到东吴就婚。」玄德曰：「此事吴侯知否？」范曰：「不先禀吴侯，如何敢造次来说？」玄德曰：「吾年已半百，鬓发斑白。吴侯之妹，正当妙龄，恐非配偶。」范曰：「吴侯之妹，身虽女子，志胜男儿。常言：『若非天下英雄，吾不事之。』今皇叔名闻四海，正所谓淑女配君子，岂以年齿上下相嫌乎？」玄德曰：「公且少留，来日回报。」 || Chapter 54, P054-017: 却说乔国老既见玄德，使入见吴国太贺喜。国太曰：「有何喜事？」乔国老曰：「令爱已许刘玄德为夫人，今玄德已到，何故相瞒？」国太惊曰：「老身不知此事！」便使人请吴侯问虚实，一面先使人于城中探听。人皆回报：「果有此事。女婿已在馆驿安歇。五百随行军都在城中买猪羊过果品，准备成亲。做媒的女家是吕范，男家是孙干，俱在馆驿中相待。」国太吃了一惊。 || Chapter 54, P054-018: 少顷，孙权入后堂见母亲。国太搥胸大哭。权曰：「母亲何故烦恼？」国太曰：「你直如此将我看承得如无物！我姐姐临危之时，分付你甚么话来？」孙权失惊曰：「母亲有话明说，何苦如此？」国太曰：「男大须婚，女大须嫁，古今常理。我为你母亲，事当禀命于我。你招刘玄德为婿，如何瞒我？女儿须是我的！」",same_body_paragraph
司马懿,张郃,21,6,69;94;95;96;99;101,"Chapter 69, P069-014: 操见辂言累验，故不敢轻动，留居邺郡，使曹洪领兵五万，往助夏侯渊，张郃同守东川；又差夏侯惇领兵三万，于许都来往巡警，以备不虞；又教长史王必总督御林军马。主簿司马懿曰：「王必嗜酒性宽，恐不堪任此职。」操曰：「王必是孤披荆棘历艰难时相随之人，忠而且勤，心如铁石，最足相当。」遂委王必领御林军马屯于许都东华门外。时有一人姓耿，名纪，字季行，洛阳人也；旧为丞相府掾，后迁侍中少府，与司直韦晃甚厚；见曹操进封王爵，出入用天子车服，心甚不平。建安二十三年春正月，耿纪与韦晃密议曰：「操贼奸恶日甚，将来必为篡逆之事。吾等为汉臣，岂可同恶相济﹖」韦晃曰：「吾有心复人，姓金，名袆，乃汉相金日碑之后，素有讨操之心；更兼与王必甚厚。若得得同谋，大事济矣。」耿纪曰：「他既与王必交厚。岂肯与我同谋乎﹖」韦晃曰：「且往说之，看是如何。」 || Chapter 94, P094-014: 却说司马懿引兵到长安城外下寨。懿入城来见魏主。叡大喜曰：「朕一时不明，误中反间之计，悔之无及！今达造反，非卿等制之，两京休矣。」懿奏曰：「臣闻申仪密告反情，意欲表奏陛下，恐往复迟滞，故不待圣旨，星夜而去。若待奏闻，则中诸葛亮之计也。」言罢，将孔明回孟达密书奉上。叡看毕，大喜曰：「卿之学识，过于孙、吴矣！」赐金钺斧一对，后遇机密重事，不必奏闻，便宜行事。就令司马懿出关破蜀。懿奏曰：「臣举一大将，可为先锋。」叡曰：「卿举何人？」懿曰：「右将军张郃，可当此任。」叡笑曰：「朕正欲用之。」遂命张郃为前部先锋，随司马懿离长安来破蜀兵。正是：既有谋臣能用智，又求猛将助施威。未知胜负如何，且看下文分解。 || Chapter 95, P095-001: 却说魏主曹叡令张郃为先锋，与司马懿一同征进；一面令辛毗、孙礼二人领兵五万，往助曹真。二人奉诏而去。且说司马懿引二十万军，出关下寨，请先锋张郃至帐下曰：「诸葛亮生平谨慎，未敢造次行事。若吾用兵，先从子午谷迳取长安，早得多时矣。他非无谋，但恐有失，不肯弄险。今必出军斜谷，来取郿城。若取郿城，必分兵两路，一军取箕谷矣。吾已发檄文，令子丹拒守郿城，若兵来不可出战；令孙礼、辛毗截住箕谷道口，若兵来则出奇兵击之。」郃曰：「今将军当于何处进兵？」懿曰：「吾素知秦岭之西，有一条路，地名街亭，傍有一城，名列柳城；此二处皆是汉中咽喉。诸葛亮欺子丹无备，定从此进。吾与汝迳取街亭，望阳平关不远矣。亮若知吾断其街亭要路，绝其粮道，则陇西一境，不能安守，必然连夜奔回汉中去也。彼若回动，吾提兵于小路击之，可得全胜；若不归时，吾却将诸处小路，尽皆垒断，俱以兵守之。一月无粮，蜀兵皆饿死，亮必被吾擒矣。」张郃大悟，拜伏于地曰：「都督神算也！」懿曰：「虽然如此，诸葛亮不比孟达。将军为先锋，不可轻进。当传与诸将：循山西路，远远哨探。如无伏兵，方可前进。若是怠忽，必中诸葛亮之计。」张郃受计引军而行。",same_body_paragraph
张郃,黄忠,21,2,70;71,"Chapter 70, P070-017: 众视之，乃老将黄忠也。孔明曰：「汉升虽勇，争奈年老，恐非张郃对手，」忠听了，白须倒竖而言曰：「某虽老，两臂尚开三石之弓，浑身还有千斤之力；岂不足敌张郃匹夫耶﹖」孔明曰：「将军年近七十，如何不老﹖」忠趋步下堂，取架上大刀，轮动如飞；壁上硬弓，连拽折两张。孔明曰：「将军要去，谁为副将﹖」忠曰：「老将严颜，可同我去。但有疏虞，先纳下这白头。」玄德大喜，即时令黄忠，严颜，去与张郃交战。赵云谏曰：「今张郃亲犯葭萌关，军师休为儿戏。若葭萌关一失，益州危矣。何故以二老将当此大敌乎﹖」孔明曰：「汝以二人老迈，不能成事，吾料汉中必于此二人手内可得。」赵云等各各晒笑而退。 || Chapter 70, P070-019: 两个商议定了，黄忠引军下关，与张郃对阵：张郃出马，见了黄忠，笑曰：「你许大年纪，犹不识羞，尚欲出战耶！」忠怒曰：「竖子欺我年老！吾手中宝刀却不老！」遂拍马向前与郃决战。二马相交，约战二十余合，忽然背后喊声起。原来是严颜从小路抄在张郃军后。两军夹攻，张郃大败。连夜赶去，张郃兵退八九十里。黄忠，严颜，收兵入寨，俱各按兵不动。曹洪听知张郃轮了一阵，又欲见罪。郭淮曰：「张郃被逼，必投西蜀；今可遣将助之，就近监督，使不生外心。」 || Chapter 70, P070-020: 曹洪从之，即遣夏侯惇之姪夏侯尚，并降将韩玄之弟韩浩，二人引五千兵，前来助战。二将即时起行，到张郃寨中，问及军情。郃言：「老将黄忠，甚是英雄；更有严颜相助，不可轻敌。」韩浩曰：「我在长沙知此老贼利害。他和魏延献了城池，害吾亲兄，今既相遇，必当报雠。」遂与夏侯尚，引新军离寨前进。",same_body_paragraph
张飞,魏延,21,9,41;56;60;64;65;70;71;72;73,"Chapter 41, P041-008: 当下魏延轮刀砍死守门将士，开了城门，放下吊桥，大叫：「刘皇叔快领兵入城，共杀卖国之贼！」张飞便跃马欲入。玄德急止之曰：「休惊百姓！」魏延只管招呼玄德军马入城。只见城内一将飞马引军而出，大喝：「魏延无名小卒，安敢造乱！认得我大将文聘么！」魏延大怒，挺枪跃马，便来交战。 || Chapter 56, P056-017: 却说鲁肃回见周瑜，说玄德，孔明欢喜不疑，准备出城劳军。周瑜大笑曰：「原来今番也中了吾计！」便教鲁肃禀报吴侯，并遣程普引兵接应。周瑜此时箭疮已渐平愈，身躯无事，使甘宁为先锋，自与徐盛，丁奉为第二；凌统，吕蒙为后队。水陆大兵五百万，望荆州而来。周瑜在船中，时复欢笑，以为孔明中计。前军至夏口，周瑜问：「荆州有人在前面接否？」人报：「刘皇叔使糜竺来见都督。」瑜唤至，问劳军如何。糜竺曰：「主公皆准备安排下了。」瑜曰：「皇叔何在？」竺曰：「在荆州城门相等，与都督把盏。」瑜曰：「今为汝家之事，出兵远征；劳军之礼，休得轻易。」糜竺领了言语先回。战船密密排在江上，依次而进。看看至公安，并无一双军船，又无一人远接。周瑜催船速行。离荆州十余里，只见江面上静荡荡的。哨探的回报：「荆州城上，插两面白旗，并不见一人之影。」瑜心疑，教把船傍岸，亲自上岸，乘马带了甘宁，徐盛，丁奉一班军官，引亲随精军三千人，迳望荆州来。既至城下，并不见动静。瑜勒住马，令军士叫门。城上问是谁人。吴军答曰：「是东吴周都督亲自此。」言未毕，忽一声梆子响，城上一齐都竖起鎗刀。敌楼上赵云出曰：「都督此行，端的为何？」瑜曰：「吾替汝主取西川，汝岂犹未知耶？」云曰：「孔明军师已知都督『假途灭虢』之计，故留赵云在此。吾主公有言：『孤与刘璋，皆汉室宗亲，安忍背义而取西川？若汝东吴端的取蜀，吾当披发入山，不失信于天下也。』」周瑜闻之，勒马便回。只见一人打著令字旗，于马前报说：「探得四路军马，一齐杀到：关某从江陵杀来，张飞从秭归杀来，黄忠从公安杀来，魏延从彝陵小路杀来：四路正不知多少军马。喊声远近震动百余里，皆言要捉周瑜。」瑜马上大叫一声，箭鎗复裂，墬于马下。正是：一著掑高难对敌，几番算定总成空。不知周瑜性命如何，且看下文解。 || Chapter 60, P060-028: 于是遂请孔明同议，起兵西行。孔明曰：「荆州重地，必须分兵守之。」玄德曰：「吾与庞士元，黄忠，魏延，前往西川；军师可与关云长，张翼德，赵子龙，守荆州。」孔明应允。于是孔明总守荆州；关公拒襄阳要路，当青泥隘口；张飞领四郡巡江；赵云屯江陵，镇公安。玄德令黄忠为前部，魏延为后军。玄德自与刘封关平在中军，庞统为军师，马步五万，起程西行。",same_body_paragraph
公孙瓒,刘备,20,11,1;2;5;6;7;11;18;21;22;28;120,"Chapter 1, P001-011: 玄德幼时，与乡中小儿戏于树下，曰：「我为天子，当乘此车盖。」叔父刘元起奇其言，曰：「此儿非常人也！」因见玄德家贫，常资给之。年十五岁，母使游学，尝师事郑玄、卢植；与公孙瓒等为友。及刘焉发榜招军时，玄德年己二十八岁矣。当日见了榜文，慨然长叹。随后一人厉声言曰：「大丈夫不与国家出力，何故长叹？」 || Chapter 2, P002-016: 不五十日，报捷，江夏平。诏封坚为乌程侯；封刘虞为幽州牧，领兵往渔阳征张举、张纯。代州刘恢以书荐玄德见虞。虞大喜，令玄德为都尉，引兵直抵贼巢，与贼大战数日，挫动锐气。张纯专一凶暴，士卒心变，帐下头目刺杀张纯，将头纳献，率众来降。张举见势败，亦自缢死。渔阳尽平。刘虞表奏刘备大功，朝廷赦免鞭督邮之罪，除下密丞，迁高堂尉。公孙瓒又表陈玄德前功，荐为别部司马，守平原县令。玄德在平原，颇有钱粮军马，重整旧日气象。刘虞平寇有功，封太尉。 || Chapter 5, P005-009: 且说北平太守公孙瓒，统领精兵一万五千，路经德州平原县。正行之间，遥见桑树丛中，一面黄旗，数骑来迎。瓒视之，乃刘玄德也。瓒问曰：「贤弟何故在此？」玄德曰：「旧日蒙兄保备为平原县令，今闻大军过此，特来奉候，就请兄长入城歇马。」瓒指关、张而问曰：「此何人也？」玄德曰：「此关羽，张飞，备结义兄弟也。」瓒曰：「乃同破黄巾者乎？」玄德曰：「皆此二人之力。」瓒曰：「今居何职？」玄德答曰：「关羽为马弓手，张飞为步弓手。」瓒叹曰：「如此可谓埋没英雄！今董卓作乱，天下诸侯，共往诛之。贤弟可弃此卑官，一同讨贼，力扶汉室，若何？」玄德曰：「愿往。」张飞曰：「当时若容我杀了此贼，免有今日之事。」云长曰：「事已至此，即当收拾前去。」",same_body_paragraph
刘备,陆逊,20,3,83;84;85,"Chapter 83, P083-020: 权大惊，举止失措，阚泽出班奏曰：「见有擎天之柱，如何不用耶？」权急问何人。泽曰：「昔日东吴大事，全任周郎；后鲁子敬代之；子敬亡后，决于吕子明；今子明虽丧．见有陆伯言在荆州。此人名虽儒生，实有雄才大略，以臣论之；不在周郎之下；前破关公，其谋皆出于伯言。主上若能用之，破蜀必矣。如或有失，臣愿与同罪。」权曰：「非德润之言，孤误大事。」张昭曰：「陆逊乃一书生耳，非刘备敌手；恐不可用。」顾雍亦曰：「陆逊年幼望轻，恐诸公不服；若不服则生祸乱，必误大事。」步骘亦曰：「逊才堪治郡耳；若托以大事，非其宜也。」阚泽大呼曰：「若不用陆伯言，则东吴休矣！臣愿以全家保之！」权曰：「孤亦素知陆伯言乃奇才也：孤意已决，卿等勿言。」 || Chapter 83, P083-021: 于是命召陆逊。逊本名陆议，后改名逊，字伯言，乃吴郡吴人也：汉城门校尉陆纡之孙，九江都尉陆骏之子。身长八尺，面如美玉。官领镇西将军。当下奉召而至。参拜毕，权曰：「今蜀兵临境，孤特命卿总督军马以破刘备。」逊曰：「江东文武，皆大王故旧之臣；臣年无才，安能制之？」权曰：「阚德润以全家保卿，孤亦素知卿才。今拜卿为大都督，卿勿推辞。」逊曰：「倘文武不服，何如？」 || Chapter 83, P083-028: 却说先主自猇亭布列军马，直至川口，接连七百里，前后四十营寨，昼则旌旗蔽日，夜则火光耀天。忽细作报说；「东吴用陆逊为大都督，总制军马。逊令诸将各守险要不出。」先主问曰：「陆逊何如人也？」马良奏曰：「逊虽东吴一书生，然年幼多才，深有谋略；前袭荆州，皆系此人之诡计。」先主大怒曰：「竖子诡谋，损朕二弟，今当擒之！」便传令进兵。马良谏曰：「陆逊之才，不亚周郎，未可轻敌。」先主曰：「朕用兵老矣，岂反不如一黄口孺子耶！」遂亲领前军，攻打诸处津隘口。",same_body_paragraph
刘璋,曹操,20,11,38;54;56;57;59;60;62;63;64;65;67,"Chapter 38, P038-008: 孔明曰：「自董卓造逆以来，天下豪杰并起。曹操势不及袁绍，而竟能克绍者，非惟天时，抑亦人谋也。今操已拥百万之众，挟天子以令诸侯，此诚不可与争锋。孙权据有江东，已历三世，国险而民附，此可用为援，而不可图也。荆州北据汉沔，利尽南海，东连吴会，西通巴蜀，此用武之地，非其主不能守。是殆天所以资将军，将军岂可弃乎？益州险塞，沃野千里，天府之国，高祖因之以成帝业。今刘璋暗弱，民殷国富，而不知存恤，智能之士，思得明君。将军既帝室之胄，信义著于四海，总揽英雄，思贤如渴，若跨有荆益，保其岩阻，西和诸戎，南抚彝越，外结孙权，内修政理；待天下有变，则命一上将，将荆州之兵，以向宛洛；将军身率益州之众，以出秦川，百姓有不箪食壸浆以迎将军者乎？诚如是，则大业可成，汉室可兴矣。此亮所以为将军谋者也。惟将军图之。」言罢，命童子取出画一轴，挂于中堂，指谓玄德曰：「此西川五十四州之图也。将军欲成霸业，北让曹操占天时，南让孙权占地利，将军可占人和。先取荆州为家，后即取西川建基业，以成鼎足之势，然后可图中原也。」 || Chapter 54, P054-004: 孔明曰：「曹操统百万之众，动以天子为名，吾亦不以为意！岂惧周郎一小儿乎！若恐先生面上不好看，我劝主人立纸文书，暂借荆州为本；待我主别图得城池之时，便交付还东吴。此论如何？」肃曰：「孔明待夺得何处，还我东吴？」孔明曰：「中原急未可图；西川，刘璋暗弱，我主将图之。若图得西川，那时便还。」 || Chapter 56, P056-014: 却说玄德与孔明在荆州广聚粮草，调练军马，远近之士多归之。忽报鲁肃到，玄德问孔明曰：「子敬此来何意？」孔明曰：「昨者孙权表主公为荆州牧，此是惧曹操之计。操封周瑜为南郡太守，此欲令我两家自相吞并，他好于中取事也。今鲁肃此来，又是周瑜既受太守之职，要来索荆州之意。」玄德曰：「何以答之？」孔明曰：「若肃提起荆州之事，主公便放声大哭。哭到悲切之处，亮自出来解劝。」计会已定，接鲁肃入府，礼毕，叙坐。肃曰：「今日皇叔做了东吴女婿，便是鲁肃主人，如何敢坐？」玄德笑曰：「子敬与我旧交，何必太谦？」肃乃就坐。茶罢，肃曰：「今奉吴侯钧命，专为荆州一事而来。皇叔已借住多时，未蒙见还。今既两家结亲，当看亲情面上，早早交付。」玄德闻言，掩面大哭。肃惊曰：「皇叔何故如此？」玄德哭声不绝。孔明从屏后出曰：「亮听之久矣。子敬知吾主人哭的缘故么？」肃曰：「某实不知。」孔明曰：「有何难见？当初我主人借荆州时，许下取得西川便还。仔细想来：益州刘璋是我主人之弟，一般都是汉朝骨肉。若要兴兵去取他城池时，恐被外人唾骂；若要不取，还了荆州，何处安身？若不还时，于尊舅面上又不好看。事出两难，因此泪出痛肠。」孔明说罢，触动玄德衷肠，真个搥胸顿足，放声大哭。鲁肃劝曰：「皇叔且休烦恼，与孔明从长计议。」孔明曰：「有烦子敬，回见吴侯，勿惜一言之劳，将此烦恼情节，恳告吴侯，再容几时。」肃曰：「倘吴侯不从，如之奈何？」孔明曰：「吴侯既以亲妹聘嫁皇叔，安得不从乎？望子敬善言回复。」",same_body_paragraph
刘璋,诸葛亮,20,9,38;54;56;57;60;62;64;65;67,"Chapter 38, P038-008: 孔明曰：「自董卓造逆以来，天下豪杰并起。曹操势不及袁绍，而竟能克绍者，非惟天时，抑亦人谋也。今操已拥百万之众，挟天子以令诸侯，此诚不可与争锋。孙权据有江东，已历三世，国险而民附，此可用为援，而不可图也。荆州北据汉沔，利尽南海，东连吴会，西通巴蜀，此用武之地，非其主不能守。是殆天所以资将军，将军岂可弃乎？益州险塞，沃野千里，天府之国，高祖因之以成帝业。今刘璋暗弱，民殷国富，而不知存恤，智能之士，思得明君。将军既帝室之胄，信义著于四海，总揽英雄，思贤如渴，若跨有荆益，保其岩阻，西和诸戎，南抚彝越，外结孙权，内修政理；待天下有变，则命一上将，将荆州之兵，以向宛洛；将军身率益州之众，以出秦川，百姓有不箪食壸浆以迎将军者乎？诚如是，则大业可成，汉室可兴矣。此亮所以为将军谋者也。惟将军图之。」言罢，命童子取出画一轴，挂于中堂，指谓玄德曰：「此西川五十四州之图也。将军欲成霸业，北让曹操占天时，南让孙权占地利，将军可占人和。先取荆州为家，后即取西川建基业，以成鼎足之势，然后可图中原也。」 || Chapter 38, P038-009: 玄德闻言，避席拱手谢曰：「先生之言，顿开茅塞，使备如拨云雾而睹青天；但荆州刘表、益州刘璋，皆汉室宗亲，备安忍夺之？」孔明曰：「亮夜观天象，刘表不久人世。刘璋非立业之主，久后必归将军。」玄德闻言，顿首拜谢。只这一席话，乃孔明未出茅庐，已知三分天下，真万古人不及也！后人有诗赞曰： || Chapter 54, P054-004: 孔明曰：「曹操统百万之众，动以天子为名，吾亦不以为意！岂惧周郎一小儿乎！若恐先生面上不好看，我劝主人立纸文书，暂借荆州为本；待我主别图得城池之时，便交付还东吴。此论如何？」肃曰：「孔明待夺得何处，还我东吴？」孔明曰：「中原急未可图；西川，刘璋暗弱，我主将图之。若图得西川，那时便还。」",same_body_paragraph
司马懿,姜维,20,11,95;97;99;100;101;102;103;104;107;108;109,"Chapter 95, P095-003: 孔明曰：「吾与汝二万五千精兵，再拨一员上将，相助你去。」即唤王平分付曰：「吾素知汝平生谨慎，故特以此重任相托。汝可小心谨慎此地下寨必当要道之处，使贼兵急切不能偷过。安营既毕，便画四至八道地理形状图本来我看。凡事商议停当而行，不可轻易。如所守无危，则是取长安第一功也。戒之！戒之！」二人拜辞引兵而去。孔明寻思，恐二人有失，又唤高翔曰：「街亭东北上有一城，名列柳城，乃山僻小路：此可以屯兵扎寨。与汝一万兵，去此城屯扎。但街亭危，可引兵救之。」高翔引兵而去。孔明又思高翔非张郃对手，必得一员大将，屯兵于街亭之右，方可防之！遂唤魏延引本部兵去街亭之后屯扎。延曰：「某为前部，理合当先破敌，何故置某于安闲之地？」孔明曰：「前锋破敌，乃偏裨之事耳。今令汝接应街亭，当阳平关冲要道路，总守汉中咽喉，此乃大任也。何为安闲乎？汝勿以等闲视之，失吾大事。切宜小心在意！」魏延大喜，引兵而去。孔明恰才心安，如乃唤赵云、邓芝分付曰：「今司马懿出兵，与往日不同。汝二人各引一军出箕谷，以为疑兵。如逢魏兵，或战、或不战，以惊其心。吾自统大军，由斜谷迳取郿城：若得郿城，长安可破矣。」二人受命而去。孔明令姜维作先锋，兵出斜谷。 || Chapter 97, P097-024: 却说曹真因思前番被司马懿夺了功劳，因此到洛口分调郭淮、孙礼东西把守；又听得陈仓口告急，已令王双去救，闻知王双斩将立功，大喜，乃令中护军大'将费耀，权摄前不总督，诸将各自把守译口。忽报山谷中捉得细作来见。曹真令押入，跪于帐下。其人告曰：「小人不是奸细，乃有机密来见都督，误被伏路军捉来，乞退左右。」真乃去其缚，左右暂退。其人告曰：「某乃姜伯约心腹人也，蒙本官遣送密书。真曰：「书安在？」其人于贴肉衣内取出呈上，真拆视之，曰： || Chapter 99, P099-027: 姜维、廖化在山上探望，见魏兵势大，蜀兵力危，渐渐抵当不住。维谓化曰：「如此危急，可开锦囊看计。」二人拆开视之，内书云：「若司马懿兵来围王平、张翼至急，汝二人可分兵两枝，竟袭司马懿之营，懿必急退，汝可乘乱攻之。营虽不得，可获全胜。」二人大喜，即分兵两路，迳向司马懿营中而去。",same_body_paragraph
夏侯惇,许褚,20,13,12;14;16;19;23;24;25;30;31;40;42;48;66,"Chapter 12, P012-019: 曹操班师，曹仁、夏侯惇接见，言近日细作报说：兖州薛兰、李封军士皆出掳掠，城邑空虚，可引得胜之兵攻之，一鼓可下。操遂引军迳奔兖州。薛兰、李封出其不意，只得引兵出城迎战。许褚曰：「吾愿取此二人，以为贽见之礼。」操大喜，遂令出战，李封使画戟，向前来迎。交马两合，许褚斩李封于马下。薛兰急走回阵，吊桥边李典拦住；薛兰不敢回城，引军投巨野而去；却被吕虔飞马赶来，一箭射于马下，军皆溃散。 || Chapter 12, P012-020: 曹操复得兖州，程昱便请进兵取濮阳。操令许褚、典韦为先锋，夏侯惇、夏侯渊为左军，李典、乐进为右军，操自领中军，于禁、吕虔为合后。兵至濮阳，吕布欲自将出迎，陈宫谏：「不可出战。待众将聚会后方可。」吕布曰：「吾怕谁来？」遂不听宫言，引兵出阵，横戟大骂。许褚便出。斗二十合，不分胜负。操曰：「吕布非一人可胜。」便差典韦助战，两将夹攻。左边夏侯惇、夏侯渊，右边李典、乐进齐到，六员将共攻吕布。布遮拦不住，拨马回城。城上田氏，见布败回，急令人拽起吊桥。布大叫：「开门！」田氏曰：「吾已降曹将军。」 || Chapter 12, P012-023: 却说吕布回报陈宫。宫曰：「操多诡计，不可轻敌。」布曰：「吾用火攻，可破伏兵。」乃留陈宫、高顺守城。布次日引大军来，遥见林中有旗，驱兵大进，四面于火，竟无一人；欲投寨中，却闻鼓声大震。正自疑惑不定，忽然寨后一彪军出，吕布纵马赶来。砲声响处，堤内伏兵尽出：夏侯惇，夏侯渊，许褚，典韦，李典，乐进，骤马杀来。吕布料敌不过，落荒而走。从将成廉，被乐进一箭射死。布军三停去了一停，，败卒回报陈宫。宫曰：「空城难守，不若急去。」遂与高顺保著吕布老小，弃定陶而走。曹操将得胜之兵，杀入城中，势如破竹。张超自焚，张邈投袁术去了。山东一境，尽被曹操所得。安民修城，不在话下。",same_body_paragraph
姜维,钟会,20,7,112;115;116;117;118;119;120,"Chapter 112, P112-013: 却说吴兵大半降魏，斐秀告司马昭曰：「吴兵老小，尽在东南江、淮之地，今若留之，久必为变，不如坑之。」钟会曰：「不然；古之用兵者，全国为上，戳其元恶而已。若尽坑之，是不仁也。不如放归江南，以显中国之宽大。」昭曰：「此妙论也。」遂将吴兵尽皆放归本国。唐咨因惧孙琳，不敢回国，亦来投魏。昭皆重用，令分部三河之地。淮南已平。正欲退兵，忽报西蜀姜维引兵来取长城，邀截粮草。昭大惊，与多官计议退兵之策。 || Chapter 115, P115-022: 次日，司马昭于朝外计议此事，前将军邓敦曰：「姜维屡犯中原，我兵折伤甚多；只今守御，尚自未保，奈何深入山川危险之地，自取祸乱耶？」昭怒曰：「吾欲兴仁义之师，伐无道之主，汝安敢逆吾意？」叱武士推出斩之。须臾，呈邓敦首级于阶下。众皆失色。昭曰：「吾自征东以来，息歇六年，治兵缮甲，皆已完备，欲伐吴、蜀久矣。今先定西蜀，乘顺流之势，水陆并进，并吞东吴：此灭虢取虞之道也。吾料西蜀将士，守成都者八九万，守边境者不过四五万，姜维屯田者不过六七万。今吾已令邓艾引关外陇右之兵十余万，绊住姜维于沓中，使不得东顾；遣钟会引关中精兵二三十万，直抵骆谷：三路以袭汉中。蜀主刘禅昏暗，边城外破，士女内震，其亡可必矣。」众皆拜服。 || Chapter 116, P116-005: 艾闻言，愀然不乐。忽钟会檄文至，约艾起兵，于汉中取齐。艾遂遣雍州刺史诸葛绪，引兵一万五千，先断姜维归路；次遣天水太守王颀，引兵一万五千，从左攻沓中；陇西太守牵弘，引一万五千人，从右攻沓中：又遣金城太守杨欣，引一万五千人，于甘松邀姜维之后。艾自引兵三万，往来接应。",same_body_paragraph
孙乾,张飞,20,12,14;16;18;22;24;28;34;35;40;41;57;65,"Chapter 14, P014-029: 遂点军马，克日起程。孙干曰：「可先定守城之人。」玄德曰：「二弟之中，谁人可守？」关公曰：「弟愿守此城。」玄德曰：「吾早晚欲与尔议事，岂可相离？」张飞曰：「小弟愿守此城。」玄德曰：「你守不得此城。你一者酒后刚强，鞭打士卒；二者作事轻易，不从人谏。吾不于心。」 || Chapter 16, P016-002: 玄德闻知此信，聚众商议。张飞要出战。孙干曰：「今小沛粮寡兵微，如何抵敌？可修书告急于吕布。」张飞曰：「那厮如何肯来！」玄德曰：「干之言善。」送修书与吕布。书略曰。伏自将军垂念，今备于小沛容身，实拜云天之德。今袁术欲报私雠，遣纪灵领兵到县，亡在旦夕，非将军莫能救。望驱一旅之师，以救倒悬之急，幸甚幸甚！ || Chapter 16, P016-025: 布听之，不从所请，攻城愈急。玄德与麋竺、孙干商议。孙干曰：「曹操所恨者，吕布也。不若弃城走许都，投奔曹操，借军破布，此为上策。」玄德曰：「谁可当先破围而出？」飞曰：「小弟情愿死战。」玄德令飞在前；云长在后；自居其中，保护老少。当夜三更，乘著月明出北门而走，正遇宋宪、魏续，被翼德一阵杀退，得出重围。后面张辽赶来，关公敌住。吕布见玄德去了，也不来赶，随即入城安民，令高顺守小沛，自己仍回徐州去了。",same_body_paragraph
张昭,曹操,20,12,17;29;38;43;44;56;61;62;67;68;73;75,"Chapter 17, P017-011: 却说孙策自发书后，防袁术兵来，点军守住江口。忽曹操使至，拜策为会稽太守，令起兵征讨袁术。策乃商议，便欲起兵。长史张昭曰：「术虽新败，兵多粮足，未可轻敌；不如遗书曹操，劝他南征，吾为后应。两军相援，术军必败。万一有失，亦望操救援。」策从其言，遣使以此意达曹操。 || Chapter 29, P029-007: 孙策为人最是性急，恨不得即日便愈。将息到二十余日，忽闻张纮有使者自许昌回，策唤问之。使者曰：「曹操甚惧主公；其帐下谋士，亦俱敬服；惟有郭嘉不服。」策曰：「郭嘉曾有何说？」使者不敢言。策怒，固问之。使者只得从实告曰：「郭嘉曾对曹操言：主公不足惧也。轻而无备，性急少谋，乃匹夫之勇耳；他日必死于小人之手。」策闻言，大怒曰：「匹夫安敢料吾！吾誓取许昌！」遂不待疮愈，便欲商议出兵。张昭谏曰：「医者戒主公百日休动，今何因一时之忿，自轻万乘之躯？」 || Chapter 29, P029-031: 却说曹操闻孙策已死，欲起兵下江南。侍御史张纮谏曰：「乘人之丧而伐之，既非义举；若其不克，弃好成仇；不如因而善遇之。」操然其说，乃即奏封孙权为将军，兼领会稽太守；既令张纮为会稽都尉，赍印往江东。孙权大喜，又得张纮回吴，即命与张昭同理政事。张纮又荐一人于孙权。此人姓顾，名雍，子元叹，乃中郎蔡邕之徒；其为人少言语，不饮酒，严厉正大。权以为丞，行太守事。自是孙权威震江东，深得民心。",same_body_paragraph
曹操,董卓,20,12,2;4;5;6;11;20;24;38;44;56;73;120,"Chapter 2, P002-004: 探子回报，具说：「皇甫嵩大获胜捷，朝廷以董卓屡败，命嵩代之。嵩到时，张角已死；张梁统其众，与我军相拒，被皇甫嵩连胜七阵，斩张梁于曲阳。发张角之棺，戮尸枭首，送往京师。余众俱降。朝廷加皇甫嵩为车骑将军，领冀州牧。皇甫嵩又表奏卢植有功无罪，朝廷复卢植原官。曹操亦以有功，除济南相，即日将班师赴任。」朱隽听说，催促军马，悉力攻打阳城。贼势危急，贼将严政，刺杀张宝，献首投降。朱隽遂平数郡，上表献捷。 || Chapter 4, P004-016: 王允得书，寻思无计。一日，于侍班阁子内见旧臣俱在，允曰：「今日老夫贱降，晚间敢屈众位到舍小酌。」众官皆曰：「必来祝寿。」当晚王允设宴后堂，公卿皆至。酒行数巡，王允忽然掩面大哭。众官惊问曰：「司徒贵诞，何故发悲？」允曰：「今日并非贱降，因欲与众位一叙，恐董卓见疑，故托言耳。董卓欺主弄权，社稷旦夕难保。想高皇诛秦灭楚，奄有天下；谁想传至今日，乃丧于董卓之手：此吾所以哭也。」于是众官皆哭。坐中一人抚掌大笑曰：「满朝公卿，夜哭到明，明哭到夜，还能哭死董卓否？」允视之，乃骁骑校尉曹操也。允怒曰：「汝祖宗亦食禄汉朝，今不思报国而反笑耶？」操曰：「吾非笑别事，笑众位无一计杀董卓耳。操虽不才，愿即断董卓头，悬之都门，以谢天下。」允避席问曰：「孟德有何高见？」操曰：「近日操屈身以事卓者，实欲乘间图之耳。今卓颇信操，操因得时近卓。闻司徒有七星宝刀一口，愿借与操入相府刺杀之，虽死不恨！」允曰：「孟德果有是心，天下幸甚！」遂亲自酌酒奉操。操沥酒设誓，允随取宝刀与之。操藏刀，饮酒毕，即起身辞别众官而去。众官又坐了一回，亦俱散讫。 || Chapter 4, P004-017: 次日，曹操佩著宝刀，来至相府，问丞相何在。从人云：「在小阁中。」操竟入。见董卓坐于床上，吕布侍立于侧。卓曰：「孟德来何迟？」操曰：「马赢行迟耳。」卓顾谓布曰：「吾有西凉进来好马，奉先可亲去拣一骑赐与孟德。」布领令而去。操暗忖曰：「此贼合死！」即欲拔刀刺之。惧卓力大，未敢轻动。卓胖大不耐久坐，遂倒身而卧，转面向内。操又思曰：「此贼当休矣！」急掣宝刀在手。恰待要刺，不想董卓仰面看衣镜中，照见曹操在背后拔刀，急回身问曰：「孟德何为？」",same_body_paragraph
关羽,黄忠,19,7,53;55;56;60;65;73;83,"Chapter 53, P053-005: 玄德大喜，遂令张飞星夜去替云长守荆州，令云长来取长沙。云长既至，入见玄德、孔明。孔明曰：「子龙取桂阳，翼德取武陵，都是三千军去。今长沙太守韩玄，固不足道，只是他有一员大将，乃南阳人，姓黄，名忠，字汉升；是刘表帐下中郎将，与刘表之姪刘磐共守长沙，后事韩玄；虽今年近六旬，却有万夫不当之勇，不可轻敌。云长去，必须多带军马。」 || Chapter 53, P053-006: 云长曰：「军师何故长别人锐气，灭自己威风？量一老卒，何足道哉！关某不须用三千军，只消本部下五百名校刀手，决定斩黄忠、韩玄之首，来献麾下。」玄德苦挡。云长不依，只领五百校刀手而去。孔明谓玄德曰：「云长轻敌黄忠，只恐有失，主公当往接应。」玄德从之，随后引兵望长沙进发。 || Chapter 53, P053-007: 却说长沙太守韩玄，平生性急，轻于杀戮，众皆恶之。是时听知云长军到，便唤老将黄忠商议。忠曰：「不须主公忧虑，凭某这口刀，这张弓，一千个来，一千个死！」原来黄忠能开二石之弓，百发百中。",same_body_paragraph
刘琦,诸葛亮,19,8,39;41;42;43;45;49;52;53,"Chapter 39, P039-011: 正商论间，忽报公子刘琦来见。玄德接入。琦泣拜曰：「继母不能相容，性命只在旦夕，望叔父怜而救之。」玄德曰：「此贤姪家事耳，奈何问我？」孔明微笑，玄德求计于孔明。孔明曰：「此家事，亮不敢与闻。」 || Chapter 39, P039-013: 次日，玄德只推腹痛，乃挽孔明代往回拜刘琦。孔明允诺，来至公子宅前下马，入见公子。公子邀入后堂。茶罢，琦曰：「琦不见容于继母，幸先生一言相救。」孔明曰：「亮客寄于此，岂敢与人骨肉之事？倘有泄漏，为害不浅。」说罢，起身告辞。琦曰：「既承光顾，安敢慢待？」乃挽留孔明入密至共饮。 || Chapter 39, P039-016: 琦再拜谢教，乃命人取梯送孔明下楼。孔明辞别，回见玄德，具言其事，玄德大喜。次日，刘琦上言，欲守江夏。刘表犹豫未决，请玄德共议。玄德曰：「江夏重地，固非他人可守，正须公子自往。东南之事，兄父子当之；西北之事，备愿当之。」表曰：「近闻曹操于邺郡作玄武池以练水军，必有南征之意，不可不防。」玄德曰：「备已知之，兄勿忧虑。」遂拜辞回新野。刘表令刘琦引兵三千往江夏镇守。",same_body_paragraph
司马懿,郭淮,19,8,95;97;99;101;102;103;107;108,"Chapter 95, P095-007: 却说王平见魏兵到，引军杀来，正遇张郃；战有数十余合，平力穷势孤，只得退去。魏兵自辰时困至戌时，山上无水，军不得食，寨中大乱。嚷到半夜时分，山南蜀兵大开寨门，下山降魏。马谡禁止不住。司马懿又令人于沿山放火，山上蜀兵愈乱。马谡料守不住，只得驱残兵杀下山西逃奔。司马懿放条大路，让过马谡。背后张郃引兵赶来。赶到三十余里，前面鼓角齐鸣，一彪军出，放过马谡，拦住张郃；视之，乃魏延也：挥刀纵马，直取张郃。郃回军便走。延驱兵赶来，复夺街亭。赶到五十余里，一声喊起，两边伏兵齐出：左边司马懿，右边司马昭，却抄在魏延背后，把延困在垓心。张郃复来，三路兵合在一处。魏延左冲右突，不得脱身，折兵大半。正危急间，忽一彪军杀入，乃王平也。延大喜曰：「吾得生矣！」二将合兵一处，大杀一阵，魏兵方退。二将慌忙奔回寨时，营中皆是魏兵旌旗。申耽、申仪从营中杀出。王平、魏延迳奔列柳城，来投高翔。此时高翔闻知街亭有失，尽起列柳城之兵，前来救应，正遇延、平二人，诉说前事。高翔曰：「不如今晚去劫魏寨，再复街亭。」当时三人在山坡下商议已定。待天色将晚，兵分三路。魏延引兵先进，迳到街亭，不见一人，心中大疑，不敢轻进，且伏在路口等候。忽见高翔兵到，二人共说魏兵不知在何处。正没理会，又不见王平兵到。忽然一声砲响，火光冲天，鼓声震地。魏兵齐出，把魏延、高翔围在垓心。二人尽力冲突，不得脱身。忽听得山坡后喊声若雷，一彪军杀入，乃是王平，救了高、魏二人，迳奔列柳城来。比及奔到城下时，城边早有一军杀到，旗上大书「魏都督郭淮」字样。原来郭淮与曹真商议，恐司马懿得了全功，乃分淮来取街亭；闻知司马懿、张郃成上此功，遂引兵迳袭列柳城。正遇三将，大杀一阵。蜀兵伤者极多。魏延恐阳平关有失，慌与王平、高翔望阳平关来。 || Chapter 95, P095-008: 却说郭淮收了军马，乃谓左右曰：「吾虽不得街亭，却取了列柳城，亦是大功。」引兵迳到城下叫门，只见城上一声砲响，旗帜皆竖，当头一面大旗，上书「平西都督司马懿」。懿撑起悬空板，倚定护心木栏干，大笑曰：「郭伯济来何迟也？」淮大惊曰：「仲达神机，吾不及也！」遂入城。相见已毕，懿曰：「今街亭已失，诸葛亮必走。公可速与子丹星夜追之。」郭淮从其言，出城而去。懿唤张郃曰：「子丹、伯济，恐吾全获大功，故来取此城池。吾非独欲成功，乃侥幸而已。吾料魏延、王平、马谡、高翔等辈，必先去据阳平关。吾若去取此关，诸葛亮必随后掩杀，中其计矣。兵法云：『归师勿掩，穷寇莫追。』汝可从小路抄箕谷退兵。吾自引兵当斜谷之兵。若彼败走，不可相拒，只宜中途截住，蜀兵辎重，可尽得也。」张郃受计，引兵一半去了。懿下令：「迳取斜谷：由西城而进。西城虽山僻小县，乃蜀兵屯粮之所，又南安、天水、安定三郡总路。若得此城，三郡可复矣。」于是司马懿留申耽、申仪守列柳城，自领大军斜谷进发。 || Chapter 97, P097-024: 却说曹真因思前番被司马懿夺了功劳，因此到洛口分调郭淮、孙礼东西把守；又听得陈仓口告急，已令王双去救，闻知王双斩将立功，大喜，乃令中护军大'将费耀，权摄前不总督，诸将各自把守译口。忽报山谷中捉得细作来见。曹真令押入，跪于帐下。其人告曰：「小人不是奸细，乃有机密来见都督，误被伏路军捉来，乞退左右。」真乃去其缚，左右暂退。其人告曰：「某乃姜伯约心腹人也，蒙本官遣送密书。真曰：「书安在？」其人于贴肉衣内取出呈上，真拆视之，曰：",same_body_paragraph
关兴,刘备,18,6,77;78;81;82;83;84,"Chapter 77, P077-026: 正商议间，荆州捷报使命，络绎而至。不一日，关兴到，具言水渰七军之事。忽又报马到来，报说关公于江边多设墩台，隄防甚密，万无一失。因此玄德放心。 || Chapter 78, P078-002: 言未毕，只见关兴号恸而来。玄德见了，大叫一声，又哭绝于地。众官救醒。一日哭绝三五次，三日水浆不进，只是痛哭；泪湿衣襟，斑斑成血。孔明与众官再三劝解。玄德曰：「孤与东吴，誓不同日月也！」孔明曰：「闻东吴将关公首级献与曹操，操以王侯礼祭葬之。」玄德曰：「此何意也？」孔明曰：「此是东吴欲移祸于曹操，操知其谋，故以厚礼葬关公，令主上归怨于吴也。」玄德曰：「吾今即提兵问罪于吴，以雪吾恨！」孔明谏曰：「不可。吴欲令我伐魏，魏亦欲令我伐吴；各怀谲计，伺隙而乘。主上只宜按兵不动，且与关公发丧。待吴、魏不和，乘时而伐之，可也。」 || Chapter 81, P081-015: 先主正欲遣苞起兵，又报一彪军风拥而至。先主令侍臣探之。须臾，侍臣引一小将军，白袍银铠，入营伏地而哭。先主视之，乃关兴也。先主见了关兴，想起关公，又放声大哭。众官苦劝。先主曰：「朕想布衣时，与关、张结义，．誓同生死；朕今为天子，正欲与两弟共享富贵，不幸俱死于非命！见此二姪，能不断肠！」",same_body_paragraph
刘备,张昭,18,14,43;44;55;56;58;61;62;65;66;67;73;77;82;83,"Chapter 43, P043-027: 张昭知孙权欲兴兵，遂与众议曰：「中了孔明之计也！」急入见权曰：「昭等闻主公将兴兵与曹操争锋。主公自思比袁绍若何？曹操向日兵微将寡，尚能一鼓克袁绍，何况今日拥百万之众南征，岂可轻敌？若听诸葛亮之言，妄动甲兵，此所谓负薪救火也。」孙权只低头不语。顾雍曰：「刘备因为曹操所败，故欲借我江东之兵以拒之，主公奈何为其所用乎？愿听子布之言。」 || Chapter 44, P044-002: 鲁肃上马去了。周瑜方才歇息。忽报张昭、顾雍、张纮、步骘四人来相探。瑜接入堂中坐定，叙寒温毕。张昭曰：「都督知江东之利害否？」瑜曰：「未知也。」昭曰：「曹操拥众百万，屯于汉上，昨传檄文至此，欲请主公会猎于江夏。虽有相吞之意，尚未露其形。昭等劝主公且降之，庶免江东之祸。不想鲁子敬从江夏带刘备军师诸葛亮至此，彼因自欲雪愤，特下说词以激主公。子敬却执迷不悟。正欲待都督一决。」瑜曰：「公等之见皆同否？」顾雍等曰：「所议皆同。」瑜曰：「吾亦欲降久矣。公等请回。明早见主公，自有定议。」 || Chapter 55, P055-004: 孙权看毕，以书示张昭。昭曰：「公瑾之谋，正合愚意。刘备起身微末，奔走天下。未尝享受富贵。今若以华堂大厦，子女金帛，令彼享用，自然疏远孔明、关、张等。使彼各生怨望，然后荆州可图也。主公可依公瑾之计火速行之。」",same_body_paragraph
刘备,徐庶,18,5,36;37;38;39;41,"Chapter 36, P036-010: 却说曹仁与李典回许都，见曹操，泣拜于地请罪，具言损将折兵之事。操曰：「胜负乃兵家之常。但不知谁为刘备画策？」曹仁言是单福之计。操曰：「单福何人也？」程昱笑曰：「此非单福也。此人幼好学击剑。中平末年，尝为人报雠杀人，披发涂面而走，为吏所获。问其姓名不答，吏乃䌸于车上，击鼓行于市，令市人识之，虽有识者不敢言。而同伴窃解救之，乃更姓名而逃，折节向学，遍访名师。尝与司马徽谈论。此人乃颍川徐庶，字元直。单福乃其托名耳。」操曰：「徐庶之才，比君何如？」昱曰：「十倍于昱。」操曰：「惜乎贤士归于刘备！羽翼成矣，奈何？」昱曰：「徐庶虽在彼，丞相要用，召来不难。」操曰：「安得彼来归？」昱曰：「徐庶为人至孝。幼丧其父，止有老母在堂。现今其弟徐康已亡，老母无人侍养。丞相可使人赚其母至许昌，令作书召其子，则徐庶必至矣。」 || Chapter 36, P036-011: 操大喜，使人星夜前去取徐庶母。不一日取至。操厚待之，因谓之曰：「闻令嗣徐元直，乃天下奇才也。今在新野，助逆臣刘备，背叛朝廷，正犹美玉落于污泥之中，诚为可惜。今烦老母作书，唤回许都，吾于天子之前保奏，必有重赏。」 || Chapter 36, P036-013: 言讫，取石砚便打曹操。操大怒，叱武士执徐母出，将斩之。程昱急止之。入谏操曰：「徐母触忤丞相者，欲求死也。丞相若杀之，则招不义之名，而成徐母之德。徐母既死，徐庶必死心助刘备以报雠矣；不如留之，使徐庶身心两处，纵使助刘备，亦不尽力也。且留得徐母在，昱自有计赚徐庶至此，以辅丞相。」",same_body_paragraph
刘禅,邓艾,18,7,113;114;115;116;117;118;119,"Chapter 113, P113-028: 却说邓艾催督先锋郑伦来袭山后。伦方转过山角，忽然一声砲响，鼓角喧天，伏兵杀出：为首大将，乃廖化也。二人未及答话，两马交处，被廖化一刀，斩郑伦于马下。邓艾大惊，急勒兵退时，张翼引一军杀到。两下夹攻，魏兵大败。艾舍命突出，身被四箭。奔于渭南寨时，司马望亦到。二人商议退兵之策。望曰：「近日蜀主刘蝉，宠幸中贵黄皓，日夜以酒色为乐，可用反间计召回姜维，此围可解。」艾问众谋士曰：「谁可入蜀交通黄皓？」言未毕，一人应声曰：「某愿往。」艾视之，乃襄阳党均也。艾大喜，即令党均斋金珠宝物，迳到成都连结黄皓，布散流言，说姜维怨望天子，不久投魏。于是成都人人所说皆同。黄皓奏知后主，即遣人星夜宣姜维入朝。 || Chapter 114, P114-003: 且说姜维至成都，入见后主，问召回之故。后主曰：「朕为卿在边庭，久不还师，恐劳军士，故诏卿回朝，别无他意。」维曰：「臣已得祁山之寨，正欲收功，不期半途而废。此必中邓艾反间之计矣。」后主默然不语。姜维又奏曰：「臣誓讨贼，以报国恩。陛下休听小人之言，致生疑虑。」后主良久乃曰：「朕不疑卿；卿且回汉中，矣魏国有变，再伐之可也。」姜维叹息出朝，自投汉中去讫。 || Chapter 115, P115-015: 时右将军阎宇，身无寸功；只因阿附黄皓，遂得重爵；闻姜维统兵在祁山，乃说皓奏后主曰：「姜维屡战无功，可命阎宇代之。」后主从其言，遣使齐诏，召回姜维。维正在祁山攻打寨栅，忽一日三道诏至，宣维班师。维只得遵命，先令洮阳兵退，次后与张翼徐徐而退。邓艾在寨中，只听得一夜鼓角喧天，不知何意。至平明，人报蜀兵尽退，止留空寨。艾疑有计，不敢追袭。",same_body_paragraph
吕布,张辽,18,7,11;12;16;17;18;19;20,"Chapter 11, P011-028: 操指吕布而言曰：「吾与汝自来无雠，何得夺吾州郡？」布曰：「汉家城池，诸人有分，偏尔合得？」便叫臧霸出马搦战。曹军内乐进出迎。两马相交，双鎗齐举。战到三十余合，胜负不分。夏侯惇拍马便出助战，吕布阵上，张辽截住厮杀。恼得吕布性起，挺戟骤马，冲出阵来，夏侯惇、乐进皆走。吕布掩杀，曹军大败，退三四十里。布自收军。 || Chapter 11, P011-030: 却说吕布于寨中劳军。陈宫曰：「西寨是个要紧去处，倘或曹操袭之，奈何？」布曰：「他今日输了一阵，如何敢来？」宫曰：「曹操是极能用兵之人，须防他攻我不备。」布乃拨高顺并魏续、侯成引兵往守西寨。却说曹操于黄昏时分，引军至西寨，四面突入。寨兵不能抵挡，四散奔走，曹操夺了寨。将及四更，高顺方引军到，杀将入来。曹操自引军马来迎，正逢高顺，三军混战。将及天明，正西鼓声大震，人报吕布自引军来了。操弃寨而走。背后高顺，魏续，侯成赶来，当头吕布亲自引军来到。于禁，乐进，双战吕布不住，操望北而行。山后一彪军出：左有张辽，右有臧霸。操使吕虔、曹洪战之，不利，操望西而走。忽又喊声大震，一彪军至：郝萌，曹性，成廉，宋宪四将拦住去路。众将死战，操当先冲阵。梆子响处，箭如骤雨射将来。操不能前进，无计可脱，大叫：「谁人救我！」 || Chapter 12, P012-021: 布大骂，引军奔定陶而去。陈宫急开东门，保护吕布老小出城。操遂得濮阳，恕田氏旧日之罪。刘晔曰：「吕布乃猛虎也，今日困乏，不可少容。」操令刘晔等守濮阳，自己引军赶至定陶。时吕布与张邈、张超尽在城中，高顺、张辽、臧霸、侯成巡海打粮未回。操军至定陶，连日不战，引军退四十里下寨。正值济郡麦熟，操即令军割麦为食。细作报知吕布，布引军赶来。将近操寨，见左边一望林木茂盛，恐有伏兵而回。",same_body_paragraph
吕布,袁绍,18,14,5;11;13;16;18;19;22;31;40;43;44;48;56;93,"Chapter 5, P005-011: 读毕，歃血。众因其辞气慷慨，皆涕泗横流。歃血已罢，下坛。众扶绍升帐而坐，两行依爵位年齿分列坐定。操行酒数巡，言曰：「今日既立盟主，各听调遣，同扶国家，勿以强弱计较。」袁绍曰：「绍虽不才，既承公等推为盟主，有功必赏，有罪必罚。国有常刑，军有纪律；各宜遵守，勿得违犯。」众皆曰：「惟命是听。」绍曰：「吾弟袁术总督粮草，应付诸营，无使有缺。更须一人为先锋，直抵汜水关挑战。余各据险要，以为接应。」长沙太守孙坚出曰：「坚愿为前部。」绍曰：「文台勇烈，可当此任。」坚遂引本部人马杀奔汜水关来。守关将士，差流星马往洛阳丞相府告急。董卓自专大权之后，每日饮宴。李儒接得告急文书，迳来禀卓。卓大惊，急聚众将商议。温侯吕布挺身出曰：「父亲勿虑：关外诸侯，布视之如草芥。愿提虎狼之师，尽斩其首，悬于都门。」卓大喜曰：「吾有奉先，高枕无忧矣！」言未绝，吕布背后一人高声出曰：「『割鸡焉用牛刀？』不劳温侯亲往。吾斩众诸侯首级，如探囊取物耳。」卓视之，其人身长九尺，虎体狼腰，豹头猿臂：关西人也；姓华，名雄。卓闻言大喜，加为骁骑校尉，拨马步军五万，同李肃，胡轸，赵岑星夜赴关迎敌。众诸侯内有济北相鲍信，寻思孙坚既为前部，怕他夺了头功，暗拨其弟鲍忠，先将马步军三千，迳抄小路，直到关下搦战。华雄引铁骑五百，飞下关来，大喝：「贼将休走！」鲍忠急待退，被华雄手起刀落，斩于马下，生擒将校极多。华雄遣人将鲍忠首级来相府报捷，卓加雄为都督。 || Chapter 5, P005-019: 曹操大喜。只见玄德背后转出张飞，高声大叫：「俺哥哥斩了华雄，不就这里杀入关去，活拏董卓，更待何时！」袁术大怒，喝曰：「俺大臣尚自谦让，量一县令手下小卒，安敢在此耀武扬威！都与赶出帐去！」曹操曰：「得功者赏，何计贵贱乎？」袁术曰：「既然公等只重一县令，我当告退。」操曰：「岂可因一言而误大事耶？」命公孙瓒且带玄德、关、张回寨。众官皆散。曹操暗使人赍牛酒抚慰三人。却说华雄手下败军，报上关来。李肃慌忙写告急文书，申闻董卓。卓急聚李儒、吕布等商议。儒曰：「今失了上将华雄，贼势浩大。袁绍为盟主，绍叔袁隗，现为太傅；倘或里应外合，深为不便，可先除之。请丞相亲领大军，分拨剿捕。」 || Chapter 5, P005-021: 流星马探听得，报入袁绍大寨里来。绍聚众商议。操曰：「董卓屯兵虎牢，截俺诸侯中路，今可勒兵一半迎敌。」绍乃分王匡，乔瑁，鲍信，袁遗，孔融，张杨，陶谦，公孙瓒，八路诸侯，往虎牢关迎敌。操引军往来救应。八路诸侯，各自起兵。河内太守王匡，引兵先到。吕布带铁骑三千，飞奔来迎。王匡将军马列成阵势，勒马门旗下看时，见吕布出阵：头戴三叉束发紫金冠，体挂西川红锦百花袍，身披兽面吞头连环铠，腰系勒甲玲珑狮蛮带；弓箭随身，手持画戟；坐下嘶风赤兔马；果然是人中吕布，马中赤兔！",same_body_paragraph
张郃,张飞,18,5,31;42;69;70;99,"Chapter 31, P031-022: 正夺路间，只见云长、关平、周仓引三百军到。两下夹攻，杀退张郃。各出隘口，占住山险下寨。玄德使云长寻觅张飞。原来张飞去救龚都，龚都已被夏侯渊所杀。飞奋力杀退夏侯渊，迤逦赶去，却被乐进引军围住。云长路逢败军，寻踪而去，杀退乐进，与飞同回见玄德。 || Chapter 42, P042-005: 俄而曹仁、李典、夏侯惇、夏侯渊、乐进、张辽、张郃、许褚等都至。见飞怒目横矛，立马于桥上，又恐是诸葛孔明之计，都不敢近前，扎住阵脚，一字儿摆在桥西，使人飞报曹操。操闻知，急上马，从阵后来。张飞圆睁环眼，隐隐见后军青罗伞盖、旄钺旌旗来到，料得是曹操心疑，亲自来看。飞乃厉声大喝曰：「我乃燕人张翼德也！谁敢与我决一死战？」声如巨雷。曹军闻之，尽皆股栗。曹操急令去其伞盖，回顾左右曰：「我向曾闻云长言，翼德于百万军中，取上将之首，如探囊取物。今日相逢，不可轻敌。」 || Chapter 69, P069-026: 却说曹洪领兵到汉中，令张郃，夏侯渊各据险要。曹洪亲自进兵拒敌。时张飞自与雷同守巴西。马兵至下办，令吴兰为先锋，领军哨出，正与曹洪军相遇，吴兰欲退。牙将任夔曰：「贼兵初至，若不先挫其锐气，何颜见孟起乎﹖」于是骤马挺枪搦曹洪战。洪自提刀跃马而出。交锋三合，斩任夔于马下，乘势掩杀。吴兰大败，回见马超。超责之曰：「汝不得吾令，何故轻敌致败﹖」吴兰曰：「任夔不听吾言，故有此败。」马超曰：「可紧守隘口，勿与交锋。」一面申报成都，听候行止。",same_body_paragraph
曹叡,诸葛亮,18,10,91;92;94;95;96;97;98;101;102;103,"Chapter 91, P091-012: 早有细作飞报入川。孔明大惊曰：「曹丕已死，孺子曹叡即位，余皆不足虑，司马懿深有谋略，今督雍、凉兵马，倘训练成时，深为蜀中之大患。不如先起兵伐之。」参军马谡曰：「今丞相平南方回，军马疲敝，只宜存恤，岂可复远征？某有一计，使司马懿自死于曹叡之手，未知丞相钧意允否？」 || Chapter 91, P091-013: 孔明问是何计。马谡曰：「司马懿虽是魏国大臣，曹叡素怀疑忌。何不密遣人往洛阳、邺郡等处，布散流言，道此人欲反？更作司马懿告示天下榜文，遍贴诸处，使曹叡心疑，必然杀此人也。」孔明从之，即遣人密行此计去了。 || Chapter 91, P091-026: 却说边庭探知此事，报入洛阳。是日曹叡设朝，近臣奏曰：「边官报称：诸葛亮率大兵三十余万，出屯汉中，令赵云、邓芝为前部先锋，引兵入境。」叡大惊，问群臣曰：「谁可为将，以退蜀兵？」忽一人应声而出曰：「臣父死于汉中，切齿之恨，未尝得报。今蜀兵犯境，臣愿引本部猛将，更乞陛下赐关西之兵，前往破蜀。上为国家效力，下报父雠，臣万死不恨！」",same_body_paragraph
曹操,贾诩,18,12,10;16;17;18;23;59;66;67;74;78;79;80,"Chapter 10, P010-010: 李傕、郭汜自战败西凉兵，诸侯莫敢谁何。贾诩屡劝抚安百姓，结纳贤豪。自是朝廷微有生意。不想青州黄巾又起，聚众数十万，头目不等，劫掠良民。太仆朱隽，保举一人，可破群贼。李傕、郭汜问是何人。朱隽曰：「要破山东群贼，非曹孟德不可。」李傕曰：「孟德今在何处？」隽曰：「见为东郡太守，广有军兵。若命此人讨贼，贼可克日而破也。」李傕大喜，星夜草诏，差人赍往东郡，命曹操与济北相鲍信一同破贼。操领了圣旨，会合鲍信，一同兴兵，击贼于寿阳。鲍信杀入重地，为贼所害。操追赶贼兵，直到济北，降者数万。操即用贼为前驱，兵马到处，无不降须。不过百余日，招安到降兵三十余万、男女百余万口。操择精锐者，号为「青州兵」，其余尽令归农。操自此威名日重。捷书报到长安，朝廷加曹操为镇东将军。 || Chapter 16, P016-034: 绣甚喜，预先准备弓箭甲兵，告示各寨。至期令贾诩致意请典韦到寨，殷勤待酒。至晚醉归，胡车儿杂在众人队里，直入大寨。是夜曹操于帐中，与邹氏饮酒。忽听帐外人言马嘶，操使人观之。回报是张绣军夜巡，操乃不疑。时近二更，忽闻寨后呐喊。报说草车上火起。操曰：「军中失火，勿得惊动。」 || Chapter 17, P017-027: 城中贾诩见如此光景，便谓张绣曰：「某已知曹操之意矣；今可将计就计而行。」正是：「强中自有强中手，用诈还逢识诈人。」不知其计若何，且看下文分解。",same_body_paragraph
董卓,袁绍,18,9,3;4;5;6;7;38;56;93;120,"Chapter 3, P003-013: 车驾行不到数里，忽见旌旗蔽日，尘土遮天，一枝人马到来。百官失色，帝亦大惊。袁绍骤马出问何人。绣旗影里，一将飞出，厉声问：「天子何在？」帝战栗不能言。陈留王勒马向前，叱曰：「来者何人？」卓曰：「西凉刺史董卓也。」陈留王曰：「汝来保驾耶？汝来劫驾耶？」卓应曰：「特来保驾。」陈留王曰：「既来保驾，天子在此，何不下马？」卓大惊，慌忙下马，拜于道左。陈留王以言抚慰董卓，自初至终，并无失语。卓暗奇之，已怀废立之意。 || Chapter 3, P003-014: 是日还宫，见何太后，俱各痛哭。检点宫中，不见了传国玉玺。董卓屯兵城外，每日带铁甲马军入城，横行街市，百姓惶惶不安。卓出入宫庭，略无忌惮。后军校尉鲍信，来见袁绍，言董卓必有异心，可速除之。绍曰：「朝廷新定，未可轻动。」鲍信见王允，亦言其事。允曰：「且容商议。」信自引本部军兵，投泰山去了。 || Chapter 4, P004-001: 且说董卓欲杀袁绍，李儒止之曰：「事未可定，不可妄杀。」袁绍手提宝剑，辞别百官而出，悬节东门，奔翼州去了。卓谓太传袁隗曰：「汝姪无礼，吾看汝面，姑恕之。废立之事若何？」隗曰：「太尉所见是也。」卓曰：「敢有阻大议者，以军法从事。」群臣震恐，皆云：「一听尊命。」宴罢，卓问侍中周毖、校尉伍琼曰：「袁绍此去若何？」周毖曰：「袁绍忿忿而去，若购之急，势必为变，且袁氏树恩四世，门生故吏，遍于天下；倘收豪杰以聚徙众，英雄因之而起，山东非公有也。不如赦之，拜为一郡守，则绍喜于免罪，必无患矣。」伍琼曰：「袁绍好谋无断，不足为虑；诚不若加之一郡守，以收民心。」",same_body_paragraph
诸葛亮,郭淮,18,8,93;95;97;98;99;101;102;103,"Chapter 93, P093-009: 曹真领大军来到长安，过渭水之西下寨。真与王朗、郭淮共议退兵之策。朗曰：「来日可严整队伍，大展旌旗。老夫自出，只用一席话，管教诸葛亮拱手而降，蜀兵不战自退。」真大喜，是夜传令：来日四更造饭，平明务要队伍整齐，人马威仪，旌旗鼓角，各按次序。当时使人先下战书。次日，两军相迎，列成阵势于祁山之前。蜀军见魏兵甚是雄壮，与夏侯楙大不相同。 || Chapter 93, P093-010: 三军鼓角己罢，司徒王朗乘马而出。上首乃都督曹真，下首乃副都督郭淮：两个先锋压住阵角。探子马出军前，大叫曰：「请对阵主将答话！」只见蜀兵门旗开处，关兴、张苞，分左右而出，立马于两边；次后一队队骁将分列；门旗影下，中央一辆四轮车，孔明端坐车中，纶巾羽扇，素衣皂（左糸右条），飘然而出。孔明举目见魏阵前三个麾盖，旗上大书姓名，中央白髯老者，乃军师司徒王朗。孔明暗忖曰：「王朗必不说词，吾当随机应之。」遂教推车出阵外，令护军小校传曰：「汉丞相与司徒会话。」王朗纵马而出。孔明于车上拱手，王朗在马上欠身答礼。朗曰：「久闻公之大名，今幸一会。公既知天命、识时务，何故兴无名之师？」孔明曰：「吾奉诏讨贼，何谓无名？」朗曰：「天数有变，神器更易，而归有德之人，此自然之理也。曩自桓、灵以来，黄巾倡乱，天下争横。降至初平、建安之岁，董卓造逆，傕、汜继虐；袁术僭号于寿春，袁绍称雄于邺上；刘表占据荆州，吕布虎吞徐郡：盗贼蜂起，奸雄鹰扬，社稷有累卵之危，生灵有倒悬之急。我太祖武皇帝，扫清六合，席卷八荒；万姓倾心，四方迎德：非以权势取之，实天命所归也。世祖文帝，神圣文武，以膺大统，应天合人，法尧禅舜，处中国以治万邦，岂非天心人意乎？今公蕴大才，报大器，欲自比于管乐，何乃强欲逆天理，背人情而行事耶？岂不闻古人云：『顺天者昌，逆天者亡。」今我大魏带甲百万，良将千员。谅腐草之萤光，怎及天心之皓月？公可倒戈卸甲，以礼来降，不失封侯之位。国安民乐，岂不美哉！」孔明在车上大笑曰：「吾以为汉朝大老元臣，必有高论，岂期出此鄙言！吾有一言，诸军静听：昔桓、灵之世，汉统陵替，宦官酿祸；国乱岁凶，四方扰攘。黄巾之后，董卓、傕、汜等接踵而起，迁劫汉帝，残暴生灵。因庙堂之上，朽木为官；殿陛之间，禽兽食禄。狼心狗行之辈，滚滚当朝；奴颜婢膝之徒，纷纷秉政。以致社稷邱墟，苍生涂炭。吾素知汝所行！世居东海之滨，初举孝廉入仕。理合匡君辅国，安汉兴刘；何期反助逆贼，同谋篡位！罪恶深重，天地不容！天下之人，愿食汝肉！」「今幸天意不绝炎汉，昭烈皇帝继统西川。吾今奉嗣君之旨，兴师讨贼。汝既为谄谀之臣，只可潜身缩首，苟图衣食；安敢在行伍之前，妄称天数耶！皓首匹夫！苍髯老贼！汝即日将归于九泉之下，何面目见二十四帝乎！老贼速退！可叫反臣与吾共决胜负！」王朗听罢，气满胸膛，大叫一声，撞死于马下。后人有诗赞孔明曰： || Chapter 93, P093-012: 孔明以扇指曹真曰：「吾不逼汝。汝可整顿军马，来日决战。」言讫回车。于是两军皆退。曹真将王朗尸首，用棺木盛贮，送回长安去了。副都督郭淮曰：「诸葛亮料吾军中治丧，今夜必来劫寨。可分兵四硌：两路兵从山僻小路，乘虚去劫蜀寨；两路兵伏于本寨外，左右击之。」曹真大喜曰：「此计与吾相合。」遂传令唤曹遵、朱赞两个先锋分付曰：「汝二人各引一万军，抄出祁山之后。但见蜀兵望吾寨而来，汝可进兵去劫蜀寨。如蜀兵不动，便撤兵回，不可轻进。」二人受计，引兵而去。真谓淮曰：「我两个各引一枝军，伏于寨外，寨中虚堆柴草，只留数人。如蜀兵到，放火为号。」诸将皆分左右，各自准备去了。",same_body_paragraph
诸葛亮,马超,18,9,58;65;71;73;81;85;86;87;92,"Chapter 58, P058-004: 使者去了。玄德问曰：「今操起三十万大军，会合淝之众，一拥而来，先生有何妙计，可以退之？」孔明曰：「操平生所虑者，乃西凉之兵也。今操杀马腾，其子马超，现统西凉之众，必切齿操贼。主公可作一书，往结马超，使超兴兵入关，则操又无暇下江南矣。」玄德大喜，即时作书，遣一心腹人，迳往西凉州投下。 || Chapter 65, P065-005: 严入绵竹城，对费观赞玄德如此仁德；今若不降，必有大祸。观从其言，开门投降。玄德遂入绵竹，商议分兵取成都。忽流星马急报，言：「孟达，霍峻守葭明关，今被东川张鲁遣马超与杨柏，马岱领兵攻打甚急，救迟则关隘休矣。」玄德大惊。孔明曰：「须是张，赵二将，方可与敌。」玄德曰：「子龙引兵在外未回。翼得已在此，可急遗之。」孔明曰：「主公且勿言，容亮激之。」 || Chapter 65, P065-006: 却说张飞闻马超攻关，大叫而入曰：「辞了哥哥，便去战马超也！」孔明佯作不闻，对玄德曰：「今马超侵犯关隘，无人可敌；除非往荆州取关云长来，方可与敌。」张飞曰：「军师何故小觑吾？吾曾独拒曹操百万之兵，岂愁马超一匹夫乎？」孔明曰：「翼德拒水断桥，此因曹操不知虚实耳。若知虚实将军岂得无事？今马超之勇，天下皆知。渭桥大战，杀得曹操割须弃袍，几乎丧命，非等闲之比，云长且未必能胜。」飞曰：「我只今便去；如胜不得马超，甘当军令！」孔明曰：「即尔肯写文书，便为先锋。请主公亲自去一遭。留亮守绵竹。待子龙来，却作商议。」魏延曰：「某亦愿往。」",same_body_paragraph
邓艾,钟会,18,7,107;115;116;117;118;119;120,"Chapter 107, P107-029: 维问：「二人是谁？」霸告曰：「一人现为秘书郎，乃颍川长社人：姓钟，名会，字士季，太傅钟繇之子，幼有胆智。繇尝率二子见文帝。会时年七岁，其兄毓年八岁。毓见帝惶惧，汗流满面。帝问毓曰：『卿何以汗？』毓对曰：『战战惶惶，汗出如浆。』帝问会曰：『卿何以不汗？』会对曰：『战战栗栗，汗不敢出。』帝独奇之。及稍长，喜读兵书，深明韬略。司马懿与蒋济皆称其才。一人现为掾吏，乃义阳人也；姓邓，名艾，字士载，幼年失父，素有大志，但见高山大泽，辄窥度指画，何处可以屯兵，何处可以积粮，何处可以埋伏。人皆笑之，独司马懿奇其才，遂令参赞军机。艾为人口吃，每奏事必称『艾，艾』懿戏谓曰：『卿称艾艾，当有几艾？』应声曰：『凤兮凤兮，故是一凤。』其资性敏捷，大抵如此。二人深可畏也」维笑曰：「量此孺子，何足道哉！」 || Chapter 115, P115-021: 昭大笑曰：「此言最善。吾欲伐蜀，谁可为将？」荀勗曰：「邓艾乃世之良材，更得钟会为副将，大事成矣。」昭大喜曰：「此言正合吾意。」乃召钟会入而问曰：「吾欲令汝为大将，去伐东吴，可乎？」会曰：「主公之意，本不欲伐吴，实欲伐蜀也。」昭大笑曰：「子诚识吾心也。但卿往伐蜀，当用何策？」会曰：「某料主公欲伐蜀，已画图本在此。」昭展开视之，图中细载一路安营下寨屯粮积草之处，从何而进，从何而退，一一皆有法度。昭看了，大喜曰：「真良将也！卿与邓艾合兵取蜀，何如？」会曰：「蜀川道广，非一路可进；当使邓艾分兵各进，可也。」昭遂拜钟会为镇西将军，假节钺，都督关中人马，调遣青、徐、兖、豫、荆、扬等处；一面差人持节令邓艾为征西将军，都督关外陇上，使约期伐蜀。 || Chapter 115, P115-022: 次日，司马昭于朝外计议此事，前将军邓敦曰：「姜维屡犯中原，我兵折伤甚多；只今守御，尚自未保，奈何深入山川危险之地，自取祸乱耶？」昭怒曰：「吾欲兴仁义之师，伐无道之主，汝安敢逆吾意？」叱武士推出斩之。须臾，呈邓敦首级于阶下。众皆失色。昭曰：「吾自征东以来，息歇六年，治兵缮甲，皆已完备，欲伐吴、蜀久矣。今先定西蜀，乘顺流之势，水陆并进，并吞东吴：此灭虢取虞之道也。吾料西蜀将士，守成都者八九万，守边境者不过四五万，姜维屯田者不过六七万。今吾已令邓艾引关外陇右之兵十余万，绊住姜维于沓中，使不得东顾；遣钟会引关中精兵二三十万，直抵骆谷：三路以袭汉中。蜀主刘禅昏暗，边城外破，士女内震，其亡可必矣。」众皆拜服。",same_body_paragraph
公孙瓒,袁绍,17,7,5;6;7;18;21;28;120,"Chapter 5, P005-008: 第一镇，后将军南阳太守袁术。第二镇，冀州刺史韩馥。第三州镇，豫州刺史孔。第四镇，兖州刺史刘岱。第五镇，河内郡太守王匡。第六镇，陈留太守张邈。第七镇，东郡太守乔瑁。第八镇，山阳太守刘遗。第九镇，济北相鲍信。第十镇，北海太守孔融。第十一镇，广陵太守张超。第十二镇，徐州刺史陶谦。第十三镇，西凉太守马腾。第十四镇，北平太守公孙瓒。第十五镇，上党太守张杨。第十六镇，乌程侯长沙太守孙坚。第十七镇，祁乡侯渤海太守袁绍。诸路军马，少不等，一有三万者，有一二万者一，各领文官武将，投洛阳来。 || Chapter 5, P005-015: 华雄军于下遥月见赤帻，四面围定，不敢近前。用箭射之，方知是计，遂向前取了赤帻。祖茂于林后杀出，挥双刀欲劈华雄；雄大喝一声，将祖茂一刀砍于马下。杀至天明，雄方引兵上关。程普，黄盖，韩当都来寻见孙坚，再收拾军马屯扎。坚为折了祖茂，伤感不已，星夜遣人报知袁绍。绍大惊曰：「不想孙文台败于华雄之手！」便聚众诸侯商议。众人都到，只有公孙瓒后至，绍请入帐列坐。绍曰：「前日鲍将军之弟不遵调遣，擅自进兵，杀身丧命，折了许多军士。今者孙文台又败于华雄：挫动锐气，为之奈何？」诸侯并皆不语。 || Chapter 5, P005-017: 忽探子来报：「华雄引铁骑下关，用长竿挑著孙太守赤帻，来寨前大骂搦战。」绍曰：「谁敢去战？」袁术背后转出骁将俞涉曰：「小将愿往。」绍喜，便著俞涉出马。即时报来：「俞涉与华雄战不三合，被华雄斩了。」众大惊。太守韩馥曰：「吾有上将潘凤，可斩华雄。」绍急令出战。潘凤手提大斧上马。去不多时，飞马来报：「潘凤又被华雄斩了。」众皆失色。绍曰：「可惜吾上将颜良、文丑未至！得一人在此，何惧华雄？」言未毕，阶下一人大呼出曰：「小将军愿往斩华雄头，献于帐下！」众视之，见其人身长九尺，髯长二尺；丹凤眼，卧蚕眉；面如重枣，声如巨钟；立于帐前。绍问何人。公孙瓒曰：「此刘玄德之弟关羽也。」绍问见居何职。瓒曰：「跟随刘玄德充马弓手。」帐上袁术大喝曰：「汝欺吾众诸侯无大将耶？量一弓手，安敢乱言！与我打出！」曹操急止之曰：「公路息怒：此人既出大言，必有勇略；试教出马，如其不胜，责之未迟。」袁绍曰：「使一弓手出战，必被华雄所笑。」操曰：「此人仪表不俗，华雄安知他是弓手？」关公曰：「如不胜，请斩某头。」",same_body_paragraph
周瑜,黄盖,17,6,15;46;47;49;55;56,"Chapter 15, P015-010: 策拜谢，遂引军马，带领朱治，吕范，旧将程普，黄盖，韩当等，择日起兵。行至历阳，见一军到。当先一人：姿质风流，仪容秀丽；见了孙策，下马便拜。策视其人，乃庐江舒城人：姓周，名瑜，字公瑾。原来孙坚讨董卓之时，移家舒城，瑜与孙策同年，交情甚密，因结为昆仲。策长瑜两月，瑜以兄事策。瑜叔周尚，为丹阳太守，今往省亲，到此与策相遇。 || Chapter 15, P015-037: 孙策大怒，正待交战，太史慈早出。王朗拍马舞刀，与慈战。不数合朗将周昕，杀出助战；孙策阵中黄盖，飞马接住周昕交锋。两下鼓声大震，互相鏖战。忽王朗阵后先乱，一彪军从背后抄来。朗大惊，急回马来迎：原来是周瑜与程普引军刺斜杀来，前后来攻。王朗寡不敌众，与白虎，周昕，杀条血路，走入城中；拽起吊桥，坚闭城门。 || Chapter 46, P046-022: 却说周瑜夜坐帐中，忽见黄盖潜入军中来见周瑜。瑜问曰：「公覆夜至，必有良谋见教。」盖曰：「彼众我寡，不宜久持，何不用火攻之？」瑜曰：「谁教公献此计？」盖曰：「某出自己意，非他人之所教也。」瑜曰：「吾正欲如此，故留蔡中，蔡和诈降之人，以通消息；但恨无一人为我行诈降计耳。」盖曰：「某愿行此计。」瑜曰：「不受些苦，彼如何肯信？」盖曰：「某受孙氏厚恩，虽肝脑涂地，亦无怨悔。」瑜拜而谢之曰：「君若肯行此苦肉计，则江东之万幸也。」盖曰：「某死亦无怨。」遂谢而出。",same_body_paragraph
孙权,陆逊,17,13,38;49;50;53;68;75;84;85;87;96;98;103;108,"Chapter 38, P038-017: 却说孙权自孙策死后，据住江东，承父兄基业，广纳贤士，开宾馆于吴会，命顾雍、张纮延接四方宾客。连年以来，你我相荐。时有会稽阚泽，字德润；彭城严畯，字曼才；沛县薛综，字敬文；汝南程秉，字德枢；吴郡朱桓，字休穆；陆绩，字公纪；吴人张温，字惠恕；会稽凌统，字公续；乌程吴粲，字孔休：此数人皆至江东。孙权敬礼甚厚。又得良将数人，乃汝阳吕蒙，字子明，吴郡陆逊，字伯言，瑯琊徐盛，字文向，东郡潘璋，字文珪，庐江丁奉，字承渊。文武诸人，共相辅佐。由此江东称得人之盛。 || Chapter 49, P049-021: 却说孙权差使命持兵符至，说已差陆逊为先锋，直抵蔪黄地面进兵，吴侯自为后应。瑜又差人西山放火，南屏山举旗号。各各准备停当，只等黄昏举动。 || Chapter 50, P050-006: 操此时指望合淝有兵救应，不想孙权在合淝路口，望见江中火光，知是我军得胜，便教陆逊举火为号；太史慈见了，与陆逊合兵一处，冲杀将来。操只得望彝陵而走。路上撞见张郃，操令断后。纵马加鞭，走至五更，回望火光渐远，操心方定，问曰：「此是何处？」左右曰：「此是乌林之西，宜都之北。」",same_body_paragraph
曹丕,诸葛亮,17,7,80;84;85;86;87;91;94,"Chapter 80, P080-022: 早有人到成都，报说曹丕自立为大魏皇帝，于洛阳盖造宫殿；且传言汉帝已遇害。汉中王闻知，痛哭终日，下令百官挂孝，遥望设祭，上尊谥曰「孝愍皇帝」。玄德因此忧虑，致染成疾，不能理事，政务皆托与孔明。孔明与太傅许靖、光禄大夫谯周商议，言天下不可一日无君，欲尊汉中王为帝。谯周曰：「近有祥风庆云之瑞；成都西北角有黄气数十丈冲霄而起，帝星见于毕、胃、昴之分，煌煌如月：此正应汉中王当即帝位，以继汉统。更复何疑？」 || Chapter 80, P080-023: 于是孔明与许靖，引大小官僚上表，请汉中王即皇帝位。汉中王览表，大惊曰：卿等欲陷孤为不忠不义之人耶？」孔明奏曰：「非也：曹丕篡汉自立，主上乃汉室苗裔，理合继统以延汉祀。」汉中王勃然变色曰：「孤岂效逆贼所为！」拂袖而起，入于后宫。众官皆散。 || Chapter 80, P080-024: 三日后，孔明又引众官入朝，请汉中王出。众皆拜伏于前。许靖奏曰：「今汉天子已被曹丕所弑，主上不即帝位，兴师讨逆，不得为忠义也。今天下无不欲王上为君，孝愍皇帝雪恨。若不从臣等所议，是失民望矣。」汉中王曰：「孤虽是景帝之孙，并未有德泽以布于民，今一旦自立为帝，与篡窃何异？」孔明苦劝数次，汉中王坚执不从。孔明乃设一计，谓众官曰：「如此如此。」于是孔明托病不出。",same_body_paragraph
关羽,吕布,16,10,5;13;14;16;17;18;19;25;43;60,"Chapter 5, P005-025: 吕布见了，弃了公孙瓒，便战张飞。飞抖擞精神，酣战吕布。连斗五十余合，不分胜负。云长见了，把马一拍，舞八十二斤青龙偃月刀，来夹攻吕布。三匹马丁字儿厮杀。战到三十合，战不倒吕布。刘玄德掣双股剑，骤黄鬃马，刺斜里也来助战。 || Chapter 5, P005-026: 这三个围住吕布，转灯儿般厮杀。八路人马，都看得呆了。吕布架隔遮拦不定，看著玄德面上，虚刺一戟，玄德急闪。吕布荡开阵角，倒拖画戟，飞马便回。三个那里肯舍，拍马赶来。八路军兵，喊声大震，一齐掩杀。吕布军马，望关上奔走；玄德、关、张随后赶来。古人曾有篇言语，单道著玄德、关、张三战吕布：汉朝天数当桓灵，炎炎红日将西倾。奸臣董卓废少帝，刘协懦弱魂梦惊。曹操传檄告天下，诸侯奋怒皆兴兵。议立袁绍作盟主，誓扶王室定太平。温侯吕布世无比，雄才四海夸英伟。护躯银铠砌龙鳞，束发金冠簪雉尾。参差宝带兽平吞，错落锦袍飞凤起。龙驹跳踏起天风，画戟荧煌射秋水。出关搦战谁敢当？诸侯胆裂心惶惶。踊出燕人张翼德，手持蛇矛丈八鎗。虎须倒竖翻金线，环眼圆睁起电光。酣战未能分胜败，阵前恼起关云长。青龙宝刀灿霜雪，鹦鹉战袍飞蛱蝶。马蹄到处鬼神嚎，目前一怒应流血。枭雄玄德掣双锋，抖擞天威施勇烈。三人围绕战多时，遮拦架隔无休歇。喊声震动天地翻，杀气迷漫牛斗寒。吕布力穷寻走路，遥望山塞拍马还。倒拖画杆方天戟，乱散销金五彩旛。顿断绒走赤兔，翻身飞上虎牢关。三人直赶吕布到关下，看见关上西风飘动青罗伞盖。张飞大叫：「此必董卓！追吕布有甚强处！不如先拿董贼，便是斩草除根！」拍马上关，来擒董卓。正是：擒贼定须擒贼首，奇功端的待奇人。未知胜负如何，且听下文分解。 || Chapter 13, P013-005: 次日，吕布回席请玄德，玄德乃与关、张同往。饮酒至半酣，布请玄德入后堂。关、张随入。布令妻女出拜玄德。玄德再三谦让。布曰：「贤弟不必推让。」张飞听了，瞋目大叱曰：「我哥哥是金枝玉叶，你是何等人，敢称我哥哥为贤弟！你来！我和你斗三百合！」玄德连忙喝住，关公劝飞出。玄德与吕布陪话曰：「劣弟酒后狂言，兄勿见责。」布默默无语。须臾席散。布送玄德出门，张飞跃马横鎗而来，大叫：「吕布！我和你并三百合！」玄德急令关公劝止。",same_body_paragraph
关羽,夏侯惇,16,9,25;26;27;28;31;39;40;42;51,"Chapter 25, P025-002: 次日，夏侯惇为先锋，领兵五千来搦战。关公不出，惇即使人于城下辱骂。关公大怒，引三千人马出城，与夏侯惇交战。约战十余合，惇拨回马走。关公赶来，惇且战且走。关公约赶二十里，恐下邳有失，提兵便回。只听得一声砲响，左有徐晃，右有许褚，两队军截住去路。关公夺路而走，两边伏兵排下硬弩百，,箭如飞蝗。关公不过，勒兵再回，徐晃，许褚，接住交战。关公奋力杀退二人，引军欲回下邳，夏侯惇又截住厮杀。 || Chapter 26, P026-010: 玄德谢曰：「荷明公宽大之恩，无可补报，欲令一心腹人持密书去见云长，使知刘备消息，彼必星夜来到，辅佐明公，共诛曹操，以报颜良、文丑之雠，若何？」袁绍大喜曰：「吾得云长，胜颜良、文丑十倍也。」玄德修下书札，未有人送去。绍令退军武阳，连营数十里，按兵不动。操乃使夏侯惇领兵守住官渡隘口，自己班师回许都，大宴众官，贺云长之功。因谓吕虔曰：「昔日吾以粮草在前者，乃饵敌之计也。惟荀公达知吾心耳。」众皆叹服。 || Chapter 27, P027-026: 行至滑州界首，有人报与刘延。延引数十骑，出郭而迎。关公马上欠身而言曰：「太守别来无恙！」延曰：「公今欲何往？」公曰：「辞了丞相，去寻吾兄。」延曰：「玄德在袁绍处，绍乃丞相雠人，如何容公去？」公曰：「昔日曾言定来。」延曰：「今黄河渡口关隘，夏侯惇部将秦琪据守。恐不容将军过去。」公曰：「太守应付船只，若何？」延曰：「船只虽有，不敢应付。」公曰：「我前者诛颜良，文丑，亦曾与足下解厄。今日求一渡船而不与，何也？」延曰：「只恐夏侯惇知之，必然罪我。」",same_body_paragraph
刘备,司马徽,16,5,35;36;37;38;57,"Chapter 35, P035-005: 玄德曰：「汝师何人也？」牧童曰：「吾师覆姓司马，名徽，字德操，颍川人也．道号水镜先生。」玄德曰：「汝师与谁为友？」小童曰：「与襄阳庞德公、庞统为友。」玄德曰：「庞德公乃庞统何人？」童子曰：「叔姪也。庞德公字山民，长俺师父十岁；庞统字士元，小俺师父五岁。一日，吾师父在树上采桑，适庞统来相访，坐于树下，共相议论，终日不倦。吾师甚爱庞统，呼之为弟。」玄德曰：「汝师今居何处？」牧童遥指曰：「前面林中，便是庄院。」玄德曰：「吾正是刘玄德，汝可引我去拜见你师父。」 || Chapter 35, P035-006: 童子便引玄德，行二里余，到庄前下马，入至中门，忽闻琴声甚美，玄德教童子且休通报，侧耳听之，琴声忽住而不弹。一人笑而出曰：「琴韵清幽，音中忽起高抗之调，必有英雄窃听。」童子指谓玄德曰：「此即吾师水镜先生也。」玄德视其人，松形鹤骨，器宇不凡，慌忙进前施礼，衣襟尚湿。水镜曰：「公今日幸免大难！」玄德惊讶不已。小童曰：「此刘玄德也。」 || Chapter 35, P035-007: 水镜请入草堂，分宾主坐定。玄德见架上满堆书卷，窗外盛栽松竹，棋琴于石床之上，清气飘然。水镜问曰：「明公何来？」玄德曰：「偶尔经由此地，因小童相指，得拜尊颜，不胜欣幸。」水镜笑曰：「公不必隐讳，公今必逃难至此。」玄德遂以襄阳一事告之。水镜曰：「吾观公气色，已知之矣。」因问玄德曰：「吾久闻明公大名，何故至今犹落魄不偶耶？」玄德曰：「命途多蹇，所以至此。」水镜曰：「不然；盖因将军左右不得其人耳。」玄德曰：「备虽不才，文有孙干、糜竺、简雍之辈，武有关、张、赵云之流，竭忠辅相，颇赖其力。」水镜曰：「关、张、赵云，皆万人敌，惜无善用之人。若孙干、糜竺辈，乃白面书生耳，非经纶济世之才也。」",same_body_paragraph
刘备,荀彧,16,13,12;14;16;18;20;21;22;23;24;31;37;39;60,"Chapter 12, P012-013: 操在鄄城，知陶谦已死，刘玄德领徐州牧，大怒曰：「我雠未报，汝不费半箭之功，坐得徐州！吾必先杀刘备，后戮谦尸，以雪先君之怨！」即传号令，克日起兵去打徐州。荀彧入谏曰：「昔高祖保关中，光武据河内，皆深根固本，以正天下。进足以胜敌，退足以坚守，故虽有困，终济大业。明公本首事兖州，且河、济乃天下之要地，是亦昔之关中、河内也。今若取徐州，多留兵则不足用，少留兵则吕布乘虚寇之，是无兖州也。若徐州不得，明公安所归乎？今陶谦虽死，已有刘备守之。徐州之民，既已服备，必助备死战。明公弃兖州面取徐州，是弃大而就小，去本而求末，以安而易危也：愿熟思之。」操曰：「今岁荒乏粮，军士坐守于此，终非良策。」彧曰：「不如东略陈地，使军就食；汝南、颍川，黄巾余党何仪、黄劭等，劫掠州郡，多有金帛、粮食。此等贼徒，又容易破。破而取其粮，以养三军，朝廷喜，百姓悦，乃顺天之事也。」 || Chapter 14, P014-023: 操既定大事，乃设宴后堂，聚众谋士共议曰：「刘备屯兵徐州，自领州事；近吕布以兵败投之，备使居于小沛，若二人同心引兵来犯，乃心腹之患也。公等有何妙计可图之？」许褚曰：「愿借精兵五万，斩刘备、吕布之头，献于丞相。」荀彧曰：「将军勇则勇矣，不知用谋。今许都新定，未可造次用兵。彧有一计，名曰：『二虎竞食之计』。今刘备虽领徐州，未得诏命。明公可奏请诏命实授备为徐州牧，因密与一书，教杀吕布。事成则备无猛士为辅，亦渐可图；事不成，则吕布必杀备矣；此乃『二虎竞食之计』也。」操从其言，即时奏请诏命，遣使赍往徐州，封刘备为征东将军宜城亭侯，领徐州牧；并附密书一封。 || Chapter 16, P016-026: 却说玄德前奔许都，到城外下寨，先使孙干来见曹操，言被吕布追迫，特来相投。操曰：「玄德与吾兄弟也。」便请入城相见。次日，玄德留关、张在城外，自带孙干、糜竺入见操。操待以上宾之礼。玄德备诉吕布之事。操曰：「布乃无义之辈，吾与贤弟并力诛之。」玄德称谢。操设宴相待，至晚送出。荀彧入见曰：「刘备英雄也，今不早图，后必为患。」",same_body_paragraph
刘备,董卓,16,11,1;2;5;6;7;11;13;19;22;38;120,"Chapter 1, P001-027: 玄德领命，遂引兵复回。到得半路，只见一簇军马，护送一辆槛车，车中之囚，乃卢植也。玄德大惊，滚鞍下马，问其缘故。植曰：「我围张角，将次可破；因角用妖术，未能即胜。朝廷差黄门左丰前来体探，问我索取贿赂。我答曰：『军粮尚缺，安有余钱奉承天使？』左丰挟恨，回奏朝廷，说我高垒不战，惰慢军心；因此朝廷震怒，遣中郎将董卓来代将我兵，取我回京问罪。」 || Chapter 1, P001-030: 三人飞马引军而出。张角正杀败董卓，乘势赶来，忽遇三人冲杀，角军大乱，败走五十余里。三人救了董卓回寨。卓问三人现居何职。玄德曰：「白身。」卓甚轻之，不为礼。玄德出，张飞大怒曰：「我等亲赴血战，救了这厮，他却如此无礼﹔若不杀之，难消我气！」便要提刀入帐来杀董卓。正是：人情势利古犹今，谁识英雄是白身？安得快人如翼德，尽诛世上负心人！毕竟董卓性命如何，且看下文分解。 || Chapter 2, P002-001: 且说董卓字仲顈，陇西临洮人也。官拜河东太守，自来骄傲。当日怠慢了玄德，张飞性发，便欲杀之。玄德与关公急止之曰：「他是朝廷命官，岂可擅杀？」飞曰：「若不杀这厮，反要在他部下听令，其实不甘！二兄要便住在此，我自投别处去也！」玄德曰：「我三人义同生死，岂可相离？不若都投别处去便了。」飞曰：「若如此，稍解吾恨。」",same_body_paragraph
刘备,陈登,16,8,11;12;14;16;17;21;22;24,"Chapter 11, P011-013: 却说糜竺回报陶谦，言北海又请得刘玄德来助；陈元龙也回报青州田楷欣然领兵来救；陶谦心安。原来孔融、田楷两路军马，惧怕曹兵势猛，远远依山下寨，未敢轻进。曹操见两路军到，亦分了军势，不敢向前攻城。 || Chapter 11, P011-021: 且说来使回徐州，入城见陶谦，呈上书札，言曹兵已退。谦大喜，差人请孔融，田楷，云长，子龙等赴城大会。饮宴既毕，谦延玄德于上座，拱手对众曰：「老夫年迈，二子不才，不堪国家重任。刘公乃帝室之胄，德广才高，可领徐州。老夫情愿乞闲养病。」玄德曰：「孔文举令备来救徐州，为义也；今无端据而有之，天下将以备为无义人矣。」糜竺曰：「今汉室陵迟，海宇颠覆，树功立业，正在此时。徐州殷富，户口百万，刘使君领此，不可辞也。」玄德曰：「此事决不敢应命。」陈登曰：「陶府君多病，不能视事，明公勿辞。」玄德曰：「袁公路四世三公，海内所归，近在寿春，何不以州让之？」孔融曰：「袁公路冢中枯骨，何足挂齿！今日之事，天与不取，悔不可追。」 || Chapter 12, P012-010: 却说陶谦在徐州，时年已六十三岁，忽然染病，看看沈重，请糜竺、陈登议事。竺曰：「曹兵之去，止为吕布袭兖州故也。今因岁荒罢兵，来春又必至矣。府君两番欲让位于刘玄德，时府君尚强健，故玄德不肯受；今病已沈重，正可就此面与之，玄德必不辞矣。」",same_body_paragraph
刘璋,法正,16,5,60;61;63;64;65,"Chapter 60, P060-020: 张松回益州，先见友人法正。正字孝直，右扶风郡人也，贤士法真之子。松见正，备说：「曹操轻贤傲士，只可同忧，不可同乐。吾已将益州许刘皇叔矣。专欲与兄共议。」法正曰：「吾料刘璋无能，已有心见刘皇叔久矣。此心相同，又何疑焉？」 || Chapter 60, P060-021: 少顷，孟达至。达字子庆，与法正同乡。达入，见正与松密语。达曰：「吾已知二公之意。将欲献益州耶？」松曰：「是欲如此。兄试猜之，合献与谁？」达曰：「非刘玄德不可。」三人抚掌大笑。松正谓松曰：「兄明日见刘璋，当若何？」松曰：「吾荐二公为使，可往荆州。」二人应允。 || Chapter 60, P060-022: 次日，张松见刘璋。璋问：「干事若何？」松曰：「操乃汉贼，欲篡天下，不可为言。彼已有取川之心。」璋曰：「似此如之奈何？」松曰：「松有一谋，使张鲁，曹操必不敢轻犯西川。」璋曰：「何计？」松曰：「荆州刘皇叔，与主公同宗，仁慈宽厚，有长者风。赤壁鏖兵之后，操闻之而胆裂，何况张鲁乎？主公何不遣使结好，使为外援？可以拒曹操张鲁矣。」璋曰：「吾亦有此心久矣。谁可为使？」松曰：「非法正，孟达，不可往也。」璋即召二人入，修书一封，令法正为使，先通情好；次遣孟达领精兵五千，迎玄德入川为援。",same_body_paragraph
司马懿,魏延,16,5,95;101;102;103;104,"Chapter 95, P095-003: 孔明曰：「吾与汝二万五千精兵，再拨一员上将，相助你去。」即唤王平分付曰：「吾素知汝平生谨慎，故特以此重任相托。汝可小心谨慎此地下寨必当要道之处，使贼兵急切不能偷过。安营既毕，便画四至八道地理形状图本来我看。凡事商议停当而行，不可轻易。如所守无危，则是取长安第一功也。戒之！戒之！」二人拜辞引兵而去。孔明寻思，恐二人有失，又唤高翔曰：「街亭东北上有一城，名列柳城，乃山僻小路：此可以屯兵扎寨。与汝一万兵，去此城屯扎。但街亭危，可引兵救之。」高翔引兵而去。孔明又思高翔非张郃对手，必得一员大将，屯兵于街亭之右，方可防之！遂唤魏延引本部兵去街亭之后屯扎。延曰：「某为前部，理合当先破敌，何故置某于安闲之地？」孔明曰：「前锋破敌，乃偏裨之事耳。今令汝接应街亭，当阳平关冲要道路，总守汉中咽喉，此乃大任也。何为安闲乎？汝勿以等闲视之，失吾大事。切宜小心在意！」魏延大喜，引兵而去。孔明恰才心安，如乃唤赵云、邓芝分付曰：「今司马懿出兵，与往日不同。汝二人各引一军出箕谷，以为疑兵。如逢魏兵，或战、或不战，以惊其心。吾自统大军，由斜谷迳取郿城：若得郿城，长安可破矣。」二人受命而去。孔明令姜维作先锋，兵出斜谷。 || Chapter 95, P095-007: 却说王平见魏兵到，引军杀来，正遇张郃；战有数十余合，平力穷势孤，只得退去。魏兵自辰时困至戌时，山上无水，军不得食，寨中大乱。嚷到半夜时分，山南蜀兵大开寨门，下山降魏。马谡禁止不住。司马懿又令人于沿山放火，山上蜀兵愈乱。马谡料守不住，只得驱残兵杀下山西逃奔。司马懿放条大路，让过马谡。背后张郃引兵赶来。赶到三十余里，前面鼓角齐鸣，一彪军出，放过马谡，拦住张郃；视之，乃魏延也：挥刀纵马，直取张郃。郃回军便走。延驱兵赶来，复夺街亭。赶到五十余里，一声喊起，两边伏兵齐出：左边司马懿，右边司马昭，却抄在魏延背后，把延困在垓心。张郃复来，三路兵合在一处。魏延左冲右突，不得脱身，折兵大半。正危急间，忽一彪军杀入，乃王平也。延大喜曰：「吾得生矣！」二将合兵一处，大杀一阵，魏兵方退。二将慌忙奔回寨时，营中皆是魏兵旌旗。申耽、申仪从营中杀出。王平、魏延迳奔列柳城，来投高翔。此时高翔闻知街亭有失，尽起列柳城之兵，前来救应，正遇延、平二人，诉说前事。高翔曰：「不如今晚去劫魏寨，再复街亭。」当时三人在山坡下商议已定。待天色将晚，兵分三路。魏延引兵先进，迳到街亭，不见一人，心中大疑，不敢轻进，且伏在路口等候。忽见高翔兵到，二人共说魏兵不知在何处。正没理会，又不见王平兵到。忽然一声砲响，火光冲天，鼓声震地。魏兵齐出，把魏延、高翔围在垓心。二人尽力冲突，不得脱身。忽听得山坡后喊声若雷，一彪军杀入，乃是王平，救了高、魏二人，迳奔列柳城来。比及奔到城下时，城边早有一军杀到，旗上大书「魏都督郭淮」字样。原来郭淮与曹真商议，恐司马懿得了全功，乃分淮来取街亭；闻知司马懿、张郃成上此功，遂引兵迳袭列柳城。正遇三将，大杀一阵。蜀兵伤者极多。魏延恐阳平关有失，慌与王平、高翔望阳平关来。 || Chapter 95, P095-008: 却说郭淮收了军马，乃谓左右曰：「吾虽不得街亭，却取了列柳城，亦是大功。」引兵迳到城下叫门，只见城上一声砲响，旗帜皆竖，当头一面大旗，上书「平西都督司马懿」。懿撑起悬空板，倚定护心木栏干，大笑曰：「郭伯济来何迟也？」淮大惊曰：「仲达神机，吾不及也！」遂入城。相见已毕，懿曰：「今街亭已失，诸葛亮必走。公可速与子丹星夜追之。」郭淮从其言，出城而去。懿唤张郃曰：「子丹、伯济，恐吾全获大功，故来取此城池。吾非独欲成功，乃侥幸而已。吾料魏延、王平、马谡、高翔等辈，必先去据阳平关。吾若去取此关，诸葛亮必随后掩杀，中其计矣。兵法云：『归师勿掩，穷寇莫追。』汝可从小路抄箕谷退兵。吾自引兵当斜谷之兵。若彼败走，不可相拒，只宜中途截住，蜀兵辎重，可尽得也。」张郃受计，引兵一半去了。懿下令：「迳取斜谷：由西城而进。西城虽山僻小县，乃蜀兵屯粮之所，又南安、天水、安定三郡总路。若得此城，三郡可复矣。」于是司马懿留申耽、申仪守列柳城，自领大军斜谷进发。",same_body_paragraph
张郃,徐晃,16,6,30;31;48;50;67;71,"Chapter 30, P030-004: 三通鼓罢，袁绍金盔金甲，锦袍玉带，立马阵前。左右排列著张郃、高览、韩猛、淳于琼等诸将。旌旗节钺，甚是严整。曹阵上门旗开处，曹操出马。许褚、张辽、徐晃、李典等，各持兵器，前后拥卫。曹操以鞭指袁绍曰：「吾于天子之前，保奏你为大将军；今何故谋反？」绍怒曰：「汝托名汉相，实为汉贼！罪恶弥天，甚于莽、卓，乃反诬人造反耶！」操曰：「吾今奉诏讨汝！」绍曰：「吾奉衣带诏讨贼！」 || Chapter 30, P030-012: 绍急遣张郃、高览去截大路，正遇徐晃烧粮而回。恰欲交锋，背后张辽、许褚军到。两下夹攻，杀散袁军，四将合兵一处，回官渡寨中。曹操大喜，重加赏劳；又分军于寨前结营，为犄角之势。 || Chapter 31, P031-011: 操然其计。左右各分五队：左一队夏侯惇、二队张辽、三队李典、四队乐进、五队夏侯渊；右一队曹洪、二队张郃、三队徐晃、四队于禁、五队高览。中军许褚为先锋。次日，十队先进，埋伏左右已定。至半夜，操令许褚引兵前进，伪作劫寨之势。袁绍五寨人马，一齐俱起。许褚回军便走。袁绍引军赶来，喊声不绝；比及天明，赶至河上，曹军无去路。操大呼曰：「前无去路，诸军何不死战？」众军回身奋力向前。许褚飞马当先，力斩十数将。袁军大乱。袁绍退军急回，背后曹军赶来。",same_body_paragraph
张郃,曹洪,16,8,30;31;40;48;56;69;70;71,"Chapter 30, P030-005: 操怒，使张辽出战。张郃跃马来迎。二将斗了四五十合，不分胜负。曹操见了，暗暗称奇。许褚挥刀纵马，直出助战。高览挺枪接住。四员将捉对儿厮杀。曹操令夏侯惇、曹洪，各引三千军，齐冲彼阵。审配见曹军来冲阵，便令放起号砲。两下万弩并发，中车内弓箭手一齐拥出阵前乱射。曹军如何抵敌，望南急走。袁绍驱兵掩杀，曹军大败，尽退至官渡。袁绍移军逼近官渡下寨。审配曰：「今可拨兵十万守官渡，就曹操寨前筑起土山，令军人下视寨中放箭。操若弃此而去，吾得此隘口，许昌可破矣。」 || Chapter 30, P030-026: 却说张郃、高览攻打曹营，左边夏侯惇，右边曹仁，中路曹洪，一齐冲出，三下攻击，袁军大败。比及接应军到，曹操又从背后杀来，四下围住掩杀。张郃、高览夺路走脱。袁绍收得乌巢败残军马归寨，见淳于琼耳鼻皆无，手足尽落。绍问：「如何失了乌巢？」败军告说：「淳于琼醉卧，因此不能抵敌。」 || Chapter 31, P031-011: 操然其计。左右各分五队：左一队夏侯惇、二队张辽、三队李典、四队乐进、五队夏侯渊；右一队曹洪、二队张郃、三队徐晃、四队于禁、五队高览。中军许褚为先锋。次日，十队先进，埋伏左右已定。至半夜，操令许褚引兵前进，伪作劫寨之势。袁绍五寨人马，一齐俱起。许褚回军便走。袁绍引军赶来，喊声不绝；比及天明，赶至河上，曹军无去路。操大呼曰：「前无去路，诸军何不死战？」众军回身奋力向前。许褚飞马当先，力斩十数将。袁军大乱。袁绍退军急回，背后曹军赶来。",same_body_paragraph
张飞,黄忠,16,9,53;56;60;64;65;70;71;72;73,"Chapter 53, P053-005: 玄德大喜，遂令张飞星夜去替云长守荆州，令云长来取长沙。云长既至，入见玄德、孔明。孔明曰：「子龙取桂阳，翼德取武陵，都是三千军去。今长沙太守韩玄，固不足道，只是他有一员大将，乃南阳人，姓黄，名忠，字汉升；是刘表帐下中郎将，与刘表之姪刘磐共守长沙，后事韩玄；虽今年近六旬，却有万夫不当之勇，不可轻敌。云长去，必须多带军马。」 || Chapter 56, P056-017: 却说鲁肃回见周瑜，说玄德，孔明欢喜不疑，准备出城劳军。周瑜大笑曰：「原来今番也中了吾计！」便教鲁肃禀报吴侯，并遣程普引兵接应。周瑜此时箭疮已渐平愈，身躯无事，使甘宁为先锋，自与徐盛，丁奉为第二；凌统，吕蒙为后队。水陆大兵五百万，望荆州而来。周瑜在船中，时复欢笑，以为孔明中计。前军至夏口，周瑜问：「荆州有人在前面接否？」人报：「刘皇叔使糜竺来见都督。」瑜唤至，问劳军如何。糜竺曰：「主公皆准备安排下了。」瑜曰：「皇叔何在？」竺曰：「在荆州城门相等，与都督把盏。」瑜曰：「今为汝家之事，出兵远征；劳军之礼，休得轻易。」糜竺领了言语先回。战船密密排在江上，依次而进。看看至公安，并无一双军船，又无一人远接。周瑜催船速行。离荆州十余里，只见江面上静荡荡的。哨探的回报：「荆州城上，插两面白旗，并不见一人之影。」瑜心疑，教把船傍岸，亲自上岸，乘马带了甘宁，徐盛，丁奉一班军官，引亲随精军三千人，迳望荆州来。既至城下，并不见动静。瑜勒住马，令军士叫门。城上问是谁人。吴军答曰：「是东吴周都督亲自此。」言未毕，忽一声梆子响，城上一齐都竖起鎗刀。敌楼上赵云出曰：「都督此行，端的为何？」瑜曰：「吾替汝主取西川，汝岂犹未知耶？」云曰：「孔明军师已知都督『假途灭虢』之计，故留赵云在此。吾主公有言：『孤与刘璋，皆汉室宗亲，安忍背义而取西川？若汝东吴端的取蜀，吾当披发入山，不失信于天下也。』」周瑜闻之，勒马便回。只见一人打著令字旗，于马前报说：「探得四路军马，一齐杀到：关某从江陵杀来，张飞从秭归杀来，黄忠从公安杀来，魏延从彝陵小路杀来：四路正不知多少军马。喊声远近震动百余里，皆言要捉周瑜。」瑜马上大叫一声，箭鎗复裂，墬于马下。正是：一著掑高难对敌，几番算定总成空。不知周瑜性命如何，且看下文解。 || Chapter 60, P060-028: 于是遂请孔明同议，起兵西行。孔明曰：「荆州重地，必须分兵守之。」玄德曰：「吾与庞士元，黄忠，魏延，前往西川；军师可与关云长，张翼德，赵子龙，守荆州。」孔明应允。于是孔明总守荆州；关公拒襄阳要路，当青泥隘口；张飞领四郡巡江；赵云屯江陵，镇公安。玄德令黄忠为前部，魏延为后军。玄德自与刘封关平在中军，庞统为军师，马步五万，起程西行。",same_body_paragraph
徐庶,曹操,16,5,36;37;38;41;48,"Chapter 36, P036-010: 却说曹仁与李典回许都，见曹操，泣拜于地请罪，具言损将折兵之事。操曰：「胜负乃兵家之常。但不知谁为刘备画策？」曹仁言是单福之计。操曰：「单福何人也？」程昱笑曰：「此非单福也。此人幼好学击剑。中平末年，尝为人报雠杀人，披发涂面而走，为吏所获。问其姓名不答，吏乃䌸于车上，击鼓行于市，令市人识之，虽有识者不敢言。而同伴窃解救之，乃更姓名而逃，折节向学，遍访名师。尝与司马徽谈论。此人乃颍川徐庶，字元直。单福乃其托名耳。」操曰：「徐庶之才，比君何如？」昱曰：「十倍于昱。」操曰：「惜乎贤士归于刘备！羽翼成矣，奈何？」昱曰：「徐庶虽在彼，丞相要用，召来不难。」操曰：「安得彼来归？」昱曰：「徐庶为人至孝。幼丧其父，止有老母在堂。现今其弟徐康已亡，老母无人侍养。丞相可使人赚其母至许昌，令作书召其子，则徐庶必至矣。」 || Chapter 36, P036-013: 言讫，取石砚便打曹操。操大怒，叱武士执徐母出，将斩之。程昱急止之。入谏操曰：「徐母触忤丞相者，欲求死也。丞相若杀之，则招不义之名，而成徐母之德。徐母既死，徐庶必死心助刘备以报雠矣；不如留之，使徐庶身心两处，纵使助刘备，亦不尽力也。且留得徐母在，昱自有计赚徐庶至此，以辅丞相。」 || Chapter 36, P036-016: 徐庶览毕，泪如泉涌，持书来见玄德曰：「某本颍川徐庶，字元直；为因逃难，更名单福。前闻刘景升招贤纳士，特往见之。及与论事，方知是无用之人；作书别之，夤夜至司马水镜庄上，诉说其事。水镜深责庶不识主，因说：刘豫州在此，何不事之？庶故作狂歌于市，以动使君。幸蒙不弃，即赐重用。争奈老母，今被曹操奸计，赚至许昌囚禁，将欲加害。老母手书来唤，庶不容不去。非不欲效犬马之劳，以报使君；奈慈亲被执，不得尽力。今当告归，容图后会。」",same_body_paragraph
曹操,陈宫,16,8,4;5;10;11;12;13;18;19,"Chapter 4, P004-022: 县令闻言，乃亲释其缚，扶之上坐，再拜曰：「公真天下忠义之士也！」曹操亦拜，问县令姓名。县令曰：「吾姓陈，名宫，字公台。老母妻子，皆在东郡。今感公忠义，愿弃一官，从公而逃。」操甚喜。是夜陈宫收拾盘费，与曹操更衣易服，各背剑一口，乘马投故乡来。 || Chapter 4, P004-026: 当夜行数里，月明中敲开客店门投宿。喂饱了马，曹操先睡。陈宫寻思：「我将谓曹操是好人，弃官跟他；原来是个狠心之徒！今日留之，必为后患。」便欲拔剑来杀曹操。正是：设心狠毒非良士，操卓原来一路人。毕竟曹操性命如何，且听下文分解。 || Chapter 5, P005-001: 却说陈宫正欲下手杀曹操，忽转念曰：「我为国家跟他到此，杀之不义。不若弃而他往。」插剑上马，不等天明，自投东郡去了。操觉，不见陈宫，寻思：「此人见我说了这两句，疑我不仁，弃我而去；吾当急行，不可久留。」遂连夜到陈留，寻见父亲，备说前事；欲散家资，招募义兵。父言：「资少恐不成事。此间有孝廉卫弘，疏财仗义，其家巨富；若得相助，事可图矣。」",same_body_paragraph
曹操,马腾,16,6,21;23;48;57;59;120,"Chapter 21, P021-001: 却说董承等问马腾曰：「公却用何人？」马腾曰：「见有豫州牧刘玄德在此，何不求之？」承曰：「此人虽系皇叔，今正依附曹操，安肯行此事耶？」腾曰：「吾观前日围场之中，曹操迎受众贺之时，云长在玄德背后，挺刀欲杀操，玄德以目视之而止。玄德非不欲图操，恨操爪牙多，恐力不及耳。公试求之，当必应允。」吴硕曰：「此事不宜太速，当从容商议。」众皆散去。 || Chapter 23, P023-019: 时值元宵，吉平辞去，承留住，二人共饮。饮至更余，承觉困倦，就和衣而睡。忽报王子服等四人至，承出接入。服曰：「大事谐矣！」承曰：「愿闻其说。」服曰：「刘表结连袁绍，起兵五十万，共分十路杀来。马腾结连韩遂，起西凉军七十二万，从北杀来。曹操尽起许昌兵马，分头迎敌，城中空虚。若聚五家僮仆，可得千余人。乘今夜府中大宴，庆赏元宵，将府围住，突入杀之。不可失此机会！」 || Chapter 23, P023-022: 时吉平辞归。承心中暗喜，步入后堂，忽见家奴秦庆童同侍妾云英在暗处私语。承大怒，唤左右捉下，欲杀之。夫人劝免其死，各人仗四十，将庆童锁于冷房。庆童怀恨，夤夜将铁锁扭断，跳墙而出，迳入曹操府中，告有机密事。操唤入密室问之。庆童云：「王子服，吴子兰，种辑，吴硕，马腾五人在家主府中商议机密，必然是谋丞相。家主将出白绢一段，不知写著甚的。近日吉平咬指为誓，我也曾见。」",same_body_paragraph
关兴,魏延,15,8,91;92;93;94;97;98;100;101,"Chapter 91, P091-023: 孔明受诏归府，唤诸将听令。前督部镇北将军领丞相司马、凉州刺史、都亭侯魏延，前军都督领伏风太守张翼，牙门将裨将军王平﹔后军领兵使安汉将军领建宁太守李恢，副将定远将军领汉中太守吕义，兼管运粮左军领兵使平北将军陈仓侯马岱，副将飞卫将军廖化，右军领兵使奋威将军博阳亭侯马忠，镇抚将军关内侯张嶷，行中军师车骑大将军都乡侯刘琰，中监军扬武将军邓芝，中参军安远将军马谡，前将军都亭侯袁琳，左将军高阳侯吴懿，右将军玄都侯高翔，后将军安乐侯吴班，领长史绥军将军杨仪，前将军征南将军刘巴，前护军偏将军、汉成亭侯许允，左护军笃信中郎将丁咸，右护军偏将军刘敏，后护军典军中郎将宫雝，行参军昭武中郎将胡济，行参军谏议将军阎晏，行参军偏将军爨习，行参军稗将军杜义，武略中郎将杜祺，绥军都尉盛敦，从事武略中郎将樊岐，典军书记樊建，丞相令史董厥，帐前左护卫使龙骧将军关兴，右护卫使虎翼将军张苞。──以上一应官员，都随著平北大都督丞相武乡侯领益州牧知内外事诸葛亮。 || Chapter 92, P092-004: 次日，夏侯楙复整金鼓旗旛，率兵而进。赵云、邓芝出迎。芝在马上谓赵云曰：「昨夜魏兵大败而走，今日复来，必有诈也，老将军防之。」子龙曰：「量此乳臭小儿，何足道哉！吾今日必当擒之！」便跃马而出，魏将潘遂出迎，战不三合，拨马便走。赵云赶去，魏阵中八员将一齐来迎。放过夏侯楙先走，八将陆续奔走。赵云乘势追杀，邓芝引兵继进。赵云深入重地，只听得四面喊声大震。邓芝急收军退回，左有董禧，右有薛则，两路兵杀到。邓芝兵少，不能解救。赵云被困在垓心，东冲西突，魏兵越厚。时云手下止有千余人，杀到山坡之下，只见夏侯楙在山上指挥三军。赵云投东则望东指，投西则望西指：因此赵云不能突围，乃引兵欲上山来。半山中擂木砲石打将下来，不能上山。赵云从辰时杀至酉时，不能得走出，只得下马少歇，且待月明再战。却才卸甲而坐，月光方出，忽四下火光冲天，鼓声大震，矢石如雨，魏兵杀到，皆叫曰：「赵云早降！」云急上马迎敌、四面军马渐渐逼近，八方弩箭交射甚急，人马皆不能向前。云仰天叹曰：「吾不服老，死于此地矣！」忽东北角上喊声大起，魏兵纷纷乱窜。一彪军杀到，为首大将持丈八点钢矛，马项下挂一颗人头，云视之，乃张苞也。苞见赵云，言曰：「丞相恐老将军有失，特遣某引军五千兵接应。闻老将军被困，故杀透重围。正遇魏将薛则，被某杀之。」云大喜，即与张苞杀出西北角来。只见魏兵弃戈奔走。一彪军从外呐喊杀入，为首大将提偃月青龙刀，手挽人头。云视之，乃关兴也。兴曰：「奉丞相之命，恐老将军有失，特引五千兵前来接应。却才阵上逢著魏将董禧，被吾一刀斩之，枭道在此。丞相随后便到也。」云曰：「二将军已建奇功，不趁今日擒住夏侯楙，以定大事？」张苞闻言，遂引兵去了。兴曰：「我也干功去。」亦引兵去了。云回顾左右曰：「他两个是吾子姪辈，尚且争先干功；吾乃国家上将，朝廷旧臣，反不如此小辈耶？吾当舍老命以报先帝之恩！」于是引兵来捉夏侯楙。当夜三路兵夹攻，大破魏军一阵。邓芝引兵接应，杀得尸横遍野，血流成河。夏侯楙乃无谋之人，更兼年幼，不曾经战；见军大乱，遂引帐下骁将百余人，望南安郡而走。众军因见无主，尽皆逃窜。兴、苞二将，闻夏侯楙望南安郡去了，连夜赶来。楙走入城中，紧闭城门，驱兵守御。兴、苞二人赶到，将城围住；赵云随后也到：三面攻打。少时，邓芝亦引兵到。一连围了十日，攻打不下。忽报丞相留后军住沔阳，左军屯阳平，右军屯石城，自引中军来到。赵云、邓芝郡关兴、张苞皆来拜问孔明，说连日攻城不下。孔明遂乘小车亲到城边周围看了一遍，回寨升帐而坐。众将环立听令。孔明曰：「此郡壕深成峻，不易攻也。吾正事不在此城，如汝等只久攻，倘魏兵分道而出，以取汉中，吾军危矣。」邓芝曰：「夏侯楙乃魏之驸马，若擒此人，胜斩百将。今困于此，岂可弃之而去？」孔明曰：「吾自有计。此处西连天水郡，北抵安定郡；二处太守，不知何人？」探卒答曰：「天水太守马遵，安定太守崔谅。」孔明大喜，乃唤魏延受计，如此如此；又唤关兴、张苞受计，如此如此；又唤心腹军士二人受计，如此行之。各将领命，引兵而去。孔明却在南安城外，令军运迆草堆于城下，口称烧城。魏兵闻知，皆大笑不惧。 || Chapter 92, P092-005: 却说安定太守崔谅，在城中闻蜀兵围了南安，困住夏侯楙，十分慌惧，即点军马约共四千，守住城池。忽见一人自正南而来，口称有机密事。崔谅唤入问之，答曰：「某是夏侯都督帐下心腹将裴绪，今奉都督将令，特来求救于天水、安定二郡。南安其急，每日城上纵火为号，专望二郡救兵，并不见到；因复差某杀出重围，来此告急，可星夜起兵为外应。都督若见二郡兵到，却开城门接应也。」谅曰：「有都督文书否？」绪贴肉取出，汗已湿透；略教一视，急令手下换了匹马，便出城望天水而去。不二日，又报马到，说天水太守已起兵救援南安去了，教安定接应。崔谅与府官商议。多官曰：「若不去救，失了南安，送了夏侯驸马，皆我两郡之罪也；只得救之。」谅即点起人马，离城而去，只留文官守城。崔谅提兵向南安大进发，遥见火光冲天，催兵星夜前进。离南安尚有五十余田，忽闻前后喊声大云，哨马报道：「前面关兴截住去路，背后张苞杀到！」安定之兵四下逃窜。谅大惊，乃领手下百余人，往小路死战得脱，奔回安定。方到城壕，城上乱箭射下来。蜀将魏延在城上叫曰：「吾已取了城也！何不早降？」",same_body_paragraph
刘备,张松,15,3,60;62;63,"Chapter 60, P060-003: 却说张松到了许都馆驿中住定，每日去相府伺候，求见曹操。原来曹操自破马超回，傲睨得志，每日饮宴，无事少出，国政皆在相府商议。张松候了三日，方得通过姓名。左右近侍先要贿赂，却才引入。操坐于堂上。松拜毕，操问曰：「汝主刘璋连年不进贡，何也？」松曰：「为路途艰难，贼寇窃发，不能通达。」操叱曰：「吾扫清中原，有何盗贼？」松曰：「南有孙权，北有张鲁，西有刘备，至少者亦带甲十余万，岂得谓太平耶？」 || Chapter 60, P060-015: 次日早膳毕，上马行不到三五里，只见一簇人马到。乃是玄德引著伏龙，凤雏，亲自来接。遥见张松，早先下马等候，松亦慌忙下马相见。玄德曰：「久闻大夫高名，如雷灌耳。恨云山迢远，不得听教。今闻回都，专此相接。倘蒙不弃，到荒州暂歇片时，以叙渴仰之思，实为万幸！」松大喜，遂上马并辔入城。至府堂上各各施礼，分宾主依次而坐，设宴款待。 || Chapter 60, P060-017: 自此一连留张松饮宴三日，并不提起川中之事。松辞去，玄德于十里长亭，设宴送行。玄德举酒酌松曰：「甚荷大夫不弃，留叙三日；今日相别，不知何时再得听教。」言罢，潸然泪下。张松自思：「玄德如此宽仁爱士，安可舍之？不如说之，令取西川。」乃言曰：「松亦思朝暮趋侍，恨未有便耳。松观荆州，东有孙权，常怀虎踞；北有曹操，每欲鲸吞；亦非可久恋之地也。」玄德曰：「故知如此，但未有安迹之所。」松曰：「益州险塞，沃野千里，民殷国富；智能之士，久慕皇叔之德；若起荆，襄之众。长驱西指，霸业可成，汉室可兴矣。」玄德曰：「备安敢当此？刘益州亦帝室宗亲，恩泽布蜀中久矣。他人岂可得而动摇乎？」",same_body_paragraph
刘备,张郃,15,4,31;40;70;71,"Chapter 31, P031-020: 行到数里，一棒鼓响，前面拥出一彪人马。当先大将，乃是张郃，大叫：「刘备快下马受降！」玄德方欲退后，只见山头上红旗麾动，一军从山坞内拥出，为首大将，乃高览也。玄德两头无路，仰天大呼曰：「天何使我受此窘极耶！事势至此，不如就死！」欲拔剑自刎。刘辟急止之曰：「容某死战，夺路救君。」言讫，便来与高览交锋。战不三合，被高览一刀砍于马下。 || Chapter 31, P031-021: 玄德正慌，方欲自战，高览后军忽然自乱，一将冲阵而来，枪起处，高览翻身落马。视之，乃赵云也。玄德大喜。云纵马挺枪，杀散后队，又来前军独战张郃。郃与云战三十余合，拨马败走。云乘势冲杀，却被郃兵守住山隘，路窄不得出。 || Chapter 31, P031-022: 正夺路间，只见云长、关平、周仓引三百军到。两下夹攻，杀退张郃。各出隘口，占住山险下寨。玄德使云长寻觅张飞。原来张飞去救龚都，龚都已被夏侯渊所杀。飞奋力杀退夏侯渊，迤逦赶去，却被乐进引军围住。云长路逢败军，寻踪而去，杀退乐进，与飞同回见玄德。",same_body_paragraph
刘备,许褚,15,8,14;19;21;31;40;41;42;72,"Chapter 14, P014-023: 操既定大事，乃设宴后堂，聚众谋士共议曰：「刘备屯兵徐州，自领州事；近吕布以兵败投之，备使居于小沛，若二人同心引兵来犯，乃心腹之患也。公等有何妙计可图之？」许褚曰：「愿借精兵五万，斩刘备、吕布之头，献于丞相。」荀彧曰：「将军勇则勇矣，不知用谋。今许都新定，未可造次用兵。彧有一计，名曰：『二虎竞食之计』。今刘备虽领徐州，未得诏命。明公可奏请诏命实授备为徐州牧，因密与一书，教杀吕布。事成则备无猛士为辅，亦渐可图；事不成，则吕布必杀备矣；此乃『二虎竞食之计』也。」操从其言，即时奏请诏命，遣使赍往徐州，封刘备为征东将军宜城亭侯，领徐州牧；并附密书一封。 || Chapter 19, P019-006: 军行至济北，夏侯渊等迎接入寨，备言兄夏侯惇损其一目，卧病未痊。操临卧处视之，令先回许都调理；一面使人打探吕布现在何处。采马回报云：「吕布与陈宫，臧霸结连泰山贼寇，共攻兖州诸郡。」操即令曹仁引三千兵打沛城。操亲提大军，与玄德来战吕布。前至山东，路近萧关，正遇泰山寇孙观，吴敦，尹礼，昌豨，领兵三万余拦去路。操令许褚迎战，四将一齐出马。许褚奋力死战，四将抵敌不住，各自败走。操乘势掩杀，追至萧关，探马飞报吕布。 || Chapter 19, P019-028: 次夜二更时分，吕布将女以绵缠身，用甲包里，负于背上，提戟上马。放开城门，布当先出城，张辽，高顺跟著。将次到玄德寨前，一声鼓响，关，张二人拦住去路，大叫：「休走！」布无心恋战，只顾夺路而行。玄德自引一军杀来，两军混战。吕布虽勇，终是缚一女在身上，只恐有伤，不敢冲突重围。后面徐晃、许褚皆杀来，众军皆大叫曰：「不要走了吕布！」",same_body_paragraph
刘备,诸葛瑾,15,7,37;44;66;67;73;81;82,"Chapter 37, P037-024: 玄德待其歌罢，上草堂施礼曰：「备久慕先生，无缘拜会。昨因徐元直称荐，敬至仙庄，不遇空回。今特冒风雪而来，得瞻道貌，实为万幸！」那少年慌忙答礼曰：「将军莫非刘豫州，欲见家兄否？」玄德惊讶曰：「先生又非卧龙耶？」少年曰：「某乃卧龙之弟诸葛均也。愚兄弟三人，长兄诸葛瑾，现在江东孙仲谋处为幕宾。孔明乃二家兄。」玄德曰：「卧龙今在家否？」均曰：「昨为崔州平相约，出外闲游去矣。」玄德曰：「何处闲游？」均曰：「或驾小舟，游于江湖之中；或访僧道于山岭之上；或寻朋友于村落之间；或乐琴棋于洞府之内；往来莫测，不知去所。」玄德曰：「刘备直如此缘分浅薄，两番不遇大贤！」均曰：「小坐献茶。」张飞曰：「那先生既不在，请哥哥上马。」玄德曰：「我既到此间，如何无一语而回？」因问诸葛均曰：「闻令兄卧龙先生熟谙韬略，日看兵书，可得闻乎？」均曰：「不知。」张飞曰：「问他则甚！风雪甚紧，不如早归。」玄德叱止之。均曰：「家兄不在，不敢久留车骑；容日却来回礼。」玄德曰：「岂敢望先生枉驾。数日之后，备当再至。愿借纸笔作一书，留达令兄，以表刘备慇懃之意。」均遂进文房四宝。玄德呵开冻笔，拂展云笺，写书曰： || Chapter 44, P044-022: 周瑜谢出，暗忖曰：「孔明早已料著吴侯之心。其计划又高我一头。久必为江东之患，不如杀之。」乃令人连夜请鲁肃入帐，言欲杀孔明之事。肃曰：「不可。今操贼未破，先杀贤士，是自去其助也。」瑜曰：「此人助刘备，必为江东之患。」肃曰：「诸葛瑾乃其亲兄，可令招此人同事东吴，岂不妙哉？」 || Chapter 44, P044-026: 次日，瑜请诸葛瑾，谓曰：「令弟孔明有王佐之才，如何屈身事刘备？今幸至江东，欲烦先生不惜齿牙余论，使令弟弃刘备而事东吴，则主公既得良辅，而先生兄弟又得相见，岂不美哉？先生幸即一行。」瑾曰：「瑾自至江东，愧无寸功。今都督有命，敢不效力？」即时上马，迳投驿亭来见孔明。孔明接入，哭拜，各诉阔情。",same_body_paragraph
吕蒙,曹操,15,11,38;49;50;61;66;67;68;75;76;77;82,"Chapter 38, P038-029: 孙权大喜曰：「吾得兴霸，破黄祖必矣。」遂命吕蒙引甘宁入见。参拜已毕，权曰：「兴霸来此，大获我心，岂有记恨之理？请无怀疑。愿教我以破黄祖之策。」宁曰：「今汉祚日危，曹操终必纂窃。荆南之地，操所必争也。刘表无远虑，其子又愚劣，不能承业传基。明公宜早图之。若迟，则操先图之矣。今宜先取黄祖。祖今年老昏迈，务于货利；侵刻吏民，人心皆怨；战具不修，军无法律。明公若往攻之，其势必破。既破祖军，鼓行而西，据楚关而图巴蜀，霸业可定也。」 || Chapter 49, P049-019: 瑜从其言，唤集诸将听令。先教甘宁带了蔡中并降卒沿南岸而走：「只打北军旗号，直取乌林地面，正当曹操屯粮之所。深入军中，举火为号。只留下蔡和一人在帐下，我有用处。」第二唤太史慈分付：「你可领三千兵，直奔黄州地界，断曹操合淝接应之兵，就逼曹兵，放火为处。只看红旗，便是吴侯接应兵到。」这两队兵最远先发。第三唤吕蒙领三千兵去乌林接应，甘宁焚烧曹操寨栅。第四唤凌统领三千兵，直接彝陵界首，只看乌林火起，以兵应之。第五唤董袭领三千兵，直取汉阳；从汉川杀奔曹操寨中，看白旗接应。第六唤潘璋领三千兵，尽打白旗往汉阳接应董袭。 || Chapter 50, P050-004: 不说江中鏖兵。且说甘宁令蔡中引入曹寨深处，宁将蔡中一刀砍于马下，就草上放起火来。吕蒙遥望中军火起，也放十数处火，接应甘宁。潘璋，董袭，分头放火呐喊。四下里鼓声大震。曹操与张辽引百余骑，在火林内走，看前面无一处不著。正走之间，毛玠救得文聘，引十数骑到。操令军寻路。张辽指道：「只有乌林，地面空阔，可走。」操迳奔乌林。",same_body_paragraph
孙权,曹丕,15,10,34;68;78;79;81;82;85;86;87;106,"Chapter 34, P034-002: 于是留曹植与曹丕在邺郡造台，使张燕守北寨。操将所得袁绍之兵，共五六十万，班师回许都，大封功臣；又表赠郭嘉为贞侯，养其子奕于府中。复聚众谋士商议，欲南征刘表。荀彧曰：「大军方北征而回，未可复动。且待半年，养精蓄锐，刘表、孙权，可一鼓而下也。」操从之，遂分兵屯田，以候调用。 || Chapter 68, P068-018: 操大笑，遂立长子曹丕为王世子。冬十月，魏王宫成，差人住各处收取奇花异果，栽植后苑。有使者到吴地，见了孙权，传魏王令旨，再往温州取柑子。时孙权正尊让魏王，便令人于本城选了大柑子四十余担，星夜送往邺郡。至中途，挑担役夫疲困，歇于山脚下，见一先生，眇一眼，跛一足，头戴白藤冠，身穿青懒衣，来与脚夫作礼，言曰：「你等挑担劳苦，贫道都替你挑一肩，何如﹖」 || Chapter 78, P078-018: 次日，觉气冲上焦，目不见物，急召夏侯惇商议。惇至殿门前，忽见伏皇后、董贵人、二皇子、伏完、董承等，立在阴云之中。惇大惊昏倒，左右扶出，自此得病。操召曹洪、陈群、贾诩、司马懿等，同至卧榻前，嘱以后事。曹洪等顿首曰：「大王善保玉体，不日定当霍然。」操曰：「孤纵横天下三十余年，群雄皆灭，止有江东孙权，西蜀刘备，未曾剿除。孤今病危，不能再与卿等相叙，特以家事相托：孤长子曹昂，刘氏所生，不幸早年殁于宛城。今卞氏生四子：丕、彰、植、熊。孤平生所爱第三子植，为人虚华少诚实，嗜酒放纵，因此不立；次子曹彰，勇而无谋；四子曹熊，多病难保；惟长子曹丕，笃厚恭谨，可继我业。卿等宜辅佐之。」",same_body_paragraph
孙权,诸葛瑾,15,9,29;45;66;67;73;76;81;82;108,"Chapter 29, P029-030: 权闻言大喜，披衣起谢；次日厚赠鲁肃，并将衣服帏帐等物，赐肃之母。肃又荐一人见孙权，此人博学多才，事母至孝。覆姓诸葛，名瑾，字子瑜，瑯琊南阳人也。权拜之为上宾。瑾劝权勿通袁绍，且顺曹操，然后乘便图之。权依言，乃遗陈震回，以书绝袁绍。 || Chapter 45, P045-001: 却说周瑜闻诸葛瑾之言，转恨孔明，存心欲谋杀之。次日点齐军将，入辞孙权。权曰：「卿先行，孤即起兵继后。」瑜辞出，与程普，鲁肃，领兵起行，便邀孔明同往。孔明欣然从之，一同登舟，驾起帆樯，迤逦望夏口而进。离三江口五六十里，船依次第歇定。周瑜在中央下寨，岸上依西山结营，周围屯住。孔明只在一叶小舟内安身。 || Chapter 66, P066-001: 却说孙权要索荆州。张昭献计曰：「刘备所倚重者，诸葛亮耳。其兄诸葛瑾今仕于吴，何不将瑾老小执下，使瑾入川告其弟，令劝刘备交割荆州？『如其不还，必累及我老小，』亮念同胞之情，必然应允。」权曰：「诸葛瑾乃诚实君子，安忍拘其老小？」昭曰：「明教知是计策，自然放心。」",same_body_paragraph
庞统,诸葛亮,15,6,36;57;60;62;63;65,"Chapter 36, P036-021: 玄德喜曰：「愿闻此人姓名。」庶曰：「此人乃瑯琊阳都人，覆姓诸葛，名亮，字孔明。乃汉司隶校尉诸葛丰之后其父名珪，字子贡，为泰山郡丞，早卒。亮从其叔玄。玄与荆州刘景升有旧，因往依之，遂家于襄阳。后玄卒，亮与弟诸葛均躬耕于南阳尝好为梁父吟。所居之地，有一冈，名卧龙冈，因自号为卧龙先生。此人乃绝代奇才，使君急宜枉驾见之。若此人肯相辅佐，何愁天下不定乎？」玄德曰：「昔水镜先生曾为备言：『伏龙、凤雏，两人得一，可安天下。』今所云莫非即伏龙、凤雏乎？」庶曰：「凤雏乃襄阳庞统也。伏龙正是诸葛孔明。」玄德踊跃曰：「今日方知伏龙、凤雏之语。何期大贤只在目前。非先生言，备有眼如盲也！」后人有赞徐庶走马荐诸葛诗曰： || Chapter 57, P057-009: 鲁肃设宴款待孔明。宴罢，孔明辞回。方欲下船，只见江边一人道袍竹冠，皂【左糸右条】素履，一手揪住孔明大笑曰：「汝气死周郎，却又来吊孝，明欺东吴无人耶？」孔明急视其人，乃凤雏先生庞统也。孔明亦大笑。两人携手登舟，各诉心事。孔明乃留书一封与统，嘱曰：「吾料孙仲谋必不能重用足下。稍有不如意，可来荆州共扶玄德。此人宽仁厚德，必不负公平生之所学。」统允诺而别。孔明自回荆州。 || Chapter 57, P057-013: 此时孔明按察四郡未回。门吏传报江东名士庞统，特来相投。玄德久闻统名，便教请入相见。统见玄德，长揖不拜，玄德见统貌陋，心中亦不悦，乃问统曰：「足下远来不易？」统不即取出鲁肃书并孔明投呈，但答曰：「闻皇叔招贤纳士，特来相投。」玄德曰：「荆，楚稍定，苦无闲职。此去东南数百里，有一县名耒阳县，缺一县宰，屈公任之。如后有缺，却当重用。」",same_body_paragraph
张郃,魏延,15,4,70;95;98;101,"Chapter 70, P070-004: 玄德差人犒军，见张飞终日饮酒，使者回报玄德。玄德大惊，忙来问孔明。孔明笑曰：「原来如此。军前恐无好酒；成都佳酿极多，可将五十饔作三车装，送到军前与张将军饮。」玄德曰；「吾弟自来饮酒失事，军师何故反送酒与他﹖」孔明笑曰：「主公与翼德做了许多年兄弟，还不知其为人耶﹖翼德自来刚强，然前于收川之时，义释严颜，此非勇夫所为也。今与张郃相拒五十余日，酒醉之后，便坐山前辱骂，傍若无人；此非贪杯，乃败张郃之计耳。」玄德曰：「虽然如此，未可托大。可使魏延助之。」孔明今魏延解酒赴军前，车上各插黄旗，大书「军前公用美酒」。 || Chapter 70, P070-005: 魏延领命，解酒到寨中，见张飞，传说主公赐酒，飞拜受讫，分付魏延，雷同各引一枝人马，为左右翼；只看军中红旗起，便各进兵；教将酒摆列帐下，令军士大开旗鼓而饮。有细作报上山来，张郃自来山顶观望。见张飞坐于帐下饮酒，令二小卒于面前相扑为戏。郃曰：「张飞欺我太甚！」传令今夜下山劫飞寨。令蒙头，荡石二寨，皆出为左右援。 || Chapter 70, P070-007: 两将在火光中，战到三五十合。张郃只盼两寨来救，谁知两寨救兵，已被魏延，雷同两将杀退，就势夺了二寨。张郃不见救兵，正没奈何，又见山上火起，已被张飞后军夺了寨栅。张郃三寨俱失，只得奔瓦口关去了。张飞大获胜捷，报入成都。玄德大喜，方知翼德饮酒是计，只要诱张郃下山。",same_body_paragraph
张飞,马超,15,4,65;69;71;73,"Chapter 65, P065-006: 却说张飞闻马超攻关，大叫而入曰：「辞了哥哥，便去战马超也！」孔明佯作不闻，对玄德曰：「今马超侵犯关隘，无人可敌；除非往荆州取关云长来，方可与敌。」张飞曰：「军师何故小觑吾？吾曾独拒曹操百万之兵，岂愁马超一匹夫乎？」孔明曰：「翼德拒水断桥，此因曹操不知虚实耳。若知虚实将军岂得无事？今马超之勇，天下皆知。渭桥大战，杀得曹操割须弃袍，几乎丧命，非等闲之比，云长且未必能胜。」飞曰：「我只今便去；如胜不得马超，甘当军令！」孔明曰：「即尔肯写文书，便为先锋。请主公亲自去一遭。留亮守绵竹。待子龙来，却作商议。」魏延曰：「某亦愿往。」 || Chapter 65, P065-007: 孔明令魏延带五百哨马先行，张飞第二，玄德后队，望葭明关进发。魏延哨马先到关下，正遇杨柏。魏延与杨柏交战，不十合，杨柏败走。魏延要夺张飞头功，乘势赶去，前面一军摆开，为首乃是马岱。魏延只道是马超，舞刀跃马迎之。与马岱战不十合，岱败走。延赶去，被岱回身一箭，中了魏延左臂。延急回马走。马岱赶至关前，只见一将喊声如雷，从关上飞马奔至面前。原来是张飞初到关上，听得关前厮杀，便来看时，正见魏延中箭，因骤马下关，救了魏延。 || Chapter 65, P065-008: 飞喝马岱曰：「汝是何人？先通名姓，然后厮杀！」马岱曰：「吾乃西凉马岱是也。」张飞曰：「你原来不是马超！快回去！非吾对手！只令马超那厮自来！说道燕人张翼德在此！」马岱大怒曰：「汝焉敢小觑我！」挺枪跃马，直取张飞。战不十合，马岱败走。张飞欲待追赶，关上骑马到来，叫：「兄弟且休赶！」飞回视之，原来是玄德到来。飞遂不赶，一同上关。玄德曰：「恐怕你性躁，故我随后赶来到此。既然胜了马岱，且歇一宵，来日战马超。」",same_body_paragraph
曹真,郭淮,15,6,93;94;95;97;98;99,"Chapter 93, P093-008: 时魏主曹叡太和元年，升殿设朝。近臣奏曰：「夏侯驸马已失三郡，逃窜羌中去了。今蜀兵已到祁山，前军临渭水之西，乞早发兵破敌。」叡大惊，乃问群臣曰：「谁可为朕退蜀兵耶？」司徒王朗出班奏曰：「臣观先帝每用大将军曹真，所到必克；今陛下何不拜为大都督，以退蜀兵？」叡准奏，乃宣曹真曰：「先帝托孤与卿，今蜀兵入寇中原，卿安忍坐视乎？」真奏曰：「臣才（左为疏之左．右为束）智浅，不称其职。」王朗曰：「将军乃社稷之臣，不可固辞。老臣虽驽钝，愿随将军前往。」真又奏曰：「臣受大恩，安敢推辞？但乞一人为副将。」叡曰：「卿自举之。」真乃保太原阳曲人：姓郭，名淮，字伯济，官封射亭侯，领雍州刺史。叡从之，遂拜曹真为大都督，赐节钺；命郭淮为副都督，王朗为军师；朗时年已七十六岁矣。选拨东西二京军马二十万与曹真。真命宗弟曹遵为先锋，又命荡寇将军朱赞为副先锋。时年十一月出师，魏主曹叡亲自送出西门之方回。 || Chapter 93, P093-009: 曹真领大军来到长安，过渭水之西下寨。真与王朗、郭淮共议退兵之策。朗曰：「来日可严整队伍，大展旌旗。老夫自出，只用一席话，管教诸葛亮拱手而降，蜀兵不战自退。」真大喜，是夜传令：来日四更造饭，平明务要队伍整齐，人马威仪，旌旗鼓角，各按次序。当时使人先下战书。次日，两军相迎，列成阵势于祁山之前。蜀军见魏兵甚是雄壮，与夏侯楙大不相同。 || Chapter 93, P093-010: 三军鼓角己罢，司徒王朗乘马而出。上首乃都督曹真，下首乃副都督郭淮：两个先锋压住阵角。探子马出军前，大叫曰：「请对阵主将答话！」只见蜀兵门旗开处，关兴、张苞，分左右而出，立马于两边；次后一队队骁将分列；门旗影下，中央一辆四轮车，孔明端坐车中，纶巾羽扇，素衣皂（左糸右条），飘然而出。孔明举目见魏阵前三个麾盖，旗上大书姓名，中央白髯老者，乃军师司徒王朗。孔明暗忖曰：「王朗必不说词，吾当随机应之。」遂教推车出阵外，令护军小校传曰：「汉丞相与司徒会话。」王朗纵马而出。孔明于车上拱手，王朗在马上欠身答礼。朗曰：「久闻公之大名，今幸一会。公既知天命、识时务，何故兴无名之师？」孔明曰：「吾奉诏讨贼，何谓无名？」朗曰：「天数有变，神器更易，而归有德之人，此自然之理也。曩自桓、灵以来，黄巾倡乱，天下争横。降至初平、建安之岁，董卓造逆，傕、汜继虐；袁术僭号于寿春，袁绍称雄于邺上；刘表占据荆州，吕布虎吞徐郡：盗贼蜂起，奸雄鹰扬，社稷有累卵之危，生灵有倒悬之急。我太祖武皇帝，扫清六合，席卷八荒；万姓倾心，四方迎德：非以权势取之，实天命所归也。世祖文帝，神圣文武，以膺大统，应天合人，法尧禅舜，处中国以治万邦，岂非天心人意乎？今公蕴大才，报大器，欲自比于管乐，何乃强欲逆天理，背人情而行事耶？岂不闻古人云：『顺天者昌，逆天者亡。」今我大魏带甲百万，良将千员。谅腐草之萤光，怎及天心之皓月？公可倒戈卸甲，以礼来降，不失封侯之位。国安民乐，岂不美哉！」孔明在车上大笑曰：「吾以为汉朝大老元臣，必有高论，岂期出此鄙言！吾有一言，诸军静听：昔桓、灵之世，汉统陵替，宦官酿祸；国乱岁凶，四方扰攘。黄巾之后，董卓、傕、汜等接踵而起，迁劫汉帝，残暴生灵。因庙堂之上，朽木为官；殿陛之间，禽兽食禄。狼心狗行之辈，滚滚当朝；奴颜婢膝之徒，纷纷秉政。以致社稷邱墟，苍生涂炭。吾素知汝所行！世居东海之滨，初举孝廉入仕。理合匡君辅国，安汉兴刘；何期反助逆贼，同谋篡位！罪恶深重，天地不容！天下之人，愿食汝肉！」「今幸天意不绝炎汉，昭烈皇帝继统西川。吾今奉嗣君之旨，兴师讨贼。汝既为谄谀之臣，只可潜身缩首，苟图衣食；安敢在行伍之前，妄称天数耶！皓首匹夫！苍髯老贼！汝即日将归于九泉之下，何面目见二十四帝乎！老贼速退！可叫反臣与吾共决胜负！」王朗听罢，气满胸膛，大叫一声，撞死于马下。后人有诗赞孔明曰：",same_body_paragraph
王允,董卓,15,5,3;4;8;9;120,"Chapter 3, P003-014: 是日还宫，见何太后，俱各痛哭。检点宫中，不见了传国玉玺。董卓屯兵城外，每日带铁甲马军入城，横行街市，百姓惶惶不安。卓出入宫庭，略无忌惮。后军校尉鲍信，来见袁绍，言董卓必有异心，可速除之。绍曰：「朝廷新定，未可轻动。」鲍信见王允，亦言其事。允曰：「且容商议。」信自引本部军兵，投泰山去了。 || Chapter 4, P004-015: 董卓自此出入常带甲士护卫。时袁绍在渤海，闻知董卓弄权，乃差人赍密书来见王允。书略曰：卓贼欺天废主，人不忍言；而公恣其跋扈，如不听闻，岂报国效忠之臣哉？绍今集兵练卒，欲扫清王室，未敢轻动。公若有心，当乘间图之。若有驱使，即当奉命。 || Chapter 4, P004-016: 王允得书，寻思无计。一日，于侍班阁子内见旧臣俱在，允曰：「今日老夫贱降，晚间敢屈众位到舍小酌。」众官皆曰：「必来祝寿。」当晚王允设宴后堂，公卿皆至。酒行数巡，王允忽然掩面大哭。众官惊问曰：「司徒贵诞，何故发悲？」允曰：「今日并非贱降，因欲与众位一叙，恐董卓见疑，故托言耳。董卓欺主弄权，社稷旦夕难保。想高皇诛秦灭楚，奄有天下；谁想传至今日，乃丧于董卓之手：此吾所以哭也。」于是众官皆哭。坐中一人抚掌大笑曰：「满朝公卿，夜哭到明，明哭到夜，还能哭死董卓否？」允视之，乃骁骑校尉曹操也。允怒曰：「汝祖宗亦食禄汉朝，今不思报国而反笑耶？」操曰：「吾非笑别事，笑众位无一计杀董卓耳。操虽不才，愿即断董卓头，悬之都门，以谢天下。」允避席问曰：「孟德有何高见？」操曰：「近日操屈身以事卓者，实欲乘间图之耳。今卓颇信操，操因得时近卓。闻司徒有七星宝刀一口，愿借与操入相府刺杀之，虽死不恨！」允曰：「孟德果有是心，天下幸甚！」遂亲自酌酒奉操。操沥酒设誓，允随取宝刀与之。操藏刀，饮酒毕，即起身辞别众官而去。众官又坐了一回，亦俱散讫。",same_body_paragraph
诸葛亮,诸葛瑾,15,9,37;43;44;45;66;67;76;82;102,"Chapter 37, P037-024: 玄德待其歌罢，上草堂施礼曰：「备久慕先生，无缘拜会。昨因徐元直称荐，敬至仙庄，不遇空回。今特冒风雪而来，得瞻道貌，实为万幸！」那少年慌忙答礼曰：「将军莫非刘豫州，欲见家兄否？」玄德惊讶曰：「先生又非卧龙耶？」少年曰：「某乃卧龙之弟诸葛均也。愚兄弟三人，长兄诸葛瑾，现在江东孙仲谋处为幕宾。孔明乃二家兄。」玄德曰：「卧龙今在家否？」均曰：「昨为崔州平相约，出外闲游去矣。」玄德曰：「何处闲游？」均曰：「或驾小舟，游于江湖之中；或访僧道于山岭之上；或寻朋友于村落之间；或乐琴棋于洞府之内；往来莫测，不知去所。」玄德曰：「刘备直如此缘分浅薄，两番不遇大贤！」均曰：「小坐献茶。」张飞曰：「那先生既不在，请哥哥上马。」玄德曰：「我既到此间，如何无一语而回？」因问诸葛均曰：「闻令兄卧龙先生熟谙韬略，日看兵书，可得闻乎？」均曰：「不知。」张飞曰：「问他则甚！风雪甚紧，不如早归。」玄德叱止之。均曰：「家兄不在，不敢久留车骑；容日却来回礼。」玄德曰：「岂敢望先生枉驾。数日之后，备当再至。愿借纸笔作一书，留达令兄，以表刘备慇懃之意。」均遂进文房四宝。玄德呵开冻笔，拂展云笺，写书曰： || Chapter 43, P043-005: 权叹曰：「诸人议论，大失孤望。子敬开说大计，正与吾见相同。此天以子敬赐我也！但操新得袁绍之众，近又得荆州之兵，恐势大难以抵敌。」肃曰：「肃至江夏，引诸葛瑾之弟诸葛亮在此，主公可问之，便知虚实。」权曰：「卧龙先生在此乎？」肃曰：「现在馆驿中安歇。」权曰：「今日天晚，且未相见。来日聚文武于帐下，先教见我江东英俊，然后升堂议事。」 || Chapter 43, P043-018: 于是黄盖与鲁肃引孔明入；至中门，正遇诸葛瑾，孔明施礼。瑾曰：「贤弟既到江东，如何不来见我？」孔明曰：「弟既事豫州，理宜先公后私，公事未毕，不敢及私。望兄见谅。」瑾曰：「贤弟见过吴侯，却来叙话。」说罢自去。",same_body_paragraph
诸葛亮,陆逊,15,9,84;85;86;87;96;97;98;102;103,"Chapter 84, P084-009: 良问其故。孔明曰：「包原隰险阻而结营，此兵家之大忌。倘彼用火攻，何以解救？又岂有连营七百里而可拒敌乎？祸不远矣！陆逊拒守不出，正为此也。汝当速去见天子，改屯诸营，不可如此。」良曰；「倘今吴兵已胜，如之奈何？」孔明曰：「陆逊不敢来追，成都可保无虞。」良曰：「逊何故不追？」孔明曰：「恐魏兵袭其后也。主上若有失，当投白帝城避之。吾入川时，已伏下十万兵在鱼腹浦矣。」良大惊曰：「某于鱼腹浦往来数次，未尝见一卒，丞相何作此诈语？」孔明曰：「后来必见，不劳多问。」马良求了表章，火速投御营来。孔明自回成都，调拨军马救应。 || Chapter 84, P084-013: 正走之间，山后一彪蛮兵拦住：为首番将沙摩柯。丹死战得脱，背后三路军赶来。比及离营五里，吴军徐盛、丁奉二人两下杀来，蜀兵退去，救了淳于丹回营。丹带箭入见陆逊请罪。逊曰：「非汝之过也：吾欲试敌人之虚人之虚实耳。破蜀之计，吾已定矣。」徐盛、丁奉曰：「蜀兵势大，难以破之，空自损兵折将耳。」逊笑曰：「吾这条计，但瞒不过诸葛亮耳。天幸此人不在，使我成大功也。」 || Chapter 84, P084-031: 陆逊回寨叹曰：「孔明真『卧龙』也！吾不能及！」于是下令班师。左右曰：「刘备兵败势穷，困守一城，正好乘势击之；今见石阵而退，何也？」逊曰：「吾非惧石阵而退？吾料魏主曹丕，其奸诈与父无异，今知吾追赶蜀兵，必乘虚来袭。吾若深入西川，急难退矣。」遂令一将断后，逊率大军而回。退兵未及二日，三处人来飞报：「魏兵曹仁出濡须，曹休出洞口，曹真出南郡：三路兵马数十万，星夜至境，未知何意。」逊笑曰：「不出吾之所料。吾已令兵拒之矣。」正是：雄心方欲吞西蜀，胜算还须御北朝。未知如何退兵，且看下文分解。",same_body_paragraph
关羽,周瑜,14,7,45;49;51;55;56;75;77,"Chapter 45, P045-010: 却说糜竺回见玄德，具言周瑜欲请主公到彼面会，别有商护。玄德便教收拾快船一只，只今便行。云长谏曰：「周瑜多谋之士，又无孔明书信，恐其中有诈，不可轻去。」玄德曰：「我今结东吴以共破曹操，周郎欲见我，我若不往，非同盟之意。两相猜忌，事不谐矣。」云长曰：「兄长若坚意要去，弟愿同往。」张飞曰：「我也跟去。」玄德曰：「只云长随我去。翼德与子龙守寨，简雍固守鄂县。我去便回。」 || Chapter 45, P045-011: 分付毕，即与云长乘小舟，并从者二十余人，飞棹赴江东。玄德观看江东艨艟战舰，旌旗甲兵，左右分布整齐，心中甚喜。军士飞报周瑜：「刘豫州来了。」瑜问：「带多少船只来？」军士答曰：「只有一只船，二十余从人。」瑜笑曰：「此人命合休笑！」乃命刀斧手，先埋伏定，然后出寨迎接。 || Chapter 45, P045-012: 玄德引云长等二十余人，直到中军帐，叙礼毕。瑜请玄德上坐。玄德曰：「将军名传天下，备不才，何烦将军重礼？」乃分宾主而坐，周瑜设宴相待。",same_body_paragraph
关羽,鲁肃,14,6,45;53;66;75;77;83,"Chapter 45, P045-015: 少顷，鲁肃入。玄德曰：「孔明何在？烦子敬请来一会。」瑜曰：「且待破了曹操，与孔明相会未迟。」玄德不敢再言。云长以目视玄德，玄德会意，即起身辞瑜曰：「备暂告别。即日破敌收功之后，专当叩贺。」瑜亦不留，送出辕门。 || Chapter 45, P045-018: 却说周瑜送了玄德，回至寨中，鲁肃入问曰：「公既诱玄德至此，为何又不下手？」瑜曰：「关云长，世之虎将也，与玄德行坐相随，吾若下手，他必来害我。」 || Chapter 53, P053-033: 正言间，忽报公子刘琦病亡。玄德闻之，痛哭不已。孔明劝曰：「生死分定，主公勿忧，恐伤贵体，且理大事。可急差人到彼守御城池，并料理葬事。」玄德曰：「谁可去？」孔明曰：「非云长不可。」即时便教云长前去襄阳保守。玄德曰：「今日刘琦已死，东吴必来讨荆州，如何对答？」孔明曰：「若有人来，亮自有言对答。」过了半月，人报东吴，鲁肃等来吊丧。正是：先将计策安排定，只等东吴使命来。未知孔明如何对答，且看下文分解。",same_body_paragraph
刘备,程昱,14,9,16;21;22;24;25;31;36;37;56,"Chapter 16, P016-028: 操大喜曰：「君言正合吾心。」次日，即表荐刘备领豫州牧。程昱谏曰：「刘备终不为人之下，不如早图之。」操曰：「方今正用英雄之时，不可杀一人而失天下之心，此郭奉孝与吾有同见也。」遂不听昱言，以兵三千，粮万斛，送与玄德，使往豫州到任，进兵屯小沛，招集原散之兵，攻吕布。玄德至豫州，令人约会曹操。 || Chapter 21, P021-016: 次日，玄德面奏献帝。操令玄德总督五万人马，又差朱灵、路昭二人同行。玄德辞帝，帝泣送之。玄德到寓，星夜收拾军军器鞍马，挂了将军印，催促便行。董承赶出十里长亭来送。玄德曰：「国舅忍耐，某次行必有以报命。」承曰：「公宜留意，勿负帝心。」二人分别。关，张在马上问曰：「兄今番出征，何故如此慌速？」玄德曰：「吾乃笼中鸟，网中鱼。此一行如鱼入大海，鸟上青霁，不受笼网之羁绊也。」因命关，张催朱灵，路昭，军马速行。时郭嘉，程昱，考较钱粮方回，知曹操已遣玄德进兵徐州，慌入谏曰：「丞相何故令刘备督军？」操曰：「欲截袁术耳。」程昱曰：「昔刘备为豫州牧时，某等请杀之，丞相不听；今日又与之兵，此放龙入海，纵虎归山也。后欲治之，其可得乎？」郭嘉曰：「丞相纵不杀备，亦不当使之去。古人云：『一日纵敌，万世之患。』望丞相察之。」操然其言，遂令许褚将兵五百前往，务要追玄德转来。许褚应诺而去。 || Chapter 21, P021-017: 却说玄德正行之间，只见后面尘头骤起，谓关，张曰：「此必曹兵追至也。」遂下了营寨，令关，张各执军器，立于两边。许褚至，见严兵整甲，乃下马入营见玄德。玄德曰：「公来此何干？」褚曰：「奉丞相命，特请将军回去，别有商议。」玄德曰：「『将在外，君命有所不受。』吾面过君，又蒙丞相钧语，今别无他议，公可速回，为我禀复丞相。」许褚寻思：「丞相与他一向交好，今番又不曾教我来厮杀，只得将他言语回复，另候裁夺便了。」遂辞了玄德领兵而回；回见曹操，备述玄德之言。操犹豫未决。程昱，郭嘉曰：「备不肯回兵，可知心变。」操曰：「我有朱灵，路昭，二人在彼，料玄德未敢心变。况我既遣之，何可复悔？」遂不复追玄德。后人有诗赞玄德曰：",same_body_paragraph
刘表,蔡瑁,14,7,6;7;31;34;35;39;40,"Chapter 6, P006-019: 却说荆州刺史刘表，字景升，山阳高平人也：乃汉室宗亲；幼好结纳，与名士七人为友，时号「江夏八俊」。那七人：一一汝南陈翔，字仲麟；同郡范滂，字孟博；鲁国孔昱，字世元；渤海范康，字仲真；山阳檀敷，字文友；同郡张俭，字元节；南阳岑晊，字公孝。刘表与此七人为友；有延平人蒯良、蒯越，襄阳人蔡瑁为辅。当时看了袁绍书，随令蒯越、蔡瑁引兵一万来截孙坚。 || Chapter 6, P006-020: 坚军方到，蒯越将阵摆开，当先出马。孙坚问曰：「蒯英度何故引兵截吾去路？」越曰：「汝既为汉臣，如何私匿传国之宝？可速留下，放汝归去！」坚大怒，命黄盖出战。蔡瑁舞刀来迎。斗到数合，黄盖挥鞭打瑁，正中护心镜。瑁拨回马走，孙坚乘势杀过界口。山背后金鼓齐鸣，乃刘表亲自引军来到。孙坚就马上施礼曰：「景升何故信袁绍之书，相逼邻郡！」表曰：「汝匿传国玺，将欲反耶？」坚曰：「吾若有此物，死于刀箭之下！」表曰：「汝若要我听信，将随军行李，任我搜看。」坚怒曰：「汝有何力，敢小觑我！」方欲交兵，刘表便退。坚纵马赶去，两山后伏兵齐起，背后蒯越、蔡瑁赶来，将孙坚困在垓心。正是：玉玺得来无用处，反因此宝动刀兵。毕竟孙坚怎地脱身，且听下文分解。 || Chapter 7, P007-022: 黄祖聚败军，来见刘表，备言坚势不可当。表慌请蒯良商议。良曰：「目今新败，兵无战心；只可深沟高垒，以避其锋；却潜令人求救于袁绍，此围自可解也。」蔡瑁曰：「子柔之言，直拙计也。兵临城下，将至河边，岂可束手待毙？某虽不才，愿请军出城，以决一战。」刘表许之。",same_body_paragraph
司马师,司马昭,14,9,94;102;103;104;106;108;109;110;119,"Chapter 94, P094-011: 却说司马懿在宛城闲住，闻知魏兵累败于蜀，乃仰天长叹。懿长子司马师，字子元；次子司马昭，字子尚：二人素有大志，通晓兵书。当日侍立于侧，见懿长叹，乃问曰：「父亲何为长叹？」懿曰：「汝辈岂知大事耶？」司马师曰：「莫非叹魏主不用乎？」司马昭笑曰：「早晚必来宣召父亲也。」言未已，忽报天使持节至。懿听诏毕，遂调宛城诸路军马。忽又报金城太守申仪家人，有机密事求见。懿唤入密室问之。其人细说孟达欲反之事。更有孟达心腹人李辅并达外甥邓贤，随状出首。司马懿听毕，以手加额曰：「此乃皇上齐天之洪福也！诸葛亮兵在祁山，杀得内外人胆落；今天子不得已而幸长安，若旦夕不用吾时，孟达一举，两京破矣！此贼必通谋诸葛亮；吾先摛之，诸葛亮定然心寒，自退兵也。」长子司马师曰：「父亲可急写表申奏天子。」懿曰：「若等圣旨，往复一月之间，事无及矣。」即传令教人马起程，一日要行两日之路，如迟立斩；一面令参军梁畿赍檄星夜去新城，教孟达等准备进征，使其不疑。梁畿先行，懿在后发兵。行了二日，山坡下转出一军，乃是右将军徐晃，晃下马见懿，说：「天子驾到长安，亲拒蜀兵，今都督何往？」懿低言曰：「今孟达造反，吾去擒之耳。」晃曰：「某愿为先锋。」懿大喜，合兵一处。徐晃为前部，懿在中军，二子押后。又行了二日，前军哨马捉住孟达心腹人，搜出孔明回书，来见司马懿。懿曰：「吾不杀汝。汝从头细说。」其人只得将孔明、孟达往复之事，一一告说。懿看了孔明回书，大惊曰：「世间能者所见皆同。吾机先被孔明识破。幸得天子有福，获此消息。孟达今无能为矣。」遂星夜催军前行。 || Chapter 102, P102-014: 早有巡哨军飞报司马懿。懿唤诸将议曰：「孔明如此设施，其中必有计：彼以取北原为名，顺水来烧浮桥，乱吾后，却攻吾前也。」即传令与夏侯霸、夏侯威曰：「若听得北原发喊，便提兵于渭水南山之中，待蜀兵至击之。」又令张虎、乐（左糸右林），引二千弓弩手伏于渭水浮桥北岸：「若蜀兵乘木筏顺水而来，可一齐射之，休令近桥。」又传令郭淮、孙礼曰：「孔明来北原暗渡渭水，汝新立之营，人马不多，可尽伏于半路。若蜀兵午后渡水，黄昏时分，必来攻汝。汝诈败而走，蜀兵必追。汝等皆以弓弩射之。吾水陆并进。若蜀兵大至，只看我指挥击之。”各处下令已毕，又令二子──司马师、司马昭，──引兵救应前营。懿自引一军救北原。 || Chapter 103, P103-024: 懿见魏延只一人，军马又少,放心追之;令司马师在左，司马昭在右，懿自居中，一齐攻杀将来。魏延引五百兵皆退入谷中去。懿追到谷口，先令人入谷中哨探。叵报谷内并无伏兵，山上皆是草房。懿曰：「此必是积粮之所也。」遂大驱士马，尽入谷中。懿忽见草房上尽是干柴，前面魏延已不见了。懿心疑，谓二子曰：「倘有兵截断谷口如之奈何？」言未已，只听得喊声大震，山上一齐丢下火把来，烧断谷口。魏兵奔逃无路。山上火箭射下，地雷一齐突出，草房内干柴都著，刮刮杂杂，火势冲天。司马懿惊得手足无措，乃下马抱二子大哭曰：「我父子三人皆死于此处矣！」正哭之间，忽然狂风大作，黑气漫空，一声霹雳响处，骤雨倾盆。满谷之火，尽皆浇灭：地雷不震，火器无功。司马懿大喜曰：「不就此时杀出，便待时何！」即引兵奋力冲杀。张虎、乐𬘭亦引兵杀来接应。马岱军少，不敢追赶。司马懿父子与张虎、乐𬘭合兵一处，同归渭南大寨。不想寨栅已被蜀兵夺了。郭淮、孙礼正在浮桥上与蜀兵接战。司马懿等引兵杀到，蜀兵退去。懿烧断浮桥，据住北岸。",same_body_paragraph
司马懿,王平,14,4,95;99;101;102,"Chapter 95, P095-003: 孔明曰：「吾与汝二万五千精兵，再拨一员上将，相助你去。」即唤王平分付曰：「吾素知汝平生谨慎，故特以此重任相托。汝可小心谨慎此地下寨必当要道之处，使贼兵急切不能偷过。安营既毕，便画四至八道地理形状图本来我看。凡事商议停当而行，不可轻易。如所守无危，则是取长安第一功也。戒之！戒之！」二人拜辞引兵而去。孔明寻思，恐二人有失，又唤高翔曰：「街亭东北上有一城，名列柳城，乃山僻小路：此可以屯兵扎寨。与汝一万兵，去此城屯扎。但街亭危，可引兵救之。」高翔引兵而去。孔明又思高翔非张郃对手，必得一员大将，屯兵于街亭之右，方可防之！遂唤魏延引本部兵去街亭之后屯扎。延曰：「某为前部，理合当先破敌，何故置某于安闲之地？」孔明曰：「前锋破敌，乃偏裨之事耳。今令汝接应街亭，当阳平关冲要道路，总守汉中咽喉，此乃大任也。何为安闲乎？汝勿以等闲视之，失吾大事。切宜小心在意！」魏延大喜，引兵而去。孔明恰才心安，如乃唤赵云、邓芝分付曰：「今司马懿出兵，与往日不同。汝二人各引一军出箕谷，以为疑兵。如逢魏兵，或战、或不战，以惊其心。吾自统大军，由斜谷迳取郿城：若得郿城，长安可破矣。」二人受命而去。孔明令姜维作先锋，兵出斜谷。 || Chapter 95, P095-006: 却说司马懿回到寨中，使人打听是何将引兵守街亭。回报曰：「乃马良之弟马谡也。」懿笑曰：「徒有虚名，乃庸才耳！孔明用如此人物，如何不误事！」又问：「街亭左右别有军否？」探马报曰：「离山十里有王平安营。」懿乃命张郃引一军，当住王平来路。又令申耽、申仪引两路兵围山，先断了汲水道路；待蜀兵自乱，然后乘势击之。当夜调度已定。次日天明，张郃引兵先往背后去了。司马懿大驱军马，一拥而进，把山四面围定。马谡在山上看时，只见魏兵漫山遍野，旌旗队伍，甚是严整。蜀兵见之，尽皆丧胆，不敢下山。马谡将红旗招动，军将你我相推，无一人敢动。谡大怒，自杀二将。众军惊惧，只得努力下山来冲魏兵。魏兵端然不动。蜀兵又退上山去。马谡见事不谐，教军紧守寨门，只等外应。 || Chapter 95, P095-007: 却说王平见魏兵到，引军杀来，正遇张郃；战有数十余合，平力穷势孤，只得退去。魏兵自辰时困至戌时，山上无水，军不得食，寨中大乱。嚷到半夜时分，山南蜀兵大开寨门，下山降魏。马谡禁止不住。司马懿又令人于沿山放火，山上蜀兵愈乱。马谡料守不住，只得驱残兵杀下山西逃奔。司马懿放条大路，让过马谡。背后张郃引兵赶来。赶到三十余里，前面鼓角齐鸣，一彪军出，放过马谡，拦住张郃；视之，乃魏延也：挥刀纵马，直取张郃。郃回军便走。延驱兵赶来，复夺街亭。赶到五十余里，一声喊起，两边伏兵齐出：左边司马懿，右边司马昭，却抄在魏延背后，把延困在垓心。张郃复来，三路兵合在一处。魏延左冲右突，不得脱身，折兵大半。正危急间，忽一彪军杀入，乃王平也。延大喜曰：「吾得生矣！」二将合兵一处，大杀一阵，魏兵方退。二将慌忙奔回寨时，营中皆是魏兵旌旗。申耽、申仪从营中杀出。王平、魏延迳奔列柳城，来投高翔。此时高翔闻知街亭有失，尽起列柳城之兵，前来救应，正遇延、平二人，诉说前事。高翔曰：「不如今晚去劫魏寨，再复街亭。」当时三人在山坡下商议已定。待天色将晚，兵分三路。魏延引兵先进，迳到街亭，不见一人，心中大疑，不敢轻进，且伏在路口等候。忽见高翔兵到，二人共说魏兵不知在何处。正没理会，又不见王平兵到。忽然一声砲响，火光冲天，鼓声震地。魏兵齐出，把魏延、高翔围在垓心。二人尽力冲突，不得脱身。忽听得山坡后喊声若雷，一彪军杀入，乃是王平，救了高、魏二人，迳奔列柳城来。比及奔到城下时，城边早有一军杀到，旗上大书「魏都督郭淮」字样。原来郭淮与曹真商议，恐司马懿得了全功，乃分淮来取街亭；闻知司马懿、张郃成上此功，遂引兵迳袭列柳城。正遇三将，大杀一阵。蜀兵伤者极多。魏延恐阳平关有失，慌与王平、高翔望阳平关来。",same_body_paragraph
吕布,李儒,14,5,3;5;6;8;9,"Chapter 3, P003-017: 时李儒见丁原背后一人，生得器字轩昂，威风凛凛，手执方天画戟，怒目而视。李儒急进曰：「今日饮宴之处，不可谈国政；来日向都堂公论未迟。」众人皆劝丁原上马而去。卓问百官曰：「吾所言，合公道否？」卢植曰：「明公差矣：昔太甲不明，伊尹放之于桐宫。昌邑王登位方二十七日，造恶三千余条，故霍光告太庙而废之。今上虽幼，聪明仁智，并无分毫过失。公乃外郡刺史，素未参与国政，又无伊、霍之大才，何可强主废立之事？圣人云『有伊尹之志则可，无伊尹之志则篡也。』」卓大怒，拔剑向前欲杀植。议郎彭伯谏曰：「卢尚书海内人望，今先害之，恐天下震怖。」卓乃止。司徒王允曰：「废立之事，不可酒后相商，另日再议。」于是百官皆散。卓按剑立于园门，忽见一人跃马持戟，于园门外往来驰骤。卓问李儒：「此何人也？」儒曰：「此丁原义兄：姓吕，名布，字奉先者也。主公且须避之。」卓乃入园潜避。 || Chapter 3, P003-018: 次日，人报丁原引军城外搦战。卓怒，引军同李儒出迎。两阵对圆，只见吕布顶束发金冠，披百花战袍，擐唐猊铠甲，系狮蛮宝带，纵马挺戟，随丁建阳出到阵前。建阳指卓骂曰：「国家不幸，阉官弄权，以致万民涂炭。尔无尺寸之功，焉敢妄言废立，欲乱朝廷？」 || Chapter 3, P003-020: 卓大喜，观其人，乃虎贲中郎李肃也。卓曰：「汝将何以说之？」肃曰：「某闻主公有名马一匹，号曰『赤兔』，日行千里。须得此马，再用金珠，以利结其心。某更进说词，吕布必反丁原，来投主公矣。」卓问李儒曰：「此言可乎？」儒曰：「主公欲取天下，何惜一马？」卓欣然与之，更与黄金一千两、明珠数十颗、玉带一条。",same_body_paragraph
夏侯惇,张辽,14,12,11;18;23;24;28;30;31;33;40;42;48;50,"Chapter 11, P011-028: 操指吕布而言曰：「吾与汝自来无雠，何得夺吾州郡？」布曰：「汉家城池，诸人有分，偏尔合得？」便叫臧霸出马搦战。曹军内乐进出迎。两马相交，双鎗齐举。战到三十余合，胜负不分。夏侯惇拍马便出助战，吕布阵上，张辽截住厮杀。恼得吕布性起，挺戟骤马，冲出阵来，夏侯惇、乐进皆走。吕布掩杀，曹军大败，退三四十里。布自收军。 || Chapter 18, P018-026: 夏侯惇既杀曹性，纵马便回。高顺从背后赶来，麾军齐上，曹军大败。夏侯渊救护其兄而走。吕虔、李典将败军退去济北下寨。高顺得胜，引军回击玄德，恰好吕布大军亦至。布与张辽、高顺分兵三路，夹攻玄德、关、张三寨。正是：啖睛猛将虽能战，中箭先锋难久持。未知玄德胜负如何，且看下文分解。 || Chapter 23, P023-008: 帝览表，以付曹操。操遂使人召衡至。礼毕，操不命坐。祢衡仰天叹曰：「天地虽阔，何无一人也！」操曰：「吾手下有数十人，皆当世英雄，何谓无人？」衡曰：「愿闻。」操曰：「荀彧，荀攸，郭嘉，程昱，机深智远，虽萧何，陈平不及也。张辽[陈怡妏3]，许褚，乐进，李典，勇不可当，虽岑彭，马武不及也。吕虔，满宠，为从事；于禁，徐晃，为先锋。夏侯惇，天下奇才；曹子孝，世间福将。安得无人？」衡笑曰：「公言差矣。此等人物，吾尽识之：荀彧可使吊丧问疾，荀攸可使看坟守墓，程昱可使关门闭户，郭嘉可使白词念赋，张辽可使击鼓鸣金，许褚可使牧牛放马，乐进可使取状读诏，李典可使传书送檄，吕虔可使磨刀铸剑，满宠可使饮酒食糟，于禁可使负版筑墙，徐晃可使屠猪杀狗。夏侯惇称为『完体将军』，曹子孝呼为『要钱太守』。其余皆是衣架！饭囊！酒桶！肉袋耳！」操怒曰：「汝有何能？」衡曰：「天文地理，无一不通；三教九流，无一不晓；上可以致君为尧、舜，下可以配德于孔、颜。岂与俗子共论乎！」时止有张辽在侧，掣剑欲斩之。操曰：「吾正少一鼓吏；早晚朝贺宴享，可令祢衡充此职。」衡不推辞，应声而去。辽曰：「此人出言不逊，何不杀之？」操曰：「此人素有虚名，远近所闻。今日杀之，天下必谓我不能容物，彼自以为能，故令为鼓吏以辱之。」",same_body_paragraph
夏侯惇,曹洪,14,10,6;12;14;30;31;40;48;69;70;78,"Chapter 6, P006-009: 且说孙坚飞奔洛阳，遥望火焰冲天，黑烟铺地，二三百里，并无鸡犬人烟；坚先发兵救灭了火，令众诸侯各于荒地上屯住军马。曹操来见袁绍曰：「今董贼西去，正可乘势追袭；本初按兵不动，何也？」绍曰：「诸兵疲困，进恐无益。」操曰：「董贼焚烧宫室，劫迁天子，海内震动，不知所归；此天亡之时也，一战而天下定矣。诸侯何疑而不进？」众诸侯皆言不可轻动。操大怒曰：「竖子不足与谋！」遂自引兵万余，领夏侯惇，夏侯渊，曹仁，曹洪，李典，乐进，星夜来赶董卓。 || Chapter 12, P012-003: 操从其言，分军三队，来至濮阳城下。操先往观之，见城上遍竖旗旛，西门角上，有一「义」字白旗，心中暗喜。是日午牌，城门开处，两员将引军出战：前军侯成，后军高顺。操即使典韦出马，直取侯成。侯成抵敌不过，回马望城中走。韦赶到吊桥边，高顺亦拦挡不住，都退入城中去了。数内有军人乘势混过阵来见操，说是田氏之使，呈上密书。约云：「今夜初更时分，城上鸣锣为号，便可进兵。某当献门。」操拨夏侯惇引军在左，曹洪引军在右，自己引夏侯渊，李典，乐进，典韦四将，率兵入城。李典曰：「主公且在城外，容某等先入城去。」操喝曰：「我不自往，谁肯向前！」遂当先领兵直入。 || Chapter 14, P014-009: 须臾，曹洪，李典，乐进，来见驾。通名毕，洪奏曰：「臣兄知贼兵至近，恐夏侯惇孤力难为，故又差臣等倍道而来协助。」帝曰：「曹将军真社稷臣也！」遂命护驾前行。探马来报：「李傕，郭汜，领兵长驱而来。」帝令夏侯惇分两路迎之。惇乃与曹洪分为两翼，马军先出，步军后随，尽力攻击。傕、汜贼兵大败，斩首万余。于是还洛阳故宫。夏侯惇屯兵于城外。",same_body_paragraph
庞统,魏延,14,5,60;61;62;63;65,"Chapter 60, P060-023: 正商议间，一人自外突入，汗流满面，大叫曰：「主公若听张松之言，则四十一州郡，已属他人矣！」松大惊；视其人，乃西阆中巴人，姓黄，名权，字公衡，现为刘璋府下主簿。璋问曰：「玄德与我同宗，吾故结之为援；汝何出此言？」权曰：「某素知刘备宽以待人，柔能克刚，英雄莫敌。远得人心，近得民望。兼有诸葛亮，庞统之智谋，关，张，赵云，黄忠，魏延为羽翼。若召到蜀中，以部曲待之，刘备岂肯伏低做小？若以客礼待之，又一国不容二主。今听臣言，则西蜀有泰山之安；不听臣言，则主公有累卵之危矣。张松昨从荆州过，必与刘备同谋。可先斩张松，后绝刘备，则西川万幸也。」璋曰：「曹操，张鲁到来，何以拒之？」权曰：「不如闭境绝塞，棎沟高垒，以待时清。」璋曰：「贼兵犯界，有燃眉之急；若待时清，则是慢计也。」遂不从其言，遣法正行。又一人阻曰：「不可！不可！」 || Chapter 60, P060-028: 于是遂请孔明同议，起兵西行。孔明曰：「荆州重地，必须分兵守之。」玄德曰：「吾与庞士元，黄忠，魏延，前往西川；军师可与关云长，张翼德，赵子龙，守荆州。」孔明应允。于是孔明总守荆州；关公拒襄阳要路，当青泥隘口；张飞领四郡巡江；赵云屯江陵，镇公安。玄德令黄忠为前部，魏延为后军。玄德自与刘封关平在中军，庞统为军师，马步五万，起程西行。 || Chapter 61, P061-001: 却说庞统、法正二人，劝玄德就席间杀刘璋，西川唾手可得。玄德曰：「吾初入蜀中，恩信未立，此事决不可行。」二人再三说之，玄德只是不从。次日，复与刘璋宴于城中，彼此细叙衷曲，情好甚密，酒至半酣，庞统与法正商议曰：「事已至此，由不得主公了。」便教魏延登堂舞剑，乘势杀刘璋，延遂拔剑进曰：「筵间无以为乐，愿舞剑为戏。」庞统便呼众武士入，列于堂下，只待魏延下手，刘璋手下诸将，见魏延舞剑筵前，又见阶下武士手按刀靶，直视堂上，从事张任亦掣剑舞曰：「舞剑必须有对，某愿与魏将军同舞。」",same_body_paragraph
张辽,袁绍,14,8,24;26;27;28;30;31;32;50,"Chapter 24, P024-019: 且说曹操当夜取了小沛，随即进兵攻徐州。糜竺，简雍，守把不住，只弃城而走。陈登献了徐州。曹操大军入城，安民己毕，随唤众谋士议取下邛。荀彧曰：「云长保护玄德妻小，死守此城；若不速取，恐为袁绍所窃。」操曰：「吾素爱云长武艺人材，欲得之以为己用，不若令人说之使降。」郭嘉曰：「云长义气深重，必不肯降。若使人说之，恐被其害。」帐下一人出曰：「某与关公有一面之交，愿往说之。」众视之，乃张辽也。程昱曰：「文远虽与云长有旧，吾观此人，非可以言词说也。某有一计，使此人进退无路，然后用文远说之，彼必归丞相矣。」正是：整备窝弓射猛虎，安排香饵钓鳌鱼。未知其计若何，且看下文分解。 || Chapter 26, P026-016: 正哭间，有一随行老军，听得哭不绝，于门外告曰：「夫人休哭。主人见在河北袁绍处。」夫人曰：「汝何由知之？」军曰：「跟关将军出征，有人在阵上说来。」夫人急召云长责之曰：「皇叔未尝负汝，汝今受曹操之恩，顿忘旧日之义，不以实情告我，何也？」关公顿首曰：「兄今委实在河北；未敢教嫂嫂知者，恐有泄漏也。事须缓图，不可欲速。」甘夫人曰：「叔宜上紧。」公退，寻思去计，坐立不安。原来于禁探知刘备在河北，报与曹操。操令张辽来探关公意。 || Chapter 27, P027-001: 却说曹操部下诸将中，自张辽而外，只有徐晃与云长交厚，其余亦皆敬服；独蔡阳不服关公，故今日闻其去，欲住追之。操曰：「不忘故主，来去明白，真丈夫也。汝等皆当效之。」遂叱退蔡阳，不令去赶。程昱曰：「丞相待关某甚厚，今彼不辞而去，乱言片楮，冒渎钧威，其罪大矣。若纵之使归袁绍，是与虎添翼也。不若追而杀之，以绝后患。」",same_body_paragraph
曹操,荀攸,14,12,10;14;18;19;23;30;34;42;46;57;59;66,"Chapter 10, P010-011: 操在兖州，招贤纳士。有叔姪二人来投曹操：乃颖川颖阴人：姓荀，名彧，字文若，荀昆之子也；旧事袁绍，今弃绍投操；操与语大悦，曰：「此吾之子房也！」遂以为行军司马。其姪荀攸，字公达，海内名士，曾拜黄门侍郎，后弃官归乡，今与其叔同投曹操，操以为行军教授。荀彧曰：「某闻兖州有一贤士，今此人知何在。」操问是谁，彧曰：「乃东郡东阿人：姓程，名昱，字仲德。」操曰：「吾亦闻名久矣。」遂遣人于乡中寻问。访得他在山中读书，操拜请之。程昱来见，曹操大喜。 || Chapter 14, P014-022: 操自封为大将军武平侯，以荀彧为侍中尚书令；荀攸为军师；郭嘉为司马祭酒；刘晔为司空掾曹；毛玠，任峻为典农中郎将，催督钱粮；程昱为东平相，范成，董昭为洛阳令；满宠为许都令；夏侯惇，夏侯渊，曹仁，曹洪皆为将军；吕虔，李典，乐进，于禁，徐晃，皆为校尉；许褚，典韦，皆为都尉；其余将士，各各封官。自此大权皆归于曹操。朝廷大务，先禀曹操，然后方奏天子。 || Chapter 18, P018-022: 却说简雍至许都见曹操，具言前事。操即聚众谋士议曰：「吾欲攻吕布，不忧袁绍掣肘，只恐刘表、张绣扰其后耳。」荀攸曰：「二人新破，未敢轻动。吕布骁勇，若更结连袁术，纵横淮、泗，急难图矣。」郭嘉曰：「今可乘其初叛，众心未附疾往击之。」",same_body_paragraph
曹操,黄盖,14,6,44;46;47;49;50;67,"Chapter 44, P044-003: 昭等辞去。少顷，又报程普、黄盖、韩当等一班战将来见。瑜迎入，各问慰讫。程普曰：「都督知江东早晚属他人否？」瑜曰：「未知也。」普曰：「吾等自随孙将军开基创业，大小数百战，方才战得六郡城池。今主公听谋士之言，欲降曹操，此真可耻可惜之事。吾等宁死不辱。望都督劝主公决计兴兵。吾等愿效死战。」瑜曰：「将军等所见皆同否？」黄盖忿然而起，以手拍额曰：「吾头可断，誓不降曹！」众人皆曰：「吾等皆不愿降。」瑜曰：「吾正欲与曹操决战，安肯投降？将军等请回。瑜见主公，自有定议。」 || Chapter 46, P046-028: 众官扶起黄盖，打得皮开肉绽，鲜血迸流，扶归本寨，昏绝几次。动问之人，无不下泪。鲁肃也往看问了，来至孔明船中，谓孔明曰：「今日公瑾怒责公覆，我等皆是他部下，不敢犯颜苦谏。先生是客，何故袖手旁观，不发一语？」孔明笑曰：「子敬欺我。」肃曰：「肃与先生渡江以来，未尝一事相欺。今何出此言？」孔明曰：「子敬岂不知公瑾今日毒打黄公覆，乃其计耶？如何要我劝他？」肃方悟。孔明曰：「不用苦肉计，何能瞒过曹操？今必令黄公覆去诈降，却教蔡中，蔡和报知其事矣。子敬见公瑾时，切勿言亮先知其事，只说亮也埋怨都督便了。」 || Chapter 46, P046-029: 肃辞去，入帐见周瑜，瑜邀入帐后。肃曰：「今日何故痛责黄公覆？」瑜曰：「诸将怨否？」肃曰：「多有心中不安者。」瑜曰：「孔明之意若何？」肃曰：「他也埋怨都督忒薄情。」瑜笑曰：「今番须瞒过他也。」肃曰：「何谓也？」瑜曰：「今日痛打黄盖，乃计也。吾欲令他诈降，先须用苦肉计，瞒过曹操，就中用火攻之，可以取胜。」肃乃暗思孔明之高见，却不敢明言。",same_body_paragraph
李儒,董卓,14,6,3;4;5;6;7;9,"Chapter 3, P003-002: 却说前将军鳌乡侯西凉刺史董卓，先为破黄巾无功，朝廷将治其罪，因贿赂十常侍幸免；后又结托朝贵，遂任显官，统西州大军二十万，常有不臣之心。是时得诏大喜，点起军马，陆续便行；使其婿中郎将牛辅，守住陕西，自己却带李傕、郭汜、张济、樊稠等提兵望洛阳进发。卓婿谋士李儒曰：「今虽奉诏，中间多有暗昧。何不差人上表，名正言顺，大事可图。」卓大喜，遂上表。其略曰：窃闻天下所以乱逆不止者，皆由黄门常侍张让等侮慢天常之故。臣闻扬汤止沸，不如去薪；溃痈虽痛，胜于养毒。臣敢鸣钟鼓入洛阳，请除让等。社稷幸甚！天下幸甚！ || Chapter 3, P003-015: 董卓招诱何进兄弟部下之兵，尽归掌握。私谓李儒曰：「吾欲废帝立陈留王，何如？」李儒曰：「今朝廷无主，不就此时行事，迟则有变矣。来日于温明园中，召集百官，谕以废立；有不从者斩之，则威权之行，正在今日。」 || Chapter 4, P004-001: 且说董卓欲杀袁绍，李儒止之曰：「事未可定，不可妄杀。」袁绍手提宝剑，辞别百官而出，悬节东门，奔翼州去了。卓谓太传袁隗曰：「汝姪无礼，吾看汝面，姑恕之。废立之事若何？」隗曰：「太尉所见是也。」卓曰：「敢有阻大议者，以军法从事。」群臣震恐，皆云：「一听尊命。」宴罢，卓问侍中周毖、校尉伍琼曰：「袁绍此去若何？」周毖曰：「袁绍忿忿而去，若购之急，势必为变，且袁氏树恩四世，门生故吏，遍于天下；倘收豪杰以聚徙众，英雄因之而起，山东非公有也。不如赦之，拜为一郡守，则绍喜于免罪，必无患矣。」伍琼曰：「袁绍好谋无断，不足为虑；诚不若加之一郡守，以收民心。」",same_body_paragraph
王平,赵云,14,7,71;72;87;88;89;93;95,"Chapter 71, P071-029: 操视之，乃巴西，岩渠人也：姓王，名平，字子均；见充牙门将军。操大喜，遂命王平为副先锋，相助徐晃。操屯兵于定军山北。徐晃，王平，引军至汉水，晃令前军渡水列阵。平曰：「军若渡水，傥要急退，如之奈何﹖」晃曰：「昔韩信背水为阵，所谓『置之死地而后生』也。」平曰：「不然。昔者韩信料敌人无谋而用此计。今将军能料赵云，黄忠之意否﹖」晃曰：「汝可引步军拒敌，看我引马军破之。」遂令搭起浮桥，随即过河来战蜀兵。正是：魏人妄意宗韩信，蜀相那知是子房？未知胜负如何，且看下文分解。 || Chapter 72, P072-001: 却说徐晃引军渡汉水，王平苦谏不听，渡过汉水扎营。黄忠，赵云，告玄德曰：「某等各引本部兵去迎曹兵。」玄德应允。二人引兵而行。忠谓云曰：「今徐晃恃勇而来，且休与敌；待日暮兵疲，你我分兵两路击之，可也。」云然之，各引一军据住寨栅。徐晃引兵从辰时搦战，直至申时，蜀兵不动。晃尽教弓弩手向前，望蜀营射去。黄忠谓赵云曰：「徐晃令弓弩射者，其军必将退也；可乘时击之。」 || Chapter 72, P072-002: 言未已，忽报曹兵后队，果然退动。于是蜀营鼓声大震，黄忠领兵左出，赵云领兵右出。两下夹攻，徐晃大败。军士逼入汉水，死者无数。晃死战得脱，回营责王平曰：「汝见吾军势将危，如何不救？」平曰：「我若来救，此寨亦不能保。我曾谏公休去，公不肯听，以致此败。」",same_body_paragraph
荀彧,袁绍,14,10,10;11;14;18;19;22;23;24;30;34,"Chapter 10, P010-011: 操在兖州，招贤纳士。有叔姪二人来投曹操：乃颖川颖阴人：姓荀，名彧，字文若，荀昆之子也；旧事袁绍，今弃绍投操；操与语大悦，曰：「此吾之子房也！」遂以为行军司马。其姪荀攸，字公达，海内名士，曾拜黄门侍郎，后弃官归乡，今与其叔同投曹操，操以为行军教授。荀彧曰：「某闻兖州有一贤士，今此人知何在。」操问是谁，彧曰：「乃东郡东阿人：姓程，名昱，字仲德。」操曰：「吾亦闻名久矣。」遂遣人于乡中寻问。访得他在山中读书，操拜请之。程昱来见，曹操大喜。 || Chapter 11, P011-019: 正商议间，忽流星马飞报「祸事！」。操问其故，报说吕布已袭破兖州，进据濮阳。原来吕布自遭李、郭之乱，逃出武关，去投袁术；术怪吕布反复不定，拒而不纳。投袁绍，绍纳之，与布共破张燕于常山；布自以为得志，傲慢袁绍手下将士。绍欲杀之，布乃去投张扬，扬纳之。时庞舒在长安城中，私藏吕布妻小，送还吕布。李傕、郭汜知之，遂斩庞舒，写书与张扬，教杀吕布；布因弃张扬去投张邈。恰好张邈弟张超引陈宫来见张邈。宫说邈曰：「今天下分崩，英雄并起，君以千里之众，而反受制于人，不亦鄙乎！今曹操征东，兖州空虚，而吕布乃当世勇士，若与之共取兖州，伯业可图也。」张邈大喜，便令吕布袭破兖州，随据濮阳。止有鄄城，东阿，范县三处，被荀彧、程昱设计死守得全，其余俱破。曹仁屡战，皆不能胜，特此告急。 || Chapter 14, P014-014: 帝一日命人至操营，宣操入宫议事。操闻天使至，请入相见。只见那人眉清目秀，精神充足。操暗想曰：「今东郡大荒，官僚军民，皆有饥色，此人何得独肥？」因问之曰：「公尊颜充腴，以何调理而至此？」对曰：「某无他法，只食淡三十年矣。」操乃颔之；又问曰：「君居何职？」对曰：「某举孝廉。原为袁绍，张扬从事。今闻天子还都，特来朝觐，官封正议郎。济阴定陶人：姓董，名昭，字公仁。」曹操避席曰：「闻名久矣！幸得于此相见。」遂置酒帐中相待，令与荀彧相会。忽人报曰：「一队军往东而去，不知何人。」操急令人探之。董昭曰：「此乃李傕旧将杨奉，与白波帅韩暹，因明公来此，故引兵欲投大梁去耳。」操曰：「莫非疑操乎？」昭曰：「此乃无谋之辈，明公何足虑也？」操又曰：「李、郭二贼此去若何？」昭曰：「虎无爪，鸟无翼，不久当为明公所擒，无足介意。」",same_body_paragraph
关羽,孟达,13,5,60;65;76;77;79,"Chapter 60, P060-019: 松于袖中取出一图，递与玄德曰：「松感明公盛德，敢献此图。便知蜀中道路矣。」玄德略展视之，上面尽写著地理行程。远近阔狭，山川险要，府库钱粮，一一俱载明白。松曰：「明公可速图之。松有心腹契友二人：法正，孟达。此二人必能相助。如二人到荆州时，可将心事共议。」玄德拱手谢曰：「青山不老，绿水长存。他日事成，必当厚报。」松曰：「松遇明主，不得不尽情相告，岂敢望报乎？」说罢作别。孔明命云长等护送数十里方回。 || Chapter 60, P060-029: 临行时，忽廖化引一军来降。玄德便教廖化辅佐云长，以拒曹操。是年冬月，引兵望西川进发。行不数程，孟达接著，拜见玄德，说刘益州令某领兵五千远来迎接。玄德使人入益州，先报刘璋。璋便发书告报沿途州郡，供给钱粮。璋欲自出涪城亲接玄德，即下令准备车乘帐幔，旌旗铠甲，务要鲜明。主簿黄权入谏曰：「主公此去，必被刘备所害。某食禄多年，不忍主公中他人奸计，望三思之。」张松曰：「黄权此言，疏间宗族之义，滋长寇盗之威，实无益于主公。」璋乃叱权曰：「吾意已决，汝何逆吾！」 || Chapter 65, P065-027: 玄德从之，设一大宴，请刘璋收拾财物，佩领振威将军印绶，将妻子良贱，尽赴南郡公安住歇，即日起行。玄德自领益州牧，其所降文武，尽皆重赏，定拟名爵。严颜为前将军，法正为蜀郡太守，董和为掌军中郎将，许靖为左将军长史，庞义为营中司马，刘巴为左将军，黄权为右将军。其余吴懿，费观，彭羕，卓膺，李严，吴兰，雷同，李恢，张翼，秦宓，谯周，吕义，霍峻，邓芝，杨洪，周群，费袆，费诗，孟达，……文武投降官员，共六十余人，并皆擢用。诸葛亮军师，关云长为荡寇将军汉寿亭侯，张飞为征远将军新亭侯，赵云为镇远将军，黄忠为征西将军，魏延为扬武将军，马超为平西将军。孙干，简雍，糜竺、糜芳，刘封，关平，周仓，廖化，马良，马谡，蒋琬，伊籍，及旧日荆襄一班文武官员，尽皆升赏。遣使赍黄金五百斤，白银一千斤，钱五千万，蜀锦一千疋，赐与云长。其余官将，给赐有差。杀牛宰马，大饷士卒，开仓赈济百姓，军民大悦。",same_body_paragraph
刘璋,张松,13,2,60;62,"Chapter 60, P060-001: 却说那进计于刘璋者，乃益州别驾，姓张，名松，字永年。其人生得额镢头尖，鼻偃齿露，身短不满五尺，言语有若铜钟。刘璋问曰：「别驾有何高见，可解张鲁之危？」松曰：「某闻许都曹操，扫荡中原。吕布，二袁，皆为所灭；近又破马超；天下无敌矣。主公可备进献之物，松亲往许都，说曹操兴兵取汉中，以图张鲁。则鲁拒敌不暇，何敢复窥蜀中耶？」 || Chapter 60, P060-002: 刘璋大喜，收拾金珠锦绮，为进献之物，遣张松为使。松乃暗画四川地理图本藏之，带从人数骑，取路赴许都。早有人报入荆州孔明便使人入许都打探消息。 || Chapter 60, P060-003: 却说张松到了许都馆驿中住定，每日去相府伺候，求见曹操。原来曹操自破马超回，傲睨得志，每日饮宴，无事少出，国政皆在相府商议。张松候了三日，方得通过姓名。左右近侍先要贿赂，却才引入。操坐于堂上。松拜毕，操问曰：「汝主刘璋连年不进贡，何也？」松曰：「为路途艰难，贼寇窃发，不能通达。」操叱曰：「吾扫清中原，有何盗贼？」松曰：「南有孙权，北有张鲁，西有刘备，至少者亦带甲十余万，岂得谓太平耶？」",same_body_paragraph
司马昭,邓艾,13,7,111;112;113;114;115;118;119,"Chapter 111, P111-011: 却说邓艾见蜀兵退尽，乃与陈泰设宴相贺，大赏三军。泰表邓艾之功，司马昭遣使持节，加艾官爵，赐印绶，并封其子邓忠为亭侯。时魏主曹髦，改正元三年为甘露元年。司马昭自为天下兵马大都督，出入常令三千铁甲骁将前后簇拥，以为护卫；一应事务，不奏朝廷，就于相府裁处。自此常怀篡逆之心。 || Chapter 112, P112-025: 于是两军皆退。邓艾据渭水下寨，姜维跨两山安营。艾见蜀兵地理，乃作书于司马望曰：「我等切不可战，只宜固守。待关中兵至时，蜀兵粮草皆尽，三面攻之，无不胜也。今遣长子邓忠相助守城。」一面差人于司马昭处求救。 || Chapter 113, P113-001: 却说姜维恐救兵到，先将军器车仗一应军需，步兵先退，然后将马军断后。细作报知邓艾。艾笑曰：「姜维知大将军到，故先退去。不必追之，追则中彼之计也。」乃令人哨探，回报果然骆谷狭窄之处，堆积柴草，准被要烧追兵。众皆称艾曰：「将军真神算也！」遂遣使赍表奏闻。于是司马昭大喜，又奏赏邓艾。",same_body_paragraph
司马昭,钟会,13,6,110;112;115;116;118;119,"Chapter 110, P110-004: 时中书侍郎钟会在侧，进言曰：「淮楚兵强，其锋甚锐；若遣人领兵去退，多是不利。倘有疏虞，则大事废矣。」师蹶然起曰：「非吾自往，不可破贼！」遂留弟司马昭守洛阳，总摄朝政。师乘软舆，带病东行。令镇东将军诸葛诞，总督豫州诸军，从安风津取寿春；又令征东将军胡遵，领青州诸军，出谯宋之地，绝其归路；又遣豫州刺史监军王基，领前部兵，先取镇南之地。师领大军屯于襄阳，聚文武于帐下商议。 || Chapter 110, P110-016: 司马师卧病不起，唤诸葛诞入帐，赐以印绶，加为征东大将军，都督扬州诸路军马；一面班师回许昌。师目痛不止，每夜只见李丰、张缉、夏侯玄三人立于榻前。师心神恍惚，自料难保，遂令人往洛阳取司马昭到。昭哭拜于床下。师遗言曰：「吾今权重，虽欲卸肩，不可得也。汝继我为之，大事切不可轻托他人，自取灭族之祸。」言讫，以印绶付之，泪流满面。昭正欲问时，师大叫一声，眼睛迸出而死：时正元二年二月也。于是司马昭发丧，申奏魏主曹髦。髦遣使持诏到许昌，即命暂留司马昭屯军许昌，以防东吴。昭心中犹豫未决。钟会曰：「大将军新亡，人心未定，将军若留守于此，万一朝廷有奱，悔之何及？」昭从之，即起兵还屯洛水之南。 || Chapter 112, P112-001: 却说司马昭闻诸葛诞会合吴兵前来决战，乃召散骑长史斐秀、黄门伺郎钟会，商议破敌之策。钟会曰：「吴兵之助诸葛诞，实为利也；以利诱之，则必胜矣。」昭从其言，遂令石苞、周太引两军于石头城埋伏，王基、陈骞领精兵在后，却令偏将成倅引兵数万先去诱敌；又令陈俊引车仗牛马驴骡，装载赏军之物，四面聚集于阵中，如敌来则弃之。",same_body_paragraph
周瑜,赵云,13,8,45;49;50;51;52;55;56;57,"Chapter 45, P045-002: 周瑜分拨已定，使人请孔明议事。孔明至中军帐，叙礼毕。瑜曰：「昔曹操兵少，袁绍兵多，而操反胜绍者，因用许攸之谋，先断乌巢之粮也。今操兵八十三万，我兵只五六万，安能拒之？亦必须先断操之粮，然后可破。我已探知操军粮草，俱屯于聚铁山。先生久居汉上，熟知地理。敢烦先生与关，张，子龙，辈－吾亦助兵千人－星夜往聚铁山断操粮道。彼此各为主人之事，幸勿推调。」 || Chapter 45, P045-010: 却说糜竺回见玄德，具言周瑜欲请主公到彼面会，别有商护。玄德便教收拾快船一只，只今便行。云长谏曰：「周瑜多谋之士，又无孔明书信，恐其中有诈，不可轻去。」玄德曰：「我今结东吴以共破曹操，周郎欲见我，我若不往，非同盟之意。两相猜忌，事不谐矣。」云长曰：「兄长若坚意要去，弟愿同往。」张飞曰：「我也跟去。」玄德曰：「只云长随我去。翼德与子龙守寨，简雍固守鄂县。我去便回。」 || Chapter 45, P045-016: 玄德别了周瑜，与云长等来至江边，只见孔明已在舟中。玄德大喜。孔明曰：「主公知今日之危乎？」玄德愕然曰：「不知也。」孔明曰：「若无云长，主公几为周瑜所害矣。」玄德方才省悟，便请孔明同回樊口。孔明曰：「亮虽居虎口，安如泰山。今主公但收拾船只军马候用，以十一月二十甲子日后为期，可令子龙驾小舟来南岸边等候。切勿有误。」",same_body_paragraph
姜维,王平,13,7,93;95;98;99;101;102;104,"Chapter 93, P093-006: 孔明却引兵来攻冀城。城中粮少，军食不敷。姜维在城上，见蜀军大车小辆，搬运粮草，入魏延寨中去了，姜维引三千兵出城，迳来劫粮。蜀兵尽弃了粮车，寻路而走。姜维夺得粮草，欲要入城，忽然一彪军拦住，为首蜀将张翼也。二将交锋，战不数合，王平引一军又到，两下夹攻。维力穷抵敌不住，夺路归城；城上早插蜀兵旗号：原来已被魏延袭了。维杀条奔天水城，手下尚有十余骑；又遇张苞杀了一阵，维止剩得匹马单鎗，来到天水城下叫门。城上军见是姜维，慌报马遵。遵曰：「此是姜维来赚我城门也。」令城上乱箭射下。姜维回顾蜀兵至近，遂飞奔上邽城来。城上梁虔见了姜维，大骂曰：「反国之贼，安敢来赚我城池！吾已知汝降蜀矣！」遂乱箭射下。姜维不能分说，仰天长叹，两眼泪流，拨马望长安而走。行不数里，前至一派大树茂林之处，一声喊起，数千兵拥出；为首蜀将关兴，截住去路。维人困马乏，不能抵当，勒回马便走。忽然一辆小车从山坡中转出。其人头戴纶巾，身披鹤氅，手摇羽扇乃孔明也。孔明唤姜维曰：「伯约此时何尚不降？」维寻思良久，前有孔明，后有关兴，又无去路，只得下马投降。孔明慌忙下车而迎，执维手曰：「吾自出茅庐以来，遍求贤者，欲抟授平生之学，恨未得其人。今遇伯约，吾愿足矣。」维大喜拜谢。 || Chapter 95, P095-003: 孔明曰：「吾与汝二万五千精兵，再拨一员上将，相助你去。」即唤王平分付曰：「吾素知汝平生谨慎，故特以此重任相托。汝可小心谨慎此地下寨必当要道之处，使贼兵急切不能偷过。安营既毕，便画四至八道地理形状图本来我看。凡事商议停当而行，不可轻易。如所守无危，则是取长安第一功也。戒之！戒之！」二人拜辞引兵而去。孔明寻思，恐二人有失，又唤高翔曰：「街亭东北上有一城，名列柳城，乃山僻小路：此可以屯兵扎寨。与汝一万兵，去此城屯扎。但街亭危，可引兵救之。」高翔引兵而去。孔明又思高翔非张郃对手，必得一员大将，屯兵于街亭之右，方可防之！遂唤魏延引本部兵去街亭之后屯扎。延曰：「某为前部，理合当先破敌，何故置某于安闲之地？」孔明曰：「前锋破敌，乃偏裨之事耳。今令汝接应街亭，当阳平关冲要道路，总守汉中咽喉，此乃大任也。何为安闲乎？汝勿以等闲视之，失吾大事。切宜小心在意！」魏延大喜，引兵而去。孔明恰才心安，如乃唤赵云、邓芝分付曰：「今司马懿出兵，与往日不同。汝二人各引一军出箕谷，以为疑兵。如逢魏兵，或战、或不战，以惊其心。吾自统大军，由斜谷迳取郿城：若得郿城，长安可破矣。」二人受命而去。孔明令姜维作先锋，兵出斜谷。 || Chapter 95, P095-009: 却说孔明自令马谡等守街亭去后，犹豫不定。忽王平使人送图本至。孔明唤入，左右呈上图本。孔明就文几上拆开视之，拍案大惊曰：「马谡无知，坑陷吾军矣！」左右问曰：「丞相何故失惊？」孔明曰：「吾观此图本，失却要路，占山为寨。倘魏兵大至，四面围合，断汲水道路，不须二日，军自乱矣。若街亭有失，吾等安归？」长史杨仪进曰：「某虽不才，愿替马幼常回。」孔明将安营之法，一一分付与杨仪。正待要行，忽报马到来，说：「街亭、列柳城，尽皆失了！」孔明跌足长叹曰：「大事去矣！此吾之过也！」急唤关兴、张苞分付曰：「汝二人各引三千精兵，投武功山小路而行。如遇魏兵，不可大击，只鼓噪呐喊，为疑兵惊之。彼当自走，亦不可追。待军退尽，便投阳平关去。」又令张翼先引军去修理剑阁，以备归路。又密传号令，教大军暗暗收拾行装，以备起程。又令马岱、姜维断后，先伏于山谷中，待诸军退尽，方始收兵。又令心腹人，分路与天水、南安、安定三郡官吏军民，皆入汉中。又令心腹人到冀县搬取姜维老母，送入汉中。",same_body_paragraph
孙乾,诸葛亮,13,9,39;40;41;42;49;51;54;57;65,"Chapter 39, P039-024: 二人去了。众将皆未知孔明韬略，今虽听令，却都疑惑不定。孔明谓玄德曰：「主公今日可便引兵就博望山下屯住。来日黄昏，敌军必到，主公便弃营而走。但见火起，即回军掩杀。亮与糜竺、糜芳引五百军守县，命孙干、简雍准备庆喜筵席，安排『功劳簿』伺候。」派拨已毕，玄德亦疑惑不定。 || Chapter 40, P040-024: 正商议间，探马飞报曹兵已到博望了。玄德慌忙发付伊籍回江夏，整顿军马，一面与孔明商议拒敌之计。孔明曰：「主公且宽心，前番一把火，烧了夏侯惇大半人马；今番曹军又来，必教他中这条计。我等在新野住不得了，不如早到樊城去。」便差人四门张榜，晓谕居民：「无论老幼男女，愿从者，即于今日皆跟我往樊城暂避，不可自误。」差孙干往河边调拨船只，救济百姓；差糜竺护送各官家眷到樊城。一面聚诸将听令，先教云长引一千军去白河上流头埋伏：「各带布袋，多装沙土，遏住白河之水；至来日三更后，只听下流头人喊马嘶，急取起布袋，放水淹之，却顺水杀将下来接应。」又唤张飞引一千军去博陵渡口埋伏：「此处水势最慢，曹军被淹，必从此逃难，可便乘势杀来接应。」又唤赵云「引军三千，分为四队，自领一队伏于东门外，其三队分伏西、南、北三门，却先于城内人家屋上，多藏硫黄燄硝引火之物。曹军入城，必安歇民房。来日黄昏后，必有大风。但看风起，便令西、南、北三门伏军尽将火箭射入城去。待城中火势大作，却于城外呐喊助威，只留东门放他出走，汝却于东门外从后击之。天明会合关、张二将，收军回樊城。」再令糜芳、刘封二人，带二千军，一半红旗，一半青旗，去新野城外三十里鹊尾坡前屯住：「一见曹军到，红旗军走在左，青旗军走在右。他心疑必不敢追，汝二人却去分头埋伏。只望城中火起，便可追杀败兵，然后却来白河上流头接应。」 || Chapter 41, P041-005: 玄德不敢强留。徐庶辞回，见了曹操，言玄德并无降意。操大怒，即日进兵。玄德问计于孔明，孔明曰：「可速弃樊城，取襄阳暂歇。」玄德曰：「奈百姓相随许久，安忍弃之？」孔明曰：「可令人遍告百姓：有愿随者同去，不愿者留下。」先使云长往江岸整顿船只，令孙干、简雍，在城中声扬曰：「令曹兵将至，孤城不可久守，百姓愿随者便同过江。」",same_body_paragraph
孙乾,赵云,13,8,28;31;34;35;40;41;54;65,"Chapter 28, P028-032: 当时手足似瓜分，信断音稀杳不闻。今日君臣重聚义，正如龙虎会风云。时玄德，关，张，赵云，孙干，简雍，糜竺，糜芳，关平，周仓，统领马步军校共四五千人。玄德欲弃了古城去守汝南，恰好刘辟，龚都，差人来请。于是遂起军往汝南驻扎，招军买马，徐图征进，不在话下。 || Chapter 31, P031-019: 正战间，许褚追至，与赵云力战。背后于禁、李典又到。玄德见势危，落荒而走。听得背后喊声渐远，玄德望深山僻路，单马逃生。挨到天明，侧首一彪军冲出。玄德大惊，视之，乃刘辟引败军千余骑，护送玄德家小前来；孙干、简雍、糜芳亦至，诉说：「夏侯惇军势甚锐，因此弃城而走。曹兵赶来，幸得云长当住，因此得脱。玄德曰：「不知云长今在何处？」刘辟曰：「将军且行，却再理会。」 || Chapter 31, P031-023: 人报曹军大队赶来，玄德教孙干等保护老小先行。玄德与关、张、赵云在后，且战且走。操见玄德去远，收军不赶。玄德败军不满一千，狼狈而奔。前至一江，唤土人问之，乃汉江也。玄德权且安营。土人知玄德，奉献羊酒，乃聚饮于沙滩之上。玄德叹曰诸：「诸君皆有王佐之才，不幸跟随刘备。备之命窘，累及诸君。今日身无立锥，诚恐有误诸君。君等何不弃备而投明主，以取功名乎？」",same_body_paragraph
张昭,诸葛亮,13,7,43;44;55;66;77;82;86,"Chapter 43, P043-006: 肃领命而去；次日至馆驿中见孔明，又嘱曰：「今见我主，切不可言曹操兵多。」孔明笑曰：「亮自见机而变，决不有误。」肃乃引孔明至幕下。早见张昭、顾雍等一班文武，二十余人，峨冠博带，整衣端坐。孔明逐一相见，各问姓名。施礼已毕，坐于客位。张昭等见孔明丰神飘洒，器宇轩昂，料道此人必来游说。张昭先以言挑之曰：「昭乃江东微末之士，久闻先生高卧隆中，自比管、乐。此语果有之乎？」孔明曰：「此亮平生小可之比也。」昭曰：「近闻刘豫州三顾先生于草庐之中，幸得先生，以为如鱼得水，思欲席卷荆、襄。今一旦以属曹操，未审是何主见？」 || Chapter 43, P043-007: 孔明自思张昭乃孙权手下第一个谋士，若不先难倒他，如何说得孙权；遂答曰：「吾观取汉上之地，易如反掌。我主刘豫州躬行仁义，不忍夺同宗之基业，故力辞之。刘琮孺子，听信佞言，暗自投降，致使曹操得以猖獗。今我主屯兵江夏，别有良图，非等闲可知也。」 || Chapter 43, P043-010: 这一篇言语，说得张昭并无一言回答。座上忽一人抗声问曰：「今曹公兵屯百万，将列千员，龙骧虎视，平吞江夏，公以为何如？」孔明视之，乃虞翻也。孔明曰：「曹操收袁绍蚁聚之兵，劫刘表乌合之众，虽数百万不足惧也。」虞翻冷笑曰：「军败于当阳，计穷于夏口，区区求救于人，而犹言不惧，此真大言欺人也！」孔明曰：「刘豫州以数千仁义之师，安能敌百万残暴之众，退守夏口，所以待时也。今江东兵精粮足，且有长江之险，犹欲使其主屈膝降贼，不顾天下耻笑；由此论之，刘豫州真不惧操贼者矣！」",same_body_paragraph
张松,曹操,13,2,60;62,"Chapter 60, P060-001: 却说那进计于刘璋者，乃益州别驾，姓张，名松，字永年。其人生得额镢头尖，鼻偃齿露，身短不满五尺，言语有若铜钟。刘璋问曰：「别驾有何高见，可解张鲁之危？」松曰：「某闻许都曹操，扫荡中原。吕布，二袁，皆为所灭；近又破马超；天下无敌矣。主公可备进献之物，松亲往许都，说曹操兴兵取汉中，以图张鲁。则鲁拒敌不暇，何敢复窥蜀中耶？」 || Chapter 60, P060-003: 却说张松到了许都馆驿中住定，每日去相府伺候，求见曹操。原来曹操自破马超回，傲睨得志，每日饮宴，无事少出，国政皆在相府商议。张松候了三日，方得通过姓名。左右近侍先要贿赂，却才引入。操坐于堂上。松拜毕，操问曰：「汝主刘璋连年不进贡，何也？」松曰：「为路途艰难，贼寇窃发，不能通达。」操叱曰：「吾扫清中原，有何盗贼？」松曰：「南有孙权，北有张鲁，西有刘备，至少者亦带甲十余万，岂得谓太平耶？」 || Chapter 60, P060-007: 杨修闻言，满面羞惭，强颜而答曰：「某虽居下寮，丞相委以军政钱粮之重，早晚多蒙丞相教诲，极有开发，故就此职耳。」松笑曰：「松闻曹丞相文不明孔孟之道，武不达孙吴之机，专务强霸而居大位，安能有所教诲，以开发明公耶？」修曰：「公居边隅，安知丞相大才乎？吾试令公观之。」呼左右于箧中取书一卷，以示张松。松观其题曰：「孟德新书」。从头至尾，看了一遍，共一十三篇，皆用兵之要法。",same_body_paragraph
曹操,郭嘉,13,11,10;11;12;14;16;18;19;21;23;24;29,"Chapter 10, P010-012: 昱谓荀彧曰：「某孤陋寡闻，不足当公之荐。公之乡人姓郭，名嘉，字奉孝，乃当今贤士，何不罗而致之？」彧猛省曰：「吾几忘却！」遂启操征聘郭嘉到兖州，共论天下之事。郭嘉荐光武嫡派子孙，淮南成德人：姓刘，名晔，字子阳。操即聘晔至。晔又荐二人：一个是山阳昌邑人：姓满，名宠，字伯宁；一个是武城人：姓吕，名虔，字子恪。曹操亦素知这两个名誉，就聘为军中从事。满宠、吕虔共荐一人：乃陈留平邱人：姓毛，名玠，字孝先。曹操亦聘为从事。又有一将引军数百人，来投曹操：乃泰山巨平人：姓于，名禁，字文则。操见其人弓马熟娴，武艺出众，命为典军司马。 || Chapter 11, P011-018: 曹操看书，大骂：「刘备何人，敢以书来劝我！且中间有讥讽之意！」命斩来使，一面竭力攻城。郭嘉谏曰：「刘备远来救援，先礼后兵，主公当用好言答之，以慢备心；然后进兵攻城，城可破也。」操从其言，款留来使，候发回书。 || Chapter 11, P011-025: 曹操兵行至泰山险路，郭嘉曰：「且不可进：恐此处有伏兵。」曹操笑曰：「吕布无谋之辈，故教薛兰守兖州，自往濮阳；安得此处有埋伏耶？」教曹仁领一军围兖州，吾进兵濮阳，速攻吕布。",same_body_paragraph
法正,诸葛亮,13,7,60;63;64;65;70;71;73,"Chapter 60, P060-019: 松于袖中取出一图，递与玄德曰：「松感明公盛德，敢献此图。便知蜀中道路矣。」玄德略展视之，上面尽写著地理行程。远近阔狭，山川险要，府库钱粮，一一俱载明白。松曰：「明公可速图之。松有心腹契友二人：法正，孟达。此二人必能相助。如二人到荆州时，可将心事共议。」玄德拱手谢曰：「青山不老，绿水长存。他日事成，必当厚报。」松曰：「松遇明主，不得不尽情相告，岂敢望报乎？」说罢作别。孔明命云长等护送数十里方回。 || Chapter 60, P060-023: 正商议间，一人自外突入，汗流满面，大叫曰：「主公若听张松之言，则四十一州郡，已属他人矣！」松大惊；视其人，乃西阆中巴人，姓黄，名权，字公衡，现为刘璋府下主簿。璋问曰：「玄德与我同宗，吾故结之为援；汝何出此言？」权曰：「某素知刘备宽以待人，柔能克刚，英雄莫敌。远得人心，近得民望。兼有诸葛亮，庞统之智谋，关，张，赵云，黄忠，魏延为羽翼。若召到蜀中，以部曲待之，刘备岂肯伏低做小？若以客礼待之，又一国不容二主。今听臣言，则西蜀有泰山之安；不听臣言，则主公有累卵之危矣。张松昨从荆州过，必与刘备同谋。可先斩张松，后绝刘备，则西川万幸也。」璋曰：「曹操，张鲁到来，何以拒之？」权曰：「不如闭境绝塞，棎沟高垒，以待时清。」璋曰：「贼兵犯界，有燃眉之急；若待时清，则是慢计也。」遂不从其言，遣法正行。又一人阻曰：「不可！不可！」 || Chapter 60, P060-026: 当日席散，孔明亲送法正归馆舍。玄德独坐沉吟。庞统进曰：「事当决而不决者，愚人也。主公高明，何多疑耶？」玄德问曰：「以公之意，当复何如？」统曰：「荆州东有孙权，北有曹操难以得志。益州户口百万，士广财富，可资大业。今幸张松、法正为内助，此天赐也。何必疑哉？」",same_body_paragraph
赵云,马超,13,7,65;71;73;81;85;86;92,"Chapter 65, P065-005: 严入绵竹城，对费观赞玄德如此仁德；今若不降，必有大祸。观从其言，开门投降。玄德遂入绵竹，商议分兵取成都。忽流星马急报，言：「孟达，霍峻守葭明关，今被东川张鲁遣马超与杨柏，马岱领兵攻打甚急，救迟则关隘休矣。」玄德大惊。孔明曰：「须是张，赵二将，方可与敌。」玄德曰：「子龙引兵在外未回。翼得已在此，可急遗之。」孔明曰：「主公且勿言，容亮激之。」 || Chapter 65, P065-006: 却说张飞闻马超攻关，大叫而入曰：「辞了哥哥，便去战马超也！」孔明佯作不闻，对玄德曰：「今马超侵犯关隘，无人可敌；除非往荆州取关云长来，方可与敌。」张飞曰：「军师何故小觑吾？吾曾独拒曹操百万之兵，岂愁马超一匹夫乎？」孔明曰：「翼德拒水断桥，此因曹操不知虚实耳。若知虚实将军岂得无事？今马超之勇，天下皆知。渭桥大战，杀得曹操割须弃袍，几乎丧命，非等闲之比，云长且未必能胜。」飞曰：「我只今便去；如胜不得马超，甘当军令！」孔明曰：「即尔肯写文书，便为先锋。请主公亲自去一遭。留亮守绵竹。待子龙来，却作商议。」魏延曰：「某亦愿往。」 || Chapter 65, P065-013: 次日，张飞又欲下关战马超。人报「军师来到。」玄德接著孔明。孔明曰：「亮闻孟起世之虎将，若与翼德死战，必有一伤；故令子龙、汉升，守住绵竹，我星夜来此。可使条小计，令马超归降主公。」玄德曰：「吾见马超英勇，甚爱之。如何可得？」孔明曰：「亮闻东川张鲁，欲自立为『汉宁王』。手下谋士杨松，极贪贿赂。可差人从小路迳投汉中，先用金银结好杨松，后进书与张鲁云：『吾与刘璋争西川，是与汝报雠。不可听信离间之语。事定之后，保汝为汉宁王。』令其撤回马超兵。待其来撤时，便可用计招降马超矣。」",same_body_paragraph
关羽,魏延,12,8,53;55;56;60;65;73;87;94,"Chapter 53, P053-014: 众视其人，面如重枣，目若朗星，乃义阳人魏延也；自襄阳赶刘玄德不著，来投韩玄；玄怪其傲慢少礼，不肯重用，故屈沈于此。当日救了黄忠，教百姓同杀韩玄，袒臂一呼，相从者数百余人。黄忠拦当不住。魏延直杀上城头，一刀砍韩玄为两段，提头上马，引百姓出城，投拜云长。云长大喜，遂入城安抚已毕，请黄忠相见。忠托病不出。云长即使人去请玄德、孔明。 || Chapter 53, P053-016: 少顷，见一小校飞报前来，说：「关将军已得长沙郡，降将黄忠、魏延。耑等主公到彼。」玄德大喜，遂入长沙。云长接入厅上，具言黄忠之事，玄德乃亲往黄忠家相请，忠方出降，求葬韩玄尸首于长沙之东。后人有诗赞黄忠曰： || Chapter 53, P053-018: 玄德待黄忠甚厚。云长引魏延来见，孔明喝令刀斧手推出斩之。玄德惊问孔明曰：「魏延乃有功无罪之人，军师何故欲杀之？」孔明曰：「食其禄而杀其主，是不忠也；居其土而献其地，是不义也。吾观魏延脑后有反骨，久后必反，故先斩之，以绝祸根。」玄德曰：「若杀此人，恐降者人人自危；望军师恕之。」孔明指魏延曰：「吾今饶汝性命。汝可尽忠报主，勿生异心，若生异心，我好歹取汝首级。」",same_body_paragraph
刘备,孔融,12,4,11;22;23;40,"Chapter 11, P011-007: 当下孔融重待太史慈，赠与衣甲鞍马。慈曰：「某愿借精兵一千，出城杀贼。」融曰：「君虽英勇，然贼势甚盛，不可轻出。」慈曰：「老母感君厚德，特遣慈来；如不能解围，慈亦无颜见母矣。愿决一死战。」融曰：「吾闻刘玄德乃当世英雄，若请得他来相救此围自解；只无人可使耳。」慈曰：「府君修书，某当急往。」融喜，修书付慈。慈擐甲上马，腰带弓矢，手时铁鎗，饱食严装，城门开处，一骑飞出。近河，贼将率众来战，慈连搠死数人，透围而出。管亥知有人出城，料必是请救兵的，便自引数百骑赶来，八面围定。慈倚住鎗，拈弓搭箭，八面射之，无不应弦落马。贼众不敢来追。 || Chapter 11, P011-008: 太史慈得脱，星夜投平原来见刘玄德。施礼罢，具言孔北海被围求救之事，呈上书札。玄德看毕，问慈曰：「足下何人？」慈曰：「某太史慈，东海之鄙人也。与孔融亲非骨肉，比非乡党，特以气谊相投，有分忧共患之意。今管亥暴乱，北海被围，孤穷无告，危在旦夕。闻君仁义素著，能救人危急，故特令某冒锋突围，前来求救。」玄德敛容答曰：「孔北海知世间有刘备耶？」乃同云长、翼德点精兵三千，往北海郡进发。 || Chapter 11, P011-009: 管亥望见救军来到，亲自引兵迎敌；因见玄德兵少，不以为意。玄德与关、张、太史慈立马阵前，管亥忿怒直出。太史慈却待向前，云长早出，直取管亥。两马相交，众军大喊；量管亥怎敌得云长，数十合之间，青龙刀起，劈管亥于马下。太史慈，张飞，两骑齐出，双枪并举，杀入贼阵。玄德驱兵掩杀。城上孔融望见太史慈与关、张赶杀贼众，如虎入羊群，纵横莫当，便驱兵出城。两下夹攻，大败群贼，降者无数，余党溃散。",same_body_paragraph
刘备,曹丕,12,7,78;79;80;81;82;84;85,"Chapter 78, P078-018: 次日，觉气冲上焦，目不见物，急召夏侯惇商议。惇至殿门前，忽见伏皇后、董贵人、二皇子、伏完、董承等，立在阴云之中。惇大惊昏倒，左右扶出，自此得病。操召曹洪、陈群、贾诩、司马懿等，同至卧榻前，嘱以后事。曹洪等顿首曰：「大王善保玉体，不日定当霍然。」操曰：「孤纵横天下三十余年，群雄皆灭，止有江东孙权，西蜀刘备，未曾剿除。孤今病危，不能再与卿等相叙，特以家事相托：孤长子曹昂，刘氏所生，不幸早年殁于宛城。今卞氏生四子：丕、彰、植、熊。孤平生所爱第三子植，为人虚华少诚实，嗜酒放纵，因此不立；次子曹彰，勇而无谋；四子曹熊，多病难保；惟长子曹丕，笃厚恭谨，可继我业。卿等宜辅佐之。」 || Chapter 79, P079-021: 达大喜，急问何计。耽曰：「吾弟兄欲投魏久矣；公可作一表，辞了汉中王，投魏王曹丕，丕必重用。吾二人亦随后来降也。」达猛然省悟，即写表一通，付与来使；当晚引五十余骑投魏去了。使命持表回成都，奏汉中王，言孟达投魏之事。先主大怒。览其表曰： || Chapter 80, P080-022: 早有人到成都，报说曹丕自立为大魏皇帝，于洛阳盖造宫殿；且传言汉帝已遇害。汉中王闻知，痛哭终日，下令百官挂孝，遥望设祭，上尊谥曰「孝愍皇帝」。玄德因此忧虑，致染成疾，不能理事，政务皆托与孔明。孔明与太傅许靖、光禄大夫谯周商议，言天下不可一日无君，欲尊汉中王为帝。谯周曰：「近有祥风庆云之瑞；成都西北角有黄气数十丈冲霄而起，帝星见于毕、胃、昴之分，煌煌如月：此正应汉中王当即帝位，以继汉统。更复何疑？」",same_body_paragraph
刘璋,马超,12,3,59;60;65,"Chapter 59, P059-026: 当年闻操破西凉之众，威震天下，乃聚众商议曰：「西凉，马腾遭戮，马超新败，曹操必将侵我汉中。我欲自称汉宁王，督兵拒曹操，诸军以为何如？」阎圃曰：「汉川之民，户口十万余众，财富粮足，四面险固；今马超新败，西凉之民，从子午谷奔入汉中者，不下数万。愚意益州刘璋昏弱，不如先取西川四十一州为本，然后称王末迟。」张鲁大喜，遂与弟张卫商议起兵。早有细作报入川中。 || Chapter 60, P060-001: 却说那进计于刘璋者，乃益州别驾，姓张，名松，字永年。其人生得额镢头尖，鼻偃齿露，身短不满五尺，言语有若铜钟。刘璋问曰：「别驾有何高见，可解张鲁之危？」松曰：「某闻许都曹操，扫荡中原。吕布，二袁，皆为所灭；近又破马超；天下无敌矣。主公可备进献之物，松亲往许都，说曹操兴兵取汉中，以图张鲁。则鲁拒敌不暇，何敢复窥蜀中耶？」 || Chapter 60, P060-003: 却说张松到了许都馆驿中住定，每日去相府伺候，求见曹操。原来曹操自破马超回，傲睨得志，每日饮宴，无事少出，国政皆在相府商议。张松候了三日，方得通过姓名。左右近侍先要贿赂，却才引入。操坐于堂上。松拜毕，操问曰：「汝主刘璋连年不进贡，何也？」松曰：「为路途艰难，贼寇窃发，不能通达。」操叱曰：「吾扫清中原，有何盗贼？」松曰：「南有孙权，北有张鲁，西有刘备，至少者亦带甲十余万，岂得谓太平耶？」",same_body_paragraph
刘禅,魏延,12,7,73;85;87;97;98;104;105,"Chapter 73, P073-005: 玄德再三推迟不过，只得依允。建安二十四年秋七月，筑坛于沔阳，方圆九里，分布五方，各设旌旗仪仗。群臣皆依次序排列。许靖、法正请玄德登坛，进冠冕玺绶讫，面南而坐，受文武官员拜贺为汉中王。子刘禅立为王世子。封许靖为太傅，法正为尚书令。诸葛亮为军师，总理军国重事。封关羽、张飞、赵云、马超、黄忠为五虎大将军；魏延为汉中太守。其余各拟功勋定爵。 || Chapter 85, P085-027: 后主听罢，又惊又喜，曰：「相父果有鬼神不测之机也！愿闻退兵之策。」孔明曰：「先帝以陛下付托与臣，臣安敢旦夕怠慢？成都众官，皆不晓兵法之妙，贵在使人不测，岂可泄漏于人？老臣先知西番国王轲比能，引兵犯西平关；臣料马超积祖西川人氏，素得羌人之心，羌人以超为神威大将军；臣已先遣一人，星夜驰檄，令马超紧守西平关，伏四路奇兵，每日交换，以兵拒之：此一路不必忧矣。又南蛮孟获，兵犯四邵，臣亦飞檄遣魏延领一军左出右入，右出左入，为疑兵之计；蛮兵惟勇力，其心多疑，若见疑兵，必不敢进：此一路又不足忧矣。又知孟达引兵出汉中；孟达与李严曾结生死之交；臣回成都时，留李严守永安宫；臣已作一书，只做李严亲笔，令人送与孟达；达必然推病不出，以慢军心：此一路又不足忧矣。又知曹真引兵犯阳平关；此地险峻，可以保守，臣已调赵云引一军守把关隘，并不出战；曹真若见我军不出，不久自退矣。」 || Chapter 87, P087-003: 王连再三苦劝，孔明不从。是日，孔明辞了后主，令蒋琬为参军；费袆为长史；董厥、樊建二人为掾史；赵云、魏延为大将，总督军马；王平、张翼为副将；并川将数十员：共起川兵五十万，前望益州进发。忽有关公第三子关索，入军来见孔明曰：「自荆州失陷，逃难在鲍家庄养病。每要赴川见先帝报雠，疮痕未合，不能起行。近已安痊，打探得东吴雠人已皆诛戮，迳来西川见帝，恰在途中遇见征南之兵，特来投见。孔明闻之，嗟讶不已；面遣人申报朝廷，就令关索为前部先锋，一同征南。大队人马，各依队伍而行。饥餐渴饮，夜住晓行：所经之处，秋亳无犯。",same_body_paragraph
刘表,诸葛亮,12,8,38;39;43;44;53;56;93;120,"Chapter 38, P038-009: 玄德闻言，避席拱手谢曰：「先生之言，顿开茅塞，使备如拨云雾而睹青天；但荆州刘表、益州刘璋，皆汉室宗亲，备安忍夺之？」孔明曰：「亮夜观天象，刘表不久人世。刘璋非立业之主，久后必归将军。」玄德闻言，顿首拜谢。只这一席话，乃孔明未出茅庐，已知三分天下，真万古人不及也！后人有诗赞曰： || Chapter 39, P039-007: 正话间，忽刘表差人来请玄德赴荆州议事。孔明曰：「此必因江东破了黄祖，故请主公商议报雠之策也。」某当与主公同往，相机而行，自有良策。」 || Chapter 39, P039-009: 玄德依言，来到荆州，馆驿安下，留张飞屯兵城外。玄德与孔明入城见刘表。礼毕，玄德请罪于阶下。表曰：「吾已悉知贤弟被害之事。当时即欲斩蔡瑁之首，以献贤弟。因众人告免，故姑恕之。弟幸勿见罪。」玄德曰：「非干蔡将军之事，想皆下人所为耳。」表曰：「今江夏失守，黄祖遇害，故请贤弟共议报复之策。」玄德曰：「黄祖性暴，不能用人，故致此祸。今若兴兵南征，倘曹操北来，又将奈何？」表曰：「吾今年老多病，不能理事，贤弟可来助我。我死之后，弟便为荆州之主也。」玄德曰：「兄何出此言？量备安敢当此重任？」",same_body_paragraph
司马懿,司马昭,12,9,94;95;102;103;106;107;108;109;119,"Chapter 94, P094-011: 却说司马懿在宛城闲住，闻知魏兵累败于蜀，乃仰天长叹。懿长子司马师，字子元；次子司马昭，字子尚：二人素有大志，通晓兵书。当日侍立于侧，见懿长叹，乃问曰：「父亲何为长叹？」懿曰：「汝辈岂知大事耶？」司马师曰：「莫非叹魏主不用乎？」司马昭笑曰：「早晚必来宣召父亲也。」言未已，忽报天使持节至。懿听诏毕，遂调宛城诸路军马。忽又报金城太守申仪家人，有机密事求见。懿唤入密室问之。其人细说孟达欲反之事。更有孟达心腹人李辅并达外甥邓贤，随状出首。司马懿听毕，以手加额曰：「此乃皇上齐天之洪福也！诸葛亮兵在祁山，杀得内外人胆落；今天子不得已而幸长安，若旦夕不用吾时，孟达一举，两京破矣！此贼必通谋诸葛亮；吾先摛之，诸葛亮定然心寒，自退兵也。」长子司马师曰：「父亲可急写表申奏天子。」懿曰：「若等圣旨，往复一月之间，事无及矣。」即传令教人马起程，一日要行两日之路，如迟立斩；一面令参军梁畿赍檄星夜去新城，教孟达等准备进征，使其不疑。梁畿先行，懿在后发兵。行了二日，山坡下转出一军，乃是右将军徐晃，晃下马见懿，说：「天子驾到长安，亲拒蜀兵，今都督何往？」懿低言曰：「今孟达造反，吾去擒之耳。」晃曰：「某愿为先锋。」懿大喜，合兵一处。徐晃为前部，懿在中军，二子押后。又行了二日，前军哨马捉住孟达心腹人，搜出孔明回书，来见司马懿。懿曰：「吾不杀汝。汝从头细说。」其人只得将孔明、孟达往复之事，一一告说。懿看了孔明回书，大惊曰：「世间能者所见皆同。吾机先被孔明识破。幸得天子有福，获此消息。孟达今无能为矣。」遂星夜催军前行。 || Chapter 95, P095-005: 却说司马懿在城中，令次子司马昭去探前路；若街亭有兵把守，即当按兵不行。司马昭奉令探了一遍，回见父曰：「街亭有兵守把。」懿叹曰：「诸葛亮真乃神人，吾不如也！」昭笑曰：「父亲何故自堕志气耶？男料街亭易取。」懿问曰：「汝安敢出此大言耶？」昭曰：「男亲自哨见，当道并无寨栅，军皆屯于山上，故知可破也。」懿大喜曰：「若兵果在山上，乃天使吾成功矣！」遂更换衣服，引百余骑亲自来看。是夜天晴月朗，直至山下，周围巡哨了一遍，方回。马谡在山上见之，大笑曰：「彼若有命，不来围山。」传令与诸将：「倘兵来，只见山顶上红旗招动，即四面皆下。」 || Chapter 95, P095-007: 却说王平见魏兵到，引军杀来，正遇张郃；战有数十余合，平力穷势孤，只得退去。魏兵自辰时困至戌时，山上无水，军不得食，寨中大乱。嚷到半夜时分，山南蜀兵大开寨门，下山降魏。马谡禁止不住。司马懿又令人于沿山放火，山上蜀兵愈乱。马谡料守不住，只得驱残兵杀下山西逃奔。司马懿放条大路，让过马谡。背后张郃引兵赶来。赶到三十余里，前面鼓角齐鸣，一彪军出，放过马谡，拦住张郃；视之，乃魏延也：挥刀纵马，直取张郃。郃回军便走。延驱兵赶来，复夺街亭。赶到五十余里，一声喊起，两边伏兵齐出：左边司马懿，右边司马昭，却抄在魏延背后，把延困在垓心。张郃复来，三路兵合在一处。魏延左冲右突，不得脱身，折兵大半。正危急间，忽一彪军杀入，乃王平也。延大喜曰：「吾得生矣！」二将合兵一处，大杀一阵，魏兵方退。二将慌忙奔回寨时，营中皆是魏兵旌旗。申耽、申仪从营中杀出。王平、魏延迳奔列柳城，来投高翔。此时高翔闻知街亭有失，尽起列柳城之兵，前来救应，正遇延、平二人，诉说前事。高翔曰：「不如今晚去劫魏寨，再复街亭。」当时三人在山坡下商议已定。待天色将晚，兵分三路。魏延引兵先进，迳到街亭，不见一人，心中大疑，不敢轻进，且伏在路口等候。忽见高翔兵到，二人共说魏兵不知在何处。正没理会，又不见王平兵到。忽然一声砲响，火光冲天，鼓声震地。魏兵齐出，把魏延、高翔围在垓心。二人尽力冲突，不得脱身。忽听得山坡后喊声若雷，一彪军杀入，乃是王平，救了高、魏二人，迳奔列柳城来。比及奔到城下时，城边早有一军杀到，旗上大书「魏都督郭淮」字样。原来郭淮与曹真商议，恐司马懿得了全功，乃分淮来取街亭；闻知司马懿、张郃成上此功，遂引兵迳袭列柳城。正遇三将，大杀一阵。蜀兵伤者极多。魏延恐阳平关有失，慌与王平、高翔望阳平关来。",same_body_paragraph
夏侯惇,袁绍,12,7,6;24;26;27;28;30;31,"Chapter 6, P006-009: 且说孙坚飞奔洛阳，遥望火焰冲天，黑烟铺地，二三百里，并无鸡犬人烟；坚先发兵救灭了火，令众诸侯各于荒地上屯住军马。曹操来见袁绍曰：「今董贼西去，正可乘势追袭；本初按兵不动，何也？」绍曰：「诸兵疲困，进恐无益。」操曰：「董贼焚烧宫室，劫迁天子，海内震动，不知所归；此天亡之时也，一战而天下定矣。诸侯何疑而不进？」众诸侯皆言不可轻动。操大怒曰：「竖子不足与谋！」遂自引兵万余，领夏侯惇，夏侯渊，曹仁，曹洪，李典，乐进，星夜来赶董卓。 || Chapter 24, P024-017: 却说玄德引军劫寨，将近寨门，喊声大震，后面冲出一军，先截去了一半人马。夏侯惇又到。玄德突围而走，夏侯渊又从后赶来。玄德回顾，止有三十余骑跟随；急欲奔还小沛，早望见小沛城中火起，只得弃了小沛，欲投徐州、不邳；又见曹军漫山塞野，截住去路。玄德自思无路可归，想袁绍有言：「倘不如意，可来相投」，今不若暂往依栖，别作良图；遂望青州路而走，正逢李典拦住。玄德匹马落荒望北而逃，李典掳将从骑去了。 || Chapter 26, P026-010: 玄德谢曰：「荷明公宽大之恩，无可补报，欲令一心腹人持密书去见云长，使知刘备消息，彼必星夜来到，辅佐明公，共诛曹操，以报颜良、文丑之雠，若何？」袁绍大喜曰：「吾得云长，胜颜良、文丑十倍也。」玄德修下书札，未有人送去。绍令退军武阳，连营数十里，按兵不动。操乃使夏侯惇领兵守住官渡隘口，自己班师回许都，大宴众官，贺云长之功。因谓吕虔曰：「昔日吾以粮草在前者，乃饵敌之计也。惟荀公达知吾心耳。」众皆叹服。",same_body_paragraph
太史慈,孙策,12,1,15,"Chapter 15, P015-012: 却说刘繇字正礼，东莱牟平人也，亦是汉室宗亲，太尉刘宠之姪，兖州刺史刘岱之弟；旧为扬州刺史，屯于寿春，被袁术赶过江东，故来曲阿。当下闻孙策兵至，急聚众将商议。部将张英曰：「某领一军屯于牛渚，纵有百万之兵，亦不能近。」言未毕，帐下一人高叫曰：「某愿为前部先锋。」众视之，乃东莱黄县人太史慈也。慈自解了北海之围后，便来见刘繇，繇留于帐下。当日听得孙策来到，愿为前部先锋。繇曰：「你年尚轻，未可为大将，只在吾左右听命。」太史慈不喜而退。 || Chapter 15, P015-016: 祝毕，出庙上马，回顾众将曰：「吾欲过岭，探看刘繇寨栅。」诸将皆以为不可。策不从，遂同上岭，南望村林。早有伏路小军飞报刘繇。繇曰：「此必是孙策诱敌之计，不可追之。」太史慈踊跃曰：「此时不捉孙策，更待何时？」遂不候刘繇将令，竟自披挂上马，绰鎗出营，大叫曰：「有胆气者，都跟我来！」诸将不动。惟有一小将曰：「太史慈真猛将也！吾可助之！」拍马同行。众将皆笑。 || Chapter 15, P015-017: 却说孙策看了半晌，方始回马。正行过岭，只听得岭上叫：「孙策休走！」策回头视之，见两匹马飞下岭来。策将十三骑一齐摆开。策横鎗立马于岭下待之。太史慈高叫曰：「那个是孙策？」策曰：「你是何人？」答曰：「我便是东莱太史慈也，特来捉孙策！」策笑曰：「只我便是。你两个一齐来并我一个，我不惧你！我若怕你，非孙伯符也！」慈曰：「你便众人都来，我亦不怕！」纵马横鎗，直取孙策。策挺鎗来迎。两马相交，战五十合，不分胜负，程普等暗暗称奇。",same_body_paragraph
孙坚,袁绍,12,4,5;6;7;120,"Chapter 5, P005-008: 第一镇，后将军南阳太守袁术。第二镇，冀州刺史韩馥。第三州镇，豫州刺史孔。第四镇，兖州刺史刘岱。第五镇，河内郡太守王匡。第六镇，陈留太守张邈。第七镇，东郡太守乔瑁。第八镇，山阳太守刘遗。第九镇，济北相鲍信。第十镇，北海太守孔融。第十一镇，广陵太守张超。第十二镇，徐州刺史陶谦。第十三镇，西凉太守马腾。第十四镇，北平太守公孙瓒。第十五镇，上党太守张杨。第十六镇，乌程侯长沙太守孙坚。第十七镇，祁乡侯渤海太守袁绍。诸路军马，少不等，一有三万者，有一二万者一，各领文官武将，投洛阳来。 || Chapter 5, P005-011: 读毕，歃血。众因其辞气慷慨，皆涕泗横流。歃血已罢，下坛。众扶绍升帐而坐，两行依爵位年齿分列坐定。操行酒数巡，言曰：「今日既立盟主，各听调遣，同扶国家，勿以强弱计较。」袁绍曰：「绍虽不才，既承公等推为盟主，有功必赏，有罪必罚。国有常刑，军有纪律；各宜遵守，勿得违犯。」众皆曰：「惟命是听。」绍曰：「吾弟袁术总督粮草，应付诸营，无使有缺。更须一人为先锋，直抵汜水关挑战。余各据险要，以为接应。」长沙太守孙坚出曰：「坚愿为前部。」绍曰：「文台勇烈，可当此任。」坚遂引本部人马杀奔汜水关来。守关将士，差流星马往洛阳丞相府告急。董卓自专大权之后，每日饮宴。李儒接得告急文书，迳来禀卓。卓大惊，急聚众将商议。温侯吕布挺身出曰：「父亲勿虑：关外诸侯，布视之如草芥。愿提虎狼之师，尽斩其首，悬于都门。」卓大喜曰：「吾有奉先，高枕无忧矣！」言未绝，吕布背后一人高声出曰：「『割鸡焉用牛刀？』不劳温侯亲往。吾斩众诸侯首级，如探囊取物耳。」卓视之，其人身长九尺，虎体狼腰，豹头猿臂：关西人也；姓华，名雄。卓闻言大喜，加为骁骑校尉，拨马步军五万，同李肃，胡轸，赵岑星夜赴关迎敌。众诸侯内有济北相鲍信，寻思孙坚既为前部，怕他夺了头功，暗拨其弟鲍忠，先将马步军三千，迳抄小路，直到关下搦战。华雄引铁骑五百，飞下关来，大喝：「贼将休走！」鲍忠急待退，被华雄手起刀落，斩于马下，生擒将校极多。华雄遣人将鲍忠首级来相府报捷，卓加雄为都督。 || Chapter 5, P005-013: 华雄副将胡轸引兵五千出关迎战。程普飞马挺矛，直取胡轸。斗不数合，程普刺中胡轸咽喉，死于马下。坚挥军直杀至关前，关上矢石如雨。孙坚引兵回至梁东屯住，使人于袁绍处报捷，就于袁术处催粮。或说术曰：「孙坚乃江东猛虎；若打破洛阳，杀了董卓，正是除狼而得虎也。今不与粮，彼军必散。」术听之，不发粮草。孙坚军缺食，军中自乱，细作报上关来。李肃为华雄谋曰：「今夜我引一军从小路下关，袭孙坚寨后，将军挥其前寨，坚可擒矣。」",same_body_paragraph
孙权,张辽,12,5,40;53;58;67;68,"Chapter 40, P040-002: 却说夏侯惇败回许昌，自缚见曹操，伏地请死。操释之。惇曰：「惇遭诸葛亮诡计，用火攻破我军。」操曰：「汝自幼用兵，岂不知狭处须防火攻？」惇曰：「李典、于禁曾言及此，悔之不及！」操乃赏二人。惇曰：「刘备如此猖獗，真腹心之患也，不可不急除。」操曰：「吾所虑者，刘备、孙权耳。余皆不足介意。今当乘此时扫平江南。」便传令起大兵五十万，令曹仁、曹洪，为第一队；张辽、张郃，为第二队；夏侯渊、夏侯惇，为第三队；于禁、李典，为第四队；操自领诸将为第五队。每队各引兵十万。又令许褚为折冲将军，引兵三千为先锋。选定建安十三年秋七月丙午日出师。 || Chapter 53, P053-021: 权抚掌大笑，同至帐中，大设饮宴，犒劳鏖战将士，商议破合淝之策。忽报张辽差人来下战书。权拆书观毕，大怒曰：「张辽欺吾太甚！汝闻程普军来，故意使人搦战！来日吾不用新军赴敌，看我大战一场！」传令当夜五更，三军出寨，望合淝进发。辰时左右，军马行至半途，曹兵己到，两边布成阵势。孙权金盔金甲，披挂出马；左宋谦、右贾华，二将使方天画戟，两边护卫。三通鼓罢，曹军阵中，门旗两开，三员将全装贯带，立于阵前：中央张辽，左边李典，右边乐进。张辽纵马当先，专搦孙权决战。权绰鎗欲自战，阵门中一将挺鎗骤马早出，乃太史慈也。张辽挥刀来迎，两将战有七八十合，不分胜负。曹阵上李典谓乐进曰：「对面金盔者，孙权也。若捉得孙权，足可与八十三万大军报雠。」 || Chapter 53, P053-022: 说犹未了，乐进一骑马，一口刀，从刺斜里迳取孙权，如一道电光，飞至面前，手起刀落。宋谦、贾华，急将画戟遮架，刀到处，两枝戟齐断，只将戟干望马头上打。乐进回马，宋谦绰军士手中鎗赶来。李典搭上箭，望宋谦心窝里便射，应弦落马。太史慈见背后有人坠马，弃却张辽，望本阵便回。张辽乘势掩杀过来，吴兵大乱，四散奔走。张辽望见孙权，骤马赶来。看看赶上，刺斜里撞出一军，为首大将，乃程普也；截杀一阵，救了孙权。张辽收军自回合淝。",same_body_paragraph
孙策,曹操,12,8,15;17;18;28;29;42;68;120,"Chapter 15, P015-044: 不一日引至。策见其人：童颜鹤发，飘然有出世之姿；乃待为上宾，请视周泰疮。佗曰：「此易事耳。」投之以药，一月而愈。策大喜，厚谢华佗。遂进兵杀除山贼。江南皆平。孙策分拨将士，守把各处隘口；一面写表申奏朝廷；一面结交曹操；一面使人致书与袁术取玉玺。 || Chapter 17, P017-011: 却说孙策自发书后，防袁术兵来，点军守住江口。忽曹操使至，拜策为会稽太守，令起兵征讨袁术。策乃商议，便欲起兵。长史张昭曰：「术虽新败，兵多粮足，未可轻敌；不如遗书曹操，劝他南征，吾为后应。两军相援，术军必败。万一有失，亦望操救援。」策从其言，遣使以此意达曹操。 || Chapter 17, P017-012: 却说曹操至许都，思慕典韦，立祀祭之；封其子典满为中郎，收养在府。忽报孙策遣使致书。操览书毕，又有人报袁术乏粮，劫掠陈留，欲乘虚攻之。遂兴兵南征，令曹仁守许都，其余皆从征，马步兵十七万，粮食辎重千余车；一面先发人会合孙策与刘备、吕布。",same_body_paragraph
孟获,魏延,12,6,85;86;87;88;89;90,"Chapter 85, P085-027: 后主听罢，又惊又喜，曰：「相父果有鬼神不测之机也！愿闻退兵之策。」孔明曰：「先帝以陛下付托与臣，臣安敢旦夕怠慢？成都众官，皆不晓兵法之妙，贵在使人不测，岂可泄漏于人？老臣先知西番国王轲比能，引兵犯西平关；臣料马超积祖西川人氏，素得羌人之心，羌人以超为神威大将军；臣已先遣一人，星夜驰檄，令马超紧守西平关，伏四路奇兵，每日交换，以兵拒之：此一路不必忧矣。又南蛮孟获，兵犯四邵，臣亦飞檄遣魏延领一军左出右入，右出左入，为疑兵之计；蛮兵惟勇力，其心多疑，若见疑兵，必不敢进：此一路又不足忧矣。又知孟达引兵出汉中；孟达与李严曾结生死之交；臣回成都时，留李严守永安宫；臣已作一书，只做李严亲笔，令人送与孟达；达必然推病不出，以慢军心：此一路又不足忧矣。又知曹真引兵犯阳平关；此地险峻，可以保守，臣已调赵云引一军守把关隘，并不出战；曹真若见我军不出，不久自退矣。」 || Chapter 86, P086-003: 权从之，乃谓魏使曰：「军需未办，择日便当起程。」使者拜辞而去。权令人探得西番兵出西平关，见了马超，不战自退；南蛮孟获起兵攻四郡，皆被魏延用疑兵计杀退回洞去了；上庸孟达兵至半路，忽然染病不能行；曹真兵出阳平关，赵子龙拒住各处险道，果然一将守关，万夫莫开---。曹真屯兵于斜谷道，不能取胜而回。 || Chapter 87, P087-010: 却说蛮王孟获，听知孔明智破雍闿等，遂聚三洞元帅商议：第一洞乃金环三结元帅，第二洞乃董荼那元帅，第三洞乃阿会喃元帅。三洞元帅入见孟获，获曰：「今诸葛丞相领大军来侵我境界，不得不并力敌之。汝三人可分兵三路而进。如得胜者，便为洞主。」于是分金环三结取中路，董荼那取左路，阿会喃取右路：各引五万蛮兵，依令而行。却说孔明正在寨中议事，忽哨马飞报，忽哨马飞报，说三洞元帅分兵三路到来。孔明听毕，即唤赵云、魏延至，却都不分付；更唤王平、马忠至，嘱之曰：「今蛮兵三路而来，吾欲令子龙、文长去；此二人不识地理，未敢用之。王平可往左路迎敌，马忠可往右路迎敌。吾却使子龙、文长随后接应。今日整顿军马，来日平明进发。」二人听令而去。又唤张嶷、张翼分付曰：「汝二人同领一军，往中路迎敌。今日整点军马，来日与王平、马忠约会而进。吾欲令子龙、文长去取，二人不识地理，故未敢用之。」张嶷、张翼听令去了。",same_body_paragraph
庞统,曹操,12,5,47;48;57;60;62,"Chapter 47, P047-014: 周瑜听得干又到，大喜曰：「吾之成功，只在此人身上！」遂嘱付鲁肃：「请庞士元来，为我如此如此。」原来襄阳庞统，字士元，因避乱寓居江东。鲁肃曾荐之于周瑜，统未及往见。瑜先使肃问计于统曰：「破曹当用何策？」统密谓肃曰：「欲破曹兵，须用火攻；但大江面上，一船著火，余船四散；除非献『连环计』，教他钉作一处，然后功可成也。」肃以告瑜，瑜深服其论，因谓肃曰：「为我行此计者，非庞士元不可。」肃曰：「只怕曹操奸猾，如何去得？」 || Chapter 47, P047-015: 周瑜沈吟未决，正寻思没个机会，忽报蒋干又来。瑜大喜，一面分付庞统用计；一面坐于帐上，使人请干。干见不来接，心中疑虑，教把船于僻静岸口缆系，乃入寨见周瑜。瑜作色曰：「子翼何故欺吾太甚？」蒋干笑曰：「吾想与你乃旧日弟兄，特来吐心腹事，何言相欺也？」瑜曰：「汝要说我降，除非海枯石烂！前番吾念旧日交情，请你痛饮一醉，留你同榻；你却盗吾私书，不辞而去，归报曹操，杀了蔡瑁，张允，致使吾事不成。今日何故又来，必不怀好意！吾不看旧日之情，一刀两段！本待送你过去，争奈吾一二日间，便要破曹贼；待留你在军中，又必有泄漏。」便教左右：「送子翼往西山庵中歇息。──待吾破了曹操，那时渡你过江未迟。」 || Chapter 47, P047-025: 统拜别，至江边，正欲下船，忽见岸上一人，道袍竹冠，一把扯住统曰：「你好大胆！黄盖用苦肉计，阚泽下诈降书，你又来献连环计，只恐烧不尽绝！你们拿出这等毒手来，只好瞒曹操，也须瞒我不得！」吓得庞统魂飞散。正是：莫道东南能制胜，谁云西北独无人？毕竟此人是谁，且看下文分解。",same_body_paragraph
张昭,顾雍,12,9,43;44;56;65;68;82;83;86;98,"Chapter 43, P043-006: 肃领命而去；次日至馆驿中见孔明，又嘱曰：「今见我主，切不可言曹操兵多。」孔明笑曰：「亮自见机而变，决不有误。」肃乃引孔明至幕下。早见张昭、顾雍等一班文武，二十余人，峨冠博带，整衣端坐。孔明逐一相见，各问姓名。施礼已毕，坐于客位。张昭等见孔明丰神飘洒，器宇轩昂，料道此人必来游说。张昭先以言挑之曰：「昭乃江东微末之士，久闻先生高卧隆中，自比管、乐。此语果有之乎？」孔明曰：「此亮平生小可之比也。」昭曰：「近闻刘豫州三顾先生于草庐之中，幸得先生，以为如鱼得水，思欲席卷荆、襄。今一旦以属曹操，未审是何主见？」 || Chapter 43, P043-027: 张昭知孙权欲兴兵，遂与众议曰：「中了孔明之计也！」急入见权曰：「昭等闻主公将兴兵与曹操争锋。主公自思比袁绍若何？曹操向日兵微将寡，尚能一鼓克袁绍，何况今日拥百万之众南征，岂可轻敌？若听诸葛亮之言，妄动甲兵，此所谓负薪救火也。」孙权只低头不语。顾雍曰：「刘备因为曹操所败，故欲借我江东之兵以拒之，主公奈何为其所用乎？愿听子布之言。」 || Chapter 44, P044-002: 鲁肃上马去了。周瑜方才歇息。忽报张昭、顾雍、张纮、步骘四人来相探。瑜接入堂中坐定，叙寒温毕。张昭曰：「都督知江东之利害否？」瑜曰：「未知也。」昭曰：「曹操拥众百万，屯于汉上，昨传檄文至此，欲请主公会猎于江夏。虽有相吞之意，尚未露其形。昭等劝主公且降之，庶免江东之祸。不想鲁子敬从江夏带刘备军师诸葛亮至此，彼因自欲雪愤，特下说词以激主公。子敬却执迷不悟。正欲待都督一决。」瑜曰：「公等之见皆同否？」顾雍等曰：「所议皆同。」瑜曰：「吾亦欲降久矣。公等请回。明早见主公，自有定议。」",same_body_paragraph
徐晃,曹洪,12,7,14;30;31;48;57;58;59,"Chapter 14, P014-022: 操自封为大将军武平侯，以荀彧为侍中尚书令；荀攸为军师；郭嘉为司马祭酒；刘晔为司空掾曹；毛玠，任峻为典农中郎将，催督钱粮；程昱为东平相，范成，董昭为洛阳令；满宠为许都令；夏侯惇，夏侯渊，曹仁，曹洪皆为将军；吕虔，李典，乐进，于禁，徐晃，皆为校尉；许褚，典韦，皆为都尉；其余将士，各各封官。自此大权皆归于曹操。朝廷大务，先禀曹操，然后方奏天子。 || Chapter 30, P030-020: 次日，操自选马步军士五千，准备往乌巢劫粮。张辽曰：「袁绍屯粮之所，安得无备？丞相未可轻往。恐许攸有诈。」操曰：「不然。许攸此来，天败袁绍。今吾军粮不给，难以久持；若不用许攸之计，是坐而待困也。彼若有诈，安肯留我寨中？且吾亦欲劫寨久矣。今劫粮之举，计在必行，君请勿疑。」辽曰：「亦须防袁绍乘虚来袭。」操笑曰：「吾已筹之熟矣。」便教荀攸、贾诩、曹洪同许攸守大寨，夏侯惇、夏侯渊领一军伏于左，曹仁、李典领一军伏于右，以备不虞。教张辽、许褚在前，徐晃、于禁在后，操自引诸将居中，共五千人马，打著袁军旗号，军士皆束草负薪，人衔枚，马勒口，黄昏时分，望乌巢进发。是夜星光满天。 || Chapter 31, P031-011: 操然其计。左右各分五队：左一队夏侯惇、二队张辽、三队李典、四队乐进、五队夏侯渊；右一队曹洪、二队张郃、三队徐晃、四队于禁、五队高览。中军许褚为先锋。次日，十队先进，埋伏左右已定。至半夜，操令许褚引兵前进，伪作劫寨之势。袁绍五寨人马，一齐俱起。许褚回军便走。袁绍引军赶来，喊声不绝；比及天明，赶至河上，曹军无去路。操大呼曰：「前无去路，诸军何不死战？」众军回身奋力向前。许褚飞马当先，力斩十数将。袁军大乱。袁绍退军急回，背后曹军赶来。",same_body_paragraph
曹丕,曹操,12,10,33;72;78;79;80;81;82;97;106;119,"Chapter 33, P033-003: 却说曹操统领众将，入冀州城，将入城门，许攸纵马近前，以鞭指城门呼操曰：「阿瞒，汝不得我，安得入此门？」操大笑。众将闻言，俱怀不平。操至绍府门下，问曰：「谁曾入此门来？」守将对曰：「世子在内。」操唤出责之。刘氏出拜曰：「非世子不能保全妾家，愿献甄氏为世子执箕帚。」操教唤出甄氏拜于前。操视之曰：「真吾儿妇也！」遂令曹丕纳之。 || Chapter 72, P072-023: 操第三子曹植，爱修之才，常邀修谈论，终夜不息。操与众商议，欲立植为世子。曹丕知之，密请朝歌长吴质入内府商议；因恐有人知觉，乃用大簏藏吴质于中，只说是绢匹在内，载入府中。修知其事，迳来告操。操令人于丕府门伺察之。丕慌告吴质。质曰：「无忧也。明日用大簏装绢，再入以惑之。」丕如其言，以大簏载绢入。使者搜看簏中，果绢也，回报曹操。操因疑修谮害曹丕，愈恶之。 || Chapter 72, P072-024: 操欲试曹丕，曹植之才干。一日，令各出邺城门；却密使人分付门吏，令勿放出。曹丕先至。门吏阻之，丕只得退回。植闻知，问于修。修曰：「君奉王命而出，如有阻当者，竟斩之可也。」植然其言。及至门，门吏阻住。植叱曰：「吾奉王命，谁敢阻当！」立斩之。于是曹操以植为能。后有人告操曰：「此乃杨修之所教也。」操大怒，因此亦不喜植。",same_body_paragraph
曹操,董承,12,8,14;20;21;23;24;57;69;73,"Chapter 14, P014-021: 曹操收军回营，满宠引徐晃入见。操大喜，厚待之。于是迎銮驾到许都，盖造宫室殿宇，立宗庙社稷、省台司院衙门，修城郭府库；封董承等十三人为列侯。赏功罚罪，并听曹操处置。 || Chapter 20, P020-016: 承会意，穿袍系带，辞帝下阁。早有人报知曹操曰：「帝与董承登功臣阁说话。」操即入朝来看。董承出阁，才过宫门，恰遇操来；急无躲避处，只得立于路侧施礼。操问曰：「国舅何来？」承曰：「适蒙天子宣召，赐以锦袍玉带。」操问曰：「何故见赐？」承曰：「因念某旧日西都救驾之功，故有此赐。」操曰：「解带我看。」承心知衣带中必有密诏，恐操看破，迟延不解。操叱左右：「急解下来！」看了半晌，笑曰：「果然是条好玉带？再脱下锦袍来借看。」 || Chapter 21, P021-001: 却说董承等问马腾曰：「公却用何人？」马腾曰：「见有豫州牧刘玄德在此，何不求之？」承曰：「此人虽系皇叔，今正依附曹操，安肯行此事耶？」腾曰：「吾观前日围场之中，曹操迎受众贺之时，云长在玄德背后，挺刀欲杀操，玄德以目视之而止。玄德非不欲图操，恨操爪牙多，恐力不及耳。公试求之，当必应允。」吴硕曰：「此事不宜太速，当从容商议。」众皆散去。",same_body_paragraph
曹操,蔡瑁,12,7,31;39;40;41;45;46;47,"Chapter 31, P031-026: 表大喜曰：「玄德，吾弟也。久欲相会，而不可得。今肯惠顾，实为幸甚。」蔡瑁谮曰：「不可。刘备先从吕布，后事曹操，近投袁绍，皆不克终，足可见其为人。今若纳之，曹操必加兵于我，枉动干戈；不如斩孙干之首，以献曹操，操必重待主公也。」孙干正色曰：「干非惧死之人也。刘使君忠心为国，非曹操、袁绍、吕布等比。前此相从，不得已也。今闻刘将军汉朝苗裔，谊切同宗，故千里相投。尔何献谗而妒贤如此耶！」 || Chapter 39, P039-009: 玄德依言，来到荆州，馆驿安下，留张飞屯兵城外。玄德与孔明入城见刘表。礼毕，玄德请罪于阶下。表曰：「吾已悉知贤弟被害之事。当时即欲斩蔡瑁之首，以献贤弟。因众人告免，故姑恕之。弟幸勿见罪。」玄德曰：「非干蔡将军之事，想皆下人所为耳。」表曰：「今江夏失守，黄祖遇害，故请贤弟共议报复之策。」玄德曰：「黄祖性暴，不能用人，故致此祸。今若兴兵南征，倘曹操北来，又将奈何？」表曰：「吾今年老多病，不能理事，贤弟可来助我。我死之后，弟便为荆州之主也。」玄德曰：「兄何出此言？量备安敢当此重任？」 || Chapter 40, P040-009: 正说间，人报曹操自统大兵至。玄德急辞刘表，星夜回新野。刘表病中闻此信，吃惊不小，商议写遗嘱，令玄德辅佐长子刘琦为荆州之主。蔡夫人闻之大怒，关上内门，使蔡瑁、张允二人把住外门。时刘琦在江夏，知父病危，来至荆州探病。方到外门，蔡瑁当住曰：「公子奉父命镇守江夏，其任至重。今擅难职守，倘东吴兵至，如之奈何？若入见主公，主公必生嗔怒，病将转增，非孝也。宜速回。」",same_body_paragraph
曹操,黄忠,12,5,60;70;71;72;91,"Chapter 60, P060-023: 正商议间，一人自外突入，汗流满面，大叫曰：「主公若听张松之言，则四十一州郡，已属他人矣！」松大惊；视其人，乃西阆中巴人，姓黄，名权，字公衡，现为刘璋府下主簿。璋问曰：「玄德与我同宗，吾故结之为援；汝何出此言？」权曰：「某素知刘备宽以待人，柔能克刚，英雄莫敌。远得人心，近得民望。兼有诸葛亮，庞统之智谋，关，张，赵云，黄忠，魏延为羽翼。若召到蜀中，以部曲待之，刘备岂肯伏低做小？若以客礼待之，又一国不容二主。今听臣言，则西蜀有泰山之安；不听臣言，则主公有累卵之危矣。张松昨从荆州过，必与刘备同谋。可先斩张松，后绝刘备，则西川万幸也。」璋曰：「曹操，张鲁到来，何以拒之？」权曰：「不如闭境绝塞，棎沟高垒，以待时清。」璋曰：「贼兵犯界，有燃眉之急；若待时清，则是慢计也。」遂不从其言，遣法正行。又一人阻曰：「不可！不可！」 || Chapter 70, P070-021: 原来黄忠连日哨探，已知路径。严颜曰：「此去有山名天荡山。山中乃曹操屯粮积草之地。若取得那个去处，断其粮草，汉中可得也。」忠曰：「将军之言，正合吾意。可与吾如此如此。」严颜依计，自领一枝军去了。 || Chapter 70, P070-029: 严颜既斩夏侯德，从山后杀来。张郃，夏侯尚，前后不能相顾，只得弃天荡山，望定军山投奔夏侯渊去了。黄忠，严颜，守住天荡山，捷音飞报成都。玄德闻之，众将庆喜。法正曰：「昔曹操降张鲁，定汉中，不因此势以图巴蜀，乃留夏侯渊，张郃，二将屯守，而自引军北还，此失计也。今张郃新败，天荡失守，主公若乘此时，举大兵亲往征之，汉中可定也。既定汉中，然后练兵积粟，观衅伺隙，进可讨贼，退可自守。此天与之时，不可失也。」",same_body_paragraph
曹洪,许褚,12,8,14;30;31;32;40;48;57;59,"Chapter 14, P014-022: 操自封为大将军武平侯，以荀彧为侍中尚书令；荀攸为军师；郭嘉为司马祭酒；刘晔为司空掾曹；毛玠，任峻为典农中郎将，催督钱粮；程昱为东平相，范成，董昭为洛阳令；满宠为许都令；夏侯惇，夏侯渊，曹仁，曹洪皆为将军；吕虔，李典，乐进，于禁，徐晃，皆为校尉；许褚，典韦，皆为都尉；其余将士，各各封官。自此大权皆归于曹操。朝廷大务，先禀曹操，然后方奏天子。 || Chapter 30, P030-005: 操怒，使张辽出战。张郃跃马来迎。二将斗了四五十合，不分胜负。曹操见了，暗暗称奇。许褚挥刀纵马，直出助战。高览挺枪接住。四员将捉对儿厮杀。曹操令夏侯惇、曹洪，各引三千军，齐冲彼阵。审配见曹军来冲阵，便令放起号砲。两下万弩并发，中车内弓箭手一齐拥出阵前乱射。曹军如何抵敌，望南急走。袁绍驱兵掩杀，曹军大败，尽退至官渡。袁绍移军逼近官渡下寨。审配曰：「今可拨兵十万守官渡，就曹操寨前筑起土山，令军人下视寨中放箭。操若弃此而去，吾得此隘口，许昌可破矣。」 || Chapter 30, P030-020: 次日，操自选马步军士五千，准备往乌巢劫粮。张辽曰：「袁绍屯粮之所，安得无备？丞相未可轻往。恐许攸有诈。」操曰：「不然。许攸此来，天败袁绍。今吾军粮不给，难以久持；若不用许攸之计，是坐而待困也。彼若有诈，安肯留我寨中？且吾亦欲劫寨久矣。今劫粮之举，计在必行，君请勿疑。」辽曰：「亦须防袁绍乘虚来袭。」操笑曰：「吾已筹之熟矣。」便教荀攸、贾诩、曹洪同许攸守大寨，夏侯惇、夏侯渊领一军伏于左，曹仁、李典领一军伏于右，以备不虞。教张辽、许褚在前，徐晃、于禁在后，操自引诸将居中，共五千人马，打著袁军旗号，军士皆束草负薪，人衔枚，马勒口，黄昏时分，望乌巢进发。是夜星光满天。",same_body_paragraph
法正,黄忠,12,6,60;63;65;70;71;73,"Chapter 60, P060-023: 正商议间，一人自外突入，汗流满面，大叫曰：「主公若听张松之言，则四十一州郡，已属他人矣！」松大惊；视其人，乃西阆中巴人，姓黄，名权，字公衡，现为刘璋府下主簿。璋问曰：「玄德与我同宗，吾故结之为援；汝何出此言？」权曰：「某素知刘备宽以待人，柔能克刚，英雄莫敌。远得人心，近得民望。兼有诸葛亮，庞统之智谋，关，张，赵云，黄忠，魏延为羽翼。若召到蜀中，以部曲待之，刘备岂肯伏低做小？若以客礼待之，又一国不容二主。今听臣言，则西蜀有泰山之安；不听臣言，则主公有累卵之危矣。张松昨从荆州过，必与刘备同谋。可先斩张松，后绝刘备，则西川万幸也。」璋曰：「曹操，张鲁到来，何以拒之？」权曰：「不如闭境绝塞，棎沟高垒，以待时清。」璋曰：「贼兵犯界，有燃眉之急；若待时清，则是慢计也。」遂不从其言，遣法正行。又一人阻曰：「不可！不可！」 || Chapter 63, P063-001: 却说法正与那人相见，各抚掌而笑。庞统问之，正曰：「此公乃广汉人，姓彭，名羕，字永言，蜀中豪杰也。因直言触忤刘璋，被璋钳为徒隶，因此短发。」统乃以宾礼待之，问羕从何而来。羕曰：「吾特来救汝数万人性命。见刘将军方可说。」法正忙报玄德。玄德亲自谒见，请问其故。羕曰：「将军有多少军马在前寨？」玄德实告：「有黄忠，魏延在彼。」羕曰：「为将之道，岂可不知地理乎？前寨靠涪江，若决动江水，前后以兵塞之，一人无可逃也。」玄德大悟。彭羕曰：「罡星在西方，太白临于此地，当有不吉之事，切宜慎之。」玄德即拜彭羕为幕宾，使人密报魏延，黄忠，教朝幕用心巡警，以防决水。黄忠，魏延商议：「二人各轮一日；如遇敌军到来，互相通报。」 || Chapter 63, P063-004: 玄德见庞统再三催促，乃引军前进。黄忠同魏延接入寨去。庞统问法正曰：「前至雒城，有多少路？」法正画地作图。玄德取张松所遗图本对之，并无差错。法正言：「山北有条有大路，正取雒城东门；山南有条小路，却取雒城西门。两条路俱可进兵。」庞统谓玄德曰：「统令魏延为先锋，取南小路而进；主公令黄忠作先锋，从山北大路而进。并到雒城取齐。」玄德曰：「吾自幼熟于弓马，多行小路。军师可从大路去取东门，吾取西门。」庞统曰：「大路必有军邀拦，主公引兵当之。统取小路。」玄德曰：「军师不可。吾夜梦一神人，手执铁棒击吾右臂，觉来犹自臂痛。此行莫非不佳。」庞统曰：「壮士临阵，不死带伤，理之自然也。何故以梦寐之事疑心乎？」玄德曰：「吾所疑者，孔明之书也。军师还守涪关，如何？」庞统大笑曰：「主公被孔明所惑矣。彼不欲令统独成大功，故作此言以疑主公之心。心疑则致梦，何凶之有？统肝脑涂地，方称本心。主公再勿多言。来早准行。」当日传下号令，军士五更造饭，平明上马。黄忠，魏延领军先行。玄德再与庞统约定，忽坐下马眼生前失，把庞统掀将下来。玄德跳下马，自来笼住那马。玄德曰：「军师何故乘此劣马？」庞统曰：「此马乘久，不曾如此。」玄德曰：「临阵眼生，误人性命。吾所骑白马，性极驯熟。军师可骑，万无一失。劣马吾自乘之。」遂与庞统更换所骑之马。庞统谢曰：「深感主公厚恩。虽万死亦不能报也。」遂各上马取路而进。玄德见庞统去了，心中甚觉不快，怏怏而行。",same_body_paragraph
马超,魏延,12,8,65;71;72;73;81;85;86;92,"Chapter 65, P065-006: 却说张飞闻马超攻关，大叫而入曰：「辞了哥哥，便去战马超也！」孔明佯作不闻，对玄德曰：「今马超侵犯关隘，无人可敌；除非往荆州取关云长来，方可与敌。」张飞曰：「军师何故小觑吾？吾曾独拒曹操百万之兵，岂愁马超一匹夫乎？」孔明曰：「翼德拒水断桥，此因曹操不知虚实耳。若知虚实将军岂得无事？今马超之勇，天下皆知。渭桥大战，杀得曹操割须弃袍，几乎丧命，非等闲之比，云长且未必能胜。」飞曰：「我只今便去；如胜不得马超，甘当军令！」孔明曰：「即尔肯写文书，便为先锋。请主公亲自去一遭。留亮守绵竹。待子龙来，却作商议。」魏延曰：「某亦愿往。」 || Chapter 65, P065-007: 孔明令魏延带五百哨马先行，张飞第二，玄德后队，望葭明关进发。魏延哨马先到关下，正遇杨柏。魏延与杨柏交战，不十合，杨柏败走。魏延要夺张飞头功，乘势赶去，前面一军摆开，为首乃是马岱。魏延只道是马超，舞刀跃马迎之。与马岱战不十合，岱败走。延赶去，被岱回身一箭，中了魏延左臂。延急回马走。马岱赶至关前，只见一将喊声如雷，从关上飞马奔至面前。原来是张飞初到关上，听得关前厮杀，便来看时，正见魏延中箭，因骤马下关，救了魏延。 || Chapter 65, P065-027: 玄德从之，设一大宴，请刘璋收拾财物，佩领振威将军印绶，将妻子良贱，尽赴南郡公安住歇，即日起行。玄德自领益州牧，其所降文武，尽皆重赏，定拟名爵。严颜为前将军，法正为蜀郡太守，董和为掌军中郎将，许靖为左将军长史，庞义为营中司马，刘巴为左将军，黄权为右将军。其余吴懿，费观，彭羕，卓膺，李严，吴兰，雷同，李恢，张翼，秦宓，谯周，吕义，霍峻，邓芝，杨洪，周群，费袆，费诗，孟达，……文武投降官员，共六十余人，并皆擢用。诸葛亮军师，关云长为荡寇将军汉寿亭侯，张飞为征远将军新亭侯，赵云为镇远将军，黄忠为征西将军，魏延为扬武将军，马超为平西将军。孙干，简雍，糜竺、糜芳，刘封，关平，周仓，廖化，马良，马谡，蒋琬，伊籍，及旧日荆襄一班文武官员，尽皆升赏。遣使赍黄金五百斤，白银一千斤，钱五千万，蜀锦一千疋，赐与云长。其余官将，给赐有差。杀牛宰马，大饷士卒，开仓赈济百姓，军民大悦。",same_body_paragraph
关羽,徐晃,11,5,25;26;27;76;79,"Chapter 25, P025-002: 次日，夏侯惇为先锋，领兵五千来搦战。关公不出，惇即使人于城下辱骂。关公大怒，引三千人马出城，与夏侯惇交战。约战十余合，惇拨回马走。关公赶来，惇且战且走。关公约赶二十里，恐下邳有失，提兵便回。只听得一声砲响，左有徐晃，右有许褚，两队军截住去路。关公夺路而走，两边伏兵排下硬弩百，,箭如飞蝗。关公不过，勒兵再回，徐晃，许褚，接住交战。关公奋力杀退二人，引军欲回下邳，夏侯惇又截住厮杀。 || Chapter 26, P026-007: 文丑回马复来，徐晃急轮大斧，截住厮杀。只见文丑后面军马齐到，晃料敌不过，拨马而回。文丑沿河赶来。忽见十余骑马，旗号翩翻，一将当头提刀飞马而来，乃关云长也，大喝：「贼将休走！」与文丑交马，战不三合，文丑心怯，拨马遶河而走。那关公马快，赶上文丑，脑后一刀，将文丑斩下马来。曹操在土阜上，见关公砍了文丑，大驱人马掩杀。河北军大半落水，粮草马匹仍被曹操夺回。 || Chapter 27, P027-001: 却说曹操部下诸将中，自张辽而外，只有徐晃与云长交厚，其余亦皆敬服；独蔡阳不服关公，故今日闻其去，欲住追之。操曰：「不忘故主，来去明白，真丈夫也。汝等皆当效之。」遂叱退蔡阳，不令去赶。程昱曰：「丞相待关某甚厚，今彼不辞而去，乱言片楮，冒渎钧威，其罪大矣。若纵之使归袁绍，是与虎添翼也。不若追而杀之，以绝后患。」",same_body_paragraph
刘备,陈宫,11,6,13;14;15;16;18;19,"Chapter 13, P013-002: 且说袁绍在冀州，闻知曹操与吕布相持，谋士审配进曰：「吕布，豺虎也：若得兖州，必图冀州。不若助操攻之，方可无患。」绍遂遣颜良将兵五万，往助曹操。细作探知这个消息，飞报吕布。布大惊，与陈宫商议。宫曰：「闻刘玄德新领徐州，可往投之。」布从其言，竟投徐州来。 || Chapter 13, P013-004: 玄德领众出城三十里，接著吕布，并马入城。都到州衙厅上，讲礼毕，坐下。布曰：「某自与王司徒计杀董卓之后，又遭傕、汜之变，飘零关东，诸侯多不能相容。近因曹贼不仁，侵犯徐州蒙使君力救陶谦，布因袭兖州以分其势；不料反堕奸计，败兵折将。今投使君，共图大事，未审尊意如何？」玄德曰：「陶使君新逝，无人管领徐州，因令备权摄州事。今幸将军至此，合当相让。」遂将牌印与吕布。吕布却待要接，只见玄德背后关、张二公各有怒色。布乃佯笑曰：「量吕布一勇夫，何能作州牧乎？」玄德又让。陈宫曰：「『强宾不压主』，请使君勿疑。」玄德方止。遂设宴相待，收拾宅院安下。 || Chapter 14, P014-036: 席散，曹豹回去，深恨张飞，连夜差人赍书一封，迳投小沛见吕布，备说张飞无礼；且云：玄德已往淮南，今夜可乘飞醉，引兵来袭徐州，不可错此机会。吕布见书，便请陈宫来议。宫曰：「小沛原非久居之地。今徐州既有可乘之隙，失此不取，悔之晚矣。」",same_body_paragraph
刘琦,曹操,11,5,39;40;42;43;49,"Chapter 39, P039-016: 琦再拜谢教，乃命人取梯送孔明下楼。孔明辞别，回见玄德，具言其事，玄德大喜。次日，刘琦上言，欲守江夏。刘表犹豫未决，请玄德共议。玄德曰：「江夏重地，固非他人可守，正须公子自往。东南之事，兄父子当之；西北之事，备愿当之。」表曰：「近闻曹操于邺郡作玄武池以练水军，必有南征之意，不可不防。」玄德曰：「备已知之，兄勿忧虑。」遂拜辞回新野。刘表令刘琦引兵三千往江夏镇守。 || Chapter 40, P040-009: 正说间，人报曹操自统大兵至。玄德急辞刘表，星夜回新野。刘表病中闻此信，吃惊不小，商议写遗嘱，令玄德辅佐长子刘琦为荆州之主。蔡夫人闻之大怒，关上内门，使蔡瑁、张允二人把住外门。时刘琦在江夏，知父病危，来至荆州探病。方到外门，蔡瑁当住曰：「公子奉父命镇守江夏，其任至重。今擅难职守，倘东吴兵至，如之奈何？若入见主公，主公必生嗔怒，病将转增，非孝也。宜速回。」 || Chapter 42, P042-015: 正说之间，忽见江南岸战鼓大鸣，舟船如蚁，顺风扬帆而来。玄德大惊。船来至近，只见一人白袍银铠，立于船头上大呼曰：「叔父别来无恙？小姪得罪来迟！」玄德视之，乃刘琦也。琦过船哭拜曰：「闻叔父困于曹操，小姪特来接应。」玄德大喜，遂合兵一处而行。在船中正诉情由，忽西南上战船一字儿摆开，乘风★（音忽，左口右忽。）哨而至。",same_body_paragraph
司马师,司马懿,11,8,94;102;103;106;107;108;110;119,"Chapter 94, P094-011: 却说司马懿在宛城闲住，闻知魏兵累败于蜀，乃仰天长叹。懿长子司马师，字子元；次子司马昭，字子尚：二人素有大志，通晓兵书。当日侍立于侧，见懿长叹，乃问曰：「父亲何为长叹？」懿曰：「汝辈岂知大事耶？」司马师曰：「莫非叹魏主不用乎？」司马昭笑曰：「早晚必来宣召父亲也。」言未已，忽报天使持节至。懿听诏毕，遂调宛城诸路军马。忽又报金城太守申仪家人，有机密事求见。懿唤入密室问之。其人细说孟达欲反之事。更有孟达心腹人李辅并达外甥邓贤，随状出首。司马懿听毕，以手加额曰：「此乃皇上齐天之洪福也！诸葛亮兵在祁山，杀得内外人胆落；今天子不得已而幸长安，若旦夕不用吾时，孟达一举，两京破矣！此贼必通谋诸葛亮；吾先摛之，诸葛亮定然心寒，自退兵也。」长子司马师曰：「父亲可急写表申奏天子。」懿曰：「若等圣旨，往复一月之间，事无及矣。」即传令教人马起程，一日要行两日之路，如迟立斩；一面令参军梁畿赍檄星夜去新城，教孟达等准备进征，使其不疑。梁畿先行，懿在后发兵。行了二日，山坡下转出一军，乃是右将军徐晃，晃下马见懿，说：「天子驾到长安，亲拒蜀兵，今都督何往？」懿低言曰：「今孟达造反，吾去擒之耳。」晃曰：「某愿为先锋。」懿大喜，合兵一处。徐晃为前部，懿在中军，二子押后。又行了二日，前军哨马捉住孟达心腹人，搜出孔明回书，来见司马懿。懿曰：「吾不杀汝。汝从头细说。」其人只得将孔明、孟达往复之事，一一告说。懿看了孔明回书，大惊曰：「世间能者所见皆同。吾机先被孔明识破。幸得天子有福，获此消息。孟达今无能为矣。」遂星夜催军前行。 || Chapter 102, P102-014: 早有巡哨军飞报司马懿。懿唤诸将议曰：「孔明如此设施，其中必有计：彼以取北原为名，顺水来烧浮桥，乱吾后，却攻吾前也。」即传令与夏侯霸、夏侯威曰：「若听得北原发喊，便提兵于渭水南山之中，待蜀兵至击之。」又令张虎、乐（左糸右林），引二千弓弩手伏于渭水浮桥北岸：「若蜀兵乘木筏顺水而来，可一齐射之，休令近桥。」又传令郭淮、孙礼曰：「孔明来北原暗渡渭水，汝新立之营，人马不多，可尽伏于半路。若蜀兵午后渡水，黄昏时分，必来攻汝。汝诈败而走，蜀兵必追。汝等皆以弓弩射之。吾水陆并进。若蜀兵大至，只看我指挥击之。”各处下令已毕，又令二子──司马师、司马昭，──引兵救应前营。懿自引一军救北原。 || Chapter 102, P102-028: 却说司马懿见了郑文之书，便欲引二子提大兵来劫蜀寨。长子司马师谏曰：「父亲何故据片纸而亲入重地？倘有疏虞，如之奈何？不如令别将先去，父亲为后应，可也。」懿从之，遂令秦朗引一万兵，去劫蜀寨，懿自引兵接应。是夜初更，风清月朗﹔将及二更时分，忽然阴云四合，黑气漫空，对面不见。懿大喜曰：「天使我成功也！」",same_body_paragraph
司马懿,夏侯霸,11,5,102;103;104;106;107,"Chapter 102, P102-011: 司马懿顿首受诏，即日到长安，聚集各处军马共四十万，皆来渭滨下寨﹔又拨五万军，于渭水上搭起九座浮桥，令先锋夏侯霸、夏侯威过渭水安营﹔又于大营之后东原，筑起一城，以防不虞。 || Chapter 102, P102-014: 早有巡哨军飞报司马懿。懿唤诸将议曰：「孔明如此设施，其中必有计：彼以取北原为名，顺水来烧浮桥，乱吾后，却攻吾前也。」即传令与夏侯霸、夏侯威曰：「若听得北原发喊，便提兵于渭水南山之中，待蜀兵至击之。」又令张虎、乐（左糸右林），引二千弓弩手伏于渭水浮桥北岸：「若蜀兵乘木筏顺水而来，可一齐射之，休令近桥。」又传令郭淮、孙礼曰：「孔明来北原暗渡渭水，汝新立之营，人马不多，可尽伏于半路。若蜀兵午后渡水，黄昏时分，必来攻汝。汝诈败而走，蜀兵必追。汝等皆以弓弩射之。吾水陆并进。若蜀兵大至，只看我指挥击之。”各处下令已毕，又令二子──司马师、司马昭，──引兵救应前营。懿自引一军救北原。 || Chapter 103, P103-037: 却说司马懿在营中坚守，忽一夜仰观天文，大喜，谓夏侯霸曰：「吾见将星失位，孔明必然有病，不久便死。你可引一千军去五丈原哨探。若蜀人攘乱不出接战，孔明必然患病矣。吾当乘势击之。」霸引兵而去。",same_body_paragraph
吕布,夏侯惇,11,7,6;11;12;16;17;18;19,"Chapter 6, P006-010: 且说董卓行至荥阳地方，太守徐荣出接。李儒曰：「丞相新弃洛阳，防有追兵。可教徐荣伏军荥阳城外山坞之旁：若有兵追来，可竟放过；待我这里杀败，然后截住掩杀。令后来者不敢复追。」卓从其计，又令吕布引精兵遏后。布正行间，曹操一军赶上。吕布大笑曰：「不出李儒所料也」！将军马摆开。曹操出马，大叫：「逆贼！劫迁天子，流徙百姓，将欲何往？」吕布骂曰：「背主懦夫，何得妄言！」夏侯惇挺鎗跃马，直取吕布。战不数合，李傕引一军，从左边杀来，操急令夏侯渊迎敌。右边喊声又起，郭汜引军杀到，操急令曹仁迎敌。三路军马，势不可当。夏侯惇抵敌吕布不住，飞马回阵。布引铁骑掩杀，操军大败，回望荥阳而走。走至一荒山脚下，时约二更，月明如昼。方才聚集残兵。 || Chapter 11, P011-028: 操指吕布而言曰：「吾与汝自来无雠，何得夺吾州郡？」布曰：「汉家城池，诸人有分，偏尔合得？」便叫臧霸出马搦战。曹军内乐进出迎。两马相交，双鎗齐举。战到三十余合，胜负不分。夏侯惇拍马便出助战，吕布阵上，张辽截住厮杀。恼得吕布性起，挺戟骤马，冲出阵来，夏侯惇、乐进皆走。吕布掩杀，曹军大败，退三四十里。布自收军。 || Chapter 12, P012-001: 曹操正慌走间，正南上一彪军到，乃夏侯惇引军来救援，截住吕布大战。斗到黄昏时分，大雨如注，各自引军分散。操回寨，重赏典韦，加为领军都尉。",same_body_paragraph
吕布,陈登,11,4,12;16;17;19,"Chapter 12, P012-010: 却说陶谦在徐州，时年已六十三岁，忽然染病，看看沈重，请糜竺、陈登议事。竺曰：「曹兵之去，止为吕布袭兖州故也。今因岁荒罢兵，来春又必至矣。府君两番欲让位于刘玄德，时府君尚强健，故玄德不肯受；今病已沈重，正可就此面与之，玄德必不辞矣。」 || Chapter 16, P016-019: 时陈元龙之父陈珪，养老在家，闻鼓乐之声，遂问左右。左右告以故。珪曰：「此乃『疏不间亲之计』也。玄德危矣。」遂扶病来见吕布。布曰：「大人何来？」珪曰：「闻将军死，故特来吊丧。」布惊曰：「何出此言？」 || Chapter 16, P016-041: 不说曹操还兵许都。且说王则赍诏至徐州，布迎接入府，开读诏书，─封布为平东将军，特赐印绶。─又出操私书。王则在吕布面前，极道曹公相敬之意。布大喜。忽报袁术遣人至，布唤入问之。使言：「袁公早晚即皇帝位，立东宫，催取皇妃早到淮南。」布大怒曰：「反贼焉敢如此！」遂杀来使，将韩胤用枷钉了，遣陈登赍谢表，解韩胤一同王则上许都来谢恩；且答书于操，欲求实授徐州牧。",same_body_paragraph
吴国太,孙权,11,5,43;44;54;55;61,"Chapter 43, P043-029: 且说孙权退入内宅，寝食不安，犹豫不决。吴国太见权如此，问曰：「何事在心，寝食俱废？」权曰：「今曹操屯兵于江汉，有下江南之意。问诸文武，或欲降者，或欲战者。欲待战来，恐寡不敌众；欲待降来，又恐曹操不容：因此犹豫不决。」吴国太曰：「汝何不记吾姐临终之语乎？」孙权如醉方醒，似梦初觉，想出这句话来。正是：追思国母临终语，引得周郎立战功。毕竟说著甚的，且看下文分解。 || Chapter 44, P044-001: 却说吴国太见孙权疑惑不决，乃谓之曰：「先姊遗言云：『伯符临终有言：内事不决问张昭，外事不决问周瑜。』今何不请公瑾问之？」权大喜，即遣使往鄱阳请周瑜议事。原来周瑜在鄱阳湖训练水师，闻曹操大军至汉上，便星夜回柴桑郡议军机事。使者未发，周瑜已先到。鲁肃与瑜最厚，先来接著，将前项事细述一番。周瑜曰：「子敬休忧，瑜自有主张。今可速请孔明来相见。」 || Chapter 54, P054-018: 少顷，孙权入后堂见母亲。国太搥胸大哭。权曰：「母亲何故烦恼？」国太曰：「你直如此将我看承得如无物！我姐姐临危之时，分付你甚么话来？」孙权失惊曰：「母亲有话明说，何苦如此？」国太曰：「男大须婚，女大须嫁，古今常理。我为你母亲，事当禀命于我。你招刘玄德为婿，如何瞒我？女儿须是我的！」",same_body_paragraph
姜维,郭淮,11,7,97;99;101;102;107;108;109,"Chapter 97, P097-024: 却说曹真因思前番被司马懿夺了功劳，因此到洛口分调郭淮、孙礼东西把守；又听得陈仓口告急，已令王双去救，闻知王双斩将立功，大喜，乃令中护军大'将费耀，权摄前不总督，诸将各自把守译口。忽报山谷中捉得细作来见。曹真令押入，跪于帐下。其人告曰：「小人不是奸细，乃有机密来见都督，误被伏路军捉来，乞退左右。」真乃去其缚，左右暂退。其人告曰：「某乃姜伯约心腹人也，蒙本官遣送密书。真曰：「书安在？」其人于贴肉衣内取出呈上，真拆视之，曰： || Chapter 99, P099-006: 郭淮、孙礼听毕，大慌。忽报背后喊杀连天，王平、姜维引兵从后杀来。兴、苞二将，又引兵从前面杀来。两面夹攻，魏兵大败。郭、孙二人弃马爬山而走。张苞望见，纵马赶来；不期连人带马，跌入涧内。后军急忙救起，头已跌破，孔明令人送回成都养病。 || Chapter 101, P101-014: 魏兵无不骇然。司马懿不知是人是鬼，又不知蜀兵多少，十分惊惧，急急引兵奔入上邽，闭门不出。此时孔明早令三万精兵将陇上小麦割尽，运赴卤城打晒去了。司马懿在上邽城中，三日不敢出城；后见蜀兵退去，方敢令军出哨。于路捉得一蜀兵，来见司马懿。懿问之。其人告曰：「某乃割麦之人，因走失马匹，被捉前来。」懿曰：「前者是何神兵？」答曰：「三路伏兵，皆不是孔明，乃姜维、马岱、魏延也。每一路只有一兵军护车，五百兵擂鼓。只是先来诱阵的车上乃孔明也。」懿仰天长叹曰：「孔明有神出鬼没之机！」忽报副都督郭淮入见。懿接入礼毕。淮曰：「吾闻蜀兵不多，现在卤城打麦，可以击之。」懿细言前事。淮笑曰：「只瞒过一时；今已识破，何足道哉！吾引一军攻其后，公引一军攻其前，卤城可破，孔明可擒矣。」懿从之，遂分兵两路而来。",same_body_paragraph
孙乾,袁绍,11,7,21;22;24;26;27;28;31,"Chapter 21, P021-019: 却说马腾见玄德已去，边报又急，亦回西凉州去了。玄德兵至徐州，刺史车胄出迎。公宴毕，孙干，糜竺，等都来参见。玄德回家探视老小，一面差人探听袁术。探子回报：「袁术奢侈太过，雷薄，陈兰，皆投嵩山去了。术声势甚衰，乃作书让帝号于袁绍，绍命人召术，术乃收拾人马，宫禁御用之物，先到徐州来。」 || Chapter 22, P022-003: 当下玄德想出此人，大喜，便同陈登亲至郑玄家中，求其作书。玄慨然依允，写书一封，付与玄德。玄德便差孙干星夜赍往袁绍处投递。绍览毕，自忖曰：「玄德攻灭吾弟，本不当相助；但重以郑尚书之命，不得不往救之。」遂聚文武官，商议兴兵伐曹操。 || Chapter 24, P024-009: 细作探知，报入徐州。孙干先往下邳报知关公，随至小沛报知玄德。玄德与孙干计议曰：「此必求救于袁绍，方可解危。」于是玄德修书一封，遣孙干至河北。干乃先见田丰，具言其事，求其引进。",same_body_paragraph
孙坚,董卓,11,5,5;6;8;15;120,"Chapter 5, P005-011: 读毕，歃血。众因其辞气慷慨，皆涕泗横流。歃血已罢，下坛。众扶绍升帐而坐，两行依爵位年齿分列坐定。操行酒数巡，言曰：「今日既立盟主，各听调遣，同扶国家，勿以强弱计较。」袁绍曰：「绍虽不才，既承公等推为盟主，有功必赏，有罪必罚。国有常刑，军有纪律；各宜遵守，勿得违犯。」众皆曰：「惟命是听。」绍曰：「吾弟袁术总督粮草，应付诸营，无使有缺。更须一人为先锋，直抵汜水关挑战。余各据险要，以为接应。」长沙太守孙坚出曰：「坚愿为前部。」绍曰：「文台勇烈，可当此任。」坚遂引本部人马杀奔汜水关来。守关将士，差流星马往洛阳丞相府告急。董卓自专大权之后，每日饮宴。李儒接得告急文书，迳来禀卓。卓大惊，急聚众将商议。温侯吕布挺身出曰：「父亲勿虑：关外诸侯，布视之如草芥。愿提虎狼之师，尽斩其首，悬于都门。」卓大喜曰：「吾有奉先，高枕无忧矣！」言未绝，吕布背后一人高声出曰：「『割鸡焉用牛刀？』不劳温侯亲往。吾斩众诸侯首级，如探囊取物耳。」卓视之，其人身长九尺，虎体狼腰，豹头猿臂：关西人也；姓华，名雄。卓闻言大喜，加为骁骑校尉，拨马步军五万，同李肃，胡轸，赵岑星夜赴关迎敌。众诸侯内有济北相鲍信，寻思孙坚既为前部，怕他夺了头功，暗拨其弟鲍忠，先将马步军三千，迳抄小路，直到关下搦战。华雄引铁骑五百，飞下关来，大喝：「贼将休走！」鲍忠急待退，被华雄手起刀落，斩于马下，生擒将校极多。华雄遣人将鲍忠首级来相府报捷，卓加雄为都督。 || Chapter 5, P005-013: 华雄副将胡轸引兵五千出关迎战。程普飞马挺矛，直取胡轸。斗不数合，程普刺中胡轸咽喉，死于马下。坚挥军直杀至关前，关上矢石如雨。孙坚引兵回至梁东屯住，使人于袁绍处报捷，就于袁术处催粮。或说术曰：「孙坚乃江东猛虎；若打破洛阳，杀了董卓，正是除狼而得虎也。今不与粮，彼军必散。」术听之，不发粮草。孙坚军缺食，军中自乱，细作报上关来。李肃为华雄谋曰：「今夜我引一军从小路下关，袭孙坚寨后，将军挥其前寨，坚可擒矣。」 || Chapter 6, P006-001: 却说张飞拍马赶到关下，关上矢石如雨，不得进而回。八路诸侯，同请玄德、关、张贺功，使人去袁绍寨中报捷。绍遂移檄孙坚，令其进兵。坚引程普，黄盖，至袁术寨中相见。坚以杖画地曰：「董卓与我，本无雠隙。今我奋不顾身，亲冒矢石，来决死战者：上为国家讨贼，下为将军家门之私；而将军却听谗言，不发粮草，致坚败绩，将军何安！」",same_body_paragraph
孟获,王平,11,4,87;88;89;90,"Chapter 87, P087-010: 却说蛮王孟获，听知孔明智破雍闿等，遂聚三洞元帅商议：第一洞乃金环三结元帅，第二洞乃董荼那元帅，第三洞乃阿会喃元帅。三洞元帅入见孟获，获曰：「今诸葛丞相领大军来侵我境界，不得不并力敌之。汝三人可分兵三路而进。如得胜者，便为洞主。」于是分金环三结取中路，董荼那取左路，阿会喃取右路：各引五万蛮兵，依令而行。却说孔明正在寨中议事，忽哨马飞报，忽哨马飞报，说三洞元帅分兵三路到来。孔明听毕，即唤赵云、魏延至，却都不分付；更唤王平、马忠至，嘱之曰：「今蛮兵三路而来，吾欲令子龙、文长去；此二人不识地理，未敢用之。王平可往左路迎敌，马忠可往右路迎敌。吾却使子龙、文长随后接应。今日整顿军马，来日平明进发。」二人听令而去。又唤张嶷、张翼分付曰：「汝二人同领一军，往中路迎敌。今日整点军马，来日与王平、马忠约会而进。吾欲令子龙、文长去取，二人不识地理，故未敢用之。」张嶷、张翼听令去了。 || Chapter 87, P087-013: 却说赵云引兵杀到阿会喃寨后之时，马忠已杀至寨前。两下夹攻，，蛮兵大败。阿会喃乘乱走脱，各自收军，回见孔明。孔明问曰：「三洞蛮兵，走了两洞之主，金环三结元帅首级安在？」赵云将首级献功。众皆言曰：「董荼那、阿会喃皆弃马越岭而去，因此赶他不上。」孔明大笑曰：「二人吾已擒下了。」赵、魏二人并诸将皆不信。少顷，张嶷解董荼那到，张翼解阿会喃到。众皆惊讶。孔明曰：「吾观吕凯图本，已知他各人下的寨子，故以言激子龙、文长之锐气，故教深入重地，先破金环三结，随即分兵左右寨后抄出，以王平、马忠应之。非子龙、文长不可当此任也。吾料董荼那、阿会喃必从便径往山路而走，故遣张嶷、张翼以伏兵待之，令关索以兵接应，擒此二人。」诸将皆拜伏曰：「丞相机算，神鬼莫测！」孔明令押过董荼那，阿会喃至帐下，尽去其缚，以酒食衣服赐之；令各自归洞，勿得助恶。二人泣拜，各投小路而去。孔明谓诸将曰：「来日孟获必然亲自引兵厮杀，便可就此擒之。」乃唤赵云，魏延至，付与计策，各引五千兵去了。又唤王平，关索，同引一军，授计而去。孔明分拨已毕，坐于帐上待之。却说蛮王孟获在帐中正坐，忽哨马报来，说三洞元帅，俱被孔明捉将去了；部下之兵，各自溃散。获大怒，遂起蛮兵迤逦进发，正遇王平军马。两阵对圆，王平出马横刀望之。只见门旗开处，数百南蛮骑将两势摆开。中间孟获出马：头顶嵌宝紫金冠，身披缨络红锦袍，腰系碾玉狮子带，脚穿鹰嘴抹绿靴，骑一匹卷毛赤兔马，悬两口松纹镶宝剑，昂然观望，回顾左右蛮将曰：「人每说诸葛亮善能用兵；今观此阵，旌旗杂乱，队伍交错；刀鎗器械，无一可能胜吾者。--始知前日之言谬也。早知如此，吾反多时矣。谁敢去擒蜀将，以振军威？」言末尽，一将应声而出，名唤忙牙长；使一口截头大刀，骑一匹黄骠马，来取王平。二将交锋，战不数合，王平便走。孟获驱兵大进，迤逦追赶。关索略战又走，约退二十余里。孟获正追杀之间，忽然喊声大起，左有张嶷，右有张翼，两路兵杀出，截断归路。王平，关索，复引兵杀回。前后夹攻，蛮兵大败。孟获引部将死战得脱，望锦带山而逃。背后三路兵追杀将来。获正奔走之间，前面喊声大起，一彪军拦住：为首大将乃常山赵子龙也。获见了大惊，慌忙奔锦带山小路而走。子龙冲杀一阵，蛮兵大败，生擒者无数。孟获止与数十骑奔入山谷之中，背后追兵至近，前面路狭，马不能行，乃弃了马匹，爬山越岭而逃。忽然山谷中一声鼓响，乃是魏延受孔明计策，引五百步军，伏于此处。孟获抵敌不住，被魏延生擒活捉了，从骑皆降。 || Chapter 88, P088-003: 却说孔明提兵大进，前军已至泸水，哨马飞报说：「泸水之内，并无船筏；又兼水势甚急，隔岸一带筑起土城，皆有蛮兵守把。」时值五月，天气炎热，南方之地，分外炎酷，军马衣甲，皆穿不得。孔明自至泸水边观毕，回到本寨，聚将至帐中，传令曰：「今孟获兵屯泸水之南，深沟高垒，以拒我兵；吾既提兵至此，如何空回？汝等各各引兵，依山傍树，拣林木茂盛之处，与我将息人马。」乃遣吕凯离泸水百里，拣阴凉之地，分作两个寨子；使王平、张嶷、张翼、关索各守一寨，内外皆搭草棚，遮盖马匹，将士乘凉，以避暑气。参军蒋琬看了，入问孔明曰：「某看吕凯所造之寨甚不好，正犯昔日先帝败于东吴时之地势矣。倘蛮兵偷渡泸水，前来劫寨，若用火攻，如何解救？」孔明笑曰：「公勿多疑，吾自有妙算。」蒋琬等皆不晓其意。",same_body_paragraph
庞统,黄忠,11,4,60;62;63;65,"Chapter 60, P060-023: 正商议间，一人自外突入，汗流满面，大叫曰：「主公若听张松之言，则四十一州郡，已属他人矣！」松大惊；视其人，乃西阆中巴人，姓黄，名权，字公衡，现为刘璋府下主簿。璋问曰：「玄德与我同宗，吾故结之为援；汝何出此言？」权曰：「某素知刘备宽以待人，柔能克刚，英雄莫敌。远得人心，近得民望。兼有诸葛亮，庞统之智谋，关，张，赵云，黄忠，魏延为羽翼。若召到蜀中，以部曲待之，刘备岂肯伏低做小？若以客礼待之，又一国不容二主。今听臣言，则西蜀有泰山之安；不听臣言，则主公有累卵之危矣。张松昨从荆州过，必与刘备同谋。可先斩张松，后绝刘备，则西川万幸也。」璋曰：「曹操，张鲁到来，何以拒之？」权曰：「不如闭境绝塞，棎沟高垒，以待时清。」璋曰：「贼兵犯界，有燃眉之急；若待时清，则是慢计也。」遂不从其言，遣法正行。又一人阻曰：「不可！不可！」 || Chapter 60, P060-028: 于是遂请孔明同议，起兵西行。孔明曰：「荆州重地，必须分兵守之。」玄德曰：「吾与庞士元，黄忠，魏延，前往西川；军师可与关云长，张翼德，赵子龙，守荆州。」孔明应允。于是孔明总守荆州；关公拒襄阳要路，当青泥隘口；张飞领四郡巡江；赵云屯江陵，镇公安。玄德令黄忠为前部，魏延为后军。玄德自与刘封关平在中军，庞统为军师，马步五万，起程西行。 || Chapter 62, P062-009: 正说间，忽起一阵旋风，把马前帅字旗吹倒。玄德问庞统曰：「此何兆也？」统曰：「此惊报也。杨怀，高沛二人，必有行刺之意，宜善防之。」玄德乃身披重铠，自佩宝剑防备。人报杨高二将军送行来。玄德令军马歇定。庞统吩咐魏延黄忠：「但关上来的军士，不问多少马步军兵，一个也休放回。」二将得令而去。",same_body_paragraph
张辽,张飞,11,8,16;18;19;24;25;42;50;85,"Chapter 16, P016-025: 布听之，不从所请，攻城愈急。玄德与麋竺、孙干商议。孙干曰：「曹操所恨者，吕布也。不若弃城走许都，投奔曹操，借军破布，此为上策。」玄德曰：「谁可当先破围而出？」飞曰：「小弟情愿死战。」玄德令飞在前；云长在后；自居其中，保护老少。当夜三更，乘著月明出北门而走，正遇宋宪、魏续，被翼德一阵杀退，得出重围。后面张辽赶来，关公敌住。吕布见玄德去了，也不来赶，随即入城安民，令高顺守小沛，自己仍回徐州去了。 || Chapter 18, P018-021: 辽引兵退至东门，张飞便出迎战。早有人报知关公。关公急来东门看时，只见张飞方出城，张辽军已退。飞欲追赶，关公急召入城。飞曰：「彼惧而退，何不追之？」关公曰：「此人武艺不在你我之下。因我以正言感之，颇有自悔之心，故不与我等战耳。」飞乃悟，只令士卒坚守城门，更不出战。 || Chapter 19, P019-001: 却说高顺引张辽击关公寨，吕布自击张飞寨，关、张各出迎战，玄德引兵两路接应。吕布分军从背后杀来，关，张两军皆溃，玄德引数十骑奔回沛城。吕布赶来，玄德急唤城上军士放下吊桥。吕布随后也到。城上欲待放箭，又恐射了玄德。被吕布乘势杀入城门，把门将士，抵敌不住，都四散奔避。吕布招军入城。玄德见势已急，到家不及，只得弃了妻小，穿城而过，走出西门，匹马逃难。",same_body_paragraph
张郃,袁绍,11,4,22;30;31;41,"Chapter 22, P022-020: 孔融闻之，来见操曰：「袁绍势大，不可与战，只可与和。」荀彧曰：「袁绍无用之人，何必议和？」融曰：「袁绍土广民强。其部下如许攸，郭图，审配，逢纪，皆智谋之士；田丰，沮授，皆忠臣也；颜良，文丑，勇冠三军；其余高览，张郃，淳于琼，等俱世之名将，──何谓绍为无用之人乎？」彧笑曰：「绍兵多而不整；田丰刚而犯上，许攸贪而不智，审配专而无谋，逢纪果而无用，此四人者，势不相容，必生内变。颜良，文丑，匹夫之勇，一战可擒。其余碌碌等辈，纵有百万，何足道哉！」 || Chapter 30, P030-004: 三通鼓罢，袁绍金盔金甲，锦袍玉带，立马阵前。左右排列著张郃、高览、韩猛、淳于琼等诸将。旌旗节钺，甚是严整。曹阵上门旗开处，曹操出马。许褚、张辽、徐晃、李典等，各持兵器，前后拥卫。曹操以鞭指袁绍曰：「吾于天子之前，保奏你为大将军；今何故谋反？」绍怒曰：「汝托名汉相，实为汉贼！罪恶弥天，甚于莽、卓，乃反诬人造反耶！」操曰：「吾今奉诏讨汝！」绍曰：「吾奉衣带诏讨贼！」 || Chapter 30, P030-005: 操怒，使张辽出战。张郃跃马来迎。二将斗了四五十合，不分胜负。曹操见了，暗暗称奇。许褚挥刀纵马，直出助战。高览挺枪接住。四员将捉对儿厮杀。曹操令夏侯惇、曹洪，各引三千军，齐冲彼阵。审配见曹军来冲阵，便令放起号砲。两下万弩并发，中车内弓箭手一齐拥出阵前乱射。曹军如何抵敌，望南急走。袁绍驱兵掩杀，曹军大败，尽退至官渡。袁绍移军逼近官渡下寨。审配曰：「今可拨兵十万守官渡，就曹操寨前筑起土山，令军人下视寨中放箭。操若弃此而去，吾得此隘口，许昌可破矣。」",same_body_paragraph
张郃,赵云,11,6,31;41;50;70;71;95,"Chapter 31, P031-021: 玄德正慌，方欲自战，高览后军忽然自乱，一将冲阵而来，枪起处，高览翻身落马。视之，乃赵云也。玄德大喜。云纵马挺枪，杀散后队，又来前军独战张郃。郃与云战三十余合，拨马败走。云乘势冲杀，却被郃兵守住山隘，路窄不得出。 || Chapter 41, P041-042: 张郃见了，大惊而退。赵云纵马正走，背后忽有二将大叫：「赵云休走！」前面又有二将，使两般军器，截住去路：后面赶的是马延、张𫖮，前面阻的是焦触、张南，都是袁绍手下降将。赵云力战四将，曹军一齐拥至。云乃拔青釭剑乱砍。手起处，衣甲透过，血如涌泉。杀退众军将，直透重围。 || Chapter 50, P050-008: 说犹未了，两边鼓声震响，火光冲天而起，惊得曹操几乎坠马。刺斜里一彪军杀出，大叫：「我赵子龙奉军师将令，在此等候多时了！」操教徐晃，张郃双敌赵云，自己冒烟突火而去。子龙不来追赶，只顾抢夺旗帜，曹操得脱。",same_body_paragraph
徐晃,赵云,11,3,50;71;72,"Chapter 50, P050-008: 说犹未了，两边鼓声震响，火光冲天而起，惊得曹操几乎坠马。刺斜里一彪军杀出，大叫：「我赵子龙奉军师将令，在此等候多时了！」操教徐晃，张郃双敌赵云，自己冒烟突火而去。子龙不来追赶，只顾抢夺旗帜，曹操得脱。 || Chapter 71, P071-022: 翼连声应诺。云挺鎗骤马直杀往前去。迎头一将拦住，乃文聘部将慕容烈也，拍马舞刀来迎赵云；被云手起一鎗刺死。曹兵败走。云直杀入重围，又一枝兵截住；为首乃魏将焦柄。云喝问曰：「蜀兵何在﹖」炳曰：「已杀尽矣！」云大怒，骤马一枪又刺死焦柄。杀散余兵，直至北山之下，见张郃，徐晃，两人围住黄忠，军士被困多时。云大喊一声，挺枪骤马，杀入重围；左冲右突，如入无人之境；那鎗浑身上下，若舞梨花；遍体纷纷，如飘瑞雪。 || Chapter 71, P071-023: 张郃，徐晃，心惊胆战，不敢迎战。云救出黄忠，且战且走；所到之处，无人敢阻。操于高处望见，惊问众将曰：「此何人也﹖」有识者告曰：「此乃常山赵子龙也。」操曰：「昔日当阳，长阪，英雄尚在！」急传命曰：「所到之处，不许轻敌。」",same_body_paragraph
曹丕,贾诩,11,7,68;78;79;80;82;85;86,"Chapter 68, P068-017: 于是黜丁夫人而立卞氏为魏王妃。第三子曹植，字子建，极聪明，举笔成章，操欲立之为后嗣。长子曹丕，恐不得立，乃问计于中大夫贾诩。诩教如此如此。自是但凡操出征，诸子送行，曹植乃称述功德，发言成章；惟曹丕辞父，只是流涕而拜，左右皆感伤。于是操疑植乖巧，诚心不及丕也。丕又使人买嘱近侍，皆言丕之德。操欲立后嗣，踌躇不定，乃问贾诩曰：「孤欲立后嗣，当立谁﹖」贾诩不答，操问其故。诩曰：「正有所思，故不能即答耳。」操曰：「何有思﹖」诩对曰：「思袁本初，刘景升父子也。」 || Chapter 78, P078-018: 次日，觉气冲上焦，目不见物，急召夏侯惇商议。惇至殿门前，忽见伏皇后、董贵人、二皇子、伏完、董承等，立在阴云之中。惇大惊昏倒，左右扶出，自此得病。操召曹洪、陈群、贾诩、司马懿等，同至卧榻前，嘱以后事。曹洪等顿首曰：「大王善保玉体，不日定当霍然。」操曰：「孤纵横天下三十余年，群雄皆灭，止有江东孙权，西蜀刘备，未曾剿除。孤今病危，不能再与卿等相叙，特以家事相托：孤长子曹昂，刘氏所生，不幸早年殁于宛城。今卞氏生四子：丕、彰、植、熊。孤平生所爱第三子植，为人虚华少诚实，嗜酒放纵，因此不立；次子曹彰，勇而无谋；四子曹熊，多病难保；惟长子曹丕，笃厚恭谨，可继我业。卿等宜辅佐之。」 || Chapter 79, P079-002: 于是曹丕安居王位，改建安二十五年为延康元年。封贾诩为太尉，华歆为相国，王朗为御史大夫。大小官僚，尽皆升赏。谥曹操曰武王，葬于邺郡高陵。令于禁董治陵事。禁奉命到彼，只见陵屋中白粉壁上，图画关云长水渰七军擒获于禁之事：画云长俨然上坐，庞德愤怒不屈，于禁拜伏于地，哀求乞命之状。原来曹丕以于禁兵败被擒，不能死节，既降敌而复归，心鄙其为人，故先令人图画陵屋粉壁，故意使之往见以愧之。当下于禁见此画像，又羞又恼，气愤成病，不久而死。后人有诗叹曰：",same_body_paragraph
曹操,陈登,11,7,11;16;17;19;21;22;24,"Chapter 11, P011-013: 却说糜竺回报陶谦，言北海又请得刘玄德来助；陈元龙也回报青州田楷欣然领兵来救；陶谦心安。原来孔融、田楷两路军马，惧怕曹兵势猛，远远依山下寨，未敢轻进。曹操见两路军到，亦分了军势，不敢向前攻城。 || Chapter 16, P016-041: 不说曹操还兵许都。且说王则赍诏至徐州，布迎接入府，开读诏书，─封布为平东将军，特赐印绶。─又出操私书。王则在吕布面前，极道曹公相敬之意。布大喜。忽报袁术遣人至，布唤入问之。使言：「袁公早晚即皇帝位，立东宫，催取皇妃早到淮南。」布大怒曰：「反贼焉敢如此！」遂杀来使，将韩胤用枷钉了，遣陈登赍谢表，解韩胤一同王则上许都来谢恩；且答书于操，欲求实授徐州牧。 || Chapter 17, P017-004: 布听其言，即命擒下陈珪、陈登。陈登大笑曰：「何如是之懦也？吾观七路之兵，如七堆腐草，何足介意！」布曰：「汝若有计破敌，免汝死罪。」陈登曰：「将军若用愚夫之言，徐州可保无虞。」布曰：「试言之。」登曰：「术兵虽众，皆乌合之师，素不亲信；我以正兵守之，出奇兵胜之，无不成功。更有一计，不止保安徐州，并可生擒袁术。」布曰：「计将安出？」登曰：「韩暹、杨奉乃汉旧臣，因惧曹操而走，无家可依，暂归袁术；术必轻之，彼亦不乐为术用。若凭尺书结为内应，更连刘备为外合，必擒袁术矣。」布曰：「汝须亲到韩暹、杨奉处下书。」陈登允诺。",same_body_paragraph
曹洪,马超,11,3,58;59;69,"Chapter 58, P058-014: 却说曹洪，徐晃到潼关，替钟繇坚守关隘，并不出战。马超领军来关下，把曹操三代辱骂。曹洪大怒，要提兵下关厮杀。徐晃谏曰：「此是马超要激将军厮杀，切不可与战。待丞相大军来，必有主画。」马超军日夜轮流来骂，曹洪只要厮杀，徐晃苦苦挡住。至第九日，在关上看时，西凉军都弃马在于关前草地上坐；多半困乏，就于地上睡卧。曹洪便教备马，点起三千兵杀下关来。西凉兵弃马抛戈而走，洪迤逦追赶。 || Chapter 58, P058-015: 时徐晃正在关上点视粮草，闻曹洪下关厮杀，大惊，急引兵随后赶来，大叫曹洪回马；忽然背后喊声大震，马岱引军杀至。曹洪，徐晃急回走时，一棒鼓响，山背后两军截出：左是马超，右是庞德，混杀一阵。曹洪抵挡不住，折军大半，撞出重围，奔到关上。西凉兵随后赶来，洪等弃关而走。庞德直追过潼关，撞见曹仁军马，救了曹洪等一军。马超接应庞德上关。 || Chapter 58, P058-017: 操大怒，喝斩曹洪，众官告免，曹洪服罪而退。操进兵直抵潼关。曹仁曰：「可先下定寨栅，然后打关未迟。」操令砍伐树木，起立排栅，分作三寨：左寨曹仁，右寨夏侯渊，操自居中寨。次日，操引三寨大小将校，杀奔关隘前去，正遇西凉军马。两边各布阵势。操出马于门旗下，看西凉之兵，人人勇健，个个英雄。又见马超生得面如傅粉，辱若抹朱；腰细膀宽，声雄力猛；白袍银铠，手执长鎗，立马阵前；上首庞德，下首马岱。操暗暗称奇，自纵马谓超曰：「汝乃汉朝名将子孙，何故背反耶？」超咬牙切齿，大骂：「操贼欺君罔上，罪不容诛！害我父弟，不共戴天之雠！吾当活捉生啖汝肉！」",same_body_paragraph
田丰,袁绍,11,7,7;22;24;25;27;30;31,"Chapter 7, P007-013: 却说袁绍先使探马看时，回报曲义斩将搴旗，追赶败兵；因此不作准备，与田丰引著帐下持戟军士数百人，弓箭手数十骑，乘马出观，呵呵大笑曰：「公孙瓒无能之辈！」 || Chapter 7, P007-014: 正说之间，忽见赵云冲到面前。弓箭手急待射时，云连刺数人，众军皆走。后面瓒军团团围裹上来。田丰慌对绍曰：「主公且于空墙中躲避！」绍以兜鍪扑地，大呼曰：「大丈夫愿临阵斗死，岂可入墙而望活乎！」众军士齐心死战，赵云冲突不入，绍兵大队掩至，颜良亦引军来到，两路并杀。赵云保公孙瓒杀透重围，回到界桥。绍驱兵大进，复赶过桥，落水死者，不计其数。袁绍当先赶来，不到五里，只听得山背后喊声大起，闪出一彪人马，为首三员大将，乃是刘玄德，关云长，张翼德。因在平原探知公孙瓒与袁绍相争，特来助战。当下三匹马，三般兵器，飞奔前来，直取袁绍。绍惊得魂飞天外，手中宝刀坠于马下，忙拨马而逃，众人死救过桥。公孙瓒亦收军归寨。玄德、关、张动问毕，瓒曰：「若非玄德远来救我，几乎狼狈。」教与赵云相见。玄德甚相敬爱，便有不舍之心。 || Chapter 22, P022-020: 孔融闻之，来见操曰：「袁绍势大，不可与战，只可与和。」荀彧曰：「袁绍无用之人，何必议和？」融曰：「袁绍土广民强。其部下如许攸，郭图，审配，逢纪，皆智谋之士；田丰，沮授，皆忠臣也；颜良，文丑，勇冠三军；其余高览，张郃，淳于琼，等俱世之名将，──何谓绍为无用之人乎？」彧笑曰：「绍兵多而不整；田丰刚而犯上，许攸贪而不智，审配专而无谋，逢纪果而无用，此四人者，势不相容，必生内变。颜良，文丑，匹夫之勇，一战可擒。其余碌碌等辈，纵有百万，何足道哉！」",same_body_paragraph
阚泽,黄盖,11,3,46;47;49,"Chapter 46, P046-030: 且说黄盖卧于帐中，众将皆来动问。盖不言语，但长吁而已。忽报参谋阚泽来问。盖令请入卧内，叱退左右。阚泽曰：「将军莫非与都督有雠？」盖曰：「非也。」泽曰：「然则公之受责，莫非苦肉计乎？」盖曰：「何以知之？」泽曰：「某观公瑾举动，已料著八九分。」盖曰：「某受吴侯三世厚恩，无以为报，故献此计，以破曹操。吾虽受苦，亦无所恨。吾遍观军中，无一人可为心腹者。惟公素有忠义之心，敢以心腹相告。」泽曰：「公之告我，无非要我献诈降书耳。」盖曰：「实有此意。未知肯否？」阚泽欣然领诺。正是：勇将轻身思报主，谋臣为国有同心。未知阚泽所言若何，且看下文分解。 || Chapter 47, P047-002: 泽领了书，只就当夜扮作渔翁，驾小舟，望北岸而行。是夜寒星满天，三更时候，早到曹军水寨。巡江军士拏住，连夜报知曹操。操曰：「莫非是奸细么？」军士曰：「只一渔翁，自称是东吴参谋阚泽，有机密事来见。」操便教引将入来。军士引阚泽至，只见帐上灯烛辉煌，曹操凭几危坐，问曰：「汝既是东吴参谋，来此何干？」泽曰：「人言曹丞相求贤若渴，今观此问，甚不相合。──黄公覆，汝又错寻思了也！」 || Chapter 47, P047-003: 操曰：「吾与东吴旦夕交兵，汝私行到此，如何不问？」泽曰：「黄公覆乃东吴三世旧臣，今被周瑜于众将之前，无端毒打，不胜忿恨。因欲投降丞相，为报仇之计，特谋之于我。我与公覆，情同骨肉，迳来为献密书。未知丞相肯容纳否？」操曰：「书在何处？」阚泽取书呈上。操拆书，就灯下观看。书略曰：「盖受孙氏厚恩，本不当怀二心。然以今日事势论之：用江东六邵之卒，当中国百万之师，众寡不敌，海内所共见也。东吴将吏，无论智愚，皆知其不可。周瑜小子，偏怀浅戆，自负其能，辄欲以卵敌石；兼之擅作威福，无罪受刑，有功不赏。盖系旧臣，无端为所摧辱，心实恨之！伏闻丞相，诚心待物，虚怀纳士，盖愿率众归降，以图建功雪耻。粮草车仗，随船献纳。泣血拜白，万勿见疑。」",same_body_paragraph
刘备,徐晃,10,4,19;71;72;79,"Chapter 19, P019-028: 次夜二更时分，吕布将女以绵缠身，用甲包里，负于背上，提戟上马。放开城门，布当先出城，张辽，高顺跟著。将次到玄德寨前，一声鼓响，关，张二人拦住去路，大叫：「休走！」布无心恋战，只顾夺路而行。玄德自引一军杀来，两军混战。吕布虽勇，终是缚一女在身上，只恐有伤，不敢冲突重围。后面徐晃、许褚皆杀来，众军皆大叫曰：「不要走了吕布！」 || Chapter 19, P019-029: 布见军来太急，只得仍退入城。玄德收军，徐晃等各归寨，端的不曾走透一个。吕布回到城中，心中忧闷，只是饮酒。 || Chapter 71, P071-027: 操正奔走间，忽刘封，孟达，率二枝兵，从米仓山路杀来，放火烧粮草。操弃了北山粮草，忙回南郑。徐晃，张郃，扎脚不住，亦弃本寨而走。赵云占了曹寨，黄忠了粮草，汉水所得军器无数，大获胜捷，差人去报玄德。玄德遂同孔明前至汉水，问赵云的部卒曰：「子龙如何厮杀﹖」军士将子龙救黄忠拒汉水之事，细述一遍。玄德大喜，看了山前山后险峻之路，欣然谓孔明曰：「子龙一身都是胆也！」后人有诗赞曰：昔日战长阪，威风犹未减。突阵显英雄，被围施勇敢。鬼哭与神号，天惊并地惨。常山赵子龙，一身都是胆！",same_body_paragraph
刘表,孙坚,10,3,6;7;120,"Chapter 6, P006-016: 谁想数中一军，是袁绍乡人，欲假此为进身之计，连夜偷出营寨，来报袁绍。绍与之赏赐，暗留军中。次日，孙坚来辞袁绍曰：「坚抱小疾，欲归长沙，特来别公。」绍笑曰：「吾知公疾乃害传国玺耳。」坚失色曰：「此言何来？」绍曰：「今兴民讨贼，为国除害。玉玺乃朝廷之宝，公既获得，当对众留盟主处，候诛了董卓，复归朝廷。今匿之而去，意欲何为？」坚曰：「玉玺何由在吾处？」绍曰：「建章殿井中之物何在？」坚曰：「吾本无之，何强相逼？」绍曰：「作速取出，免自生祸。」坚指天为誓曰：「吾若果得此宝，私自藏匿，异日不得善终，死于刀箭之下！」众诸侯曰：「文台如此说誓，想必无之。」绍唤军士出曰：「打捞之时，有此人否？」坚大怒，拔所佩之剑，要斩那军士。绍亦拔剑曰：「汝斩军士，乃欺我也。」绍背后颜良、文丑皆拔剑出鞘。坚背后程普，黄盖，韩当，亦掣刀在手。众诸侯一齐劝住。坚随即上马，拔寨离洛阳而去。绍大怒，遂写书一封，差心腹人连夜往荆州，送与刺史刘表，教就路上截住夺之。 || Chapter 6, P006-019: 却说荆州刺史刘表，字景升，山阳高平人也：乃汉室宗亲；幼好结纳，与名士七人为友，时号「江夏八俊」。那七人：一一汝南陈翔，字仲麟；同郡范滂，字孟博；鲁国孔昱，字世元；渤海范康，字仲真；山阳檀敷，字文友；同郡张俭，字元节；南阳岑晊，字公孝。刘表与此七人为友；有延平人蒯良、蒯越，襄阳人蔡瑁为辅。当时看了袁绍书，随令蒯越、蔡瑁引兵一万来截孙坚。 || Chapter 6, P006-020: 坚军方到，蒯越将阵摆开，当先出马。孙坚问曰：「蒯英度何故引兵截吾去路？」越曰：「汝既为汉臣，如何私匿传国之宝？可速留下，放汝归去！」坚大怒，命黄盖出战。蔡瑁舞刀来迎。斗到数合，黄盖挥鞭打瑁，正中护心镜。瑁拨回马走，孙坚乘势杀过界口。山背后金鼓齐鸣，乃刘表亲自引军来到。孙坚就马上施礼曰：「景升何故信袁绍之书，相逼邻郡！」表曰：「汝匿传国玺，将欲反耶？」坚曰：「吾若有此物，死于刀箭之下！」表曰：「汝若要我听信，将随军行李，任我搜看。」坚怒曰：「汝有何力，敢小觑我！」方欲交兵，刘表便退。坚纵马赶去，两山后伏兵齐起，背后蒯越、蔡瑁赶来，将孙坚困在垓心。正是：玉玺得来无用处，反因此宝动刀兵。毕竟孙坚怎地脱身，且听下文分解。",same_body_paragraph
刘表,孙策,10,9,7;8;15;16;17;18;21;28;120,"Chapter 7, P007-027: 吕公截住三十骑，并皆杀尽，于起连珠号砲。城中黄祖，蒯越，蔡瑁，分头引兵杀出，江东诸军大乱。黄盖听得喊声震天，引水军杀来，正迎著黄祖。战不两合，生擒黄祖。程普保著孙策，急待寻路，正遇吕公。程普纵马向前，战不到数合，一矛刺吕公于马下。两军大战，杀到天明，各自收军。刘表军自入城。孙策回到汉水，方知父亲被乱箭射死，尸首已被刘表军士扛抬入城去了，放声大哭。众军俱号泣。策曰：「父尸在彼，安得回乡！」黄盖曰：「今活捉黄祖在此，得一人入城讲和，将黄祖去换主公尸首。」 || Chapter 8, P008-002: 刘表换回黄祖，孙策迎接灵柩，罢战回江东，葬父于曲阿之原。丧事已毕，引军居江都，招贤纳士，屈己待人，四方豪杰，渐渐投之不在话下。 || Chapter 15, P015-025: 当日刘繇兵大败，人马大半降策。策斩首万余。刘繇与笮融走豫章投刘表去了。孙策还兵复攻秣陵，亲到城壕边，招谕薛礼投降。城上暗放一冷箭，正中孙策左腿，翻身落马。众将急救起，还营拔箭，以金疮药傅之。策令军中诈称主将中箭身死。军中举哀，拔寨齐起。",same_body_paragraph
吕布,李肃,10,3,3;5;9,"Chapter 3, P003-020: 卓大喜，观其人，乃虎贲中郎李肃也。卓曰：「汝将何以说之？」肃曰：「某闻主公有名马一匹，号曰『赤兔』，日行千里。须得此马，再用金珠，以利结其心。某更进说词，吕布必反丁原，来投主公矣。」卓问李儒曰：「此言可乎？」儒曰：「主公欲取天下，何惜一马？」卓欣然与之，更与黄金一千两、明珠数十颗、玉带一条。 || Chapter 3, P003-021: 李肃赍了礼物，投吕布寨来。伏路军人围住。肃曰：「可速报吕将军，有故人来见。」军人报知，布命入见。肃见布曰：「贤弟别来无恙！」布揖曰：「久不相见，今居何处？」肃曰：「见任虎贲中郎将之职。闻贤弟匡扶社稷，不胜之喜。有良马一匹，日行千里，渡水登山，如履平地，名曰『赤兔』：特献与贤弟，以助虎威。」布便令牵过来看。果然那马浑身上下，火炭般赤，无半根杂毛；从头至尾，长一丈；从蹄至项，高八尺；嘶喊咆哮，有腾空入海之状。后人有诗单道赤兔马曰：奔腾千里荡尘埃，渡水登山紫雾开。掣断丝缰摇玉辔，火龙飞下九天来。 || Chapter 3, P003-025: 次日，布持丁原首级，往见李肃。肃遂引布见卓。卓大喜，置酒相待。卓先下拜曰：「卓今得将军，如旱苗之得甘雨也。」布纳卓坐而拜之曰：「公若不弃，布请拜为义父。」卓以金甲锦袍赐布，畅饮而散。卓自是威势越大，自领前将军事，封弟董旻为左将军鄠侯，封吕布为骑都尉中郎将都亭侯。李儒劝卓早定废立之计。卓乃于省中设宴，会集公卿，令吕布将甲士千余，侍卫左右。",same_body_paragraph
吕布,王允,10,3,3;8;9,"Chapter 3, P003-017: 时李儒见丁原背后一人，生得器字轩昂，威风凛凛，手执方天画戟，怒目而视。李儒急进曰：「今日饮宴之处，不可谈国政；来日向都堂公论未迟。」众人皆劝丁原上马而去。卓问百官曰：「吾所言，合公道否？」卢植曰：「明公差矣：昔太甲不明，伊尹放之于桐宫。昌邑王登位方二十七日，造恶三千余条，故霍光告太庙而废之。今上虽幼，聪明仁智，并无分毫过失。公乃外郡刺史，素未参与国政，又无伊、霍之大才，何可强主废立之事？圣人云『有伊尹之志则可，无伊尹之志则篡也。』」卓大怒，拔剑向前欲杀植。议郎彭伯谏曰：「卢尚书海内人望，今先害之，恐天下震怖。」卓乃止。司徒王允曰：「废立之事，不可酒后相商，另日再议。」于是百官皆散。卓按剑立于园门，忽见一人跃马持戟，于园门外往来驰骤。卓问李儒：「此何人也？」儒曰：「此丁原义兄：姓吕，名布，字奉先者也。主公且须避之。」卓乃入园潜避。 || Chapter 8, P008-008: 允拜谢。次日，便将家藏明珠数颗，令良匠嵌造金冠一顶，使人密送吕布。布大喜，亲到王允宅致谢。允顶备嘉殽美馔；候吕布至，允出门迎迓，接入后堂，延之上坐。布曰：「吕布乃相府一将，司徒是朝廷大臣，何故错敬？」允曰：「方今天下别无英雄，惟有将军耳。允非敬将军之职，敬将军之才也。」布大喜。允慇懃敬酒，口称董太师并布之德不绝。布大笑畅饮。允叱退左右，只留待妾数人劝酒。酒至半酣，允曰：「唤孩儿来。」 || Chapter 8, P008-017: 卓称赏不已。允命貂蝉把盏。卓擎杯问曰：「青春几何！」貂蝉曰：「贼妾年方二八。」卓笑曰：「真神仙中人也！」允起曰：「允欲将此女献上太师，未审肯容纳否？」卓曰：「如此见惠，何以报德？」允曰：「此女得侍太师，其福太浅。」卓再三称谢。允即命备毡车，先将貂蝉送到相府。卓亦起身告辞。允亲送董卓直到相府，然后辞回。乘马而行，不到半路，只见两行红灯照道，吕布骑马执戟而来，正与王允撞见，便勒住马，一把揪住衣襟，厉声问曰：「司徒既以貂蝉许我，今又送与太师，何相戏耶？」允急止之曰：「此非说话处，且请到草舍去。」",same_body_paragraph
吕布,荀彧,10,7,11;12;14;16;18;19;22,"Chapter 11, P011-019: 正商议间，忽流星马飞报「祸事！」。操问其故，报说吕布已袭破兖州，进据濮阳。原来吕布自遭李、郭之乱，逃出武关，去投袁术；术怪吕布反复不定，拒而不纳。投袁绍，绍纳之，与布共破张燕于常山；布自以为得志，傲慢袁绍手下将士。绍欲杀之，布乃去投张扬，扬纳之。时庞舒在长安城中，私藏吕布妻小，送还吕布。李傕、郭汜知之，遂斩庞舒，写书与张扬，教杀吕布；布因弃张扬去投张邈。恰好张邈弟张超引陈宫来见张邈。宫说邈曰：「今天下分崩，英雄并起，君以千里之众，而反受制于人，不亦鄙乎！今曹操征东，兖州空虚，而吕布乃当世勇士，若与之共取兖州，伯业可图也。」张邈大喜，便令吕布袭破兖州，随据濮阳。止有鄄城，东阿，范县三处，被荀彧、程昱设计死守得全，其余俱破。曹仁屡战，皆不能胜，特此告急。 || Chapter 11, P011-023: 却说曹操回军，曹仁接著，言吕布势大，更有陈宫为辅，兖州、濮阳已失，其鄄城，东阿，范县三处，赖荀彧、程昱二人设计相连，死守城郭。操曰：「吾料吕布有勇无谋，不足虑也。」教且安营下寨，再作商议。吕布知曹操回兵，已过滕县，召副将薛兰、李封曰：「吾欲用汝二人久矣。汝可引军一万，坚守兖州。吾亲自率兵，前去破曹。」 || Chapter 12, P012-013: 操在鄄城，知陶谦已死，刘玄德领徐州牧，大怒曰：「我雠未报，汝不费半箭之功，坐得徐州！吾必先杀刘备，后戮谦尸，以雪先君之怨！」即传号令，克日起兵去打徐州。荀彧入谏曰：「昔高祖保关中，光武据河内，皆深根固本，以正天下。进足以胜敌，退足以坚守，故虽有困，终济大业。明公本首事兖州，且河、济乃天下之要地，是亦昔之关中、河内也。今若取徐州，多留兵则不足用，少留兵则吕布乘虚寇之，是无兖州也。若徐州不得，明公安所归乎？今陶谦虽死，已有刘备守之。徐州之民，既已服备，必助备死战。明公弃兖州面取徐州，是弃大而就小，去本而求末，以安而易危也：愿熟思之。」操曰：「今岁荒乏粮，军士坐守于此，终非良策。」彧曰：「不如东略陈地，使军就食；汝南、颍川，黄巾余党何仪、黄劭等，劫掠州郡，多有金帛、粮食。此等贼徒，又容易破。破而取其粮，以养三军，朝廷喜，百姓悦，乃顺天之事也。」",same_body_paragraph
吕蒙,鲁肃,10,6,56;66;67;75;77;82,"Chapter 56, P056-017: 却说鲁肃回见周瑜，说玄德，孔明欢喜不疑，准备出城劳军。周瑜大笑曰：「原来今番也中了吾计！」便教鲁肃禀报吴侯，并遣程普引兵接应。周瑜此时箭疮已渐平愈，身躯无事，使甘宁为先锋，自与徐盛，丁奉为第二；凌统，吕蒙为后队。水陆大兵五百万，望荆州而来。周瑜在船中，时复欢笑，以为孔明中计。前军至夏口，周瑜问：「荆州有人在前面接否？」人报：「刘皇叔使糜竺来见都督。」瑜唤至，问劳军如何。糜竺曰：「主公皆准备安排下了。」瑜曰：「皇叔何在？」竺曰：「在荆州城门相等，与都督把盏。」瑜曰：「今为汝家之事，出兵远征；劳军之礼，休得轻易。」糜竺领了言语先回。战船密密排在江上，依次而进。看看至公安，并无一双军船，又无一人远接。周瑜催船速行。离荆州十余里，只见江面上静荡荡的。哨探的回报：「荆州城上，插两面白旗，并不见一人之影。」瑜心疑，教把船傍岸，亲自上岸，乘马带了甘宁，徐盛，丁奉一班军官，引亲随精军三千人，迳望荆州来。既至城下，并不见动静。瑜勒住马，令军士叫门。城上问是谁人。吴军答曰：「是东吴周都督亲自此。」言未毕，忽一声梆子响，城上一齐都竖起鎗刀。敌楼上赵云出曰：「都督此行，端的为何？」瑜曰：「吾替汝主取西川，汝岂犹未知耶？」云曰：「孔明军师已知都督『假途灭虢』之计，故留赵云在此。吾主公有言：『孤与刘璋，皆汉室宗亲，安忍背义而取西川？若汝东吴端的取蜀，吾当披发入山，不失信于天下也。』」周瑜闻之，勒马便回。只见一人打著令字旗，于马前报说：「探得四路军马，一齐杀到：关某从江陵杀来，张飞从秭归杀来，黄忠从公安杀来，魏延从彝陵小路杀来：四路正不知多少军马。喊声远近震动百余里，皆言要捉周瑜。」瑜马上大叫一声，箭鎗复裂，墬于马下。正是：一著掑高难对敌，几番算定总成空。不知周瑜性命如何，且看下文解。 || Chapter 66, P066-010: 权问何计，肃曰：「今屯兵于陆口，使人请关云长赴会。若云长肯来，以善言说之，如其不从，伏下刀斧手杀之。如彼不肯来，随即进兵，与决胜负，夺取荆州便了。」孙权曰：「正合吾意，可即行之。」阚泽进曰：「不可。关云长乃世之虎将，非等闲可及。恐事不谐，反遭其害。」孙权怒曰：「若如此，荆州何日可得！」便命鲁肃速行此计。肃乃辞孙权，至陆口，召吕蒙，甘宁商议；设宴于陆口寨外临江亭上，修下请书，选帐下能言快语一人为使，登舟渡江。江口关平问了，遂引使入荆州，叩见云长，具道鲁肃相邀赴会之意，呈上请书。云长看毕，谓来人曰：「既子敬相请，我明日便来赴宴。汝可先回。」 || Chapter 66, P066-012: 却说使者回报鲁肃，说云长慨然应允，来日准到。肃与吕蒙商议：「此来若何？」蒙曰：「彼带军马来，某与甘宁各人领一军伏于岸侧，放砲为号，准备厮杀；如无军来，只于庭后伏刀斧手五十人，就筵间杀之。」",same_body_paragraph
周瑜,张昭,10,5,15;29;38;44;55,"Chapter 15, P015-011: 策见瑜大喜，诉以衷情。瑜曰：「某愿施犬马之力，共图大事。」策喜曰：「吾得公瑾，大事谐矣。」便令与朱治，吕范等相见。瑜谓策曰：「吾兄欲济大事，亦知江东有二张乎？」策曰：「何为『二张』？」瑜曰：「一人乃彭城张昭，字子布；一人乃广陵张纮，字子纲：二人皆有经天纬地之才，因避乱隐居于此。吾兄何不聘之？」策喜，即便令人赍礼往聘，俱辞不至。策乃亲到其家，与语大悦，力聘之，二人许允。策遂拜张昭为长史，兼抚军中郎将；张纮为参谋正议校尉；商议攻击刘繇。 || Chapter 15, P015-022: 太史慈跟著刘繇退军，孙策不赶，收住人马。长史张昭曰：「彼军被周瑜袭取曲阿，无恋战之心，今夜正好劫营。」孙策然之，当夜分军五路，长驱大进。刘繇军兵大败，众皆四纷五落。太史慈独力难当，引十数骑连夜投泾县去了。 || Chapter 29, P029-022: 权大哭，拜受印绶。策告母曰：「儿天年已尽，不能奉慈母。今将印绶付弟，望母朝夕训之。父兄旧人，慎勿轻怠。」母哭曰：「恐汝弟年幼，不能任大事，当复如何？」策曰：「弟才胜儿十倍，足当大任。倘内事不决，可问张昭，外事不决，可问周瑜──恨周瑜不在此，不得面嘱之也！」又唤诸弟嘱曰：「吾死之后，汝等并辅仲谋。宗族中敢有生异心者，众共诛之。骨肉为逆，不得入祖坟安葬。」诸弟泣受命。又唤妻乔夫人谓曰：「吾与汝不幸中途相分，汝须孝养尊姑。早晚汝妹入见，可嘱其转致周郎，尽心辅佐吾弟，休负我平日相知之雅。」言讫，暝目而逝。年止二十六岁。后人有诗赞曰：",same_body_paragraph
夏侯惇,张郃,10,8,30;31;40;42;48;67;69;70,"Chapter 30, P030-005: 操怒，使张辽出战。张郃跃马来迎。二将斗了四五十合，不分胜负。曹操见了，暗暗称奇。许褚挥刀纵马，直出助战。高览挺枪接住。四员将捉对儿厮杀。曹操令夏侯惇、曹洪，各引三千军，齐冲彼阵。审配见曹军来冲阵，便令放起号砲。两下万弩并发，中车内弓箭手一齐拥出阵前乱射。曹军如何抵敌，望南急走。袁绍驱兵掩杀，曹军大败，尽退至官渡。袁绍移军逼近官渡下寨。审配曰：「今可拨兵十万守官渡，就曹操寨前筑起土山，令军人下视寨中放箭。操若弃此而去，吾得此隘口，许昌可破矣。」 || Chapter 30, P030-026: 却说张郃、高览攻打曹营，左边夏侯惇，右边曹仁，中路曹洪，一齐冲出，三下攻击，袁军大败。比及接应军到，曹操又从背后杀来，四下围住掩杀。张郃、高览夺路走脱。袁绍收得乌巢败残军马归寨，见淳于琼耳鼻皆无，手足尽落。绍问：「如何失了乌巢？」败军告说：「淳于琼醉卧，因此不能抵敌。」 || Chapter 30, P030-028: 于是二人领本部兵马，往曹操寨中投降。夏侯惇曰：「张、高二人来降，未知虚实。」操曰：「吾以恩遇之，虽有异心，亦可变矣。」遂开营门命二人入。二人倒戈卸甲，拜伏于地。操曰：「若使袁绍肯从二将军之言，不至有败。今二将军肯来相投，如微子去殷，韩信归汉也。」遂封张郃为偏将军都亭侯，高览为偏将军东莱侯。二人大喜。",same_body_paragraph
夏侯惇,诸葛亮,10,5,39;40;42;43;51,"Chapter 39, P039-018: 操即命夏侯惇为都督；于禁、李典、夏侯兰、韩浩为副将；领兵十万，直抵博望城，以窥新野。荀彧谏曰：「刘备英雄，今更兼诸葛亮为军师，不可轻敌。」惇曰：「刘备鼠辈耳，吾必擒之。」徐庶曰：「将军勿轻视刘玄德。今玄德得诸葛亮为辅，如虎生翼矣。」操曰：「诸葛亮何人也？」庶曰：「亮字孔明，道号卧龙先生。有经天纬地之才，出鬼入神之计，真当世奇士，非可小觑。」 || Chapter 39, P039-019: 操曰：「比公若何？」庶曰：「庶安敢比亮？庶如萤火之光，亮乃皓月之明也。」夏侯惇曰：「元直之言谬矣。吾看诸葛亮如草芥耳，何足惧哉！吾若不一阵生擒刘备，活捉诸葛，愿将首级献与丞相。」操曰：「汝早报捷书，以慰吾心。」惇奋然辞曹操，引军登程。 || Chapter 39, P039-020: 却说玄德自得孔明，以师礼待之。关、张二人不悦曰：「孔明年幼，有甚才学！兄长待之太过！又未见他真实效验！」玄德曰：「吾得孔明，犹鱼之得水也。两弟勿复多言。」关、张见说，不言而退。一日，有人送牦牛尾至。玄德取尾亲自结帽。孔明入见，正色曰：「明公无复有远志，但事此而已耶？」玄德投帽于地而谢曰：「吾聊假此以忘忧耳。」孔明曰：「明公自度比曹操若何？」玄德曰：「不如也。」孔明曰：「明公之众，不过数千人，万一曹兵至，何以迎之？」玄德曰：「吾正愁此事，未得良策。」孔明曰：「可速招募民兵，亮自教之，可以待敌。」玄德遂招新野之民，得三千人。孔明朝夕教演阵法。忽报曹操差夏侯惇引兵十万，杀奔新野来了。张飞闻知，谓云长曰：「可著孔明前去迎敌便了。」",same_body_paragraph
夏侯霸,邓艾,10,4,110;111;114;115,"Chapter 110, P110-025: 却说姜维围住狄道城，令兵八面攻之，连攻数日不下，心中郁闷，无计可施.是日黄昏时分，忽三五次流星马报说：「有两路兵来，旗上明书大字。一路是征西将军陈泰，一路是兖州刺史邓艾。」维大惊，遂请夏侯霸商议。霸曰：「吾向尝为将军言，邓艾自幼深明兵法，善晓地理。今领兵到，颇为劲敌。」维曰：「彼军远来，我休容他住脚，便可击之。」及留张翼攻城，命夏侯霸引兵迎陈泰。维自引兵来迎邓艾。 || Chapter 110, P110-026: 行不到五里，忽然东南一声砲响，鼓角震地，火光冲天。维纵马看时，只见周围皆是魏兵旗号。维大惊曰：「中邓艾之计矣！」遂传令教夏侯霸、张翼各弃狄道而退。于是蜀兵皆退归汉中。维自断后，只听得背后鼓声不绝。维退入剑阁之时，方知火鼓二十余处，皆虚设也。维收兵退屯于钟提。 || Chapter 111, P111-003: 却说姜维在钟堤大设筵宴，会集诸将，商议伐魏之事。令史樊建谏曰：「将军屡出，未获全胜；今日洮西之战，魏人既服威名，何故又欲出也？万一不利，前功尽弃。」维曰：「汝等只知魏国地宽人广，急不可得；却不知攻魏者有五可胜。」众问之。维答曰：「彼洮西一败，挫尽锐气，吾兵虽退，不曾损折，今若进兵，一可胜也。吾兵船载而进，不致劳困，彼兵从旱地来迎，二可胜也。吾兵久经训练之众，彼皆鸟合之徒，不曾有法度，三可胜也。吾兵自出祁山，抄掠秋谷为食，四可胜也。彼兵虽各守备，军刀分开，吾兵一处而去，彼安能救？五可胜也。不在此时伐魏，更待何时耶？」夏侯霸曰：「艾年虽幼，而机谋深远；近封为安西将军之职，必于各处准备，非同往日矣。」维厉声曰：「吾何畏彼哉！公等休长他人锐气，灭自己威风！吾意已决，必先取陇西。」众不敢谏。维自领前部，令众将随后而进。于是蜀兵尽离钟提，杀奔祁山来。哨马报说魏兵已先在祁山立下九个寨棚。维不信，引数骑凭高望之，果见祁山九寨势如长蛇，首尾相顾。维回顾左右曰：「夏侯霸之言，信不诬矣。此寨形势绝妙，止吾师诸葛丞相能之。今观邓艾所为，不在吾师之下。」遂回本寨，唤诸将曰：「魏人既有准备，必知吾来矣。吾料邓艾必在此间。汝等可虚张吾旗号，据此谷口下寨，每日令百余骑出哨。每出哨一回，换一番衣甲。旗号按青、黄、赤、白、黑五方，旗帜更换。吾却提大兵偷出董亭，迳袭南安去也。」遂令鲍素屯于祁山谷口。维尽率大兵，望南安进发。",same_body_paragraph
孟获,赵云,10,6,85;86;87;88;89;90,"Chapter 85, P085-027: 后主听罢，又惊又喜，曰：「相父果有鬼神不测之机也！愿闻退兵之策。」孔明曰：「先帝以陛下付托与臣，臣安敢旦夕怠慢？成都众官，皆不晓兵法之妙，贵在使人不测，岂可泄漏于人？老臣先知西番国王轲比能，引兵犯西平关；臣料马超积祖西川人氏，素得羌人之心，羌人以超为神威大将军；臣已先遣一人，星夜驰檄，令马超紧守西平关，伏四路奇兵，每日交换，以兵拒之：此一路不必忧矣。又南蛮孟获，兵犯四邵，臣亦飞檄遣魏延领一军左出右入，右出左入，为疑兵之计；蛮兵惟勇力，其心多疑，若见疑兵，必不敢进：此一路又不足忧矣。又知孟达引兵出汉中；孟达与李严曾结生死之交；臣回成都时，留李严守永安宫；臣已作一书，只做李严亲笔，令人送与孟达；达必然推病不出，以慢军心：此一路又不足忧矣。又知曹真引兵犯阳平关；此地险峻，可以保守，臣已调赵云引一军守把关隘，并不出战；曹真若见我军不出，不久自退矣。」 || Chapter 86, P086-003: 权从之，乃谓魏使曰：「军需未办，择日便当起程。」使者拜辞而去。权令人探得西番兵出西平关，见了马超，不战自退；南蛮孟获起兵攻四郡，皆被魏延用疑兵计杀退回洞去了；上庸孟达兵至半路，忽然染病不能行；曹真兵出阳平关，赵子龙拒住各处险道，果然一将守关，万夫莫开---。曹真屯兵于斜谷道，不能取胜而回。 || Chapter 86, P086-025: 却说赵云吊兵杀出阳平关之次，忽报丞相有文书到，说益州耆帅雍闿结连蛮王孟获，起十万蛮兵侵掠四郡；因此宣云回车，令马超坚守阳平关，丞相欲自南征，赵云乃急收兵而回。此时孔明在成都整饬军马，亲自南征。正是：方见东吴敌北魏，又看西蜀战南蛮。未知胜负如何，且看下回分解。",same_body_paragraph
张郃,许褚,10,6,30;31;40;42;48;67,"Chapter 30, P030-004: 三通鼓罢，袁绍金盔金甲，锦袍玉带，立马阵前。左右排列著张郃、高览、韩猛、淳于琼等诸将。旌旗节钺，甚是严整。曹阵上门旗开处，曹操出马。许褚、张辽、徐晃、李典等，各持兵器，前后拥卫。曹操以鞭指袁绍曰：「吾于天子之前，保奏你为大将军；今何故谋反？」绍怒曰：「汝托名汉相，实为汉贼！罪恶弥天，甚于莽、卓，乃反诬人造反耶！」操曰：「吾今奉诏讨汝！」绍曰：「吾奉衣带诏讨贼！」 || Chapter 30, P030-005: 操怒，使张辽出战。张郃跃马来迎。二将斗了四五十合，不分胜负。曹操见了，暗暗称奇。许褚挥刀纵马，直出助战。高览挺枪接住。四员将捉对儿厮杀。曹操令夏侯惇、曹洪，各引三千军，齐冲彼阵。审配见曹军来冲阵，便令放起号砲。两下万弩并发，中车内弓箭手一齐拥出阵前乱射。曹军如何抵敌，望南急走。袁绍驱兵掩杀，曹军大败，尽退至官渡。袁绍移军逼近官渡下寨。审配曰：「今可拨兵十万守官渡，就曹操寨前筑起土山，令军人下视寨中放箭。操若弃此而去，吾得此隘口，许昌可破矣。」 || Chapter 30, P030-012: 绍急遣张郃、高览去截大路，正遇徐晃烧粮而回。恰欲交锋，背后张辽、许褚军到。两下夹攻，杀散袁军，四将合兵一处，回官渡寨中。曹操大喜，重加赏劳；又分军于寨前结营，为犄角之势。",same_body_paragraph
张郃,郭淮,10,6,70;95;97;98;99;101,"Chapter 70, P070-015: 洪见张郃只剩十余人，大怒曰：「吾教汝休去，汝取下文状要去；今日折尽大兵，尚不自死，还来做甚！」喝令左右推出斩之。行军司马郭淮谏曰：「『三军易得，一将难求』张郃虽然有罪，乃魏王所深爱者也，不可便诛。可再与五千兵迳取葭萌关，牵动其各处之兵，汉中自安矣。如不成功，二罪俱罚。」曹洪从之，又与兵五千，教张郃取葭萌关。郃领命而去。 || Chapter 70, P070-019: 两个商议定了，黄忠引军下关，与张郃对阵：张郃出马，见了黄忠，笑曰：「你许大年纪，犹不识羞，尚欲出战耶！」忠怒曰：「竖子欺我年老！吾手中宝刀却不老！」遂拍马向前与郃决战。二马相交，约战二十余合，忽然背后喊声起。原来是严颜从小路抄在张郃军后。两军夹攻，张郃大败。连夜赶去，张郃兵退八九十里。黄忠，严颜，收兵入寨，俱各按兵不动。曹洪听知张郃轮了一阵，又欲见罪。郭淮曰：「张郃被逼，必投西蜀；今可遣将助之，就近监督，使不生外心。」 || Chapter 95, P095-007: 却说王平见魏兵到，引军杀来，正遇张郃；战有数十余合，平力穷势孤，只得退去。魏兵自辰时困至戌时，山上无水，军不得食，寨中大乱。嚷到半夜时分，山南蜀兵大开寨门，下山降魏。马谡禁止不住。司马懿又令人于沿山放火，山上蜀兵愈乱。马谡料守不住，只得驱残兵杀下山西逃奔。司马懿放条大路，让过马谡。背后张郃引兵赶来。赶到三十余里，前面鼓角齐鸣，一彪军出，放过马谡，拦住张郃；视之，乃魏延也：挥刀纵马，直取张郃。郃回军便走。延驱兵赶来，复夺街亭。赶到五十余里，一声喊起，两边伏兵齐出：左边司马懿，右边司马昭，却抄在魏延背后，把延困在垓心。张郃复来，三路兵合在一处。魏延左冲右突，不得脱身，折兵大半。正危急间，忽一彪军杀入，乃王平也。延大喜曰：「吾得生矣！」二将合兵一处，大杀一阵，魏兵方退。二将慌忙奔回寨时，营中皆是魏兵旌旗。申耽、申仪从营中杀出。王平、魏延迳奔列柳城，来投高翔。此时高翔闻知街亭有失，尽起列柳城之兵，前来救应，正遇延、平二人，诉说前事。高翔曰：「不如今晚去劫魏寨，再复街亭。」当时三人在山坡下商议已定。待天色将晚，兵分三路。魏延引兵先进，迳到街亭，不见一人，心中大疑，不敢轻进，且伏在路口等候。忽见高翔兵到，二人共说魏兵不知在何处。正没理会，又不见王平兵到。忽然一声砲响，火光冲天，鼓声震地。魏兵齐出，把魏延、高翔围在垓心。二人尽力冲突，不得脱身。忽听得山坡后喊声若雷，一彪军杀入，乃是王平，救了高、魏二人，迳奔列柳城来。比及奔到城下时，城边早有一军杀到，旗上大书「魏都督郭淮」字样。原来郭淮与曹真商议，恐司马懿得了全功，乃分淮来取街亭；闻知司马懿、张郃成上此功，遂引兵迳袭列柳城。正遇三将，大杀一阵。蜀兵伤者极多。魏延恐阳平关有失，慌与王平、高翔望阳平关来。",same_body_paragraph
张飞,许褚,10,6,24;31;41;42;50;72,"Chapter 24, P024-015: 且说张飞自以为得计，领轻骑在前，突入操寨，但见零零落落，无多人马，四边火光大起，喊声齐举。飞知中计，急出寨外。正东张辽，正西许褚，正南于禁，正北李典，东南徐晃，西南乐进，东北夏侯惇，西北夏侯渊，八处军马杀来。张飞左冲右突，前遮后当；所领军兵原是曹操手下旧军，见事势已急，尽皆投降去了。 || Chapter 31, P031-016: 操大怒，教许褚出战。玄德背后赵云，挺枪出马。二将相交，三十合不分胜负。忽然喊声大震，东南角上，云长冲突而来；西南角上，张飞引军冲突而来。三处一齐掩杀。曹军远来疲困，不能抵当，大败而走。玄德得胜回营。 || Chapter 31, P031-018: 不一日，飞马来报夏侯惇已打破汝南，刘辟弃城而走，云长现今被围。玄德大惊。又报张飞去救龚都，也被围住了。玄德急欲回兵，又恐操兵后袭。忽报寨外许褚搦战，玄德不敢出马。候至天明，教军士饱餐，步军先起，马军后随，寨中虚传更点。玄德等离寨约行数里，转过土山，火把齐明，山头上大呼曰：「休教走了刘备！丞相在此专等！」玄德慌寻路走。赵云曰：「主公勿忧，但跟某来。」赵云挺枪跃马，杀开条路，玄德掣双股剑后随。",same_body_paragraph
曹操,许攸,10,4,22;30;33;45,"Chapter 22, P022-005: 四人争论未定，绍踌躇不决。忽许攸、荀谌自外而入。绍曰：「二人多有见识，且看如何主张。」二人施礼毕，绍曰：「郑尚书有书来，令我起兵助刘备，攻曹操。起兵是乎？不起兵是乎？」二人齐声应曰：「明公以众克寡，以强攻弱，讨汉贼以扶王室：起兵是心。」绍曰：「二人所见，正合我心。」便商议兴兵。先令孙干回报郑玄，并约玄德准备接应；一面令审配、逢纪为统军，田丰、荀谌、许攸为谋士，颜良、文丑为将军，起马军一十五万，步兵一十五万，共精兵三十万，望黎阳进发。 || Chapter 22, P022-021: 孔融默然。操大笑曰：「皆不出荀文若之料。」遂唤前军刘岱、后军王忠引军五万，打著丞相旗号，去徐州攻刘备。原来刘岱旧为衮州刺史；及操取衮州，岱降于操，操用为偏将，故今差他与王忠一同领兵。操却自引大军二十万，进黎阳，拒袁绍。程昱曰：「恐刘岱、王忠不称其使。」操曰：「吾亦知非刘备敌手，权且虚张声势。」分付：「不可轻进。待我破绍，再勒兵破备。」刘岱、王忠领兵去了。曹操自引兵至黎阳。两军隔八十里，各自深沟高垒，相持不战。自八月守至十月。原来许攸不乐审配领兵，沮授又恨绍不用其谋，各不相和，不图进取。袁绍心怀疑惑，不思进兵。操乃唤吕布手下降将臧霸把守青、徐；于禁、李典屯兵河上；曹仁总督大军，屯于官渡。操自引一军，竟回许都。 || Chapter 30, P030-014: 且说曹操军粮告竭，急发使往许昌教荀彧作速措办粮草，星夜解赴军前接济。使者赍书而往；行不上三十里，被袁军捉住，缚见谋士许攸。那许攸字子远，少时曾与曹操为友，此时却在袁绍处为谋士。当下搜得使者所赍曹操催粮书信，迳来见绍曰：「曹操屯军官渡，与我相持已久，许昌必空虚；若分一军星夜掩袭许昌，则许昌可拔，而曹操可擒也。今操粮草已尽，正可乘此机会，两路击之。」绍曰：「曹操诡计极多，此书乃诱敌之计也。」攸曰：「今若不取，后将反受其害。」",same_body_paragraph
袁绍,许攸,10,4,22;30;33;45,"Chapter 22, P022-020: 孔融闻之，来见操曰：「袁绍势大，不可与战，只可与和。」荀彧曰：「袁绍无用之人，何必议和？」融曰：「袁绍土广民强。其部下如许攸，郭图，审配，逢纪，皆智谋之士；田丰，沮授，皆忠臣也；颜良，文丑，勇冠三军；其余高览，张郃，淳于琼，等俱世之名将，──何谓绍为无用之人乎？」彧笑曰：「绍兵多而不整；田丰刚而犯上，许攸贪而不智，审配专而无谋，逢纪果而无用，此四人者，势不相容，必生内变。颜良，文丑，匹夫之勇，一战可擒。其余碌碌等辈，纵有百万，何足道哉！」 || Chapter 22, P022-021: 孔融默然。操大笑曰：「皆不出荀文若之料。」遂唤前军刘岱、后军王忠引军五万，打著丞相旗号，去徐州攻刘备。原来刘岱旧为衮州刺史；及操取衮州，岱降于操，操用为偏将，故今差他与王忠一同领兵。操却自引大军二十万，进黎阳，拒袁绍。程昱曰：「恐刘岱、王忠不称其使。」操曰：「吾亦知非刘备敌手，权且虚张声势。」分付：「不可轻进。待我破绍，再勒兵破备。」刘岱、王忠领兵去了。曹操自引兵至黎阳。两军隔八十里，各自深沟高垒，相持不战。自八月守至十月。原来许攸不乐审配领兵，沮授又恨绍不用其谋，各不相和，不图进取。袁绍心怀疑惑，不思进兵。操乃唤吕布手下降将臧霸把守青、徐；于禁、李典屯兵河上；曹仁总督大军，屯于官渡。操自引一军，竟回许都。 || Chapter 30, P030-014: 且说曹操军粮告竭，急发使往许昌教荀彧作速措办粮草，星夜解赴军前接济。使者赍书而往；行不上三十里，被袁军捉住，缚见谋士许攸。那许攸字子远，少时曾与曹操为友，此时却在袁绍处为谋士。当下搜得使者所赍曹操催粮书信，迳来见绍曰：「曹操屯军官渡，与我相持已久，许昌必空虚；若分一军星夜掩袭许昌，则许昌可拔，而曹操可擒也。今操粮草已尽，正可乘此机会，两路击之。」绍曰：「曹操诡计极多，此书乃诱敌之计也。」攸曰：「今若不取，后将反受其害。」",same_body_paragraph
袁绍,诸葛亮,10,6,38;43;44;45;93;120,"Chapter 38, P038-008: 孔明曰：「自董卓造逆以来，天下豪杰并起。曹操势不及袁绍，而竟能克绍者，非惟天时，抑亦人谋也。今操已拥百万之众，挟天子以令诸侯，此诚不可与争锋。孙权据有江东，已历三世，国险而民附，此可用为援，而不可图也。荆州北据汉沔，利尽南海，东连吴会，西通巴蜀，此用武之地，非其主不能守。是殆天所以资将军，将军岂可弃乎？益州险塞，沃野千里，天府之国，高祖因之以成帝业。今刘璋暗弱，民殷国富，而不知存恤，智能之士，思得明君。将军既帝室之胄，信义著于四海，总揽英雄，思贤如渴，若跨有荆益，保其岩阻，西和诸戎，南抚彝越，外结孙权，内修政理；待天下有变，则命一上将，将荆州之兵，以向宛洛；将军身率益州之众，以出秦川，百姓有不箪食壸浆以迎将军者乎？诚如是，则大业可成，汉室可兴矣。此亮所以为将军谋者也。惟将军图之。」言罢，命童子取出画一轴，挂于中堂，指谓玄德曰：「此西川五十四州之图也。将军欲成霸业，北让曹操占天时，南让孙权占地利，将军可占人和。先取荆州为家，后即取西川建基业，以成鼎足之势，然后可图中原也。」 || Chapter 43, P043-005: 权叹曰：「诸人议论，大失孤望。子敬开说大计，正与吾见相同。此天以子敬赐我也！但操新得袁绍之众，近又得荆州之兵，恐势大难以抵敌。」肃曰：「肃至江夏，引诸葛瑾之弟诸葛亮在此，主公可问之，便知虚实。」权曰：「卧龙先生在此乎？」肃曰：「现在馆驿中安歇。」权曰：「今日天晚，且未相见。来日聚文武于帐下，先教见我江东英俊，然后升堂议事。」 || Chapter 43, P043-010: 这一篇言语，说得张昭并无一言回答。座上忽一人抗声问曰：「今曹公兵屯百万，将列千员，龙骧虎视，平吞江夏，公以为何如？」孔明视之，乃虞翻也。孔明曰：「曹操收袁绍蚁聚之兵，劫刘表乌合之众，虽数百万不足惧也。」虞翻冷笑曰：「军败于当阳，计穷于夏口，区区求救于人，而犹言不惧，此真大言欺人也！」孔明曰：「刘豫州以数千仁义之师，安能敌百万残暴之众，退守夏口，所以待时也。今江东兵精粮足，且有长江之险，犹欲使其主屈膝降贼，不顾天下耻笑；由此论之，刘豫州真不惧操贼者矣！」",same_body_paragraph
公孙瓒,曹操,9,5,5;11;22;28;120,"Chapter 5, P005-010: 玄德、关、张引数骑跟公孙瓒来。曹操接著。众诸侯亦陆续皆至，各自安营下寨，连接二百余里。操乃宰牛杀马，大会诸侯，商议进兵之策。太守王匡曰：「今奉大义，必立盟主；众听约束，然后进兵。」操曰：「袁本初四世三公，门多故吏，汉朝名相之裔，可为盟主。」绍再三推辞。众皆曰：「非本初不可。」绍方应允。次日筑台三层，遍列五方旗帜，上建白旄黄钺，兵符将印，请绍登坛。绍整衣佩剑，慨然而上，焚香再拜。其盟曰：汉室不幸，皇纲失统。贼臣董卓，乘衅纵害，祸加至尊，虐流百姓。绍等惧社稷沦丧，纠合义兵，并赴国难。凡我同盟，齐心戮力，以致臣节，必无二志。有渝此盟，俾坠其命，无克遗育。皇天后土，祖宗明灵，实皆鉴之！ || Chapter 5, P005-016: 绍举目遍视，见公孙瓒背后立著三人，容貌异常，都在那里冷笑。绍问曰：「公孙太守背后何人？」瓒呼玄德出曰：「此吾自幼同舍兄弟，平原令刘备是也。」曹操曰：「莫非破黄巾刘玄德乎？」瓒曰：「然。」即令刘玄德拜见。瓒将玄德功劳，并其出身，细说一遍。绍曰：「既是汉室宗派，取坐来。」命坐。备逊谢。绍曰：「吾非敬汝名爵，吾敬汝是帝室之胄耳。」玄德乃坐于末位，关、张叉手侍立于后。 || Chapter 5, P005-017: 忽探子来报：「华雄引铁骑下关，用长竿挑著孙太守赤帻，来寨前大骂搦战。」绍曰：「谁敢去战？」袁术背后转出骁将俞涉曰：「小将愿往。」绍喜，便著俞涉出马。即时报来：「俞涉与华雄战不三合，被华雄斩了。」众大惊。太守韩馥曰：「吾有上将潘凤，可斩华雄。」绍急令出战。潘凤手提大斧上马。去不多时，飞马来报：「潘凤又被华雄斩了。」众皆失色。绍曰：「可惜吾上将颜良、文丑未至！得一人在此，何惧华雄？」言未毕，阶下一人大呼出曰：「小将军愿往斩华雄头，献于帐下！」众视之，见其人身长九尺，髯长二尺；丹凤眼，卧蚕眉；面如重枣，声如巨钟；立于帐前。绍问何人。公孙瓒曰：「此刘玄德之弟关羽也。」绍问见居何职。瓒曰：「跟随刘玄德充马弓手。」帐上袁术大喝曰：「汝欺吾众诸侯无大将耶？量一弓手，安敢乱言！与我打出！」曹操急止之曰：「公路息怒：此人既出大言，必有勇略；试教出马，如其不胜，责之未迟。」袁绍曰：「使一弓手出战，必被华雄所笑。」操曰：「此人仪表不俗，华雄安知他是弓手？」关公曰：「如不胜，请斩某头。」",same_body_paragraph
关兴,姜维,9,6,93;94;95;97;98;100,"Chapter 93, P093-004: 却说孔明因虑姜维，自为前部，望天水郡进发。将到城边，孔明传令曰：「凡攻城池：以初到之日，激励三军，鼓噪直上。若迟延日久，锐气尽隳，急难破矣。」于是大军迳到城下。因见城上旗帜整齐，未敢轻攻。候至半夜，忽然四下火光冲天，喊声震地，正不知何处兵到。只见城上亦鼓噪呐喊相应，蜀兵乱窜。孔明急上马，有关兴，张苞二将保护，杀出重，围回头视之，正东上军马，一带火光，势若长蛇。孔明令关兴探视，回报曰：「此姜维兵也。」孔明叹曰：「兵不在多，在人之调遣耳，此人真将才也！」收兵归寨，思之良久，乃唤安定人问曰：「姜维之母，现在何处？」答曰：「维母今居冀县。」孔明唤魏延分付曰：「汝可引一军，虚张声势，诈取冀县。若姜维到，可放入城。」又问：「此地何处紧要？」安定人曰：「天水钱粮，皆在上邽；若打破上邽；则粮道自绝矣。」孔明大喜，教赵云引一军去攻上邽。孔明离城三十里下寨。早有人报入天水郡，说蜀兵分为三路：一军守此郡，一军取上邽，一军取冀城。姜维闻之，哀告马遵曰：「维母现在冀城，恐母有失。维乞一军往救此城，兼保老母。」马遵从之，遂令姜维引三千军去保冀城；梁虔引三千军去保上邽。 || Chapter 93, P093-006: 孔明却引兵来攻冀城。城中粮少，军食不敷。姜维在城上，见蜀军大车小辆，搬运粮草，入魏延寨中去了，姜维引三千兵出城，迳来劫粮。蜀兵尽弃了粮车，寻路而走。姜维夺得粮草，欲要入城，忽然一彪军拦住，为首蜀将张翼也。二将交锋，战不数合，王平引一军又到，两下夹攻。维力穷抵敌不住，夺路归城；城上早插蜀兵旗号：原来已被魏延袭了。维杀条奔天水城，手下尚有十余骑；又遇张苞杀了一阵，维止剩得匹马单鎗，来到天水城下叫门。城上军见是姜维，慌报马遵。遵曰：「此是姜维来赚我城门也。」令城上乱箭射下。姜维回顾蜀兵至近，遂飞奔上邽城来。城上梁虔见了姜维，大骂曰：「反国之贼，安敢来赚我城池！吾已知汝降蜀矣！」遂乱箭射下。姜维不能分说，仰天长叹，两眼泪流，拨马望长安而走。行不数里，前至一派大树茂林之处，一声喊起，数千兵拥出；为首蜀将关兴，截住去路。维人困马乏，不能抵当，勒回马便走。忽然一辆小车从山坡中转出。其人头戴纶巾，身披鹤氅，手摇羽扇乃孔明也。孔明唤姜维曰：「伯约此时何尚不降？」维寻思良久，前有孔明，后有关兴，又无去路，只得下马投降。孔明慌忙下车而迎，执维手曰：「吾自出茅庐以来，遍求贤者，欲抟授平生之学，恨未得其人。今遇伯约，吾愿足矣。」维大喜拜谢。 || Chapter 94, P094-003: 兴在垓心，左冲右突，不能得脱；铁车密围，就如城池。蜀兵你我不能相顾。兴望山谷中寻路走。看看天晚，但见一簇皂旗，蜂拥而来：一员羌将，手提铁锤大叫曰：「小将休走！吾乃越吉元帅也！」关兴急走到前面，尽力纵马加鞭，正迈断涧，只得回马来战越吉。兴终是胆寒，抵敌不住，望涧中而逃；被越吉赶到，一铁锤打来，兴急闪过，正中马胯。那马望涧中便到，兴落于水中。忽听得一声响处，背后越吉连人带马，平白地倒下水来。兴就水中挣起看时，只见岸上一员大将，杀退羌兵。兴提刀待砍越吉，吉跃水而走。关兴得了越吉马，牵到岸上，整顿鞍辔，绰刀上马。只见那员将，尚在前面追杀羌兵。兴自思此人救我性命，当与相见，遂拍马赶来。看看至近，只见云雾之中，隐隐有一大将，面如重枣，眉若卧蚕，绿袍金铠，提青龙刀，骑赤兔马，手绰美髯；分明认得是父亲关公。兴大惊。忽见关公以手望东南指曰：「吾儿可速望此路去。吾当护汝归寨。」言讫不见。关兴望东南急走。至半夜，忽一彪到：乃张苞也，问兴曰：「你曾见二伯父否？」兴曰：「你何由知之？」苞曰：「我被铁车军追急，忽见伯父自空而下，惊退羌兵，指曰：『汝从这条路去救吾儿。』因此引军迳来寻你。」关兴亦说前事，共相嗟异。二人同归寨内。马岱接著，对二人说：「此军无计可退。我守住寨栅，你二人去禀丞相，用计破之。」于是兴、苞二人，星夜来见孔明，备说此事。孔明随命赵云、魏延各引一军埋伏去讫；然后点三万军，带了姜维、张翼、关兴、张苞，亲自来到马岱寨中歇定。次日上高阜处观看，见铁车连络不绝，人马纵横，往来驰骤。孔明曰：「此不难破也。」唤马岱、张翼分付如此如此。二人去了，乃唤姜维曰：「伯约知破车之法否？」维曰：「羌人惟恃一勇力，岂知妙计乎？」孔明笑曰：「汝知吾心也。今彤云密布，朔风紧急，天将降雪，吾计可施矣。」便令关兴、张苞二人引兵埋伏去讫。令姜维领兵出战：但有铁车兵来，退后便走；寨口虚立旌旗，不设军马：准备已定。",same_body_paragraph
关羽,许褚,9,6,21;25;27;31;41;42,"Chapter 21, P021-011: 天雨方住，见两个人撞入后园，手提宝剑，突至亭前，左右拦挡不住。操视之，乃关、张二人也。原来二人从城外射箭方回，听得玄德被许褚、张辽请将去了，慌忙来相府打听；闻说在后园，只恐有失，故冲突而入。却见玄德与操对坐饮酒。二人按剑而立。操问二人何来。云长曰：「听知丞相和兄饮酒，特来舞剑，以助一笑。」操笑曰：「此非鸿门会，安用项庄、项伯乎？」玄德亦笑。操命：「取酒与『二樊哙』压惊。」关、张拜谢。 || Chapter 25, P025-002: 次日，夏侯惇为先锋，领兵五千来搦战。关公不出，惇即使人于城下辱骂。关公大怒，引三千人马出城，与夏侯惇交战。约战十余合，惇拨回马走。关公赶来，惇且战且走。关公约赶二十里，恐下邳有失，提兵便回。只听得一声砲响，左有徐晃，右有许褚，两队军截住去路。关公夺路而走，两边伏兵排下硬弩百，,箭如飞蝗。关公不过，勒兵再回，徐晃，许褚，接住交战。关公奋力杀退二人，引军欲回下邳，夏侯惇又截住厮杀。 || Chapter 27, P027-003: 却说云长所骑赤马，日行千里，本是赶不上；因欲护送车仗，不敢纵马，按辔徐行。忽听背后有人大叫：「云长且慢行！」回头视之，见张辽拍马而至。关公教车仗从人，只管望大路紧行；自己勒住赤兔马，按定青龙刀，问曰：「文远莫非欲追我回乎？」辽曰：「非也。丞相知兄远行，欲来相送，特先使我请住台驾，别无他意。」关公曰：「便是丞相铁骑来，吾愿决一死战！」遂立马于桥上望之。见曹操引数十骑，飞奔前来；背后乃是许褚，徐晃，于禁，李典之辈。",same_body_paragraph
关羽,诸葛瑾,9,5,66;67;73;76;82,"Chapter 66, P066-005: 玄德再三不肯，孔明只是哭求。玄德徐徐曰：「既如此，看军师面，分荆州一半还之：将长沙，零陵，桂杨三郡与他。」亮曰：「既蒙见允，便可写书与云长令交割三郡。」玄德曰：「子瑜到彼，须用善言求吾弟。吾弟性如烈火，吾尚惧之。切宜仔细。」 || Chapter 66, P066-008: 瑾满面羞惭，急辞下船，再往西州见孔明，孔明已自出巡去了。瑾只再见玄德，哭告云长欲杀之事。玄德曰：「吾弟性急，极难与言。子谕可暂回，容吾取了东川，汉中诸郡，调云长往守之，那时方得交付荆州。」瑾不得已，只得回东吴见孙权，具言前事。孙权大怒曰：「子瑜此去，反复奔走，莫非皆是诸葛亮之计？」瑾曰：「非也；吾弟亦哭告玄德，方许将三郡先还，又无奈云长恃顽不肯。」孙权曰；「既刘备有先还三郡之言，便可差官前去长沙，零陵，桂杨三郡赴任，且看如何。」瑾曰：「主公所言极是。」 || Chapter 66, P066-011: 使者辞去。关平曰：「鲁肃相邀，必无好意；父亲何故许之？」云长笑曰：「吾岂不知耶？此是诸葛瑾回报孙权，说吾不肯还三郡，故令鲁肃屯兵陆口，邀我赴会，便索荆州。吾若不往，道吾怯矣。吾来日独驾小舟，只用亲随十余人，单刀赴会，看鲁肃如何近我。」平谏曰：「父亲奈何以万金之躯，亲蹈虎狼之穴？恐非所以重伯父之寄托也。」云长曰：「吾于千枪万刀之中，矢石交攻之际，匹马纵横，如入无人之境；岂忧江东群鼠乎！」马良亦谏曰：「鲁肃虽有长者之风，但今事急，不容不生异心。将军不可轻往。」云长曰：「昔战国时赵人兰相如，无缚鸡之力，于渑池会上，觑秦国君臣如无物；况吾曾学万人敌者乎？既已许诺，不可失信。」良曰：「纵将军去，亦当有准备。」云长曰：「只教吾儿选快船十只，藏善水军五百，于江上等侯。看吾红旗起处，便过江来。」平领命自去准备。",same_body_paragraph
刘备,孙策,9,7,15;17;21;28;42;48;120,"Chapter 15, P015-045: 却说袁术暗有称帝之心，乃回书推托不还；急聚长史杨大将，都督张勋，纪灵，桥蕤，上将雷薄，陈兰，等三十余人，商议曰：「孙策借我军马起事，今日尽得江东地面，乃不思报本，而反来索玺，殊为无礼。当以何策图之？」长史杨大将曰：「孙策据长江之险，兵精粮广，未可图也。今当先伐刘备，以报前日无故相攻之恨，然后图取孙策未迟。某献一计，使备即日就擒。」正是： || Chapter 17, P017-012: 却说曹操至许都，思慕典韦，立祀祭之；封其子典满为中郎，收养在府。忽报孙策遣使致书。操览书毕，又有人报袁术乏粮，劫掠陈留，欲乘虚攻之。遂兴兵南征，令曹仁守许都，其余皆从征，马步兵十七万，粮食辎重千余车；一面先发人会合孙策与刘备、吕布。 || Chapter 17, P017-015: 袁术知曹兵至，令大将桥蕤引兵五万作先锋。两军会于寿春界口。桥蕤当先出马，与夏侯惇战不三合，被夏侯惇搠死。术军大败，奔走回城。忽报孙策发船攻江边西面，吕布引兵攻东面，刘备、关、张引兵攻南面，操自引兵十七万攻北面。术大惊，急聚众文武商议。杨大将曰：「寿春水旱连年，人皆缺食；今又动兵扰民，民既生怨，兵至难以拒敌。不如留军在寿春，不必与战。待彼粮尽，必然生变。陛下且统御林军渡淮；一者就熟，二者暂避其锐。」",same_body_paragraph
刘备,曹洪,9,8,17;24;31;33;40;41;71;78,"Chapter 17, P017-020: 操踌躇未决。忽报马到，报说：「张绣依托刘表，复肆猖獗；南阳诸县复反；曹洪拒敌不住，连输数阵，今特来告急。」操乃驰书与孙策，令其跨江布阵，以为刘表疑兵，使不敢妄动；自己即日班师，别议征张绣之事。临行，令玄德仍屯兵小沛，与吕布结为兄弟，互相救助，再无相侵。吕布引兵自回徐州。操密谓玄德曰：「吾令汝屯兵小沛，是『掘坑待虎』之计也。公但与陈珪父子商议，勿致有失。某当为公外援。」话毕而别。 || Chapter 24, P024-007: 操谕监宫官曰：「今后但有外戚宗族，不奉吾旨，辄入宫门者斩。守御不严，与同罪。」又拨心腹人三千充御林军，令曹洪统领，以为防察。操谓程昱曰：「今董承等虽诛，尚有马腾，刘备，亦在此数，不可不除。」昱曰：「马腾屯军西凉，未可轻取；但当以书慰劳，勿使生疑，诱入京师图之，可也。刘备现在徐州，分布掎角之势，亦不可轻敌。况今袁绍屯兵官渡，常有图许都之心。若我一旦东征，刘备势必求救于绍。绍趁虚来袭，何以当之？」操曰：「非也，备乃人杰也。今若不击，待其羽翼既成，急难图矣。袁绍虽强，事多怀疑不决，何足忧乎？」 || Chapter 31, P031-014: 却说曹操自仓亭大胜，重赏三军，令人探察冀州虚实。细作回报：「绍卧病在。袁尚、审配紧守城池。袁谭、袁熙、高干皆回本州。」众皆劝操急攻之。操曰：「冀州粮食极广，审配又有机谋，未可急拔。见今禾稼在田，恐废民业，姑待秋成后取之未晚。」正议间，忽荀彧有书到，报说：「刘备在汝南得刘辟、龚都数万之众。闻丞相提军出征河北，乃令刘辟守汝南，备亲自引兵乘虚来攻许昌。丞相可速回军御之。」操大惊，留曹洪屯兵河上，虚张声势。操自提大兵往汝南来迎刘备。",same_body_paragraph
刘备,郭嘉,9,5,11;16;21;24;33,"Chapter 11, P011-018: 曹操看书，大骂：「刘备何人，敢以书来劝我！且中间有讥讽之意！」命斩来使，一面竭力攻城。郭嘉谏曰：「刘备远来救援，先礼后兵，主公当用好言答之，以慢备心；然后进兵攻城，城可破也。」操从其言，款留来使，候发回书。 || Chapter 11, P011-020: 操闻报大惊曰：「兖州有失，使吾无家可归矣，不可不亟图之！」郭嘉曰：「主公正好卖个人情与刘备，退军去复兖州。」操然之，即时答书与刘备，拔寨退兵。 || Chapter 16, P016-027: 操不答。彧出，郭嘉入。操曰：「荀彧劝我杀玄德，当如何？」嘉曰：「不可。主公兴义兵，为百姓除暴，惟仗信义以招俊杰，犹惧其不来也；今玄德素有英雄之名，以困穷而来投，若杀之，是害贤也。天下智谋之士，闻而自疑，将裹足不前，主公与谁定天下乎？夫除一人之患，以阻四海之望，安危之机，不可不察。」",same_body_paragraph
刘备,马腾,9,6,21;23;24;57;58;120,"Chapter 21, P021-001: 却说董承等问马腾曰：「公却用何人？」马腾曰：「见有豫州牧刘玄德在此，何不求之？」承曰：「此人虽系皇叔，今正依附曹操，安肯行此事耶？」腾曰：「吾观前日围场之中，曹操迎受众贺之时，云长在玄德背后，挺刀欲杀操，玄德以目视之而止。玄德非不欲图操，恨操爪牙多，恐力不及耳。公试求之，当必应允。」吴硕曰：「此事不宜太速，当从容商议。」众皆散去。 || Chapter 21, P021-004: 于是董承取衣带诏令观之。玄德不胜悲愤。又将义状出示，上止有六位：一，车骑将军董承；二，工部侍郎王子服；三，长水校尉种辑；四，议郎吴硕；五，昭信将军吴子兰；六，西凉太守马腾。玄德曰：「公既奉诏讨贼，备敢不犬马之劳。」承拜谢，便请书名。玄德亦书「左将军刘备」，押了字，付承收讫。承曰：「尚容再请三人，共聚十义，以图国贼。」玄德曰：「切宜缓缓而行，不可轻泄。」 || Chapter 21, P021-019: 却说马腾见玄德已去，边报又急，亦回西凉州去了。玄德兵至徐州，刺史车胄出迎。公宴毕，孙干，糜竺，等都来参见。玄德回家探视老小，一面差人探听袁术。探子回报：「袁术奢侈太过，雷薄，陈兰，皆投嵩山去了。术声势甚衰，乃作书让帝号于袁绍，绍命人召术，术乃收拾人马，宫禁御用之物，先到徐州来。」",same_body_paragraph
刘表,吕布,9,7,16;17;18;43;44;56;93,"Chapter 16, P016-029: 操正欲起兵，自往征吕布，忽流星马报说张济自关中引兵攻南阳，为流矢所中而死；济姪张绣统其众，用贾诩为谋士，结连刘表，屯兵宛城，欲兴兵犯阙夺驾。操大怒，欲兴兵讨之，又恐吕布来攻许都，乃问计于荀彧。彧曰：「此易事耳。吕布无谋之辈，见利必喜；明公可遣使往徐州，加官赐赏，令与玄德解和。布喜，则不思远图矣。」操曰：「善。」遂差奉军都尉王则，赍官诰并和解书，往徐州去讫；一面起兵五十万，亲讨张绣。分军三路而行，以夏侯惇为先锋。军马至淯水下寨。 || Chapter 16, P016-043: 登点头允诺，回徐州见吕布。布问之，登言父赠禄，某为太守。布大怒曰：「汝不为吾求徐州牧，而乃自求爵禄！汝父教我协同曹公，绝婚公路，今吾所求，终无一获，而汝父子俱各显贵，吾为汝父子所卖耳！」遂拔剑欲斩之。登大笑曰：「将军何其不明之甚也！」布曰：「吾何不明？」登曰：「吾见曹公，言养将军譬如养虎，当饱其肉；不饱则将噬人。」曹公笑曰：「不如卿言。吾待温侯，如养鹰耳，狐兔未息，不敢先饱。饥则为用，饱则飏去。」某问：「谁为狐兔？」曹公曰：「淮南袁术、江东孙策、冀州袁绍、荆州刘表、益州刘璋、汉中张鲁，皆狐兔也。」布掷剑笑曰：「曹公知我也！」正说话间，忽报袁术军来取徐州。吕布闻言失惊。正是：秦晋未谐吴越斗，婚姻惹出甲兵来。毕竟后事如何。且看下文分解。 || Chapter 17, P017-020: 操踌躇未决。忽报马到，报说：「张绣依托刘表，复肆猖獗；南阳诸县复反；曹洪拒敌不住，连输数阵，今特来告急。」操乃驰书与孙策，令其跨江布阵，以为刘表疑兵，使不敢妄动；自己即日班师，别议征张绣之事。临行，令玄德仍屯兵小沛，与吕布结为兄弟，互相救助，再无相侵。吕布引兵自回徐州。操密谓玄德曰：「吾令汝屯兵小沛，是『掘坑待虎』之计也。公但与陈珪父子商议，勿致有失。某当为公外援。」话毕而别。",same_body_paragraph
刘表,荀彧,9,5,16;18;23;31;34,"Chapter 16, P016-029: 操正欲起兵，自往征吕布，忽流星马报说张济自关中引兵攻南阳，为流矢所中而死；济姪张绣统其众，用贾诩为谋士，结连刘表，屯兵宛城，欲兴兵犯阙夺驾。操大怒，欲兴兵讨之，又恐吕布来攻许都，乃问计于荀彧。彧曰：「此易事耳。吕布无谋之辈，见利必喜；明公可遣使往徐州，加官赐赏，令与玄德解和。布喜，则不思远图矣。」操曰：「善。」遂差奉军都尉王则，赍官诰并和解书，往徐州去讫；一面起兵五十万，亲讨张绣。分军三路而行，以夏侯惇为先锋。军马至淯水下寨。 || Chapter 18, P018-005: 次日，忽荀彧差人报说：「刘表助张绣屯兵安众，截吾归路。」操答彧书曰：「吾日行数里，非不知贼来追我，然吾计划已定，若到安众，破绣必矣。君等勿疑。」便催军行至安众县界。刘表军已守险要，张绣随后引军赶来。操乃令众军黑夜凿险开道，暗伏奇兵。 || Chapter 18, P018-007: 且说荀彧探知袁绍欲兴兵犯许都，星夜驰书报曹操。操得书心慌，即日回兵。细作报知张绣，绣欲追之。贾诩曰：「不可追也，追之必败。」刘表曰：「今日不追，坐失机会矣。」力劝绣引军万余同往追之。约行十余里，赶上曹军后队。曹军奋力接战，绣、表两军大败而还。绣谓诩曰：「不用公言，果有此败。」诩曰：「今可整兵再往追之。」绣与表俱曰：「今已败，奈何复追？」诩曰：「今番追去，必获大胜，如其不然，请斩吾首。」绣信之。刘表疑虑，不肯同往。绣乃自引一军往追，操兵果然大败，军马辎重，连路散弃而走。",same_body_paragraph
华歆,曹丕,9,3,78;79;80,"Chapter 78, P078-023: 须臾，华歆入。众问其来意。歆曰：「今魏王薨逝，天下震动，何不早请世子嗣位？」众官曰：「正因不及候诏命，方议欲以王后卞氏慈旨立世子为王。」歆曰：「吾已于汉帝处索得诏命在此。」众皆踊跃称贺。歆于怀中取出诏命开读。原来华歆谄事魏，故草此诏，威逼献帝降之；帝只得听从，故下诏即封曹丕为魏王、丞相冀州牧。丕即日登位，受大小官僚拜舞起居。 || Chapter 79, P079-002: 于是曹丕安居王位，改建安二十五年为延康元年。封贾诩为太尉，华歆为相国，王朗为御史大夫。大小官僚，尽皆升赏。谥曹操曰武王，葬于邺郡高陵。令于禁董治陵事。禁奉命到彼，只见陵屋中白粉壁上，图画关云长水渰七军擒获于禁之事：画云长俨然上坐，庞德愤怒不屈，于禁拜伏于地，哀求乞命之状。原来曹丕以于禁兵败被擒，不能死节，既降敌而复归，心鄙其为人，故先令人图画陵屋粉壁，故意使之往见以愧之。当下于禁见此画像，又羞又恼，气愤成病，不久而死。后人有诗叹曰： || Chapter 79, P079-004: 却说华歆奏曹丕曰：「鄢陵侯已交割军马，赴本国去了；临淄侯植，萧怀侯熊，二人竟不来奔丧，理当问罪。」丕从之，即分遣二使往二处问罪。",same_body_paragraph
司马懿,孟达,9,2,94;95,"Chapter 94, P094-007: 却说孔明自出师以来，累获全胜，心中甚喜；正在祁山寨中，会聚议事，忽报镇守永安宫李严令子李丰来见。孔明只道东吴犯境，心甚惊疑，唤入帐中问之。丰曰：「特来报喜。」孔明曰：「有何喜？」丰曰：「昔日孟达降魏，乃不得已也。彼时曹丕爱其才，时以骏马金珠赐之，曾同辇出入，封为散骑常侍，领新城太守，镇守上庸、金城等处，委以西南之任。自丕死后，曹叡即位，朝中多人嫉（左女右石），孟达日夜不安，常谓诸将曰：『吾本蜀将，势逼于此。』今累差心腹人，持书来见家父，教早晚代禀丞相：前者五路下川之时，曾有此意；今在新城，听知丞相伐魏，欲起金城、新城、上庸三处军马，就彼举事，迳取洛阳；丞相取长安，两京大定矣。今某引来人并累次书信呈上。」孔明大喜，厚赏李丰等。忽细作入报说：「魏主曹叡，一面驾幸长安；一面诏司马懿复职，加为平西都督，起本处之兵，于长安聚会。」孔明大惊。参军马谡曰：「量曹叡何足道！若来长安，可就而擒之。丞相何故惊讶？」孔明曰：「吾岂惧曹叡耶？所患者惟司马懿一人而已。今孟达欲举大事，若遇司马懿，事必败矣。达非司马懿对手，必被所擒。孟达若死，中原不易得也。」马谡曰：「何不急修书，令孟达隄防？」孔明从之，即修书令来人星夜回报孟达。 || Chapter 94, P094-008: 却说孟达在新城，专望心腹人回报。一日，心腹人到来，将孔明回书呈上。孟达拆封视之。书略曰：近得书，足知公忠义之心，不忘故旧，吾甚喜慰。若成大事，则公汉朝中兴第一功也。然极宜谨密，不可轻易托人。慎之！戒之！近闻曹叡复诏司马懿起宛、洛之兵，若闻公举事，必先至矣。须万全隄备，勿视为等闲也。」孟达览毕，笑曰：「人言孔明心多，今观此事可知矣。」乃具回书，令心腹人来答孔明。孔明唤入帐中。其人呈上回书。孔明拆封视之。书曰： || Chapter 94, P094-010: 孔明看毕，掷书于地而顿足曰：「孟达必死于司马懿之手矣！」马谡问曰：「丞相何谓也？」孔明曰：「兵法云：『攻其不备，出其不意。』岂容料在一月之期？曹叡既委任司马懿，逢寇即除，何待奏闻？若知孟达反，不须十日，兵必到矣，安能措手耶？」众将皆服。孔明急令来人回报曰：「若未举事，切莫教同事者知之，知则必败。」其人拜辞，归新城去了。",same_body_paragraph
吕蒙,周瑜,9,6,38;44;51;56;75;77,"Chapter 38, P038-027: 言讫遂终。孙权哀哭，具丧葬之礼，自不必说。至来年春，孙权商议欲伐黄祖。张昭曰：「居丧未及期年，不可动兵．」周瑜曰：「报仇雪恨，何待期年？」权犹豫未决。适北平都尉吕蒙入见，告权曰：「某把龙湫水口，忽有黄祖部将甘宁来降。某细询之。宁字兴霸，巴郡临江人也；颇通书史，有气力，好游侠；尝招合亡命，纵横于江湖之中；腰悬铜铃，人听铃声，尽皆避之。又尝以西川锦作帆幔，时人皆称为『锦帆贼』。后悔前非，改行从善，引众投刘表。见表不能成事，即欲来投东吴，却被黄祖留住在夏口。 || Chapter 38, P038-030: 孙权曰：「此金玉之论也！」遂命周瑜为大都督，总水陆军兵；吕蒙为前部先锋；董袭与甘宁为副将；权自领大军十万，征讨黄祖。细作探知，报至江夏。黄祖急聚众商议，令苏飞为大将，陈就、邓龙为先锋，尽起江夏之兵迎敌。陈就、邓龙各引一队艨艟截住沔口，艨艟上各设强弓硬弩千余张，将大索系定艨艟于水面上。东吴兵至，艨艟上鼓响，弓弩齐发，兵不敢进，约退数里水面。甘宁谓董袭曰：「事已至此，不得不进。」乃选小船百余只，每船用精兵五十人。──二十人撑船，三十人各披衣甲，手执钢刀，──不避矢石，直至艨艟傍边，砍断大索，艨艟遂横。 || Chapter 44, P044-005: 瑾等辞退。忽又报吕蒙、甘宁等一班儿来见。瑜请入，亦叙谈此事。有要战者，有要降者，互相争论。瑜曰：「不必多言，来日都到府下公议。」众乃辞去。周瑜冷笑不止。",same_body_paragraph
吕蒙,陆逊,9,5,38;44;68;75;76,"Chapter 38, P038-017: 却说孙权自孙策死后，据住江东，承父兄基业，广纳贤士，开宾馆于吴会，命顾雍、张纮延接四方宾客。连年以来，你我相荐。时有会稽阚泽，字德润；彭城严畯，字曼才；沛县薛综，字敬文；汝南程秉，字德枢；吴郡朱桓，字休穆；陆绩，字公纪；吴人张温，字惠恕；会稽凌统，字公续；乌程吴粲，字孔休：此数人皆至江东。孙权敬礼甚厚。又得良将数人，乃汝阳吕蒙，字子明，吴郡陆逊，字伯言，瑯琊徐盛，字文向，东郡潘璋，字文珪，庐江丁奉，字承渊。文武诸人，共相辅佐。由此江东称得人之盛。 || Chapter 44, P044-024: 令毕，即差韩当、黄盖，为前部先锋，领本部战船，即日起行，前至三江口下寨，别听将令；蒋钦、周泰，为第二队；凌统、潘璋，为第三队；太史慈、吕蒙，为第四队；陆逊、董袭为第五队；吕范、朱治为四方巡警使。催督六队官军，水陆并进，克期取齐。 || Chapter 68, P068-012: 却说陈武与庞德大战，后面又无应兵，被庞德赶到谷口，树林丛密陈武再欲回身交战，被树株抓住袍袖，不能迎敌，为庞德所杀。曹操见孙权走脱了，自策马驱兵，赶到江边对射。吕蒙箭尽。正慌间，忽对江一队船到，为首一员大将，乃孙策女婿陆逊，自引十万兵到；一阵射退曹兵，乘势登岸追杀曹兵，复夺战马数千匹，------曹兵伤者，不计其数？大败而回。--于乱军中寻见陈武尸首。",same_body_paragraph
周瑜,孙策,9,3,15;29;48,"Chapter 15, P015-010: 策拜谢，遂引军马，带领朱治，吕范，旧将程普，黄盖，韩当等，择日起兵。行至历阳，见一军到。当先一人：姿质风流，仪容秀丽；见了孙策，下马便拜。策视其人，乃庐江舒城人：姓周，名瑜，字公瑾。原来孙坚讨董卓之时，移家舒城，瑜与孙策同年，交情甚密，因结为昆仲。策长瑜两月，瑜以兄事策。瑜叔周尚，为丹阳太守，今往省亲，到此与策相遇。 || Chapter 15, P015-019: 忽然喊声后起，乃刘繇接应军到来，约有千余。策正慌急，程普等十二骑亦冲到，策与慈方才放手。慈于军中讨了一匹马，取了鎗，上马复来。孙策的马，却是程普收得，策亦取鎗上马。刘繇一千余军，和程普等十二骑混战，逶迤杀到神亭岭下。喊声起处，周瑜领军来到。刘繇自引大军杀下岭来。时近黄昏，风雨暴至，两下各自收军。 || Chapter 15, P015-021: 两军呐喊，这边夸胜，那边道强。太史慈出马，要与孙策决个胜负，策遂欲出。程普曰：「不须主公劳力，某自擒之。」程普出到阵前，太史慈曰：「你非我之敌手，只教孙策出马来！」程普大怒，挺鎗直取太史慈。两马相交，战到三十合，刘繇急鸣金收军。太史慈曰：「我正要捉拿贼将，何故收军？」刘繇曰：「人报周瑜领军袭取曲阿，有庐江松滋人陈武，字子烈，接应周瑜入去。吾家基业已失，不可久留。速往秣陵，会薛礼，笮融军马，急来接应。」",same_body_paragraph
孔融,曹操,9,5,5;11;22;23;40,"Chapter 5, P005-023: 正虑间，小校报来：「吕布搦战。」八路诸侯，一齐上马．军分八队，布在高冈。遥望吕布一簇军马，绣旗招飐，先来冲阵。上党太守张杨部将穆顺，出马挺鎗迎战，被吕布手起一戟，刺于马下。众大惊。北海太守孔融部将武安国，使铁锤飞马而出。吕布挥戟拍马来迎。战到十余合，一戟砍断安国手腕，弃锤于地而走。八路军兵齐出，救了武安国。吕布退回去了。众诸侯回寨商议。曹操曰：「吕布英勇无敌，可会十八路诸侯，共议良策。若擒了吕布，董卓易诛耳。」 || Chapter 11, P011-005: 当日正与客坐，人报徐州糜竺至。融请入见，问其来意，竺出陶谦书，言：「曹操攻围甚急，望明公垂救。」融曰：「吾与陶恭祖交厚，子仲又亲到此，如何不去。只是曹孟德与我无雠，当先遣人送书解和。如其不从，然后起兵。」竺曰：「曹操倚仗兵威，决不肯和。」融教一面点兵，一面差人送书。正商议间，忽报黄巾贼党管亥部领群寇数万杀奔前来。孔融大惊，急点本部人马，出城与贼迎战。管亥出马曰：「吾知北海粮广，可借一万石，即便退兵；不然，打破城池老幼不留！」孔融叱曰：「吾乃大汉之臣，守大汉之地，岂有粮米与贼耶！」管亥大怒，拍马舞刀，直取孔融。融将宗宝挺鎗出马；战不数合，被管亥一刀，砍宗宝于马下。孔融兵大乱，奔入城中。管亥分兵四面围城，孔融心中郁闷。糜竺怀愁，更不待言。 || Chapter 11, P011-010: 孔融迎接玄德入城，叙礼毕，大设筵宴庆贺。又引糜竺出见玄德，具言张闿杀曹嵩之事：「今曹操纵兵大掠，围住徐州，特来求救。」玄德曰：「陶恭祖乃仁人君子，不意受此无辜之冤。」孔融曰：「公乃汉室宗亲，今曹操残害百姓，倚强欺弱，何不与融同往救之？」玄德曰：「备非敢推辞，奈兵微将寡，恐难轻动。」孔融曰：「融之欲救陶恭祖，虽因旧谊，亦为大义。公岂独无仗义之心耶？」玄德曰：「既如此，请文举先行，容备去公孙瓒处，借三五千人马，随后便来。」融曰：「公切勿失信。」玄德曰：「公以备为何如人也？圣人云：『自古皆有死，人无信不立。』刘备借得军，或借不得军，必然亲至。」",same_body_paragraph
孙坚,黄盖,9,4,5;6;7;15,"Chapter 5, P005-012: 却说孙坚引四将直至关前。那四将：第一个，右北平土垠人：姓程，名普，字德谋，使一条铁脊蛇矛；第二个，姓黄，名盖，字公覆，零陵人也，使铁鞭：第三个，姓韩，名当，字义公，辽西令支人也，使一口大刀；第四个，姓祖，名茂，字大荣，吴郡富春人也，使双刀。孙坚披烂银铠，里赤帻，横古锭刀，骑花鬃马，指关上而骂曰：「助恶匹夫，何不早降！」 || Chapter 5, P005-015: 华雄军于下遥月见赤帻，四面围定，不敢近前。用箭射之，方知是计，遂向前取了赤帻。祖茂于林后杀出，挥双刀欲劈华雄；雄大喝一声，将祖茂一刀砍于马下。杀至天明，雄方引兵上关。程普，黄盖，韩当都来寻见孙坚，再收拾军马屯扎。坚为折了祖茂，伤感不已，星夜遣人报知袁绍。绍大惊曰：「不想孙文台败于华雄之手！」便聚众诸侯商议。众人都到，只有公孙瓒后至，绍请入帐列坐。绍曰：「前日鲍将军之弟不遵调遣，擅自进兵，杀身丧命，折了许多军士。今者孙文台又败于华雄：挫动锐气，为之奈何？」诸侯并皆不语。 || Chapter 6, P006-001: 却说张飞拍马赶到关下，关上矢石如雨，不得进而回。八路诸侯，同请玄德、关、张贺功，使人去袁绍寨中报捷。绍遂移檄孙坚，令其进兵。坚引程普，黄盖，至袁术寨中相见。坚以杖画地曰：「董卓与我，本无雠隙。今我奋不顾身，亲冒矢石，来决死战者：上为国家讨贼，下为将军家门之私；而将军却听谗言，不发粮草，致坚败绩，将军何安！」",same_body_paragraph
孙权,顾雍,9,9,38;43;44;61;65;68;82;86;96,"Chapter 38, P038-017: 却说孙权自孙策死后，据住江东，承父兄基业，广纳贤士，开宾馆于吴会，命顾雍、张纮延接四方宾客。连年以来，你我相荐。时有会稽阚泽，字德润；彭城严畯，字曼才；沛县薛综，字敬文；汝南程秉，字德枢；吴郡朱桓，字休穆；陆绩，字公纪；吴人张温，字惠恕；会稽凌统，字公续；乌程吴粲，字孔休：此数人皆至江东。孙权敬礼甚厚。又得良将数人，乃汝阳吕蒙，字子明，吴郡陆逊，字伯言，瑯琊徐盛，字文向，东郡潘璋，字文珪，庐江丁奉，字承渊。文武诸人，共相辅佐。由此江东称得人之盛。 || Chapter 43, P043-027: 张昭知孙权欲兴兵，遂与众议曰：「中了孔明之计也！」急入见权曰：「昭等闻主公将兴兵与曹操争锋。主公自思比袁绍若何？曹操向日兵微将寡，尚能一鼓克袁绍，何况今日拥百万之众南征，岂可轻敌？若听诸葛亮之言，妄动甲兵，此所谓负薪救火也。」孙权只低头不语。顾雍曰：「刘备因为曹操所败，故欲借我江东之兵以拒之，主公奈何为其所用乎？愿听子布之言。」 || Chapter 44, P044-015: 孔明与鲁肃辞出，相别而去。次日清晨，孙权升堂。左边文官张昭、顾雍等三十余人；右边武官程普、黄盖等三十余人。衣冠济济，剑佩锵锵，分班侍立。",same_body_paragraph
孟达,黄忠,9,4,62;65;70;71,"Chapter 62, P062-030: 却说玄德令黄忠，魏延各守一寨，自回涪城，与军师庞统商议。细作报说：「东吴孙权遣人结好东川张鲁，将欲来攻葭萌关。」玄德惊曰：「若葭萌关有失，截断后路，吾进退不得，当如之何？」庞统谓孟达曰：「公乃蜀中人，多知地理，去守葭萌关，如何？」达曰：「某保一人与某同去守关，万无一失。」玄德问何人。达曰：「此人曾在荆州刘表部下为中郎将，乃南郡枝江人。姓霍，名峻，字仲邈。」玄德大喜，即时遣孟达，霍峻守葭萌关去了。 || Chapter 65, P065-021: 时孙干已回。玄德复命霍峻，孟达守关，便撤兵来取成都。赵云，黄忠接入绵竹。人报「蜀将刘晙，马汉引军到。」赵云曰：「某愿往擒此二人！」言讫，上马引军出。玄德在城上款待马超吃酒。未曾安席，子龙已斩二人之头，献于筵前。马超亦惊，倍加敬重。超曰：「不须主公厮杀，超自唤出刘璋来降。如不肯降，超自与弟马岱取成都，双手奉献。」玄德大喜。是日尽欢。 || Chapter 65, P065-027: 玄德从之，设一大宴，请刘璋收拾财物，佩领振威将军印绶，将妻子良贱，尽赴南郡公安住歇，即日起行。玄德自领益州牧，其所降文武，尽皆重赏，定拟名爵。严颜为前将军，法正为蜀郡太守，董和为掌军中郎将，许靖为左将军长史，庞义为营中司马，刘巴为左将军，黄权为右将军。其余吴懿，费观，彭羕，卓膺，李严，吴兰，雷同，李恢，张翼，秦宓，谯周，吕义，霍峻，邓芝，杨洪，周群，费袆，费诗，孟达，……文武投降官员，共六十余人，并皆擢用。诸葛亮军师，关云长为荡寇将军汉寿亭侯，张飞为征远将军新亭侯，赵云为镇远将军，黄忠为征西将军，魏延为扬武将军，马超为平西将军。孙干，简雍，糜竺、糜芳，刘封，关平，周仓，廖化，马良，马谡，蒋琬，伊籍，及旧日荆襄一班文武官员，尽皆升赏。遣使赍黄金五百斤，白银一千斤，钱五千万，蜀锦一千疋，赐与云长。其余官将，给赐有差。杀牛宰马，大饷士卒，开仓赈济百姓，军民大悦。",same_body_paragraph
徐晃,袁绍,9,4,27;30;31;50,"Chapter 27, P027-001: 却说曹操部下诸将中，自张辽而外，只有徐晃与云长交厚，其余亦皆敬服；独蔡阳不服关公，故今日闻其去，欲住追之。操曰：「不忘故主，来去明白，真丈夫也。汝等皆当效之。」遂叱退蔡阳，不令去赶。程昱曰：「丞相待关某甚厚，今彼不辞而去，乱言片楮，冒渎钧威，其罪大矣。若纵之使归袁绍，是与虎添翼也。不若追而杀之，以绝后患。」 || Chapter 30, P030-004: 三通鼓罢，袁绍金盔金甲，锦袍玉带，立马阵前。左右排列著张郃、高览、韩猛、淳于琼等诸将。旌旗节钺，甚是严整。曹阵上门旗开处，曹操出马。许褚、张辽、徐晃、李典等，各持兵器，前后拥卫。曹操以鞭指袁绍曰：「吾于天子之前，保奏你为大将军；今何故谋反？」绍怒曰：「汝托名汉相，实为汉贼！罪恶弥天，甚于莽、卓，乃反诬人造反耶！」操曰：「吾今奉诏讨汝！」绍曰：「吾奉衣带诏讨贼！」 || Chapter 30, P030-011: 操遂差徐晃带将史涣并所部兵先出，后使张辽、许褚引兵救应。当夜韩猛押粮车数千辆，解赴绍寨。正走之间，山谷内徐晃、史涣引军截住去路，韩猛飞马来战。徐晃接住厮杀，史涣便杀散人夫，放火焚烧粮车。韩猛抵当不住，拨马回走。徐晃催军烧尽辎量。袁绍军中，望见西北上火起，正惊疑间，败军报来：「粮草被劫。」",same_body_paragraph
徐晃,黄忠,9,2,71;72,"Chapter 71, P071-017: 操令人寻管辂时，不知何处去了。操深恨黄忠，遂亲统率大军，来定军山与夏侯渊报雠，令徐晃作先锋。行到汉水，张郃，杜袭，接著曹操。二将曰：「今定军山已失，可将米仓山粮草移于北山寨中屯积，然后进兵。」曹操依允。 || Chapter 71, P071-020: 却说黄忠回到寨中，谓副将张著曰：「我斩了夏侯渊，张郃丧胆；吾明日领命去劫粮草，只留五百军守营。你可助吾。今夜三更，尽皆饱食；四更离营，杀到北山脚山下，先捉张郃，后劫粮草。」张著依令。当夜黄忠领人马在前，张著在后，偷过汉水，直到北山之下。东方日出，见粮积如山。有些少军士看守，见蜀兵到，尽弃而走。黄忠教马军一齐下马，取柴堆于米粮之上。正欲放火。张郃兵到，与忠混战一处。曹操闻知，急令徐晃接应。晃领兵前进，将黄忠困在垓心。张著引三百军走脱，正要回寨，忽一枝兵撞出，拦住去路；为首大将，乃是文聘；后面曹兵又至，把张著围住。 || Chapter 71, P071-022: 翼连声应诺。云挺鎗骤马直杀往前去。迎头一将拦住，乃文聘部将慕容烈也，拍马舞刀来迎赵云；被云手起一鎗刺死。曹兵败走。云直杀入重围，又一枝兵截住；为首乃魏将焦柄。云喝问曰：「蜀兵何在﹖」炳曰：「已杀尽矣！」云大怒，骤马一枪又刺死焦柄。杀散余兵，直至北山之下，见张郃，徐晃，两人围住黄忠，军士被困多时。云大喊一声，挺枪骤马，杀入重围；左冲右突，如入无人之境；那鎗浑身上下，若舞梨花；遍体纷纷，如飘瑞雪。",same_body_paragraph
曹操,法正,9,5,60;63;65;70;73,"Chapter 60, P060-020: 张松回益州，先见友人法正。正字孝直，右扶风郡人也，贤士法真之子。松见正，备说：「曹操轻贤傲士，只可同忧，不可同乐。吾已将益州许刘皇叔矣。专欲与兄共议。」法正曰：「吾料刘璋无能，已有心见刘皇叔久矣。此心相同，又何疑焉？」 || Chapter 60, P060-022: 次日，张松见刘璋。璋问：「干事若何？」松曰：「操乃汉贼，欲篡天下，不可为言。彼已有取川之心。」璋曰：「似此如之奈何？」松曰：「松有一谋，使张鲁，曹操必不敢轻犯西川。」璋曰：「何计？」松曰：「荆州刘皇叔，与主公同宗，仁慈宽厚，有长者风。赤壁鏖兵之后，操闻之而胆裂，何况张鲁乎？主公何不遣使结好，使为外援？可以拒曹操张鲁矣。」璋曰：「吾亦有此心久矣。谁可为使？」松曰：「非法正，孟达，不可往也。」璋即召二人入，修书一封，令法正为使，先通情好；次遣孟达领精兵五千，迎玄德入川为援。 || Chapter 60, P060-023: 正商议间，一人自外突入，汗流满面，大叫曰：「主公若听张松之言，则四十一州郡，已属他人矣！」松大惊；视其人，乃西阆中巴人，姓黄，名权，字公衡，现为刘璋府下主簿。璋问曰：「玄德与我同宗，吾故结之为援；汝何出此言？」权曰：「某素知刘备宽以待人，柔能克刚，英雄莫敌。远得人心，近得民望。兼有诸葛亮，庞统之智谋，关，张，赵云，黄忠，魏延为羽翼。若召到蜀中，以部曲待之，刘备岂肯伏低做小？若以客礼待之，又一国不容二主。今听臣言，则西蜀有泰山之安；不听臣言，则主公有累卵之危矣。张松昨从荆州过，必与刘备同谋。可先斩张松，后绝刘备，则西川万幸也。」璋曰：「曹操，张鲁到来，何以拒之？」权曰：「不如闭境绝塞，棎沟高垒，以待时清。」璋曰：「贼兵犯界，有燃眉之急；若待时清，则是慢计也。」遂不从其言，遣法正行。又一人阻曰：「不可！不可！」",same_body_paragraph
曹洪,袁绍,9,6,6;22;24;30;31;33,"Chapter 6, P006-009: 且说孙坚飞奔洛阳，遥望火焰冲天，黑烟铺地，二三百里，并无鸡犬人烟；坚先发兵救灭了火，令众诸侯各于荒地上屯住军马。曹操来见袁绍曰：「今董贼西去，正可乘势追袭；本初按兵不动，何也？」绍曰：「诸兵疲困，进恐无益。」操曰：「董贼焚烧宫室，劫迁天子，海内震动，不知所归；此天亡之时也，一战而天下定矣。诸侯何疑而不进？」众诸侯皆言不可轻动。操大怒曰：「竖子不足与谋！」遂自引兵万余，领夏侯惇，夏侯渊，曹仁，曹洪，李典，乐进，星夜来赶董卓。 || Chapter 22, P022-019: 绍览檄大喜，即命使将此檄遍行州郡，并于各处关津隘口张挂。檄文传至许都，时曹操方患头风，卧病在床。左右将此檄传进，操见之，毛骨悚然，出了一身冷汗，不觉头风顿愈，从床上一跃而起，顾谓曹洪曰：「此檄何人所作？」洪曰：「闻是陈琳之笔。」操笑曰：「有文事者，必须以武略济之。陈琳文事虽佳，其如袁绍武略之不足何！」遂聚众谋士商议迎敌。 || Chapter 24, P024-007: 操谕监宫官曰：「今后但有外戚宗族，不奉吾旨，辄入宫门者斩。守御不严，与同罪。」又拨心腹人三千充御林军，令曹洪统领，以为防察。操谓程昱曰：「今董承等虽诛，尚有马腾，刘备，亦在此数，不可不除。」昱曰：「马腾屯军西凉，未可轻取；但当以书慰劳，勿使生疑，诱入京师图之，可也。刘备现在徐州，分布掎角之势，亦不可轻敌。况今袁绍屯兵官渡，常有图许都之心。若我一旦东征，刘备势必求救于绍。绍趁虚来袭，何以当之？」操曰：「非也，备乃人杰也。今若不击，待其羽翼既成，急难图矣。袁绍虽强，事多怀疑不决，何足忧乎？」",same_body_paragraph
程昱,荀彧,9,7,10;11;14;22;23;24;37,"Chapter 10, P010-011: 操在兖州，招贤纳士。有叔姪二人来投曹操：乃颖川颖阴人：姓荀，名彧，字文若，荀昆之子也；旧事袁绍，今弃绍投操；操与语大悦，曰：「此吾之子房也！」遂以为行军司马。其姪荀攸，字公达，海内名士，曾拜黄门侍郎，后弃官归乡，今与其叔同投曹操，操以为行军教授。荀彧曰：「某闻兖州有一贤士，今此人知何在。」操问是谁，彧曰：「乃东郡东阿人：姓程，名昱，字仲德。」操曰：「吾亦闻名久矣。」遂遣人于乡中寻问。访得他在山中读书，操拜请之。程昱来见，曹操大喜。 || Chapter 10, P010-018: 当下应劭部下有逃命的军士，报与曹操。操闻之，哭倒于地。众人救起。操切齿曰：「陶谦纵兵杀吾父，此雠不共戴天！吾今悉起大军，洗荡徐州，方雪吾恨！」遂留荀彧、程昱领军三万守鄄城，范县，东阿三县，其余尽杀奔徐州来。夏侯惇，于禁，典韦为先锋。操令但得城池，将城中百姓，尽行屠戮，以雪父雠。当有九江太守边让，与陶谦交厚，闻知徐州有难，自引兵五千来救。操闻之大怒，使夏侯惇于路截杀之。 || Chapter 11, P011-019: 正商议间，忽流星马飞报「祸事！」。操问其故，报说吕布已袭破兖州，进据濮阳。原来吕布自遭李、郭之乱，逃出武关，去投袁术；术怪吕布反复不定，拒而不纳。投袁绍，绍纳之，与布共破张燕于常山；布自以为得志，傲慢袁绍手下将士。绍欲杀之，布乃去投张扬，扬纳之。时庞舒在长安城中，私藏吕布妻小，送还吕布。李傕、郭汜知之，遂斩庞舒，写书与张扬，教杀吕布；布因弃张扬去投张邈。恰好张邈弟张超引陈宫来见张邈。宫说邈曰：「今天下分崩，英雄并起，君以千里之众，而反受制于人，不亦鄙乎！今曹操征东，兖州空虚，而吕布乃当世勇士，若与之共取兖州，伯业可图也。」张邈大喜，便令吕布袭破兖州，随据濮阳。止有鄄城，东阿，范县三处，被荀彧、程昱设计死守得全，其余俱破。曹仁屡战，皆不能胜，特此告急。",same_body_paragraph
程昱,袁绍,9,7,10;11;22;24;25;27;31,"Chapter 10, P010-011: 操在兖州，招贤纳士。有叔姪二人来投曹操：乃颖川颖阴人：姓荀，名彧，字文若，荀昆之子也；旧事袁绍，今弃绍投操；操与语大悦，曰：「此吾之子房也！」遂以为行军司马。其姪荀攸，字公达，海内名士，曾拜黄门侍郎，后弃官归乡，今与其叔同投曹操，操以为行军教授。荀彧曰：「某闻兖州有一贤士，今此人知何在。」操问是谁，彧曰：「乃东郡东阿人：姓程，名昱，字仲德。」操曰：「吾亦闻名久矣。」遂遣人于乡中寻问。访得他在山中读书，操拜请之。程昱来见，曹操大喜。 || Chapter 11, P011-019: 正商议间，忽流星马飞报「祸事！」。操问其故，报说吕布已袭破兖州，进据濮阳。原来吕布自遭李、郭之乱，逃出武关，去投袁术；术怪吕布反复不定，拒而不纳。投袁绍，绍纳之，与布共破张燕于常山；布自以为得志，傲慢袁绍手下将士。绍欲杀之，布乃去投张扬，扬纳之。时庞舒在长安城中，私藏吕布妻小，送还吕布。李傕、郭汜知之，遂斩庞舒，写书与张扬，教杀吕布；布因弃张扬去投张邈。恰好张邈弟张超引陈宫来见张邈。宫说邈曰：「今天下分崩，英雄并起，君以千里之众，而反受制于人，不亦鄙乎！今曹操征东，兖州空虚，而吕布乃当世勇士，若与之共取兖州，伯业可图也。」张邈大喜，便令吕布袭破兖州，随据濮阳。止有鄄城，东阿，范县三处，被荀彧、程昱设计死守得全，其余俱破。曹仁屡战，皆不能胜，特此告急。 || Chapter 22, P022-021: 孔融默然。操大笑曰：「皆不出荀文若之料。」遂唤前军刘岱、后军王忠引军五万，打著丞相旗号，去徐州攻刘备。原来刘岱旧为衮州刺史；及操取衮州，岱降于操，操用为偏将，故今差他与王忠一同领兵。操却自引大军二十万，进黎阳，拒袁绍。程昱曰：「恐刘岱、王忠不称其使。」操曰：「吾亦知非刘备敌手，权且虚张声势。」分付：「不可轻进。待我破绍，再勒兵破备。」刘岱、王忠领兵去了。曹操自引兵至黎阳。两军隔八十里，各自深沟高垒，相持不战。自八月守至十月。原来许攸不乐审配领兵，沮授又恨绍不用其谋，各不相和，不图进取。袁绍心怀疑惑，不思进兵。操乃唤吕布手下降将臧霸把守青、徐；于禁、李典屯兵河上；曹仁总督大军，屯于官渡。操自引一军，竟回许都。",same_body_paragraph
荀彧,郭嘉,9,8,10;14;16;18;19;23;24;34,"Chapter 10, P010-012: 昱谓荀彧曰：「某孤陋寡闻，不足当公之荐。公之乡人姓郭，名嘉，字奉孝，乃当今贤士，何不罗而致之？」彧猛省曰：「吾几忘却！」遂启操征聘郭嘉到兖州，共论天下之事。郭嘉荐光武嫡派子孙，淮南成德人：姓刘，名晔，字子阳。操即聘晔至。晔又荐二人：一个是山阳昌邑人：姓满，名宠，字伯宁；一个是武城人：姓吕，名虔，字子恪。曹操亦素知这两个名誉，就聘为军中从事。满宠、吕虔共荐一人：乃陈留平邱人：姓毛，名玠，字孝先。曹操亦聘为从事。又有一将引军数百人，来投曹操：乃泰山巨平人：姓于，名禁，字文则。操见其人弓马熟娴，武艺出众，命为典军司马。 || Chapter 14, P014-022: 操自封为大将军武平侯，以荀彧为侍中尚书令；荀攸为军师；郭嘉为司马祭酒；刘晔为司空掾曹；毛玠，任峻为典农中郎将，催督钱粮；程昱为东平相，范成，董昭为洛阳令；满宠为许都令；夏侯惇，夏侯渊，曹仁，曹洪皆为将军；吕虔，李典，乐进，于禁，徐晃，皆为校尉；许褚，典韦，皆为都尉；其余将士，各各封官。自此大权皆归于曹操。朝廷大务，先禀曹操，然后方奏天子。 || Chapter 16, P016-027: 操不答。彧出，郭嘉入。操曰：「荀彧劝我杀玄德，当如何？」嘉曰：「不可。主公兴义兵，为百姓除暴，惟仗信义以招俊杰，犹惧其不来也；今玄德素有英雄之名，以困穷而来投，若杀之，是害贤也。天下智谋之士，闻而自疑，将裹足不前，主公与谁定天下乎？夫除一人之患，以阻四海之望，安危之机，不可不察。」",same_body_paragraph
公孙瓒,赵云,8,4,7;11;21;28,"Chapter 7, P007-009: 公孙瓒爬上坡去，看那少年：生得身长八尺，浓眉大眼，阔面重颐，威风凛凛，与文丑大战五六十合，胜负未分。瓒部下救军到，文丑拨马回去了。那少年也不追赶。瓒忙下土坡，问那少年姓名。那少年欠身答曰：「某乃常山真定人也：姓赵，名云，字子龙；本袁绍辖下之人。因见绍无忠君救民之心，故特弃彼而投麾下不期于此处相见。」瓒大喜，遂同归寨，整顿甲兵。 || Chapter 7, P007-011: 公孙瓒初得赵云，不知心腹，令其另领一军在后。遣大将严纲为先锋。瓒自领中军，立马桥上，傍竖大红圈金线「帅」字旗于马前。从辰时擂鼓，直至巳时，绍军不进。曲义令弓手皆伏于遮箭下，只听砲响发箭。严纲鼓噪呐喊，直取曲义，义军见严纲兵来，都伏而不动；直到来得至近，一声砲响，八百弓弩手一齐俱发。纲急得回，被曲义拍马舞刀，斩于马下，瓒军大败。左右两军，欲来救应，被被颜良、文丑引弓弩手射住。绍军并进，直杀到界桥边曲义马到，先斩执旗将，把绣旗砍倒。 || Chapter 7, P007-012: 公孙瓒见砍倒绣旗，回马下桥而走。曲义引军直冲到后军，正撞著赵云，挺鎗跃马，直取曲义。战不数合，一鎗刺曲义于马下。赵云一骑马飞入绍军，左冲右突，如入无人之境。公孙瓒引军杀回，绍军大败。",same_body_paragraph
关兴,关羽,8,6,74;77;78;81;83;94,"Chapter 74, P074-025: 关公自擒魏将于禁等，威震天下，无不惊骇。忽次子关兴来寨内省亲。公就令兴赍诸官立功文书去成都见汉中王，各求升迁。兴拜辞父亲，迳投成都去讫。 || Chapter 77, P077-026: 正商议间，荆州捷报使命，络绎而至。不一日，关兴到，具言水渰七军之事。忽又报马到来，报说关公于江边多设墩台，隄防甚密，万无一失。因此玄德放心。 || Chapter 78, P078-002: 言未毕，只见关兴号恸而来。玄德见了，大叫一声，又哭绝于地。众官救醒。一日哭绝三五次，三日水浆不进，只是痛哭；泪湿衣襟，斑斑成血。孔明与众官再三劝解。玄德曰：「孤与东吴，誓不同日月也！」孔明曰：「闻东吴将关公首级献与曹操，操以王侯礼祭葬之。」玄德曰：「此何意也？」孔明曰：「此是东吴欲移祸于曹操，操知其谋，故以厚礼葬关公，令主上归怨于吴也。」玄德曰：「吾今即提兵问罪于吴，以雪吾恨！」孔明谏曰：「不可。吴欲令我伐魏，魏亦欲令我伐吴；各怀谲计，伺隙而乘。主上只宜按兵不动，且与关公发丧。待吴、魏不和，乘时而伐之，可也。」",same_body_paragraph
关兴,曹真,8,5,93;94;97;98;100,"Chapter 93, P093-010: 三军鼓角己罢，司徒王朗乘马而出。上首乃都督曹真，下首乃副都督郭淮：两个先锋压住阵角。探子马出军前，大叫曰：「请对阵主将答话！」只见蜀兵门旗开处，关兴、张苞，分左右而出，立马于两边；次后一队队骁将分列；门旗影下，中央一辆四轮车，孔明端坐车中，纶巾羽扇，素衣皂（左糸右条），飘然而出。孔明举目见魏阵前三个麾盖，旗上大书姓名，中央白髯老者，乃军师司徒王朗。孔明暗忖曰：「王朗必不说词，吾当随机应之。」遂教推车出阵外，令护军小校传曰：「汉丞相与司徒会话。」王朗纵马而出。孔明于车上拱手，王朗在马上欠身答礼。朗曰：「久闻公之大名，今幸一会。公既知天命、识时务，何故兴无名之师？」孔明曰：「吾奉诏讨贼，何谓无名？」朗曰：「天数有变，神器更易，而归有德之人，此自然之理也。曩自桓、灵以来，黄巾倡乱，天下争横。降至初平、建安之岁，董卓造逆，傕、汜继虐；袁术僭号于寿春，袁绍称雄于邺上；刘表占据荆州，吕布虎吞徐郡：盗贼蜂起，奸雄鹰扬，社稷有累卵之危，生灵有倒悬之急。我太祖武皇帝，扫清六合，席卷八荒；万姓倾心，四方迎德：非以权势取之，实天命所归也。世祖文帝，神圣文武，以膺大统，应天合人，法尧禅舜，处中国以治万邦，岂非天心人意乎？今公蕴大才，报大器，欲自比于管乐，何乃强欲逆天理，背人情而行事耶？岂不闻古人云：『顺天者昌，逆天者亡。」今我大魏带甲百万，良将千员。谅腐草之萤光，怎及天心之皓月？公可倒戈卸甲，以礼来降，不失封侯之位。国安民乐，岂不美哉！」孔明在车上大笑曰：「吾以为汉朝大老元臣，必有高论，岂期出此鄙言！吾有一言，诸军静听：昔桓、灵之世，汉统陵替，宦官酿祸；国乱岁凶，四方扰攘。黄巾之后，董卓、傕、汜等接踵而起，迁劫汉帝，残暴生灵。因庙堂之上，朽木为官；殿陛之间，禽兽食禄。狼心狗行之辈，滚滚当朝；奴颜婢膝之徒，纷纷秉政。以致社稷邱墟，苍生涂炭。吾素知汝所行！世居东海之滨，初举孝廉入仕。理合匡君辅国，安汉兴刘；何期反助逆贼，同谋篡位！罪恶深重，天地不容！天下之人，愿食汝肉！」「今幸天意不绝炎汉，昭烈皇帝继统西川。吾今奉嗣君之旨，兴师讨贼。汝既为谄谀之臣，只可潜身缩首，苟图衣食；安敢在行伍之前，妄称天数耶！皓首匹夫！苍髯老贼！汝即日将归于九泉之下，何面目见二十四帝乎！老贼速退！可叫反臣与吾共决胜负！」王朗听罢，气满胸膛，大叫一声，撞死于马下。后人有诗赞孔明曰： || Chapter 93, P093-013: 却说孔明归帐，先唤赵云、魏延听令。孔明曰：「汝二人各引本部军去劫魏寨。」魏延进曰：「曹真深明兵法，必料我乘丧劫寨。他岂不隄防？」孔明笑曰：「吾正欲曹真知吾去劫寨也。彼必伏兵在祁山之后，待我兵过去，却来袭我寨；吾故令汝二人，引兵前去，过山脚后路，远下营寨，待魏兵来劫吾寨。汝看火起为号，分兵两路；文长拒住山口，子龙引兵杀回，必遇魏兵，却放彼走回，汝乘势攻之，彼必自相掩杀：可获全胜。」二将引兵受计而去。又唤关兴、张苞分付曰：「汝二人各引一军，伏于祁山要路；放过魏兵，却从魏兵来路，杀奔魏寨而去。」二人引兵受计去了。又令马岱、王平、张翼、张嶷四将，伏于寨外，四面迎击魏兵。孔明乃虚立寨栅，居中堆起柴草，以备火号；自引诸将退于寨后，以观动静。却说魏先锋曹遵、朱赞黄昏离寨，迤逦前进。二更左侧，遥望山前隐隐有兵行动。曹遵自思曰：「郭都督真神机妙算！」遂催兵急进。到蜀寨时，将及三更。曹遵先杀入寨，却是空寨，并无一人，料知中计，急撤军回，寨中火起。朱赞兵到，自相掩杀，人马大乱。曹遵与朱赞交马，方知自相践踏。急合兵时，忽四面喊声大震，王平、马岱、张嶷、张翼杀到。曹、朱二人引心腹军百余骑，望大路奔走。忽然鼓角齐鸣，一彪军截住去路；为首大将乃常山赵子龙也，大叫曰：「贼将那里去！早早受死！」曹、朱二人夺路而走。忽喊声又起，魏延又引一彪军杀到。曹、朱二人大败，夺路奔回本寨。守寨军士，只道蜀兵来劫寨，慌忙放起号火。左边曹真杀至，右边郭淮杀至，自相掩杀。背后三路蜀兵杀到：中央魏延，左边关兴，右边张苞，大杀一阵。魏兵败走十余里，魏将死者极多。孔明全获大胜，方始收兵。曹真、郭淮收拾败军回寨，商议曰：「今魏兵势孤，蜀兵势大，将何策以退之？」淮曰：「『胜负乃兵家常事』，不足为忧。某有一计，使蜀兵首尾不能相顾，定然自走矣。」正是： || Chapter 94, P094-005: 却说曹真连日望羌人消息，忽有伏路军来报说：蜀兵拔寨收拾起程。」郭淮大喜曰：「此因羌兵攻击，故尔退去。」遂分两路追赶。前面蜀兵乱走，魏兵随后追赶。先锋曹遵正赶之间，忽然鼓声大震，一彪军闪出；为首大将乃魏延也，大叫：「反贼休走！」曹遵大惊，拍马交锋；不三合，被魏延一刀斩于马下。副先锋朱赞引兵追赶，忽然一彪军闪出；为首大将乃赵云也。朱赞措手不及，被云一鎗刺死。曹真、郭淮见两路先锋有失，欲收兵回；背后喊声大震，鼓角齐鸣，关兴、张苞两路兵杀出，围了曹真、郭淮，痛杀一阵。曹、郭二人，引败兵冲路走脱。蜀兵全胜，直追到渭水，夺了魏寨。曹真折了两个先锋，哀伤不已；只得写本申朝，乞拨援兵。",same_body_paragraph
关兴,王平,8,6,91;92;93;95;97;100,"Chapter 91, P091-023: 孔明受诏归府，唤诸将听令。前督部镇北将军领丞相司马、凉州刺史、都亭侯魏延，前军都督领伏风太守张翼，牙门将裨将军王平﹔后军领兵使安汉将军领建宁太守李恢，副将定远将军领汉中太守吕义，兼管运粮左军领兵使平北将军陈仓侯马岱，副将飞卫将军廖化，右军领兵使奋威将军博阳亭侯马忠，镇抚将军关内侯张嶷，行中军师车骑大将军都乡侯刘琰，中监军扬武将军邓芝，中参军安远将军马谡，前将军都亭侯袁琳，左将军高阳侯吴懿，右将军玄都侯高翔，后将军安乐侯吴班，领长史绥军将军杨仪，前将军征南将军刘巴，前护军偏将军、汉成亭侯许允，左护军笃信中郎将丁咸，右护军偏将军刘敏，后护军典军中郎将宫雝，行参军昭武中郎将胡济，行参军谏议将军阎晏，行参军偏将军爨习，行参军稗将军杜义，武略中郎将杜祺，绥军都尉盛敦，从事武略中郎将樊岐，典军书记樊建，丞相令史董厥，帐前左护卫使龙骧将军关兴，右护卫使虎翼将军张苞。──以上一应官员，都随著平北大都督丞相武乡侯领益州牧知内外事诸葛亮。 || Chapter 92, P092-008: 安排已毕，杨陵回到城上言曰：「既是安定军马，可放入城。」关兴跟崔谅先行，张苞在后。杨陵下城，在门边迎接。兴手起刀落，斩杨陵于马下。崔谅大惊，急拨马走。到吊桥边，张苞大喝曰：「贼子矢走！汝等诡计，如何瞒得丞相耶！」手起一鎗，刺崔谅于马下。关兴早到城上，举起火来。四面蜀兵奔入。夏侯楙措手不及，开南门并力杀出。一彪军拦住，为首大将，乃是王平；交马只一合，生擒夏侯楙于马上，余皆杀死。 || Chapter 93, P093-006: 孔明却引兵来攻冀城。城中粮少，军食不敷。姜维在城上，见蜀军大车小辆，搬运粮草，入魏延寨中去了，姜维引三千兵出城，迳来劫粮。蜀兵尽弃了粮车，寻路而走。姜维夺得粮草，欲要入城，忽然一彪军拦住，为首蜀将张翼也。二将交锋，战不数合，王平引一军又到，两下夹攻。维力穷抵敌不住，夺路归城；城上早插蜀兵旗号：原来已被魏延袭了。维杀条奔天水城，手下尚有十余骑；又遇张苞杀了一阵，维止剩得匹马单鎗，来到天水城下叫门。城上军见是姜维，慌报马遵。遵曰：「此是姜维来赚我城门也。」令城上乱箭射下。姜维回顾蜀兵至近，遂飞奔上邽城来。城上梁虔见了姜维，大骂曰：「反国之贼，安敢来赚我城池！吾已知汝降蜀矣！」遂乱箭射下。姜维不能分说，仰天长叹，两眼泪流，拨马望长安而走。行不数里，前至一派大树茂林之处，一声喊起，数千兵拥出；为首蜀将关兴，截住去路。维人困马乏，不能抵当，勒回马便走。忽然一辆小车从山坡中转出。其人头戴纶巾，身披鹤氅，手摇羽扇乃孔明也。孔明唤姜维曰：「伯约此时何尚不降？」维寻思良久，前有孔明，后有关兴，又无去路，只得下马投降。孔明慌忙下车而迎，执维手曰：「吾自出茅庐以来，遍求贤者，欲抟授平生之学，恨未得其人。今遇伯约，吾愿足矣。」维大喜拜谢。",same_body_paragraph
刘备,田丰,8,5,7;22;24;25;27,"Chapter 7, P007-014: 正说之间，忽见赵云冲到面前。弓箭手急待射时，云连刺数人，众军皆走。后面瓒军团团围裹上来。田丰慌对绍曰：「主公且于空墙中躲避！」绍以兜鍪扑地，大呼曰：「大丈夫愿临阵斗死，岂可入墙而望活乎！」众军士齐心死战，赵云冲突不入，绍兵大队掩至，颜良亦引军来到，两路并杀。赵云保公孙瓒杀透重围，回到界桥。绍驱兵大进，复赶过桥，落水死者，不计其数。袁绍当先赶来，不到五里，只听得山背后喊声大起，闪出一彪人马，为首三员大将，乃是刘玄德，关云长，张翼德。因在平原探知公孙瓒与袁绍相争，特来助战。当下三匹马，三般兵器，飞奔前来，直取袁绍。绍惊得魂飞天外，手中宝刀坠于马下，忙拨马而逃，众人死救过桥。公孙瓒亦收军归寨。玄德、关、张动问毕，瓒曰：「若非玄德远来救我，几乎狼狈。」教与赵云相见。玄德甚相敬爱，便有不舍之心。 || Chapter 22, P022-004: 谋士田丰曰：「兵起连年，百姓疲弊，仓廪无积，不可复兴大军。宜先遣人献捷天子，若不得通，乃表称曹操隔我王路，然后提兵屯黎阳；更于河内增益舟楫，缮置军器，分遣精兵，屯劄边鄙。三年之中，大事可定也。」谋士审配曰：「不然：以明公之神武，抚河朔之强盛，兴兵讨曹贼，易如反掌，何必迁延日月？」谋士沮授曰：「制胜之策，不在强盛。曹操法令既行，士迕精练，比公孙瓒坐受困者不同。今弃献捷良策，而兴无名之兵，窃为明公不取。」谋士郭图曰：「非也：兵加曹操，岂曰无名？公正当及时早定大业。愿从郑尚书之言，与刘备共仗大义，剿灭曹贼；上合天意，下合民情，实为万幸甚！」 || Chapter 22, P022-005: 四人争论未定，绍踌躇不决。忽许攸、荀谌自外而入。绍曰：「二人多有见识，且看如何主张。」二人施礼毕，绍曰：「郑尚书有书来，令我起兵助刘备，攻曹操。起兵是乎？不起兵是乎？」二人齐声应曰：「明公以众克寡，以强攻弱，讨汉贼以扶王室：起兵是心。」绍曰：「二人所见，正合我心。」便商议兴兵。先令孙干回报郑玄，并约玄德准备接应；一面令审配、逢纪为统军，田丰、荀谌、许攸为谋士，颜良、文丑为将军，起马军一十五万，步兵一十五万，共精兵三十万，望黎阳进发。",same_body_paragraph
刘备,董承,8,5,21;23;24;57;78,"Chapter 21, P021-001: 却说董承等问马腾曰：「公却用何人？」马腾曰：「见有豫州牧刘玄德在此，何不求之？」承曰：「此人虽系皇叔，今正依附曹操，安肯行此事耶？」腾曰：「吾观前日围场之中，曹操迎受众贺之时，云长在玄德背后，挺刀欲杀操，玄德以目视之而止。玄德非不欲图操，恨操爪牙多，恐力不及耳。公试求之，当必应允。」吴硕曰：「此事不宜太速，当从容商议。」众皆散去。 || Chapter 21, P021-002: 次日黑夜里，董承怀诏，迳往玄德馆中来。门吏入报，玄德迎出，请入小阁坐定。关、张侍立于侧。玄德曰：「国舅夜至此，必有事故。」承曰：「白日乘马相访，恐操见疑，故黑夜相见。」玄德命取酒相待。承曰：「前日围场之中，云长欲杀曹操，将军动目摇头而退之，何也？」玄德失惊曰：「公何以知之？」承曰：「人皆不见，某独见之。」 || Chapter 21, P021-004: 于是董承取衣带诏令观之。玄德不胜悲愤。又将义状出示，上止有六位：一，车骑将军董承；二，工部侍郎王子服；三，长水校尉种辑；四，议郎吴硕；五，昭信将军吴子兰；六，西凉太守马腾。玄德曰：「公既奉诏讨贼，备敢不犬马之劳。」承拜谢，便请书名。玄德亦书「左将军刘备」，押了字，付承收讫。承曰：「尚容再请三人，共聚十义，以图国贼。」玄德曰：「切宜缓缓而行，不可轻泄。」",same_body_paragraph
刘璋,庞统,8,4,60;61;62;63,"Chapter 60, P060-023: 正商议间，一人自外突入，汗流满面，大叫曰：「主公若听张松之言，则四十一州郡，已属他人矣！」松大惊；视其人，乃西阆中巴人，姓黄，名权，字公衡，现为刘璋府下主簿。璋问曰：「玄德与我同宗，吾故结之为援；汝何出此言？」权曰：「某素知刘备宽以待人，柔能克刚，英雄莫敌。远得人心，近得民望。兼有诸葛亮，庞统之智谋，关，张，赵云，黄忠，魏延为羽翼。若召到蜀中，以部曲待之，刘备岂肯伏低做小？若以客礼待之，又一国不容二主。今听臣言，则西蜀有泰山之安；不听臣言，则主公有累卵之危矣。张松昨从荆州过，必与刘备同谋。可先斩张松，后绝刘备，则西川万幸也。」璋曰：「曹操，张鲁到来，何以拒之？」权曰：「不如闭境绝塞，棎沟高垒，以待时清。」璋曰：「贼兵犯界，有燃眉之急；若待时清，则是慢计也。」遂不从其言，遣法正行。又一人阻曰：「不可！不可！」 || Chapter 60, P060-036: 却说法正密谓庞统曰：「近张松有密书到此，言于涪城相会刘璋，便可图之。机会切不可失。」统曰：「此意且勿言。待二刘相见，乘便图之。若预走泄，于中有变。」 || Chapter 61, P061-001: 却说庞统、法正二人，劝玄德就席间杀刘璋，西川唾手可得。玄德曰：「吾初入蜀中，恩信未立，此事决不可行。」二人再三说之，玄德只是不从。次日，复与刘璋宴于城中，彼此细叙衷曲，情好甚密，酒至半酣，庞统与法正商议曰：「事已至此，由不得主公了。」便教魏延登堂舞剑，乘势杀刘璋，延遂拔剑进曰：「筵间无以为乐，愿舞剑为戏。」庞统便呼众武士入，列于堂下，只待魏延下手，刘璋手下诸将，见魏延舞剑筵前，又见阶下武士手按刀靶，直视堂上，从事张任亦掣剑舞曰：「舞剑必须有对，某愿与魏将军同舞。」",same_body_paragraph
刘璋,赵云,8,4,56;60;64;65,"Chapter 56, P056-015: 鲁肃是个宽仁长者，见玄德如此哀痛，只得应允。玄德、孔明拜谢。宴毕，送鲁肃下船。迳到柴桑，见了周瑜，具言其事。周瑜顿足曰：「子敬又中诸葛亮之计也！当初刘备依刘表时，常有吞并之意，何况西川，刘璋乎？似此推调，未免累及老兄矣。吾有一计，使诸葛亮不能出吾算中。子敬便当一行。」肃曰：「愿闻妙策。」瑜曰：「子敬不必去见吴侯，再去荆州对刘备说：孙，刘两家，既结为亲，便是一家；若刘氏不忍去取西川，我东吴起兵去取；取得西川时，以作嫁资，却把荆州交还东吴。」肃曰：「西川迢递，取之非易。都督此计，莫非不可？」瑜笑曰：「子敬真长者也。你道我真个去取西川与他？我只以此为名，实欲去取荆州，且教他不做准备。东吴军马，收川路过荆州，就问他索要钱粮，刘备必然出城劳军。那时乘势杀之，夺取荆州，雪吾之恨，解足下之祸。」鲁肃大喜，便再往荆州来。玄德与孔明商议。孔明曰：「鲁肃必不曾见吴侯，只到柴桑和周瑜商量了甚计策，来诱我耳。但说的话，主公只看我点头，便满口应承。」计会已定，鲁肃入见，礼毕，曰：「吴侯甚是称赞皇叔盛德，遂与诸将商议，起兵替皇叔收川。取了西川，却换荆州，以西川权当嫁资。但军马经过，却望应些钱粮。」孔明听了，忙点头曰：「难得吴侯好心！」玄德拱手称谢曰：「此皆子敬善言之力。」孔明曰：「如雄师到日，即当远接稿劳。」鲁肃暗喜，宴罢辞回。玄德问孔明曰：「此是何意？」孔明大笑曰：「周瑜死日近矣！这等计策，小儿也瞒不过！」玄德又问如何？孔明曰：「此乃『假途灭虢』之计也。虚名收川，实取荆州。等主公出城劳军，乘势拏下，杀入城来，攻其无备，出其不意也。」玄德曰：「如之奈何？」孔明曰：「主公宽心，只顾准备窝弓以擒猛虎，安排香饵以钓鳌鱼。等周瑜到来，他便不死，也九分无气。」便唤赵云听计：「如此如此，其余我自有摆布。」玄德大喜。后人有诗叹曰： || Chapter 56, P056-017: 却说鲁肃回见周瑜，说玄德，孔明欢喜不疑，准备出城劳军。周瑜大笑曰：「原来今番也中了吾计！」便教鲁肃禀报吴侯，并遣程普引兵接应。周瑜此时箭疮已渐平愈，身躯无事，使甘宁为先锋，自与徐盛，丁奉为第二；凌统，吕蒙为后队。水陆大兵五百万，望荆州而来。周瑜在船中，时复欢笑，以为孔明中计。前军至夏口，周瑜问：「荆州有人在前面接否？」人报：「刘皇叔使糜竺来见都督。」瑜唤至，问劳军如何。糜竺曰：「主公皆准备安排下了。」瑜曰：「皇叔何在？」竺曰：「在荆州城门相等，与都督把盏。」瑜曰：「今为汝家之事，出兵远征；劳军之礼，休得轻易。」糜竺领了言语先回。战船密密排在江上，依次而进。看看至公安，并无一双军船，又无一人远接。周瑜催船速行。离荆州十余里，只见江面上静荡荡的。哨探的回报：「荆州城上，插两面白旗，并不见一人之影。」瑜心疑，教把船傍岸，亲自上岸，乘马带了甘宁，徐盛，丁奉一班军官，引亲随精军三千人，迳望荆州来。既至城下，并不见动静。瑜勒住马，令军士叫门。城上问是谁人。吴军答曰：「是东吴周都督亲自此。」言未毕，忽一声梆子响，城上一齐都竖起鎗刀。敌楼上赵云出曰：「都督此行，端的为何？」瑜曰：「吾替汝主取西川，汝岂犹未知耶？」云曰：「孔明军师已知都督『假途灭虢』之计，故留赵云在此。吾主公有言：『孤与刘璋，皆汉室宗亲，安忍背义而取西川？若汝东吴端的取蜀，吾当披发入山，不失信于天下也。』」周瑜闻之，勒马便回。只见一人打著令字旗，于马前报说：「探得四路军马，一齐杀到：关某从江陵杀来，张飞从秭归杀来，黄忠从公安杀来，魏延从彝陵小路杀来：四路正不知多少军马。喊声远近震动百余里，皆言要捉周瑜。」瑜马上大叫一声，箭鎗复裂，墬于马下。正是：一著掑高难对敌，几番算定总成空。不知周瑜性命如何，且看下文解。 || Chapter 60, P060-023: 正商议间，一人自外突入，汗流满面，大叫曰：「主公若听张松之言，则四十一州郡，已属他人矣！」松大惊；视其人，乃西阆中巴人，姓黄，名权，字公衡，现为刘璋府下主簿。璋问曰：「玄德与我同宗，吾故结之为援；汝何出此言？」权曰：「某素知刘备宽以待人，柔能克刚，英雄莫敌。远得人心，近得民望。兼有诸葛亮，庞统之智谋，关，张，赵云，黄忠，魏延为羽翼。若召到蜀中，以部曲待之，刘备岂肯伏低做小？若以客礼待之，又一国不容二主。今听臣言，则西蜀有泰山之安；不听臣言，则主公有累卵之危矣。张松昨从荆州过，必与刘备同谋。可先斩张松，后绝刘备，则西川万幸也。」璋曰：「曹操，张鲁到来，何以拒之？」权曰：「不如闭境绝塞，棎沟高垒，以待时清。」璋曰：「贼兵犯界，有燃眉之急；若待时清，则是慢计也。」遂不从其言，遣法正行。又一人阻曰：「不可！不可！」",same_body_paragraph
刘璋,黄忠,8,5,56;60;62;63;65,"Chapter 56, P056-017: 却说鲁肃回见周瑜，说玄德，孔明欢喜不疑，准备出城劳军。周瑜大笑曰：「原来今番也中了吾计！」便教鲁肃禀报吴侯，并遣程普引兵接应。周瑜此时箭疮已渐平愈，身躯无事，使甘宁为先锋，自与徐盛，丁奉为第二；凌统，吕蒙为后队。水陆大兵五百万，望荆州而来。周瑜在船中，时复欢笑，以为孔明中计。前军至夏口，周瑜问：「荆州有人在前面接否？」人报：「刘皇叔使糜竺来见都督。」瑜唤至，问劳军如何。糜竺曰：「主公皆准备安排下了。」瑜曰：「皇叔何在？」竺曰：「在荆州城门相等，与都督把盏。」瑜曰：「今为汝家之事，出兵远征；劳军之礼，休得轻易。」糜竺领了言语先回。战船密密排在江上，依次而进。看看至公安，并无一双军船，又无一人远接。周瑜催船速行。离荆州十余里，只见江面上静荡荡的。哨探的回报：「荆州城上，插两面白旗，并不见一人之影。」瑜心疑，教把船傍岸，亲自上岸，乘马带了甘宁，徐盛，丁奉一班军官，引亲随精军三千人，迳望荆州来。既至城下，并不见动静。瑜勒住马，令军士叫门。城上问是谁人。吴军答曰：「是东吴周都督亲自此。」言未毕，忽一声梆子响，城上一齐都竖起鎗刀。敌楼上赵云出曰：「都督此行，端的为何？」瑜曰：「吾替汝主取西川，汝岂犹未知耶？」云曰：「孔明军师已知都督『假途灭虢』之计，故留赵云在此。吾主公有言：『孤与刘璋，皆汉室宗亲，安忍背义而取西川？若汝东吴端的取蜀，吾当披发入山，不失信于天下也。』」周瑜闻之，勒马便回。只见一人打著令字旗，于马前报说：「探得四路军马，一齐杀到：关某从江陵杀来，张飞从秭归杀来，黄忠从公安杀来，魏延从彝陵小路杀来：四路正不知多少军马。喊声远近震动百余里，皆言要捉周瑜。」瑜马上大叫一声，箭鎗复裂，墬于马下。正是：一著掑高难对敌，几番算定总成空。不知周瑜性命如何，且看下文解。 || Chapter 60, P060-023: 正商议间，一人自外突入，汗流满面，大叫曰：「主公若听张松之言，则四十一州郡，已属他人矣！」松大惊；视其人，乃西阆中巴人，姓黄，名权，字公衡，现为刘璋府下主簿。璋问曰：「玄德与我同宗，吾故结之为援；汝何出此言？」权曰：「某素知刘备宽以待人，柔能克刚，英雄莫敌。远得人心，近得民望。兼有诸葛亮，庞统之智谋，关，张，赵云，黄忠，魏延为羽翼。若召到蜀中，以部曲待之，刘备岂肯伏低做小？若以客礼待之，又一国不容二主。今听臣言，则西蜀有泰山之安；不听臣言，则主公有累卵之危矣。张松昨从荆州过，必与刘备同谋。可先斩张松，后绝刘备，则西川万幸也。」璋曰：「曹操，张鲁到来，何以拒之？」权曰：「不如闭境绝塞，棎沟高垒，以待时清。」璋曰：「贼兵犯界，有燃眉之急；若待时清，则是慢计也。」遂不从其言，遣法正行。又一人阻曰：「不可！不可！」 || Chapter 62, P062-018: 却说玄德既得涪水关，与庞统商议进取雒城。人报刘璋拨四将前来，即日冷苞，邓贤领二万军离城六十里，扎下两个大寨。玄德聚众问曰：「谁敢建头功，去取二将寨栅？」老将黄忠应声出曰：「老夫愿往。」玄德曰：「老将军率本部人马，前至雒城，如取得冷苞，邓贤营寨，必当重赏。」",same_body_paragraph
刘禅,赵云,8,7,41;73;80;85;87;91;97,"Chapter 41, P041-044: 这一场杀，赵云怀抱后主，直透重围，砍倒大旗两面，夺槊三条；前后枪刺剑砍，杀死曹营名将五十余员。后人有诗曰： || Chapter 73, P073-005: 玄德再三推迟不过，只得依允。建安二十四年秋七月，筑坛于沔阳，方圆九里，分布五方，各设旌旗仪仗。群臣皆依次序排列。许靖、法正请玄德登坛，进冠冕玺绶讫，面南而坐，受文武官员拜贺为汉中王。子刘禅立为王世子。封许靖为太傅，法正为尚书令。诸葛亮为军师，总理军国重事。封关羽、张飞、赵云、马超、黄忠为五虎大将军；魏延为汉中太守。其余各拟功勋定爵。 || Chapter 80, P080-029: 读罢祭文，孔明率众官恭上玉玺。汉中王受了，捧于坛上，再三推让曰：「备无才德，请择有才德者受之。」孔明奏曰：「王上平定四海，功德昭于天下，况是大汉宗派，宜即正位。已祭告天神，复何让焉？」文武各官，皆呼万岁。拜舞礼毕，改元章武元年。立妃吴氏为皇后，长子刘禅为太子。封次子刘永为鲁王，刘理为梁王。封诸葛亮为丞相，许靖为司徒。大小官僚，一一升赏。大赦天下。两川军民，无不欣跃。次日设朝，文武官僚拜毕，列为两班。先主降诏曰：「朕自桃园与关、张结义，誓同生死；不幸二弟云长，被东吴孙权所害。若不报雠，是负盟也。朕欲起倾国之兵，攻伐东吴，生擒逆贼，以雪此恨！」言未毕，班内一人，拜伏于阶下，谏曰：「不可。」先主视之，乃虎威将军赵云也。正是：君王未及行天讨，臣下曾闻进直言。未知子龙所谏若何，且看下文分解。",same_body_paragraph
司马师,姜维,8,5,104;107;108;109;110,"Chapter 104, P104-025: 于是司马师、司马昭在后催军;懿自引军先行,追到山下,望见蜀兵不远,乃奋力追赶，忽然山后一声较响,喊声大震：只见蜀兵俱回旗返鼓,树影中飘出中军大旗,上书一行大字曰：「汉丞相武乡侯诸葛亮」懿大惊失色。定睛看时,只见中军数十员上将,拥出一辆四轮车来;车上端坐孔明：纶巾羽扇,鹤氅皂★（左糸右条）。懿大惊曰：「孔明尚在,吾深入其重地,堕其计矣！」急勒回马便走。背后姜维大叫：「贼将休走！你中了我丞相之计也！」 || Chapter 107, P107-039: 前面又一军杀到；为首一员大将，纵马棋刀而出。那人生得圆面大耳，方口厚唇，左目下生个黑瘤，瘤上生数十根黑毛，乃司马懿长子骠骑将军司马师也。维大怒曰：「孺子焉敢阻吾归路！」拍马挺枪，直来刺师。师挥刀相迎。只三合，杀败了司马师，维脱身迳奔阳平关来。城上人开门放入姜维。司马师也来抢关，两边伏弩齐发，一弩发十矢，乃武侯临终时所遗『连弩』之法也。正是：难支此日三军败，独赖当年十矢传。未知司马师性命如何，且看下文分解。 || Chapter 108, P108-001: 却说姜维正走，遇著司马师引兵拦截。原来姜维取雍州之时，郭淮飞报入朝。魏主与司马懿商议停当。懿遣长子司马师引兵五万，前来雍州助战。师听知郭淮敌退蜀兵，师料蜀兵势弱，就来半路击之；直赶到阳平关，却被姜维用武侯所传连弩法，于两边暗伏连弩百余张，一弩发十矢，皆是药箭。两边弩箭齐发，前军连人带马射死不知其数。司马师于乱军之中，逃命而回。",same_body_paragraph
司马懿,孙权,8,6,73;75;78;98;105;106,"Chapter 73, P073-013: 操视其人，乃司马懿也。操喜问曰：「仲达有何高见？」懿曰：「江东孙权以妹嫁刘备，而又乘间窃取回去；刘备又据占荆州不还；彼此俱有切齿之恨。今可差一舌辩之士，赍书往说孙权，使兴兵取荆州，刘备必发两川之兵来救荆州。那时大王兴兵去取汉川，令刘备首尾不能相救，势必危矣。」 || Chapter 75, P075-008: 司马懿谏曰：「不可。于禁等被水所渰，非战之故，于国家大计，本无所损。今孙，刘失好，云长得志，孙权必不喜。大王可遣使去东吴陈说利害，令孙权暗暗起兵蹑云长之后，许事平之日，割江南之地以封孙权，则樊城之危自解矣。」主簿蒋济曰：「仲达之言是也。今可即发使往东吴，不必迁都动众。」 || Chapter 78, P078-014: 操观毕大笑，出示群臣曰：「是儿欲使吾居炉火上耶！」侍中陈群等奏曰：「汉室久已衰微，殿下功德巍巍，生灵仰望。今孙权称臣归命，此天人之应，异气齐声。殿下宜应天顺人，早正大位。」操笑曰：「吾事汉多年，虽有功德及民，然位至于王，名爵已极，何敢更有他望？苟天命在孤，孤为周文王矣。」司马懿曰：「今孙权既称臣归附，王上可封官赐爵，令拒刘备。」操从之，表封孙权为骠骑将军南昌侯，领荆州牧。即日遣使赍诰敕赴东吴去讫。",same_body_paragraph
吉平,董承,8,2,23;69,"Chapter 23, P023-018: 且说董承自刘玄德去后，日夜与王子服等商议，无计可施。建安五年，元旦朝贺，见曹操骄横愈甚，感愤成疾。帝知国舅染病，令随朝太医前去医治。此医乃洛阳人：姓吉，名太，字称平，人皆呼为吉平，当时名医也。平到董承府用药调治，旦夕不离；常见董承长吁短叹，不敢动问。 || Chapter 23, P023-020: 承大喜，随即唤家奴各人收拾兵器，自己披挂绰鎗上马，约会都在内门前相会，同时进兵。夜至二鼓，众兵皆到。董承手提宝剑，徒步直入，见操设宴后堂，大叫：「操贼休走！」一剑剁去，随手而倒。霎时觉来，乃南柯一梦，口中犹骂操贼不止。吉平向前叫曰：「汝欲害曹公乎？」承惊惧不能答。吉平曰：「国舅休慌。某虽医人，未尝忘汉。某连日见国舅嗟叹，不敢动问。恰才梦中之言，已见真情。幸勿相瞒。倘有用某之处，虽灭九族，亦无后悔。」承掩面而哭曰：「只恐汝非真心！」 || Chapter 23, P023-023: 曹操藏匿庆童于府中，董承只道逃往他方向去了，也不追寻。次日，曹操诈患头风，召吉平用药。平自思曰：「此贼合休！」暗藏毒药入府。操卧于床上，令平下药。平曰：「此病可一服即愈。」教取药罐，当面煎之。药已半干，平已暗下毒药，亲自送上。操知有毒，故意迟延不服。平曰：「乘热服之，少汗即愈。」操起曰：「汝既读儒书，必知礼义。『君有疾饮药，臣先尝之；父有疾饮药，子先尝之。』汝为我心腹之人，何不先尝而后进？」平曰：「药以治病，何用人尝？」",same_body_paragraph
吕布,郭汜,8,4,5;6;9;11,"Chapter 5, P005-020: 卓然其说，唤李催，郭汜，领兵五百，围住太傅袁隗家，不分老幼，尽皆诛绝，先将袁隗首级去关前号令。卓遂起兵二十万，分为两路而来：一路先令李催，郭汜，引兵五万，把住汜水关，不要厮杀；卓自将十五万，同李儒，吕布，樊稠，张济，等守虎牢关。这关离洛阳五十里。军马到关，卓令吕布领三万大军，去关前扎住大寨。卓自在关上屯住。 || Chapter 6, P006-010: 且说董卓行至荥阳地方，太守徐荣出接。李儒曰：「丞相新弃洛阳，防有追兵。可教徐荣伏军荥阳城外山坞之旁：若有兵追来，可竟放过；待我这里杀败，然后截住掩杀。令后来者不敢复追。」卓从其计，又令吕布引精兵遏后。布正行间，曹操一军赶上。吕布大笑曰：「不出李儒所料也」！将军马摆开。曹操出马，大叫：「逆贼！劫迁天子，流徙百姓，将欲何往？」吕布骂曰：「背主懦夫，何得妄言！」夏侯惇挺鎗跃马，直取吕布。战不数合，李傕引一军，从左边杀来，操急令夏侯渊迎敌。右边喊声又起，郭汜引军杀到，操急令曹仁迎敌。三路军马，势不可当。夏侯惇抵敌吕布不住，飞马回阵。布引铁骑掩杀，操军大败，回望荥阳而走。走至一荒山脚下，时约二更，月明如昼。方才聚集残兵。 || Chapter 9, P009-019: 却说李傕，郭汜，张济，樊稠闻董卓已死，吕布将至，便引了飞熊军连夜奔凉州去了。吕布至郿坞，先取了绍蝉。皇甫嵩命将坞中所藏良家子女，尽行释放。但系董卓亲属，不分老幼，悉皆诛戮。卓母亦被杀。卓弟董旻、姪董璜皆斩首号令。收籍坞中所蓄黄金数十万，绮罗、珠宝、器皿、粮食不计其数，回报王允。允乃大犒军士，设宴于都堂，召集众官，酌酒称庆。",same_body_paragraph
夏侯惇,张飞,8,6,24;31;39;40;42;51,"Chapter 24, P024-015: 且说张飞自以为得计，领轻骑在前，突入操寨，但见零零落落，无多人马，四边火光大起，喊声齐举。飞知中计，急出寨外。正东张辽，正西许褚，正南于禁，正北李典，东南徐晃，西南乐进，东北夏侯惇，西北夏侯渊，八处军马杀来。张飞左冲右突，前遮后当；所领军兵原是曹操手下旧军，见事势已急，尽皆投降去了。 || Chapter 31, P031-017: 次日，又使赵云搦战。操兵旬日不出。玄德再使张飞搦战，操兵亦不出。玄德愈疑。忽报龚都运粮至，被曹军围住，玄德急令张飞去救。忽又报夏侯惇引军抄背后迳取汝南，玄德大惊曰：「若如此，吾前后受敌，无所归矣！」急遣云长救之。两军皆去。 || Chapter 31, P031-018: 不一日，飞马来报夏侯惇已打破汝南，刘辟弃城而走，云长现今被围。玄德大惊。又报张飞去救龚都，也被围住了。玄德急欲回兵，又恐操兵后袭。忽报寨外许褚搦战，玄德不敢出马。候至天明，教军士饱餐，步军先起，马军后随，寨中虚传更点。玄德等离寨约行数里，转过土山，火把齐明，山头上大呼曰：「休教走了刘备！丞相在此专等！」玄德慌寻路走。赵云曰：「主公勿忧，但跟某来。」赵云挺枪跃马，杀开条路，玄德掣双股剑后随。",same_body_paragraph
夏侯惇,赵云,8,5,31;39;40;41;43,"Chapter 31, P031-017: 次日，又使赵云搦战。操兵旬日不出。玄德再使张飞搦战，操兵亦不出。玄德愈疑。忽报龚都运粮至，被曹军围住，玄德急令张飞去救。忽又报夏侯惇引军抄背后迳取汝南，玄德大惊曰：「若如此，吾前后受敌，无所归矣！」急遣云长救之。两军皆去。 || Chapter 31, P031-018: 不一日，飞马来报夏侯惇已打破汝南，刘辟弃城而走，云长现今被围。玄德大惊。又报张飞去救龚都，也被围住了。玄德急欲回兵，又恐操兵后袭。忽报寨外许褚搦战，玄德不敢出马。候至天明，教军士饱餐，步军先起，马军后随，寨中虚传更点。玄德等离寨约行数里，转过土山，火把齐明，山头上大呼曰：「休教走了刘备！丞相在此专等！」玄德慌寻路走。赵云曰：「主公勿忧，但跟某来。」赵云挺枪跃马，杀开条路，玄德掣双股剑后随。 || Chapter 31, P031-019: 正战间，许褚追至，与赵云力战。背后于禁、李典又到。玄德见势危，落荒而走。听得背后喊声渐远，玄德望深山僻路，单马逃生。挨到天明，侧首一彪军冲出。玄德大惊，视之，乃刘辟引败军千余骑，护送玄德家小前来；孙干、简雍、糜芳亦至，诉说：「夏侯惇军势甚锐，因此弃城而走。曹兵赶来，幸得云长当住，因此得脱。玄德曰：「不知云长今在何处？」刘辟曰：「将军且行，却再理会。」",same_body_paragraph
孙权,孙策,8,5,15;29;38;42;68,"Chapter 15, P015-030: 次日，立竿于营门以候日影。恰将日中，太史慈引一千余众到寨。孙策大喜。众皆服策之知人。于是孙策聚数万之众，下江东，安民恤众，投者无数。江东之民，皆呼策为孙郎。但闻孙郎兵至，皆丧胆而走。及策军到，并不许一人掳掠，鸡犬不惊，人民皆悦，赍牛酒到寨劳军。策以金帛答之，懽声遍野。其刘繇旧军愿从军者听从，不愿为军者给赏归农。江南之民，无不仰颂。由是兵势大盛。策乃迎母叔诸弟俱归曲阿，使弟孙权与周泰守宣城。策领兵南取吴郡。 || Chapter 29, P029-024: 孙策既死，孙权哭倒于床前。张昭曰：「此非将军哭时也，宜一面治丧事，一面理军国大事。」权乃收泪。张昭令孙静理会丧事，请孙权出堂，受众文武谒贺。孙权生得方颐大口，碧眼紫髯。昔汉使刘琬入吴，见孙家诸昆仲，因语人曰：「吾遍观孙氏兄弟，虽各才气秀达，然皆禄祚不终。惟仲谋形貌奇伟，骨格非常，乃大贵之表，又享高寿，众皆不及也。」 || Chapter 29, P029-025: 且说当时孙权承孙策遗命，掌江东之事。经理未定，人报周瑜自巴丘提兵回吴。权曰：「公瑾已回，吾无忧矣。」原来周瑜守御巴丘，闻知孙策中箭被伤，因此回来问候；将至吴郡，闻策已亡，故星夜来奔丧。当下周瑜哭拜于孙策灵柩之前。吴太夫人出，以遗嘱之语告瑜。瑜拜伏于地曰：「敢不效犬马之力，继之以死！」",same_body_paragraph
孙权,赵云,8,7,34;54;55;57;61;80;81,"Chapter 34, P034-004: 言未毕，赵云挺鎗出，径冲彼阵。张武纵马来迎，不三合，被赵云一鎗刺落马下，随手扯住辔头，牵马回阵。陈孙见了，随赶来夺。张飞大喝一声，挺矛直出，将陈孙刺死。众皆溃散。玄德招安余党，平复江夏诸县，班师而回。表出郭迎接入城，设宴庆功。酒至半酣，表曰：「吾弟如此雄才，荆州有倚赖也。但忧南越不时来寇；张鲁、孙权皆足为虑。」玄德曰：「弟有三将，足可委用：使张飞巡南越之境；云长拒固子城，以镇张鲁；赵云拒三江，以当孙权；何足虑哉？」 || Chapter 54, P054-014: 玄德怀疑未决。孔明竟教孙干往江南说合亲事。孙干领了言语，与吕范同到江南，来见孙权。权曰「吾愿将小妹招赘玄德，并无异心。」孙干拜谢，回荆州见玄德，言吴侯专候主公去结亲。玄德怀疑不敢往。孔明曰：「吾已定下三条计策，非子龙不可行也。」遂唤赵云近前，附耳言曰：「汝保主公入吴，当领此三个锦囊。囊中有三条妙计，依次而行。」即将三个锦囊，与云贴肉收藏。孔明先使人往东吴纳了聘，一切完备。 || Chapter 54, P054-024: 次日，吴国太，乔国老先在甘露寺方丈坐定。孙权引一班谋士，随后都到，却教吕范来馆驿中请玄德。玄德内披细铠，外穿锦袍，从人背剑紧随，上马投甘露寺来。赵云全装贯带，引五百军随行。来到寺前下马，先见孙权。权观玄德仪表非凡，心中有畏惧之意。",same_body_paragraph
孙策,张昭,8,4,15;17;29;98,"Chapter 15, P015-015: 却说张英败回见刘繇，繇怒欲斩之。谋士笮融，薛礼劝免，使屯兵零陵城拒敌。繇自领兵于神亭岭南下营，孙策于岭北下营。策问土人曰：「近山有汉光武庙否？」土人曰：「有庙在岭上。」策曰：「吾夜梦光武召我相见，当往祈之。」长史张昭曰：「不可：岭南乃刘繇寨，倘有伏兵，奈何？」策曰：「神人佑我，吾何惧焉？」遂披挂绰鎗上马，引程普，黄盖，韩当，蒋钦，周泰等共十三骑，出寨上岭，到庙焚香。下马参拜已毕，策向前跪祝曰：「若孙策能于江东立业，复兴故父之基，即当重修庙宇，四时祭祀。」 || Chapter 15, P015-022: 太史慈跟著刘繇退军，孙策不赶，收住人马。长史张昭曰：「彼军被周瑜袭取曲阿，无恋战之心，今夜正好劫营。」孙策然之，当夜分军五路，长驱大进。刘繇军兵大败，众皆四纷五落。太史慈独力难当，引十数骑连夜投泾县去了。 || Chapter 17, P017-011: 却说孙策自发书后，防袁术兵来，点军守住江口。忽曹操使至，拜策为会稽太守，令起兵征讨袁术。策乃商议，便欲起兵。长史张昭曰：「术虽新败，兵多粮足，未可轻敌；不如遗书曹操，劝他南征，吾为后应。两军相援，术军必败。万一有失，亦望操救援。」策从其言，遣使以此意达曹操。",same_body_paragraph
孟达,赵云,8,4,65;71;85;86,"Chapter 65, P065-005: 严入绵竹城，对费观赞玄德如此仁德；今若不降，必有大祸。观从其言，开门投降。玄德遂入绵竹，商议分兵取成都。忽流星马急报，言：「孟达，霍峻守葭明关，今被东川张鲁遣马超与杨柏，马岱领兵攻打甚急，救迟则关隘休矣。」玄德大惊。孔明曰：「须是张，赵二将，方可与敌。」玄德曰：「子龙引兵在外未回。翼得已在此，可急遗之。」孔明曰：「主公且勿言，容亮激之。」 || Chapter 65, P065-021: 时孙干已回。玄德复命霍峻，孟达守关，便撤兵来取成都。赵云，黄忠接入绵竹。人报「蜀将刘晙，马汉引军到。」赵云曰：「某愿往擒此二人！」言讫，上马引军出。玄德在城上款待马超吃酒。未曾安席，子龙已斩二人之头，献于筵前。马超亦惊，倍加敬重。超曰：「不须主公厮杀，超自唤出刘璋来降。如不肯降，超自与弟马岱取成都，双手奉献。」玄德大喜。是日尽欢。 || Chapter 65, P065-027: 玄德从之，设一大宴，请刘璋收拾财物，佩领振威将军印绶，将妻子良贱，尽赴南郡公安住歇，即日起行。玄德自领益州牧，其所降文武，尽皆重赏，定拟名爵。严颜为前将军，法正为蜀郡太守，董和为掌军中郎将，许靖为左将军长史，庞义为营中司马，刘巴为左将军，黄权为右将军。其余吴懿，费观，彭羕，卓膺，李严，吴兰，雷同，李恢，张翼，秦宓，谯周，吕义，霍峻，邓芝，杨洪，周群，费袆，费诗，孟达，……文武投降官员，共六十余人，并皆擢用。诸葛亮军师，关云长为荡寇将军汉寿亭侯，张飞为征远将军新亭侯，赵云为镇远将军，黄忠为征西将军，魏延为扬武将军，马超为平西将军。孙干，简雍，糜竺、糜芳，刘封，关平，周仓，廖化，马良，马谡，蒋琬，伊籍，及旧日荆襄一班文武官员，尽皆升赏。遣使赍黄金五百斤，白银一千斤，钱五千万，蜀锦一千疋，赐与云长。其余官将，给赐有差。杀牛宰马，大饷士卒，开仓赈济百姓，军民大悦。",same_body_paragraph
孟达,马超,8,6,65;71;72;79;85;86,"Chapter 65, P065-005: 严入绵竹城，对费观赞玄德如此仁德；今若不降，必有大祸。观从其言，开门投降。玄德遂入绵竹，商议分兵取成都。忽流星马急报，言：「孟达，霍峻守葭明关，今被东川张鲁遣马超与杨柏，马岱领兵攻打甚急，救迟则关隘休矣。」玄德大惊。孔明曰：「须是张，赵二将，方可与敌。」玄德曰：「子龙引兵在外未回。翼得已在此，可急遗之。」孔明曰：「主公且勿言，容亮激之。」 || Chapter 65, P065-021: 时孙干已回。玄德复命霍峻，孟达守关，便撤兵来取成都。赵云，黄忠接入绵竹。人报「蜀将刘晙，马汉引军到。」赵云曰：「某愿往擒此二人！」言讫，上马引军出。玄德在城上款待马超吃酒。未曾安席，子龙已斩二人之头，献于筵前。马超亦惊，倍加敬重。超曰：「不须主公厮杀，超自唤出刘璋来降。如不肯降，超自与弟马岱取成都，双手奉献。」玄德大喜。是日尽欢。 || Chapter 65, P065-027: 玄德从之，设一大宴，请刘璋收拾财物，佩领振威将军印绶，将妻子良贱，尽赴南郡公安住歇，即日起行。玄德自领益州牧，其所降文武，尽皆重赏，定拟名爵。严颜为前将军，法正为蜀郡太守，董和为掌军中郎将，许靖为左将军长史，庞义为营中司马，刘巴为左将军，黄权为右将军。其余吴懿，费观，彭羕，卓膺，李严，吴兰，雷同，李恢，张翼，秦宓，谯周，吕义，霍峻，邓芝，杨洪，周群，费袆，费诗，孟达，……文武投降官员，共六十余人，并皆擢用。诸葛亮军师，关云长为荡寇将军汉寿亭侯，张飞为征远将军新亭侯，赵云为镇远将军，黄忠为征西将军，魏延为扬武将军，马超为平西将军。孙干，简雍，糜竺、糜芳，刘封，关平，周仓，廖化，马良，马谡，蒋琬，伊籍，及旧日荆襄一班文武官员，尽皆升赏。遣使赍黄金五百斤，白银一千斤，钱五千万，蜀锦一千疋，赐与云长。其余官将，给赐有差。杀牛宰马，大饷士卒，开仓赈济百姓，军民大悦。",same_body_paragraph
庞统,法正,8,4,60;61;62;63,"Chapter 60, P060-023: 正商议间，一人自外突入，汗流满面，大叫曰：「主公若听张松之言，则四十一州郡，已属他人矣！」松大惊；视其人，乃西阆中巴人，姓黄，名权，字公衡，现为刘璋府下主簿。璋问曰：「玄德与我同宗，吾故结之为援；汝何出此言？」权曰：「某素知刘备宽以待人，柔能克刚，英雄莫敌。远得人心，近得民望。兼有诸葛亮，庞统之智谋，关，张，赵云，黄忠，魏延为羽翼。若召到蜀中，以部曲待之，刘备岂肯伏低做小？若以客礼待之，又一国不容二主。今听臣言，则西蜀有泰山之安；不听臣言，则主公有累卵之危矣。张松昨从荆州过，必与刘备同谋。可先斩张松，后绝刘备，则西川万幸也。」璋曰：「曹操，张鲁到来，何以拒之？」权曰：「不如闭境绝塞，棎沟高垒，以待时清。」璋曰：「贼兵犯界，有燃眉之急；若待时清，则是慢计也。」遂不从其言，遣法正行。又一人阻曰：「不可！不可！」 || Chapter 60, P060-026: 当日席散，孔明亲送法正归馆舍。玄德独坐沉吟。庞统进曰：「事当决而不决者，愚人也。主公高明，何多疑耶？」玄德问曰：「以公之意，当复何如？」统曰：「荆州东有孙权，北有曹操难以得志。益州户口百万，士广财富，可资大业。今幸张松、法正为内助，此天赐也。何必疑哉？」 || Chapter 60, P060-036: 却说法正密谓庞统曰：「近张松有密书到此，言于涪城相会刘璋，便可图之。机会切不可失。」统曰：「此意且勿言。待二刘相见，乘便图之。若预走泄，于中有变。」",same_body_paragraph
张昭,鲁肃,8,5,43;44;58;67;83,"Chapter 43, P043-003: 鲁肃看毕曰：「主公尊意若何？」权曰：「未有定论。」张昭曰：「曹操拥百万之众，借天子之名，以征四方，拒之不顺。且主公大势可以拒操者，长江也。今操既得荆州，长江之险，已与我共之矣，势不可敌。以愚之计，不如纳降为万安之策。」众谋士皆曰：「子布之言，正合天意。」孙权沈吟不语。张昭又曰：「主公不必多疑。如降操则东吴民安，江南六郡可保矣。」孙权低头不语。 || Chapter 43, P043-028: 孙权沈吟未决。张昭等出，鲁肃入见曰：「适张子布等，又劝主公休动兵，力主降议，此皆全躯保妻子之臣，为自谋之计耳。愿主公勿听也。」孙权尚在沈吟。肃曰：「主公若迟疑，必为众人误矣。」权曰：「卿且暂退，容我三思。」肃乃退出。时武将或有要战的，文官都是要降的，议论纷纷不一。 || Chapter 44, P044-001: 却说吴国太见孙权疑惑不决，乃谓之曰：「先姊遗言云：『伯符临终有言：内事不决问张昭，外事不决问周瑜。』今何不请公瑾问之？」权大喜，即遣使往鄱阳请周瑜议事。原来周瑜在鄱阳湖训练水师，闻曹操大军至汉上，便星夜回柴桑郡议军机事。使者未发，周瑜已先到。鲁肃与瑜最厚，先来接著，将前项事细述一番。周瑜曰：「子敬休忧，瑜自有主张。今可速请孔明来相见。」",same_body_paragraph
张辽,张郃,8,5,30;31;40;42;48,"Chapter 30, P030-004: 三通鼓罢，袁绍金盔金甲，锦袍玉带，立马阵前。左右排列著张郃、高览、韩猛、淳于琼等诸将。旌旗节钺，甚是严整。曹阵上门旗开处，曹操出马。许褚、张辽、徐晃、李典等，各持兵器，前后拥卫。曹操以鞭指袁绍曰：「吾于天子之前，保奏你为大将军；今何故谋反？」绍怒曰：「汝托名汉相，实为汉贼！罪恶弥天，甚于莽、卓，乃反诬人造反耶！」操曰：「吾今奉诏讨汝！」绍曰：「吾奉衣带诏讨贼！」 || Chapter 30, P030-005: 操怒，使张辽出战。张郃跃马来迎。二将斗了四五十合，不分胜负。曹操见了，暗暗称奇。许褚挥刀纵马，直出助战。高览挺枪接住。四员将捉对儿厮杀。曹操令夏侯惇、曹洪，各引三千军，齐冲彼阵。审配见曹军来冲阵，便令放起号砲。两下万弩并发，中车内弓箭手一齐拥出阵前乱射。曹军如何抵敌，望南急走。袁绍驱兵掩杀，曹军大败，尽退至官渡。袁绍移军逼近官渡下寨。审配曰：「今可拨兵十万守官渡，就曹操寨前筑起土山，令军人下视寨中放箭。操若弃此而去，吾得此隘口，许昌可破矣。」 || Chapter 30, P030-012: 绍急遣张郃、高览去截大路，正遇徐晃烧粮而回。恰欲交锋，背后张辽、许褚军到。两下夹攻，杀散袁军，四将合兵一处，回官渡寨中。曹操大喜，重加赏劳；又分军于寨前结营，为犄角之势。",same_body_paragraph
徐晃,马超,8,2,58;59,"Chapter 58, P058-014: 却说曹洪，徐晃到潼关，替钟繇坚守关隘，并不出战。马超领军来关下，把曹操三代辱骂。曹洪大怒，要提兵下关厮杀。徐晃谏曰：「此是马超要激将军厮杀，切不可与战。待丞相大军来，必有主画。」马超军日夜轮流来骂，曹洪只要厮杀，徐晃苦苦挡住。至第九日，在关上看时，西凉军都弃马在于关前草地上坐；多半困乏，就于地上睡卧。曹洪便教备马，点起三千兵杀下关来。西凉兵弃马抛戈而走，洪迤逦追赶。 || Chapter 58, P058-015: 时徐晃正在关上点视粮草，闻曹洪下关厮杀，大惊，急引兵随后赶来，大叫曹洪回马；忽然背后喊声大震，马岱引军杀至。曹洪，徐晃急回走时，一棒鼓响，山背后两军截出：左是马超，右是庞德，混杀一阵。曹洪抵挡不住，折军大半，撞出重围，奔到关上。西凉兵随后赶来，洪等弃关而走。庞德直追过潼关，撞见曹仁军马，救了曹洪等一军。马超接应庞德上关。 || Chapter 58, P058-021: 过了几日，细作报来：「马超又添二万生力兵来助战，乃是羌人部落。」操闻知大喜。诸将曰：「马超添兵，丞相反喜，何也？」操曰：「待吾胜了，却对汝等说。」三日后又报关上又添军马。操又大喜，就于帐中设宴作贺。诸将皆暗笑。操曰：「诸公笑我无破马超之谋，公等有何良策？」徐晃进曰：「今丞相盛兵在此，贼亦全部见屯关上，此去河西，必无准备；若得一军暗渡蒲阪津先截贼归路，丞相迳发河北击之，贼两不相应，势必危矣。」操曰：「公明之言，正合吾意。」便教徐晃引精兵四千，和朱灵同去迳袭河西，伏于山谷之中，待我渡河北同时击之。",same_body_paragraph
曹操,魏延,8,4,60;65;72;73,"Chapter 60, P060-023: 正商议间，一人自外突入，汗流满面，大叫曰：「主公若听张松之言，则四十一州郡，已属他人矣！」松大惊；视其人，乃西阆中巴人，姓黄，名权，字公衡，现为刘璋府下主簿。璋问曰：「玄德与我同宗，吾故结之为援；汝何出此言？」权曰：「某素知刘备宽以待人，柔能克刚，英雄莫敌。远得人心，近得民望。兼有诸葛亮，庞统之智谋，关，张，赵云，黄忠，魏延为羽翼。若召到蜀中，以部曲待之，刘备岂肯伏低做小？若以客礼待之，又一国不容二主。今听臣言，则西蜀有泰山之安；不听臣言，则主公有累卵之危矣。张松昨从荆州过，必与刘备同谋。可先斩张松，后绝刘备，则西川万幸也。」璋曰：「曹操，张鲁到来，何以拒之？」权曰：「不如闭境绝塞，棎沟高垒，以待时清。」璋曰：「贼兵犯界，有燃眉之急；若待时清，则是慢计也。」遂不从其言，遣法正行。又一人阻曰：「不可！不可！」 || Chapter 65, P065-006: 却说张飞闻马超攻关，大叫而入曰：「辞了哥哥，便去战马超也！」孔明佯作不闻，对玄德曰：「今马超侵犯关隘，无人可敌；除非往荆州取关云长来，方可与敌。」张飞曰：「军师何故小觑吾？吾曾独拒曹操百万之兵，岂愁马超一匹夫乎？」孔明曰：「翼德拒水断桥，此因曹操不知虚实耳。若知虚实将军岂得无事？今马超之勇，天下皆知。渭桥大战，杀得曹操割须弃袍，几乎丧命，非等闲之比，云长且未必能胜。」飞曰：「我只今便去；如胜不得马超，甘当军令！」孔明曰：「即尔肯写文书，便为先锋。请主公亲自去一遭。留亮守绵竹。待子龙来，却作商议。」魏延曰：「某亦愿往。」 || Chapter 72, P072-009: 操心惊，望阳平关而走。玄德大兵追至南郑，褒州。安民已毕，玄德问孔明曰：「曹操此来，何败之速也？」孔明曰：「操平生为人多疑，虽能用兵，疑则多败。吾以疑兵胜之。」玄德曰：「今操退守阳平关，其势已孤，先生将何策以退之？」孔明曰：「亮已算定了。」便差张飞，魏延，分兵两路去截曹操粮道，令黄忠，赵云，分兵两路去放火烧山。四路军将，各引乡导官军去了。",same_body_paragraph
袁绍,许褚,8,3,30;31;33,"Chapter 30, P030-004: 三通鼓罢，袁绍金盔金甲，锦袍玉带，立马阵前。左右排列著张郃、高览、韩猛、淳于琼等诸将。旌旗节钺，甚是严整。曹阵上门旗开处，曹操出马。许褚、张辽、徐晃、李典等，各持兵器，前后拥卫。曹操以鞭指袁绍曰：「吾于天子之前，保奏你为大将军；今何故谋反？」绍怒曰：「汝托名汉相，实为汉贼！罪恶弥天，甚于莽、卓，乃反诬人造反耶！」操曰：「吾今奉诏讨汝！」绍曰：「吾奉衣带诏讨贼！」 || Chapter 30, P030-005: 操怒，使张辽出战。张郃跃马来迎。二将斗了四五十合，不分胜负。曹操见了，暗暗称奇。许褚挥刀纵马，直出助战。高览挺枪接住。四员将捉对儿厮杀。曹操令夏侯惇、曹洪，各引三千军，齐冲彼阵。审配见曹军来冲阵，便令放起号砲。两下万弩并发，中车内弓箭手一齐拥出阵前乱射。曹军如何抵敌，望南急走。袁绍驱兵掩杀，曹军大败，尽退至官渡。袁绍移军逼近官渡下寨。审配曰：「今可拨兵十万守官渡，就曹操寨前筑起土山，令军人下视寨中放箭。操若弃此而去，吾得此隘口，许昌可破矣。」 || Chapter 30, P030-011: 操遂差徐晃带将史涣并所部兵先出，后使张辽、许褚引兵救应。当夜韩猛押粮车数千辆，解赴绍寨。正走之间，山谷内徐晃、史涣引军截住去路，韩猛飞马来战。徐晃接住厮杀，史涣便杀散人夫，放火焚烧粮车。韩猛抵当不住，拨马回走。徐晃催军烧尽辎量。袁绍军中，望见西北上火起，正惊疑间，败军报来：「粮草被劫。」",same_body_paragraph
袁绍,郭嘉,8,5,18;19;24;33;34,"Chapter 18, P018-011: 荀彧拜服。郭嘉入。操曰：「公来何暮也？」嘉袖出一书，白操曰：「袁绍使人致书承相，言欲出兵攻公孙瓒，特来借粮借兵。」操曰：「吾闻绍欲图许都，今见吾归，又别生他议。」遂拆书观之。见其词意骄慢，乃问嘉曰：「袁绍如此无状，吾欲讨之，恨力不及，如何？」 || Chapter 18, P018-022: 却说简雍至许都见曹操，具言前事。操即聚众谋士议曰：「吾欲攻吕布，不忧袁绍掣肘，只恐刘表、张绣扰其后耳。」荀攸曰：「二人新破，未敢轻动。吕布骁勇，若更结连袁术，纵横淮、泗，急难图矣。」郭嘉曰：「今可乘其初叛，众心未附疾往击之。」 || Chapter 19, P019-030: 却说曹操攻城，两月不下，忽报：「河内太守张扬出兵东市，欲救吕布；部将杨丑杀之，欲将头献丞相，欲被张扬心腹将眭固所杀，反投大城去了。」操闻报，即遣史涣追斩眭固。因聚众将曰：「张扬虽幸自灭，然北有袁绍之忧，东有表、绣之患，下邳久围不克。吾欲舍布还都，暂且息战，何如？」荀攸急止曰：「不可，吕布屡败，锐气已堕。军以将为主，将衰则军无战心。彼陈宫虽有谋而迟，今布之气未复，宫之谋未定，作速政之，布可擒也。」郭嘉曰：「某有一计，下邳城可立破，胜于二十万师。」荀彧曰：「莫非决沂、泗之水乎？」嘉笑曰：「正是此意。」",same_body_paragraph
许褚,马超,8,2,58;59,"Chapter 58, P058-023: 却说曹操整兵已毕，分三停军，前渡渭河，比及人马到河内时，日光初起。操先发精兵渡过北岸，开创营寨。操自引亲随护卫军将百人，按剑坐于南岸，看军渡河。忽然人报：「后边白袍将军到了！」众皆认得是马超，一拥下船。河边军争上船者，声喧不止。操犹坐而不动，按剑指约休闹。只听得人喊马嘶，蜂拥而来，船上一将跃身上岸，呼曰：「贼至矣！请丞相下船！」操视之，乃许褚也。操口内犹言：「贼至何妨？」回头视之，马超已离不得百余步。许褚拖操下船时，船已离岸一丈有余，褚负操一跃上船。随行将士尽皆下水，扳住船边，争欲上船逃命。船小将翻，褚掣刀乱砍，船傍手尽折，倒于水中，急将船望下水棹去。许褚立于梢上，忙用不篙撑之。操伏在许褚脚边。马超赶到河岸，见船已流在半河，遂拈弓搭箭，喝令骁将遶河射之，矢如雨急。褚恐伤曹操，以左手举马鞍遮之。马超箭不虚发，船上驾舟之人，应弦落水；船中数十人皆被射倒。其船反撑不定，于急水中旋转。许褚独奋神威，将两腿夹舵摇撼，一手使篙撑船，一手举鞍遮护曹操。 || Chapter 58, P058-024: 时有渭南县令丁斐，在南山之上，见马超追操甚急，恐伤操命，遂将寨内牛只马匹，尽驱于外，漫山遍野，皆是牛马。西凉兵见之，都回身争取牛马，无心追赶，曹操因此得脱。方到北岸，便把船筏凿沉。诸将听得曹操在河中逃难，急来救时，操已登岸。许褚身被重铠，箭皆嵌在甲上。众将保操至野寨中，皆拜于地而问安。操大笑曰：「我今日几为小贼所困！」褚曰：「若非有人纵马放牛以诱贼，贼必努力渡河矣。」操问曰：「诱贼者谁也？」有知者答曰：「渭南县令丁斐也。」 || Chapter 58, P058-026: 却说马超回见韩遂，说：「几乎捉住曹操，有一将奋勇负操下船去了，不知何人。」遂曰：「吾闻曹操选极壮之人，为帐前侍卫，名曰『虎卫军』，以骁将典韦，许褚领之。典韦已死，今救曹操者，必许褚也。此人勇力过人，人皆称为『虎痴』；如遇之，不可轻敌。」超曰：「吾亦闻其名久矣。」遂曰：「今操渡河，将袭我后，可速攻之，不可令他创立营寨。若立营寨，急难剿除。」超曰：「以姪愚意，还只拒住北岸，使彼不得渡河，乃为上策。」遂曰：「贤姪守寨，吾引军循河战操，若何？」超曰：「令庞德为先锋，跟叔父前去。」",same_body_paragraph
诸葛亮,费祎,8,4,88;96;99;101,"Chapter 88, P088-009: 孔明曰：「这番生擒，如又不服，必无轻恕。」令左右去其绳索，仍前赐以酒食，列坐于帐上。孔明曰：「吾自出茅庐，战无不胜，攻无不取。汝蛮邦之人，何为不服？」获默然不答。孔明酒后，唤孟获同上马出寨，看视诸营寨栅所屯粮草，所积军器。孔明指谓获曰：「汝不降吾，真愚人也；吾有如此之精兵猛将，粮草器械，汝安能胜吾哉？汝若早降，吾当奏闻天子，令汝不先王位，子子孙孙，永镇蛮邦。意下若何？」获曰：「某虽肯降，怎奈洞中之人，未肯心服。若丞相肯再放回去，就当招安本部人马，同心合胆，方可归顺。」孔明欣然，又与孟获回到大寨，饮酒至晚。获辞去，孔明亲自送至泸水边，以船送获归寨。孟获来到本寨，先伏刀斧手于帐下，差心腹人到董荼那、阿会喃寨中，只推孔明有使命在，将二人赚到大寨帐下，尽皆杀之，弃尸于涧。孟获随即遣亲信之人，把守隘口，自引军出了夹山谷，要与马岱交战，却并不见一人；及问土人，皆言昨夜尽搬粮草复渡泸水，归大寨去了。获再回洞中，与亲弟孟优商议曰：「如今诸葛亮之虚实，吾已尽知，汝可去如此如此。」孟优领了兄计，引百余蛮兵，搬载金珠、宝贝、象牙、犀角之类，渡了泸水，迳投孔明大寨而来；方才过了河时，前面鼓角齐鸣，一彪军摆开，为首大将，乃马岱也。孟优大惊。岱问了来情，令在外厢，差人来报孔明。孔明正在帐中与马谡，吕凯，蒋琬，费祎等，共议平蛮之事，忽帐下一人，报称孟获差弟孟优来进宝贝。孔明回顾马谡曰；「汝知其来意否？」谡曰：「不敢明言。容某暗写于纸上，呈与丞相，看合钧意否？」孔明从之。马谡写讫，呈与孔明。孔明看毕，抚掌大笑曰：「擒孟获之计，吾已差派下也。汝之所见，正与吾同。」遂唤赵云入，向耳畔分付如此如此；又唤魏延入，亦低言分付；又唤王平、马忠、关索入，亦各密地分付。各人受了计策，皆依令而去，方召孟优入帐。优再拜于帐下曰：「家兄孟获，感丞相活命之恩，无可奉献，辄具金珠宝贝若干，权为赏军之资。续后别有贡天子礼物。」孔明曰：「汝兄今在何处？」优曰：「为感丞相大恩，迳往银坑山中收拾宝物去了，少时便回来也。」孔明曰：「汝带多少人来？」优曰：「不敢多带：只是随行百余人，皆运货物者。」孔明尽教入帐看时，皆是青眼黑面，黄发紫须，耳带金环，鬅头跣足，长力大之士。孔明就令随席而坐，教诸将劝酒，慇懃相待。 || Chapter 96, P096-009: 后主览毕曰﹕「胜负兵家常事，丞相何出此言？」侍中费祎奏曰﹕「臣闻治国者，必以奉法为重。法若不行，何以服人？丞相败绩，自行贬降，正其宜也。」后主从之，乃诏贬孔明为右将军，行丞相事，照旧总督军马，就令费祎诏到汉中。 || Chapter 96, P096-011: 费祎诸将皆服其论。费祎自回成都。孔明在汉中，惜军爱民，励兵讲武，置造攻城渡水之器，聚积粮草，预备战筏，以为后图。细作探知，报入洛阳。",same_body_paragraph
贾诩,郭汜,8,4,9;10;13;14,"Chapter 9, P009-025: 且说李傕，郭汜，张济，樊稠逃居陕西，使人至长安上表求赦。王允曰：「卓之跋扈，皆此四人助之；今虽大赦天下，独不赦此四人。」使者回报李傕。傕曰：「求赦不得，各自逃生可也。」谋士贾诩曰：「诸君若弃军单行，则一亭长能缚君矣。不若诱集陕人，并本部军马，杀入长安，与董卓报雠。事济，奉朝廷以正天下；若其不胜，走亦未迟。」 || Chapter 10, P010-004: 当下李傕，郭汜，张济，樊稠闻二军将至，一同商议御敌之策。谋士贾诩曰：「二军远来，只宜深沟高垒，坚守以拒之。不过百日，彼兵粮尽，必将自退，然后引兵追之，二将可擒矣。」李蒙、王方出曰：「此非好计。愿借精兵万人，立斩马腾、韩遂之头，献于麾下。」贾诩曰：「今若即战，必当败绩。」李蒙、王方齐声曰：「若吾二人败，情愿斩首；吾若战胜，公亦当输首级与我。」诩谓李傕、郭汜曰：「长安西二百里盩厔山，其路险崚，可使张、樊两将军屯兵于此，坚壁守之；待李蒙、王方自引兵迎敌，可也。」李傕、郭汜从其言，点一万五千人马与李蒙、王方。二人忻喜而去，离长安二百八十里下寨。西凉兵到，两个引军迎去。西凉军马拦路摆开阵势。马腾、韩遂联辔而出，指李蒙、王方骂曰：「反国之贼！谁去擒之？」 || Chapter 10, P010-007: 李傕、郭汜听知李蒙、王方皆被马超杀了，方信贾诩有先见之明，重用其计，只理会紧守关防，由他搦战，并不出迎。果然西凉军未及两月，粮草俱乏，商议回军。恰好长安城中马宇家僮出首家主与刘范、种邵，外连马腾、韩遂，欲为内应等情。李傕、郭汜大怒，尽收三家少良贱斩于市，把三颗首级，直来门前号令。",same_body_paragraph
赵云,邓芝,8,5,65;91;92;95;96,"Chapter 65, P065-027: 玄德从之，设一大宴，请刘璋收拾财物，佩领振威将军印绶，将妻子良贱，尽赴南郡公安住歇，即日起行。玄德自领益州牧，其所降文武，尽皆重赏，定拟名爵。严颜为前将军，法正为蜀郡太守，董和为掌军中郎将，许靖为左将军长史，庞义为营中司马，刘巴为左将军，黄权为右将军。其余吴懿，费观，彭羕，卓膺，李严，吴兰，雷同，李恢，张翼，秦宓，谯周，吕义，霍峻，邓芝，杨洪，周群，费袆，费诗，孟达，……文武投降官员，共六十余人，并皆擢用。诸葛亮军师，关云长为荡寇将军汉寿亭侯，张飞为征远将军新亭侯，赵云为镇远将军，黄忠为征西将军，魏延为扬武将军，马超为平西将军。孙干，简雍，糜竺、糜芳，刘封，关平，周仓，廖化，马良，马谡，蒋琬，伊籍，及旧日荆襄一班文武官员，尽皆升赏。遣使赍黄金五百斤，白银一千斤，钱五千万，蜀锦一千疋，赐与云长。其余官将，给赐有差。杀牛宰马，大饷士卒，开仓赈济百姓，军民大悦。 || Chapter 91, P091-025: 言未尽，一人应曰：「某虽不才，愿助老将军先引一军前去破敌。」孔明视之，乃邓芝也。孔明大喜，即拨精兵五千，副将十员，随赵云、邓芝去讫。孔明出师，后主引百官送于北门外十里。孔明辞后主，旌旗蔽野，戈戟如林，率军望汉中迤逦进发。 || Chapter 91, P091-026: 却说边庭探知此事，报入洛阳。是日曹叡设朝，近臣奏曰：「边官报称：诸葛亮率大兵三十余万，出屯汉中，令赵云、邓芝为前部先锋，引兵入境。」叡大惊，问群臣曰：「谁可为将，以退蜀兵？」忽一人应声而出曰：「臣父死于汉中，切齿之恨，未尝得报。今蜀兵犯境，臣愿引本部猛将，更乞陛下赐关西之兵，前往破蜀。上为国家效力，下报父雠，臣万死不恨！」",same_body_paragraph
邓芝,魏延,8,5,65;91;92;95;100,"Chapter 65, P065-027: 玄德从之，设一大宴，请刘璋收拾财物，佩领振威将军印绶，将妻子良贱，尽赴南郡公安住歇，即日起行。玄德自领益州牧，其所降文武，尽皆重赏，定拟名爵。严颜为前将军，法正为蜀郡太守，董和为掌军中郎将，许靖为左将军长史，庞义为营中司马，刘巴为左将军，黄权为右将军。其余吴懿，费观，彭羕，卓膺，李严，吴兰，雷同，李恢，张翼，秦宓，谯周，吕义，霍峻，邓芝，杨洪，周群，费袆，费诗，孟达，……文武投降官员，共六十余人，并皆擢用。诸葛亮军师，关云长为荡寇将军汉寿亭侯，张飞为征远将军新亭侯，赵云为镇远将军，黄忠为征西将军，魏延为扬武将军，马超为平西将军。孙干，简雍，糜竺、糜芳，刘封，关平，周仓，廖化，马良，马谡，蒋琬，伊籍，及旧日荆襄一班文武官员，尽皆升赏。遣使赍黄金五百斤，白银一千斤，钱五千万，蜀锦一千疋，赐与云长。其余官将，给赐有差。杀牛宰马，大饷士卒，开仓赈济百姓，军民大悦。 || Chapter 91, P091-023: 孔明受诏归府，唤诸将听令。前督部镇北将军领丞相司马、凉州刺史、都亭侯魏延，前军都督领伏风太守张翼，牙门将裨将军王平﹔后军领兵使安汉将军领建宁太守李恢，副将定远将军领汉中太守吕义，兼管运粮左军领兵使平北将军陈仓侯马岱，副将飞卫将军廖化，右军领兵使奋威将军博阳亭侯马忠，镇抚将军关内侯张嶷，行中军师车骑大将军都乡侯刘琰，中监军扬武将军邓芝，中参军安远将军马谡，前将军都亭侯袁琳，左将军高阳侯吴懿，右将军玄都侯高翔，后将军安乐侯吴班，领长史绥军将军杨仪，前将军征南将军刘巴，前护军偏将军、汉成亭侯许允，左护军笃信中郎将丁咸，右护军偏将军刘敏，后护军典军中郎将宫雝，行参军昭武中郎将胡济，行参军谏议将军阎晏，行参军偏将军爨习，行参军稗将军杜义，武略中郎将杜祺，绥军都尉盛敦，从事武略中郎将樊岐，典军书记樊建，丞相令史董厥，帐前左护卫使龙骧将军关兴，右护卫使虎翼将军张苞。──以上一应官员，都随著平北大都督丞相武乡侯领益州牧知内外事诸葛亮。 || Chapter 92, P092-004: 次日，夏侯楙复整金鼓旗旛，率兵而进。赵云、邓芝出迎。芝在马上谓赵云曰：「昨夜魏兵大败而走，今日复来，必有诈也，老将军防之。」子龙曰：「量此乳臭小儿，何足道哉！吾今日必当擒之！」便跃马而出，魏将潘遂出迎，战不三合，拨马便走。赵云赶去，魏阵中八员将一齐来迎。放过夏侯楙先走，八将陆续奔走。赵云乘势追杀，邓芝引兵继进。赵云深入重地，只听得四面喊声大震。邓芝急收军退回，左有董禧，右有薛则，两路兵杀到。邓芝兵少，不能解救。赵云被困在垓心，东冲西突，魏兵越厚。时云手下止有千余人，杀到山坡之下，只见夏侯楙在山上指挥三军。赵云投东则望东指，投西则望西指：因此赵云不能突围，乃引兵欲上山来。半山中擂木砲石打将下来，不能上山。赵云从辰时杀至酉时，不能得走出，只得下马少歇，且待月明再战。却才卸甲而坐，月光方出，忽四下火光冲天，鼓声大震，矢石如雨，魏兵杀到，皆叫曰：「赵云早降！」云急上马迎敌、四面军马渐渐逼近，八方弩箭交射甚急，人马皆不能向前。云仰天叹曰：「吾不服老，死于此地矣！」忽东北角上喊声大起，魏兵纷纷乱窜。一彪军杀到，为首大将持丈八点钢矛，马项下挂一颗人头，云视之，乃张苞也。苞见赵云，言曰：「丞相恐老将军有失，特遣某引军五千兵接应。闻老将军被困，故杀透重围。正遇魏将薛则，被某杀之。」云大喜，即与张苞杀出西北角来。只见魏兵弃戈奔走。一彪军从外呐喊杀入，为首大将提偃月青龙刀，手挽人头。云视之，乃关兴也。兴曰：「奉丞相之命，恐老将军有失，特引五千兵前来接应。却才阵上逢著魏将董禧，被吾一刀斩之，枭道在此。丞相随后便到也。」云曰：「二将军已建奇功，不趁今日擒住夏侯楙，以定大事？」张苞闻言，遂引兵去了。兴曰：「我也干功去。」亦引兵去了。云回顾左右曰：「他两个是吾子姪辈，尚且争先干功；吾乃国家上将，朝廷旧臣，反不如此小辈耶？吾当舍老命以报先帝之恩！」于是引兵来捉夏侯楙。当夜三路兵夹攻，大破魏军一阵。邓芝引兵接应，杀得尸横遍野，血流成河。夏侯楙乃无谋之人，更兼年幼，不曾经战；见军大乱，遂引帐下骁将百余人，望南安郡而走。众军因见无主，尽皆逃窜。兴、苞二将，闻夏侯楙望南安郡去了，连夜赶来。楙走入城中，紧闭城门，驱兵守御。兴、苞二人赶到，将城围住；赵云随后也到：三面攻打。少时，邓芝亦引兵到。一连围了十日，攻打不下。忽报丞相留后军住沔阳，左军屯阳平，右军屯石城，自引中军来到。赵云、邓芝郡关兴、张苞皆来拜问孔明，说连日攻城不下。孔明遂乘小车亲到城边周围看了一遍，回寨升帐而坐。众将环立听令。孔明曰：「此郡壕深成峻，不易攻也。吾正事不在此城，如汝等只久攻，倘魏兵分道而出，以取汉中，吾军危矣。」邓芝曰：「夏侯楙乃魏之驸马，若擒此人，胜斩百将。今困于此，岂可弃之而去？」孔明曰：「吾自有计。此处西连天水郡，北抵安定郡；二处太守，不知何人？」探卒答曰：「天水太守马遵，安定太守崔谅。」孔明大喜，乃唤魏延受计，如此如此；又唤关兴、张苞受计，如此如此；又唤心腹军士二人受计，如此行之。各将领命，引兵而去。孔明却在南安城外，令军运迆草堆于城下，口称烧城。魏兵闻知，皆大笑不惧。",same_body_paragraph
郭淮,魏延,8,6,93;94;95;101;102;103,"Chapter 93, P093-013: 却说孔明归帐，先唤赵云、魏延听令。孔明曰：「汝二人各引本部军去劫魏寨。」魏延进曰：「曹真深明兵法，必料我乘丧劫寨。他岂不隄防？」孔明笑曰：「吾正欲曹真知吾去劫寨也。彼必伏兵在祁山之后，待我兵过去，却来袭我寨；吾故令汝二人，引兵前去，过山脚后路，远下营寨，待魏兵来劫吾寨。汝看火起为号，分兵两路；文长拒住山口，子龙引兵杀回，必遇魏兵，却放彼走回，汝乘势攻之，彼必自相掩杀：可获全胜。」二将引兵受计而去。又唤关兴、张苞分付曰：「汝二人各引一军，伏于祁山要路；放过魏兵，却从魏兵来路，杀奔魏寨而去。」二人引兵受计去了。又令马岱、王平、张翼、张嶷四将，伏于寨外，四面迎击魏兵。孔明乃虚立寨栅，居中堆起柴草，以备火号；自引诸将退于寨后，以观动静。却说魏先锋曹遵、朱赞黄昏离寨，迤逦前进。二更左侧，遥望山前隐隐有兵行动。曹遵自思曰：「郭都督真神机妙算！」遂催兵急进。到蜀寨时，将及三更。曹遵先杀入寨，却是空寨，并无一人，料知中计，急撤军回，寨中火起。朱赞兵到，自相掩杀，人马大乱。曹遵与朱赞交马，方知自相践踏。急合兵时，忽四面喊声大震，王平、马岱、张嶷、张翼杀到。曹、朱二人引心腹军百余骑，望大路奔走。忽然鼓角齐鸣，一彪军截住去路；为首大将乃常山赵子龙也，大叫曰：「贼将那里去！早早受死！」曹、朱二人夺路而走。忽喊声又起，魏延又引一彪军杀到。曹、朱二人大败，夺路奔回本寨。守寨军士，只道蜀兵来劫寨，慌忙放起号火。左边曹真杀至，右边郭淮杀至，自相掩杀。背后三路蜀兵杀到：中央魏延，左边关兴，右边张苞，大杀一阵。魏兵败走十余里，魏将死者极多。孔明全获大胜，方始收兵。曹真、郭淮收拾败军回寨，商议曰：「今魏兵势孤，蜀兵势大，将何策以退之？」淮曰：「『胜负乃兵家常事』，不足为忧。某有一计，使蜀兵首尾不能相顾，定然自走矣。」正是： || Chapter 94, P094-005: 却说曹真连日望羌人消息，忽有伏路军来报说：蜀兵拔寨收拾起程。」郭淮大喜曰：「此因羌兵攻击，故尔退去。」遂分两路追赶。前面蜀兵乱走，魏兵随后追赶。先锋曹遵正赶之间，忽然鼓声大震，一彪军闪出；为首大将乃魏延也，大叫：「反贼休走！」曹遵大惊，拍马交锋；不三合，被魏延一刀斩于马下。副先锋朱赞引兵追赶，忽然一彪军闪出；为首大将乃赵云也。朱赞措手不及，被云一鎗刺死。曹真、郭淮见两路先锋有失，欲收兵回；背后喊声大震，鼓角齐鸣，关兴、张苞两路兵杀出，围了曹真、郭淮，痛杀一阵。曹、郭二人，引败兵冲路走脱。蜀兵全胜，直追到渭水，夺了魏寨。曹真折了两个先锋，哀伤不已；只得写本申朝，乞拨援兵。 || Chapter 95, P095-007: 却说王平见魏兵到，引军杀来，正遇张郃；战有数十余合，平力穷势孤，只得退去。魏兵自辰时困至戌时，山上无水，军不得食，寨中大乱。嚷到半夜时分，山南蜀兵大开寨门，下山降魏。马谡禁止不住。司马懿又令人于沿山放火，山上蜀兵愈乱。马谡料守不住，只得驱残兵杀下山西逃奔。司马懿放条大路，让过马谡。背后张郃引兵赶来。赶到三十余里，前面鼓角齐鸣，一彪军出，放过马谡，拦住张郃；视之，乃魏延也：挥刀纵马，直取张郃。郃回军便走。延驱兵赶来，复夺街亭。赶到五十余里，一声喊起，两边伏兵齐出：左边司马懿，右边司马昭，却抄在魏延背后，把延困在垓心。张郃复来，三路兵合在一处。魏延左冲右突，不得脱身，折兵大半。正危急间，忽一彪军杀入，乃王平也。延大喜曰：「吾得生矣！」二将合兵一处，大杀一阵，魏兵方退。二将慌忙奔回寨时，营中皆是魏兵旌旗。申耽、申仪从营中杀出。王平、魏延迳奔列柳城，来投高翔。此时高翔闻知街亭有失，尽起列柳城之兵，前来救应，正遇延、平二人，诉说前事。高翔曰：「不如今晚去劫魏寨，再复街亭。」当时三人在山坡下商议已定。待天色将晚，兵分三路。魏延引兵先进，迳到街亭，不见一人，心中大疑，不敢轻进，且伏在路口等候。忽见高翔兵到，二人共说魏兵不知在何处。正没理会，又不见王平兵到。忽然一声砲响，火光冲天，鼓声震地。魏兵齐出，把魏延、高翔围在垓心。二人尽力冲突，不得脱身。忽听得山坡后喊声若雷，一彪军杀入，乃是王平，救了高、魏二人，迳奔列柳城来。比及奔到城下时，城边早有一军杀到，旗上大书「魏都督郭淮」字样。原来郭淮与曹真商议，恐司马懿得了全功，乃分淮来取街亭；闻知司马懿、张郃成上此功，遂引兵迳袭列柳城。正遇三将，大杀一阵。蜀兵伤者极多。魏延恐阳平关有失，慌与王平、高翔望阳平关来。",same_body_paragraph
公孙瓒,董卓,7,3,5;7;120,"Chapter 5, P005-009: 且说北平太守公孙瓒，统领精兵一万五千，路经德州平原县。正行之间，遥见桑树丛中，一面黄旗，数骑来迎。瓒视之，乃刘玄德也。瓒问曰：「贤弟何故在此？」玄德曰：「旧日蒙兄保备为平原县令，今闻大军过此，特来奉候，就请兄长入城歇马。」瓒指关、张而问曰：「此何人也？」玄德曰：「此关羽，张飞，备结义兄弟也。」瓒曰：「乃同破黄巾者乎？」玄德曰：「皆此二人之力。」瓒曰：「今居何职？」玄德答曰：「关羽为马弓手，张飞为步弓手。」瓒叹曰：「如此可谓埋没英雄！今董卓作乱，天下诸侯，共往诛之。贤弟可弃此卑官，一同讨贼，力扶汉室，若何？」玄德曰：「愿往。」张飞曰：「当时若容我杀了此贼，免有今日之事。」云长曰：「事已至此，即当收拾前去。」 || Chapter 5, P005-010: 玄德、关、张引数骑跟公孙瓒来。曹操接著。众诸侯亦陆续皆至，各自安营下寨，连接二百余里。操乃宰牛杀马，大会诸侯，商议进兵之策。太守王匡曰：「今奉大义，必立盟主；众听约束，然后进兵。」操曰：「袁本初四世三公，门多故吏，汉朝名相之裔，可为盟主。」绍再三推辞。众皆曰：「非本初不可。」绍方应允。次日筑台三层，遍列五方旗帜，上建白旄黄钺，兵符将印，请绍登坛。绍整衣佩剑，慨然而上，焚香再拜。其盟曰：汉室不幸，皇纲失统。贼臣董卓，乘衅纵害，祸加至尊，虐流百姓。绍等惧社稷沦丧，纠合义兵，并赴国难。凡我同盟，齐心戮力，以致臣节，必无二志。有渝此盟，俾坠其命，无克遗育。皇天后土，祖宗明灵，实皆鉴之！ || Chapter 5, P005-019: 曹操大喜。只见玄德背后转出张飞，高声大叫：「俺哥哥斩了华雄，不就这里杀入关去，活拏董卓，更待何时！」袁术大怒，喝曰：「俺大臣尚自谦让，量一县令手下小卒，安敢在此耀武扬威！都与赶出帐去！」曹操曰：「得功者赏，何计贵贱乎？」袁术曰：「既然公等只重一县令，我当告退。」操曰：「岂可因一言而误大事耶？」命公孙瓒且带玄德、关、张回寨。众官皆散。曹操暗使人赍牛酒抚慰三人。却说华雄手下败军，报上关来。李肃慌忙写告急文书，申闻董卓。卓急聚李儒、吕布等商议。儒曰：「今失了上将华雄，贼势浩大。袁绍为盟主，绍叔袁隗，现为太傅；倘或里应外合，深为不便，可先除之。请丞相亲领大军，分拨剿捕。」",same_body_paragraph
关羽,陆逊,7,3,75;76;83,"Chapter 75, P075-015: 蒙惊谢曰：「伯言之语，如见我肺腑。愿闻良策。」陆逊曰：「云长倚恃英雄，自料无敌，所虑者惟将军耳。将军乘此机会，托疾辞职，以陆口之任让之他人，使他人卑辞赞美关公，以骄其心，彼必尽撤荆州之兵，以向樊城；若荆州无备，用一旅之师，别出奇计以袭之，则荆州在掌握之中矣。」蒙大喜曰：「真良策也！」 || Chapter 75, P075-016: 由是吕蒙托病不起，上书辞职。陆逊回见孙权，具言前计。孙权乃召吕蒙还建业养病。蒙至，入见权。权问曰：「陆口之任，昔周公瑾荐鲁子敬以自代；后子敬又荐卿自代；今卿亦须荐一才望兼隆者，代卿为妙。」蒙曰：「若用望重之人，云长必然防备。陆逊意思深长，而未有远名，非云长所忌；若即用以代臣之任，必有所济。」 || Chapter 75, P075-017: 权大喜，即日拜陆逊为偏将军右都督，代蒙守陆口。逊谢曰：「某年幼无学，恐不堪大任。」权曰：「子明保卿，必不差错。卿毋得推辞。」逊乃拜受印绶，连夜往陆口；交割马步水三军已毕，即修书一封，具名马、异锦、酒礼等物，遣使赍赴樊城见关公。",same_body_paragraph
关羽,陈登,7,5,11;17;21;22;24,"Chapter 11, P011-021: 且说来使回徐州，入城见陶谦，呈上书札，言曹兵已退。谦大喜，差人请孔融，田楷，云长，子龙等赴城大会。饮宴既毕，谦延玄德于上座，拱手对众曰：「老夫年迈，二子不才，不堪国家重任。刘公乃帝室之胄，德广才高，可领徐州。老夫情愿乞闲养病。」玄德曰：「孔文举令备来救徐州，为义也；今无端据而有之，天下将以备为无义人矣。」糜竺曰：「今汉室陵迟，海宇颠覆，树功立业，正在此时。徐州殷富，户口百万，刘使君领此，不可辞也。」玄德曰：「此事决不敢应命。」陈登曰：「陶府君多病，不能视事，明公勿辞。」玄德曰：「袁公路四世三公，海内所归，近在寿春，何不以州让之？」孔融曰：「袁公路冢中枯骨，何足挂齿！今日之事，天与不取，悔不可追。」 || Chapter 17, P017-009: 吕布得胜，邀请云长并杨奉、韩暹等一行人马到徐州，大排筵宴款待。军士都有犒赏。次日，云长辞归。布保韩暹为沂都牧。杨奉为瑯琊牧，商议欲留二人在徐州。陈珪曰：「不可。韩、杨二人据山东。不出一年，则山东城郭皆属将军也。」布然之，遂送二将暂于沂都、瑯琊二处屯﹝左答右刀﹞，以候恩命。陈登私问父曰：「何不留二人在徐州，为杀吕布之根？」珪曰：「倘二人协助吕布，是反为虎添爪牙也。」登乃服父之高见。 || Chapter 21, P021-027: 张飞听得，便要去厮杀。云长曰：「他伏瓮城边待我，去必有失。我有一计，可杀车胄：乘夜扮入曹军到徐州，引车胄出迎，袭而杀之。」飞然其言。那部下军原有曹操旗号，衣甲都同。当夜三更，到城叫门。城上问是谁，众应是曹丞相差张文远的人马。报知车胄，胄急请陈登议曰：「若不迎接，诚有疑；若出迎之，又恐有诈。」胄乃上城回言：「黑夜难以分辨，待明早相见。」城下答应：「只恐刘备知道，疾快开门！」",same_body_paragraph
刘备,司马懿,7,6,39;67;73;77;78;106,"Chapter 39, P039-017: 却说曹操罢三公之职，自以丞相兼之，以毛玠为东曹掾；崔琰为西曹掾；司马懿为文学掾。懿字仲达，河内温人也：颍川太守司马隽之孙，京兆尹司马防之子，主簿司马朗之弟也。自是文官大备，乃聚武将商议南征。夏侯惇进曰：「近闻刘备在新野，每日教演士卒，必为后患，可早图之。」 || Chapter 67, P067-019: 曹操已得东川。主簿司马懿进曰：「刘备以诈力取刘璋、蜀人尚未归心。今主公已得汉中，益州震动。可速进兵攻之，势必瓦解。知者贵于乘时，时不可失也。」曹操叹曰：「人苦不知足，既得陇，复望蜀耶﹖」刘晔曰：「司马仲达之言是也。若少迟缓，诸葛亮明于治国而为相，关张等勇冠三军而为将，蜀民既定，据守关隘，不可犯矣。」操曰：「士卒远涉劳苦，且宜存恤。」遂按兵不动。 || Chapter 73, P073-013: 操视其人，乃司马懿也。操喜问曰：「仲达有何高见？」懿曰：「江东孙权以妹嫁刘备，而又乘间窃取回去；刘备又据占荆州不还；彼此俱有切齿之恨。今可差一舌辩之士，赍书往说孙权，使兴兵取荆州，刘备必发两川之兵来救荆州。那时大王兴兵去取汉川，令刘备首尾不能相救，势必危矣。」",same_body_paragraph
刘备,吕蒙,7,5,56;67;77;82;83,"Chapter 56, P056-017: 却说鲁肃回见周瑜，说玄德，孔明欢喜不疑，准备出城劳军。周瑜大笑曰：「原来今番也中了吾计！」便教鲁肃禀报吴侯，并遣程普引兵接应。周瑜此时箭疮已渐平愈，身躯无事，使甘宁为先锋，自与徐盛，丁奉为第二；凌统，吕蒙为后队。水陆大兵五百万，望荆州而来。周瑜在船中，时复欢笑，以为孔明中计。前军至夏口，周瑜问：「荆州有人在前面接否？」人报：「刘皇叔使糜竺来见都督。」瑜唤至，问劳军如何。糜竺曰：「主公皆准备安排下了。」瑜曰：「皇叔何在？」竺曰：「在荆州城门相等，与都督把盏。」瑜曰：「今为汝家之事，出兵远征；劳军之礼，休得轻易。」糜竺领了言语先回。战船密密排在江上，依次而进。看看至公安，并无一双军船，又无一人远接。周瑜催船速行。离荆州十余里，只见江面上静荡荡的。哨探的回报：「荆州城上，插两面白旗，并不见一人之影。」瑜心疑，教把船傍岸，亲自上岸，乘马带了甘宁，徐盛，丁奉一班军官，引亲随精军三千人，迳望荆州来。既至城下，并不见动静。瑜勒住马，令军士叫门。城上问是谁人。吴军答曰：「是东吴周都督亲自此。」言未毕，忽一声梆子响，城上一齐都竖起鎗刀。敌楼上赵云出曰：「都督此行，端的为何？」瑜曰：「吾替汝主取西川，汝岂犹未知耶？」云曰：「孔明军师已知都督『假途灭虢』之计，故留赵云在此。吾主公有言：『孤与刘璋，皆汉室宗亲，安忍背义而取西川？若汝东吴端的取蜀，吾当披发入山，不失信于天下也。』」周瑜闻之，勒马便回。只见一人打著令字旗，于马前报说：「探得四路军马，一齐杀到：关某从江陵杀来，张飞从秭归杀来，黄忠从公安杀来，魏延从彝陵小路杀来：四路正不知多少军马。喊声远近震动百余里，皆言要捉周瑜。」瑜马上大叫一声，箭鎗复裂，墬于马下。正是：一著掑高难对敌，几番算定总成空。不知周瑜性命如何，且看下文解。 || Chapter 67, P067-021: 伊籍退出，权问计于众谋士。张昭曰：「此是刘备恐曹操取西川，故为此谋。虽然如此，今因操在汉中，乘势取合淝，亦是上计。」权从之，发付伊籍回蜀去讫，便议起兵攻操今鲁肃收取长沙，江夏，桂杨三郡，屯兵于陆口；取吕蒙，甘宁回；又去余杭取凌统回。 || Chapter 77, P077-017: 却说孙权既害了关公，遂尽收荆襄之地，赏犒三军，设宴大会诸将庆功；置吕蒙于上位，顾谓众将曰：「孤久不得荆州，今唾手而得，皆子明之功也。」蒙再三逊谢。权曰：「昔周郎雄略过人，破曹操于赤壁，不幸早殀，鲁子敬代之。子敬初见孤时，便及帝王大略，此一快也；曹操东下，诸人皆劝孤降，子敬独劝孤召公瑾逆而击之，此二快也。惟劝吾借荆州与刘备，是其一短。今子明设计定谋，立取荆州，胜子敬、周郎多矣。」",same_body_paragraph
刘琦,赵云,7,4,34;41;49;52,"Chapter 34, P034-022: 遂与赵云即日赴襄阳。蔡瑁出郭迎接，意甚谦谨。随后刘琦、刘琮二子，引一班文武官僚出迎。玄德见二公子俱在，并不疑忌。是日请玄德于馆舍暂歇。赵云引三百军围绕保护。云披甲挂剑，行坐不离左右。刘琦告玄德曰：「父亲气疾作，不能行动，特请叔父待客，抚劝各处守牧之官。」玄德曰：「吾本不敢当此，既有兄命，不敢不从。」 || Chapter 41, P041-013: 却说玄德拥著百姓，缓缓而行。孔明曰：「追兵不久即至，可遗云长往江夏求救公子刘琦，教他速起兵乘船会于江陵。」玄德从之，即修书令云长同孙干领五百军往江夏求救；令张飞断后；赵云保护老小；其余俱管顾百姓而行。每日只走十余里便歇。 || Chapter 41, P041-021: 却说玄德引十数万百姓、三千余军马，一程程挨著往江陵进发。赵云保护老小，张飞断后。孔明曰：「云长往江夏去了，绝无回音，不知若何。」玄德曰：「敢烦军师亲自走一遭，刘琦感公昔日之教，今若见公亲至，事必谐矣。」孔明允诺，便同刘封引五百军先往江夏求救去了。",same_body_paragraph
刘琦,鲁肃,7,4,42;43;52;53,"Chapter 42, P042-024: 正说间，人报江东孙权差鲁肃来吊丧，船已傍岸。孔明笑曰：「大事济矣！」遂问刘琦曰：「往日孙策亡时，襄阳曾遣人去吊丧否？」琦曰：「江东与我家有杀父之雠，安得通庆吊之礼？」孔明曰：「然则鲁肃之来，非为吊丧，乃来探听军情也。」遂谓玄德曰：「鲁肃至，若问曹操动静，主公只推不知。再三问时，主公只说可问诸葛亮。」 || Chapter 42, P042-025: 计议已定，使人迎接鲁肃。肃入城吊丧，收过礼物，刘琦请肃与玄德相见。礼毕，邀入后堂饮酒。肃曰：「久闻皇叔大名，无缘拜会；今幸得见，实为欣慰。近闻皇叔与曹操会战，必知彼虚实：敢问操军约有几何？」玄德曰：「备兵微将寡，一闻操至即走，竟不知彼虚实。」鲁肃曰：「闻皇叔用诸葛孔明之谋，两场火烧得曹操魂亡胆落，何言不知耶？」玄德曰：「除非问孔明，便知其详。」肃曰：「孔明安在？愿求一见。」 || Chapter 42, P042-028: 肃坚请孔明同去。玄德佯不许。孔明曰：「事急矣，请奉命一行。」玄德方才许诺。鲁肃遂别了玄德、刘琦，与孔明登舟，望柴桑郡来。正是：只因诸葛扁舟去，致使曹兵一旦休。不知孔明此去毕竟如何，且看下文分解。",same_body_paragraph
刘璋,魏延,7,5,56;60;61;63;65,"Chapter 56, P056-017: 却说鲁肃回见周瑜，说玄德，孔明欢喜不疑，准备出城劳军。周瑜大笑曰：「原来今番也中了吾计！」便教鲁肃禀报吴侯，并遣程普引兵接应。周瑜此时箭疮已渐平愈，身躯无事，使甘宁为先锋，自与徐盛，丁奉为第二；凌统，吕蒙为后队。水陆大兵五百万，望荆州而来。周瑜在船中，时复欢笑，以为孔明中计。前军至夏口，周瑜问：「荆州有人在前面接否？」人报：「刘皇叔使糜竺来见都督。」瑜唤至，问劳军如何。糜竺曰：「主公皆准备安排下了。」瑜曰：「皇叔何在？」竺曰：「在荆州城门相等，与都督把盏。」瑜曰：「今为汝家之事，出兵远征；劳军之礼，休得轻易。」糜竺领了言语先回。战船密密排在江上，依次而进。看看至公安，并无一双军船，又无一人远接。周瑜催船速行。离荆州十余里，只见江面上静荡荡的。哨探的回报：「荆州城上，插两面白旗，并不见一人之影。」瑜心疑，教把船傍岸，亲自上岸，乘马带了甘宁，徐盛，丁奉一班军官，引亲随精军三千人，迳望荆州来。既至城下，并不见动静。瑜勒住马，令军士叫门。城上问是谁人。吴军答曰：「是东吴周都督亲自此。」言未毕，忽一声梆子响，城上一齐都竖起鎗刀。敌楼上赵云出曰：「都督此行，端的为何？」瑜曰：「吾替汝主取西川，汝岂犹未知耶？」云曰：「孔明军师已知都督『假途灭虢』之计，故留赵云在此。吾主公有言：『孤与刘璋，皆汉室宗亲，安忍背义而取西川？若汝东吴端的取蜀，吾当披发入山，不失信于天下也。』」周瑜闻之，勒马便回。只见一人打著令字旗，于马前报说：「探得四路军马，一齐杀到：关某从江陵杀来，张飞从秭归杀来，黄忠从公安杀来，魏延从彝陵小路杀来：四路正不知多少军马。喊声远近震动百余里，皆言要捉周瑜。」瑜马上大叫一声，箭鎗复裂，墬于马下。正是：一著掑高难对敌，几番算定总成空。不知周瑜性命如何，且看下文解。 || Chapter 60, P060-023: 正商议间，一人自外突入，汗流满面，大叫曰：「主公若听张松之言，则四十一州郡，已属他人矣！」松大惊；视其人，乃西阆中巴人，姓黄，名权，字公衡，现为刘璋府下主簿。璋问曰：「玄德与我同宗，吾故结之为援；汝何出此言？」权曰：「某素知刘备宽以待人，柔能克刚，英雄莫敌。远得人心，近得民望。兼有诸葛亮，庞统之智谋，关，张，赵云，黄忠，魏延为羽翼。若召到蜀中，以部曲待之，刘备岂肯伏低做小？若以客礼待之，又一国不容二主。今听臣言，则西蜀有泰山之安；不听臣言，则主公有累卵之危矣。张松昨从荆州过，必与刘备同谋。可先斩张松，后绝刘备，则西川万幸也。」璋曰：「曹操，张鲁到来，何以拒之？」权曰：「不如闭境绝塞，棎沟高垒，以待时清。」璋曰：「贼兵犯界，有燃眉之急；若待时清，则是慢计也。」遂不从其言，遣法正行。又一人阻曰：「不可！不可！」 || Chapter 61, P061-001: 却说庞统、法正二人，劝玄德就席间杀刘璋，西川唾手可得。玄德曰：「吾初入蜀中，恩信未立，此事决不可行。」二人再三说之，玄德只是不从。次日，复与刘璋宴于城中，彼此细叙衷曲，情好甚密，酒至半酣，庞统与法正商议曰：「事已至此，由不得主公了。」便教魏延登堂舞剑，乘势杀刘璋，延遂拔剑进曰：「筵间无以为乐，愿舞剑为戏。」庞统便呼众武士入，列于堂下，只待魏延下手，刘璋手下诸将，见魏延舞剑筵前，又见阶下武士手按刀靶，直视堂上，从事张任亦掣剑舞曰：「舞剑必须有对，某愿与魏将军同舞。」",same_body_paragraph
刘禅,司马懿,7,7,86;91;97;98;101;106;107,"Chapter 86, P086-016: 却说吴王见张温入蜀未还，乃聚文武商议。忽近臣奏曰；「蜀遣邓芝同张温入国答礼。」权召入。张温拜于殿前，备称后主、孔明之德，愿求永结盟好，特遣邓尚书又来答礼。权大喜，乃设宴待之。权问邓芝曰：「若吴、蜀二国同心灭魏，得天下太平，二主分治，岂不乐乎？」芝答曰：「『天无二日，民无二王』。如灭魏之后，未识天命所归何人。但为君者，各修其德；为臣者，各尽其忠，则战争方息耳。」权大笑曰：「君之诚款，乃如是耶！」遂厚赠邓芝还蜀。自此吴、蜀通好。却说魏国细作人探知此事，火速报入中原。魏主曹丕听知，大怒曰：「吴、蜀连和，必有图中原之意也。不若朕先伐之。」于是大集文武，商议起兵伐吴。此时大司马曹仁、太尉贾诩已亡。侍中辛毗出班奏曰：「中原之地，土阔民稀，而欲用兵，未见其利。今日之计，莫若养兵屯田十年，足食足兵，然后用之，则吴、蜀方可破也。」丕怒曰：「此迂儒之论也！今吴、蜀连和，早晚必来侵境，何暇等待十年？」即传旨起兵伐吴。司马懿奏曰：「吴有长江之险，非船莫渡。陛下必御驾亲征，可选大小战船，从蔡颍而入淮，取寿春，至广陵，渡江口，迳取南徐：此为上策。」 || Chapter 91, P091-019: 却说细作探知此事，报入川中。孔明闻之大喜曰：「吾欲伐魏久矣，奈有司马懿总雍、凉之兵。今既中计遭贬，吾有何忧？」次日，后主早朝，大会官僚，孔明出班上《出师表》一道。表曰： || Chapter 97, P097-001: 却说蜀汉建兴六年秋九月，,魏都督曹休被东吴陆逊大破于石亭，车仗马匹，军资器械，并皆罄尽。休惶恐之甚，气忧成病，到洛阳，疸发背而死，魏主曹叡敕令厚葬。司马懿引兵还。众将接入问曰：「曹都督兵败，即元帅之干系，何故急回耶？」懿曰：「吾料诸葛亮知吾兵败，必乘虚来取长安。倘陇西紧急，何人救之？吾故回耳。」众皆以为惧怯，晒笑而退。却说东吴遣使致书蜀中，请兵伐魏，并言大破曹休之事；一者显自己威风，二者通和会之好。后主大喜，令人持书至汉中，报知孔明。时孔明兵强马壮，粮草丰足，所用之物，一切完备，正要出师；听知此信，即设宴大会诸将，计议出师。忽一阵大风，自东北角上而起，把庭前松树吹折，众皆大惊。孔明就占一课，曰：「此风主损一大将！」诸将未信。正饮酒间，忽报镇南将军赵云长子赵统、次子赵广来见。孔明大惊，掷杯于地曰：「子龙休矣！」二子入见，拜哭曰：「某父昨夜三更病重而死。」孔明跌足而哭曰：「子龙身故，国家损一栋梁，去吾一臂也！」众将无不挥泪。孔明令二子入成都面君报丧。后主闻云死，放声大哭曰：「朕昔年幼，非子龙则死于乱军之中矣！」即下诏追赠大将军，谥顺平侯，敕葬于成都锦屏山之东；建立庙堂，四时享祭。后人有诗曰：",same_body_paragraph
刘表,孙权,7,6,34;38;39;40;42;62,"Chapter 34, P034-002: 于是留曹植与曹丕在邺郡造台，使张燕守北寨。操将所得袁绍之兵，共五六十万，班师回许都，大封功臣；又表赠郭嘉为贞侯，养其子奕于府中。复聚众谋士商议，欲南征刘表。荀彧曰：「大军方北征而回，未可复动。且待半年，养精蓄锐，刘表、孙权，可一鼓而下也。」操从之，遂分兵屯田，以候调用。 || Chapter 38, P038-027: 言讫遂终。孙权哀哭，具丧葬之礼，自不必说。至来年春，孙权商议欲伐黄祖。张昭曰：「居丧未及期年，不可动兵．」周瑜曰：「报仇雪恨，何待期年？」权犹豫未决。适北平都尉吕蒙入见，告权曰：「某把龙湫水口，忽有黄祖部将甘宁来降。某细询之。宁字兴霸，巴郡临江人也；颇通书史，有气力，好游侠；尝招合亡命，纵横于江湖之中；腰悬铜铃，人听铃声，尽皆避之。又尝以西川锦作帆幔，时人皆称为『锦帆贼』。后悔前非，改行从善，引众投刘表。见表不能成事，即欲来投东吴，却被黄祖留住在夏口。 || Chapter 38, P038-029: 孙权大喜曰：「吾得兴霸，破黄祖必矣。」遂命吕蒙引甘宁入见。参拜已毕，权曰：「兴霸来此，大获我心，岂有记恨之理？请无怀疑。愿教我以破黄祖之策。」宁曰：「今汉祚日危，曹操终必纂窃。荆南之地，操所必争也。刘表无远虑，其子又愚劣，不能承业传基。明公宜早图之。若迟，则操先图之矣。今宜先取黄祖。祖今年老昏迈，务于货利；侵刻吏民，人心皆怨；战具不修，军无法律。明公若往攻之，其势必破。既破祖军，鼓行而西，据楚关而图巴蜀，霸业可定也。」",same_body_paragraph
华歆,曹操,7,6,29;56;66;69;79;80,"Chapter 29, P029-001: 却说孙策自霸江东，兵精粮足。建安四年，袭取庐江，败刘勋，使虞翻驰檄豫章，豫章太守华歆投降。自此声势大振，乃遣张纮往许昌上表献捷。曹操知孙策强盛，叹曰：「狮儿难与争锋也！」遂以曹仁之女许配孙策幼弟孙匡，两家结婚。留张纮在许昌。孙策求为大司马，曹操不许。策恨之，常有袭许都之心。于是吴郡太守许贡，乃暗遣使赴许都，上书于曹操。其略曰：孙策骁勇，与项籍相似。朝廷宜外示荣宠，召还京师；不可使居外镇，以为后患。 || Chapter 56, P056-003: 周谕又上书，请兴兵雪恨。张昭谏曰：「不可。曹操日夜思报赤壁之恨，因恐孙、刘同心，故未敢兴兵。今主公若以一时之忿，自相吞并，操必乘虚来攻，国势危矣。」顾雍曰：「许都岂无细作在此。若知孙、刘不睦，操必使人勾结刘备。备惧东吴，必投曹操。若此，则江南何日得安？为今之计，莫若使人赴许都，表刘备为荆州牧。曹操知之，则惧而不敢加兵于东南。且使刘备不恨于主公。然后使心腹用反间之计，令曹刘相攻，吾乘隙而图之，斯为得耳。」权曰：「元叹之言甚善。但谁可为使？」雍曰：「此间有一人，乃曹操敬慕者，可以为使。」权问何人。雍曰：「华歆在此，何不遣之？」权大喜，即遣赍表赴许都。歆领命起程，迳到许都求见曹操。闻操会群臣于邺郡，庆赏铜雀台，歆乃赴邺郡侯见。 || Chapter 56, P056-012: 曹操连饮杯，不觉沈醉，唤左右棒过笔砚，亦欲作铜雀台诗。刚才下笔，忽报：「东吴使华歆表秦刘备为荆州牧，孙权以妹嫁刘备，汉上九郡大半已属备矣。」操闻之，手脚慌乱，投笔于地。程昱曰：「丞相在万军之中，矢石交攻之际，未尝动心；今闻刘备得了荆州，何故如此失惊？」操曰：「刘备人中之龙也，生平未尝得水。今得荆州，是困龙入大海矣。孤安得不动心哉！」程昱曰：「丞相知华歆来意否？」操曰：「未知。」昱曰：「孙权本忌刘备，欲以兵攻之；但恐丞相乘虚而击，故今华歆为使，表荐刘备。以安备之心，以塞丞相之望耳。」",same_body_paragraph
司马昭,诸葛亮,7,6,94;95;102;104;115;119,"Chapter 94, P094-011: 却说司马懿在宛城闲住，闻知魏兵累败于蜀，乃仰天长叹。懿长子司马师，字子元；次子司马昭，字子尚：二人素有大志，通晓兵书。当日侍立于侧，见懿长叹，乃问曰：「父亲何为长叹？」懿曰：「汝辈岂知大事耶？」司马师曰：「莫非叹魏主不用乎？」司马昭笑曰：「早晚必来宣召父亲也。」言未已，忽报天使持节至。懿听诏毕，遂调宛城诸路军马。忽又报金城太守申仪家人，有机密事求见。懿唤入密室问之。其人细说孟达欲反之事。更有孟达心腹人李辅并达外甥邓贤，随状出首。司马懿听毕，以手加额曰：「此乃皇上齐天之洪福也！诸葛亮兵在祁山，杀得内外人胆落；今天子不得已而幸长安，若旦夕不用吾时，孟达一举，两京破矣！此贼必通谋诸葛亮；吾先摛之，诸葛亮定然心寒，自退兵也。」长子司马师曰：「父亲可急写表申奏天子。」懿曰：「若等圣旨，往复一月之间，事无及矣。」即传令教人马起程，一日要行两日之路，如迟立斩；一面令参军梁畿赍檄星夜去新城，教孟达等准备进征，使其不疑。梁畿先行，懿在后发兵。行了二日，山坡下转出一军，乃是右将军徐晃，晃下马见懿，说：「天子驾到长安，亲拒蜀兵，今都督何往？」懿低言曰：「今孟达造反，吾去擒之耳。」晃曰：「某愿为先锋。」懿大喜，合兵一处。徐晃为前部，懿在中军，二子押后。又行了二日，前军哨马捉住孟达心腹人，搜出孔明回书，来见司马懿。懿曰：「吾不杀汝。汝从头细说。」其人只得将孔明、孟达往复之事，一一告说。懿看了孔明回书，大惊曰：「世间能者所见皆同。吾机先被孔明识破。幸得天子有福，获此消息。孟达今无能为矣。」遂星夜催军前行。 || Chapter 95, P095-005: 却说司马懿在城中，令次子司马昭去探前路；若街亭有兵把守，即当按兵不行。司马昭奉令探了一遍，回见父曰：「街亭有兵守把。」懿叹曰：「诸葛亮真乃神人，吾不如也！」昭笑曰：「父亲何故自堕志气耶？男料街亭易取。」懿问曰：「汝安敢出此大言耶？」昭曰：「男亲自哨见，当道并无寨栅，军皆屯于山上，故知可破也。」懿大喜曰：「若兵果在山上，乃天使吾成功矣！」遂更换衣服，引百余骑亲自来看。是夜天晴月朗，直至山下，周围巡哨了一遍，方回。马谡在山上见之，大笑曰：「彼若有命，不来围山。」传令与诸将：「倘兵来，只见山顶上红旗招动，即四面皆下。」 || Chapter 95, P095-012: 懿看毕大疑，便到中军，教后军作前军，前军作后军，望北山路而退。次子司马昭曰：「莫非诸葛亮无军，故作此态？父亲何便退兵？懿曰：「亮平生谨慎，不曾弄险。今大开城门，必有埋伏。我兵若进，中其计也。汝辈岂知？宜速退。」于是两路兵尽退去。孔明见魏军远去，抚掌而笑。众官无不骇然。乃问孔明曰：「司马懿乃魏之名将，今统十五万精兵到此，见了丞相，便速退去，何也？」孔明曰：「此人料吾平生谨慎，必不弄险；见如此模样，疑有伏兵，所以退去。吾非行险，盖因不得已而用之。此人必引军投山北小路去也。吾已令兴、苞二人在彼等候。」",same_body_paragraph
司马昭,郭淮,7,5,95;102;103;108;109,"Chapter 95, P095-007: 却说王平见魏兵到，引军杀来，正遇张郃；战有数十余合，平力穷势孤，只得退去。魏兵自辰时困至戌时，山上无水，军不得食，寨中大乱。嚷到半夜时分，山南蜀兵大开寨门，下山降魏。马谡禁止不住。司马懿又令人于沿山放火，山上蜀兵愈乱。马谡料守不住，只得驱残兵杀下山西逃奔。司马懿放条大路，让过马谡。背后张郃引兵赶来。赶到三十余里，前面鼓角齐鸣，一彪军出，放过马谡，拦住张郃；视之，乃魏延也：挥刀纵马，直取张郃。郃回军便走。延驱兵赶来，复夺街亭。赶到五十余里，一声喊起，两边伏兵齐出：左边司马懿，右边司马昭，却抄在魏延背后，把延困在垓心。张郃复来，三路兵合在一处。魏延左冲右突，不得脱身，折兵大半。正危急间，忽一彪军杀入，乃王平也。延大喜曰：「吾得生矣！」二将合兵一处，大杀一阵，魏兵方退。二将慌忙奔回寨时，营中皆是魏兵旌旗。申耽、申仪从营中杀出。王平、魏延迳奔列柳城，来投高翔。此时高翔闻知街亭有失，尽起列柳城之兵，前来救应，正遇延、平二人，诉说前事。高翔曰：「不如今晚去劫魏寨，再复街亭。」当时三人在山坡下商议已定。待天色将晚，兵分三路。魏延引兵先进，迳到街亭，不见一人，心中大疑，不敢轻进，且伏在路口等候。忽见高翔兵到，二人共说魏兵不知在何处。正没理会，又不见王平兵到。忽然一声砲响，火光冲天，鼓声震地。魏兵齐出，把魏延、高翔围在垓心。二人尽力冲突，不得脱身。忽听得山坡后喊声若雷，一彪军杀入，乃是王平，救了高、魏二人，迳奔列柳城来。比及奔到城下时，城边早有一军杀到，旗上大书「魏都督郭淮」字样。原来郭淮与曹真商议，恐司马懿得了全功，乃分淮来取街亭；闻知司马懿、张郃成上此功，遂引兵迳袭列柳城。正遇三将，大杀一阵。蜀兵伤者极多。魏延恐阳平关有失，慌与王平、高翔望阳平关来。 || Chapter 102, P102-014: 早有巡哨军飞报司马懿。懿唤诸将议曰：「孔明如此设施，其中必有计：彼以取北原为名，顺水来烧浮桥，乱吾后，却攻吾前也。」即传令与夏侯霸、夏侯威曰：「若听得北原发喊，便提兵于渭水南山之中，待蜀兵至击之。」又令张虎、乐（左糸右林），引二千弓弩手伏于渭水浮桥北岸：「若蜀兵乘木筏顺水而来，可一齐射之，休令近桥。」又传令郭淮、孙礼曰：「孔明来北原暗渡渭水，汝新立之营，人马不多，可尽伏于半路。若蜀兵午后渡水，黄昏时分，必来攻汝。汝诈败而走，蜀兵必追。汝等皆以弓弩射之。吾水陆并进。若蜀兵大至，只看我指挥击之。”各处下令已毕，又令二子──司马师、司马昭，──引兵救应前营。懿自引一军救北原。 || Chapter 103, P103-024: 懿见魏延只一人，军马又少,放心追之;令司马师在左，司马昭在右，懿自居中，一齐攻杀将来。魏延引五百兵皆退入谷中去。懿追到谷口，先令人入谷中哨探。叵报谷内并无伏兵，山上皆是草房。懿曰：「此必是积粮之所也。」遂大驱士马，尽入谷中。懿忽见草房上尽是干柴，前面魏延已不见了。懿心疑，谓二子曰：「倘有兵截断谷口如之奈何？」言未已，只听得喊声大震，山上一齐丢下火把来，烧断谷口。魏兵奔逃无路。山上火箭射下，地雷一齐突出，草房内干柴都著，刮刮杂杂，火势冲天。司马懿惊得手足无措，乃下马抱二子大哭曰：「我父子三人皆死于此处矣！」正哭之间，忽然狂风大作，黑气漫空，一声霹雳响处，骤雨倾盆。满谷之火，尽皆浇灭：地雷不震，火器无功。司马懿大喜曰：「不就此时杀出，便待时何！」即引兵奋力冲杀。张虎、乐𬘭亦引兵杀来接应。马岱军少，不敢追赶。司马懿父子与张虎、乐𬘭合兵一处，同归渭南大寨。不想寨栅已被蜀兵夺了。郭淮、孙礼正在浮桥上与蜀兵接战。司马懿等引兵杀到，蜀兵退去。懿烧断浮桥，据住北岸。",same_body_paragraph
吴国太,赵云,7,2,54;55,"Chapter 54, P054-023: 却说乔国老辞吴国太归，使人去报玄德，言来日吴侯，国太亲自要见，好生在意。玄德与孙干，赵云商议。云曰：「来日此会，多凶少吉，云自引五百军保护。」 || Chapter 54, P054-024: 次日，吴国太，乔国老先在甘露寺方丈坐定。孙权引一班谋士，随后都到，却教吕范来馆驿中请玄德。玄德内披细铠，外穿锦袍，从人背剑紧随，上马投甘露寺来。赵云全装贯带，引五百军随行。来到寺前下马，先见孙权。权观玄德仪表非凡，心中有畏惧之意。 || Chapter 54, P054-026: 少刻，子龙带剑而入，立于玄德之侧。国太问曰：「此是何人？」玄德答曰：「常山赵子龙也。」国太曰：「莫非当阳长阪抱阿斗者乎？」玄德曰：「然。」国太曰：「真将军也！」遂赐以酒。赵云谓玄德曰：「却才某于廊下巡视，见房内有刀斧手埋伏，必无好意。可告知国太。」玄德乃跪于国太席前，泣而告曰：「若杀刘备，就此请诛。」国太曰：「何出此言？」玄德曰：「廊下暗伏刀斧手，非杀备而何？」",same_body_paragraph
周瑜,庞统,7,2,47;57,"Chapter 47, P047-014: 周瑜听得干又到，大喜曰：「吾之成功，只在此人身上！」遂嘱付鲁肃：「请庞士元来，为我如此如此。」原来襄阳庞统，字士元，因避乱寓居江东。鲁肃曾荐之于周瑜，统未及往见。瑜先使肃问计于统曰：「破曹当用何策？」统密谓肃曰：「欲破曹兵，须用火攻；但大江面上，一船著火，余船四散；除非献『连环计』，教他钉作一处，然后功可成也。」肃以告瑜，瑜深服其论，因谓肃曰：「为我行此计者，非庞士元不可。」肃曰：「只怕曹操奸猾，如何去得？」 || Chapter 47, P047-015: 周瑜沈吟未决，正寻思没个机会，忽报蒋干又来。瑜大喜，一面分付庞统用计；一面坐于帐上，使人请干。干见不来接，心中疑虑，教把船于僻静岸口缆系，乃入寨见周瑜。瑜作色曰：「子翼何故欺吾太甚？」蒋干笑曰：「吾想与你乃旧日弟兄，特来吐心腹事，何言相欺也？」瑜曰：「汝要说我降，除非海枯石烂！前番吾念旧日交情，请你痛饮一醉，留你同榻；你却盗吾私书，不辞而去，归报曹操，杀了蔡瑁，张允，致使吾事不成。今日何故又来，必不怀好意！吾不看旧日之情，一刀两段！本待送你过去，争奈吾一二日间，便要破曹贼；待留你在军中，又必有泄漏。」便教左右：「送子翼往西山庵中歇息。──待吾破了曹操，那时渡你过江未迟。」 || Chapter 47, P047-016: 蒋干再欲开言，周瑜已入帐后去了。左右取马与蒋干乘坐，送到西山背后小庵歇息，拨两个军人伏侍。干在庵内，心中忧闷，寝食不安。是夜星露满天，独步出庵后，只听得读书之声。信步寻去，见山岩畔有草屋数椽，内射灯光。干往窥之，只见一人挂剑灯前，诵孙吴兵书。干思此必异人也，叩户请见。其人开门出迎，仪表非俗。干问姓名，答曰：「姓庞，名统，字士元。」干曰：「莫非凤雏先生否？」统曰：「然也。」干喜曰：「久闻大名，今何僻居此地？」答曰：「周瑜自恃才高，不能容物，吾故隐居于此。公乃何人？」干曰：「吾蒋干也。」",same_body_paragraph
周瑜,蔡瑁,7,3,45;46;47,"Chapter 45, P045-020: 却说曹操知周瑜毁书斩使，大怒，便唤蔡瑁，张允，等一班荆州降将为前部。操自为后军，催督战船，到三江口。早见东吴船只，蔽江而来。为首一员大将，坐在船头上大呼曰：「吾乃甘宁也！谁敢来与我决战？」蔡瑁令弟蔡埙前进。两船将近，甘宁拈弓搭箭，望蔡埙射来，应弦而倒。宁遂驱船大进，万弩齐发，曹军不能抵当。右边蒋钦，左边韩当，直冲入曹军队中。曹军大半是青徐之兵，素不习水战，大江面上，战船一摆，早立脚不住。甘宁等三路战船，纵横水面。周瑜又催船助战。曹军中箭著砲者，不计其数。从巳时直杀到未时，周瑜虽得利，只恐寡不敌众，遂下令鸣金收住船只。 || Chapter 45, P045-032: 歌罢，满座欢笑。至夜深，干辞曰：「不胜酒力矣。」瑜命撤席，诸将辞出。瑜曰：「久不与子翼同榻，今宵抵足而眠。」于是佯作大醉之状，携干入帐共寝。瑜和衣卧倒，呕吐狼藉。蒋干如何睡得著？伏枕听时，军中鼓打二更，起视残灯尚明。看周瑜时，鼻息如雷。干见帐内桌上，堆著一卷文书，乃起床偷视之，却都是往来书信。内有一封，上写「蔡瑁张允谨封」。干大惊，暗读之。书略曰：「某等降曹，非图仕禄，迫于势耳。今已赚北军困于寨中，但得其便，即将操贼之首，献于麾下。早晚人到，便有关报。幸勿见疑。先此敬覆。」 || Chapter 45, P045-033: 干思曰：「原来蔡瑁，张允，结连东吴！……」遂将书暗藏于衣内。再欲检看他书时，床上周瑜翻身，干急灭灯就寝。瑜口内含糊曰：「子翼，我数日之内，教你看曹贼之首！」干勉强应之。瑜又曰：「子翼，且住！……教你看曹贼之首！……」及干问之，瑜又睡著。",same_body_paragraph
周瑜,阚泽,7,3,46;47;49,"Chapter 46, P046-030: 且说黄盖卧于帐中，众将皆来动问。盖不言语，但长吁而已。忽报参谋阚泽来问。盖令请入卧内，叱退左右。阚泽曰：「将军莫非与都督有雠？」盖曰：「非也。」泽曰：「然则公之受责，莫非苦肉计乎？」盖曰：「何以知之？」泽曰：「某观公瑾举动，已料著八九分。」盖曰：「某受吴侯三世厚恩，无以为报，故献此计，以破曹操。吾虽受苦，亦无所恨。吾遍观军中，无一人可为心腹者。惟公素有忠义之心，敢以心腹相告。」泽曰：「公之告我，无非要我献诈降书耳。」盖曰：「实有此意。未知肯否？」阚泽欣然领诺。正是：勇将轻身思报主，谋臣为国有同心。未知阚泽所言若何，且看下文分解。 || Chapter 47, P047-003: 操曰：「吾与东吴旦夕交兵，汝私行到此，如何不问？」泽曰：「黄公覆乃东吴三世旧臣，今被周瑜于众将之前，无端毒打，不胜忿恨。因欲投降丞相，为报仇之计，特谋之于我。我与公覆，情同骨肉，迳来为献密书。未知丞相肯容纳否？」操曰：「书在何处？」阚泽取书呈上。操拆书，就灯下观看。书略曰：「盖受孙氏厚恩，本不当怀二心。然以今日事势论之：用江东六邵之卒，当中国百万之师，众寡不敌，海内所共见也。东吴将吏，无论智愚，皆知其不可。周瑜小子，偏怀浅戆，自负其能，辄欲以卵敌石；兼之擅作威福，无罪受刑，有功不赏。盖系旧臣，无端为所摧辱，心实恨之！伏闻丞相，诚心待物，虚怀纳士，盖愿率众归降，以图建功雪耻。粮草车仗，随船献纳。泣血拜白，万勿见疑。」 || Chapter 47, P047-005: 阚泽听罢，大笑曰：「亏汝不惶恐，敢自夸熟读兵书！还不及早收兵回去！倘若交战，必被周瑜擒矣！无学之辈！可惜吾屈死汝手！」操曰：「何谓我无学？」泽曰：「汝不识机谋，不明道理，岂非无学？」操曰：「你且说我那几般不是处？」泽曰：「汝无待贤之礼，吾何必言？但有死而已。」操曰：「汝若说得有理，我自然敬服。」泽曰：「岂不闻『背主作窃，不可定期』？倘今约定日期，急切下不得手，这里反来接应，事必泄漏。但可觑便而行，岂可预期相订乎？汝不明此理，欲屈杀好人，真无学之辈也！」",same_body_paragraph
夏侯惇,徐晃,7,7,14;23;24;25;30;31;48,"Chapter 14, P014-022: 操自封为大将军武平侯，以荀彧为侍中尚书令；荀攸为军师；郭嘉为司马祭酒；刘晔为司空掾曹；毛玠，任峻为典农中郎将，催督钱粮；程昱为东平相，范成，董昭为洛阳令；满宠为许都令；夏侯惇，夏侯渊，曹仁，曹洪皆为将军；吕虔，李典，乐进，于禁，徐晃，皆为校尉；许褚，典韦，皆为都尉；其余将士，各各封官。自此大权皆归于曹操。朝廷大务，先禀曹操，然后方奏天子。 || Chapter 23, P023-008: 帝览表，以付曹操。操遂使人召衡至。礼毕，操不命坐。祢衡仰天叹曰：「天地虽阔，何无一人也！」操曰：「吾手下有数十人，皆当世英雄，何谓无人？」衡曰：「愿闻。」操曰：「荀彧，荀攸，郭嘉，程昱，机深智远，虽萧何，陈平不及也。张辽[陈怡妏3]，许褚，乐进，李典，勇不可当，虽岑彭，马武不及也。吕虔，满宠，为从事；于禁，徐晃，为先锋。夏侯惇，天下奇才；曹子孝，世间福将。安得无人？」衡笑曰：「公言差矣。此等人物，吾尽识之：荀彧可使吊丧问疾，荀攸可使看坟守墓，程昱可使关门闭户，郭嘉可使白词念赋，张辽可使击鼓鸣金，许褚可使牧牛放马，乐进可使取状读诏，李典可使传书送檄，吕虔可使磨刀铸剑，满宠可使饮酒食糟，于禁可使负版筑墙，徐晃可使屠猪杀狗。夏侯惇称为『完体将军』，曹子孝呼为『要钱太守』。其余皆是衣架！饭囊！酒桶！肉袋耳！」操怒曰：「汝有何能？」衡曰：「天文地理，无一不通；三教九流，无一不晓；上可以致君为尧、舜，下可以配德于孔、颜。岂与俗子共论乎！」时止有张辽在侧，掣剑欲斩之。操曰：「吾正少一鼓吏；早晚朝贺宴享，可令祢衡充此职。」衡不推辞，应声而去。辽曰：「此人出言不逊，何不杀之？」操曰：「此人素有虚名，远近所闻。今日杀之，天下必谓我不能容物，彼自以为能，故令为鼓吏以辱之。」 || Chapter 24, P024-015: 且说张飞自以为得计，领轻骑在前，突入操寨，但见零零落落，无多人马，四边火光大起，喊声齐举。飞知中计，急出寨外。正东张辽，正西许褚，正南于禁，正北李典，东南徐晃，西南乐进，东北夏侯惇，西北夏侯渊，八处军马杀来。张飞左冲右突，前遮后当；所领军兵原是曹操手下旧军，见事势已急，尽皆投降去了。",same_body_paragraph
夏侯惇,荀彧,7,7,10;14;16;23;30;31;39,"Chapter 10, P010-018: 当下应劭部下有逃命的军士，报与曹操。操闻之，哭倒于地。众人救起。操切齿曰：「陶谦纵兵杀吾父，此雠不共戴天！吾今悉起大军，洗荡徐州，方雪吾恨！」遂留荀彧、程昱领军三万守鄄城，范县，东阿三县，其余尽杀奔徐州来。夏侯惇，于禁，典韦为先锋。操令但得城池，将城中百姓，尽行屠戮，以雪父雠。当有九江太守边让，与陶谦交厚，闻知徐州有难，自引兵五千来救。操闻之大怒，使夏侯惇于路截杀之。 || Chapter 14, P014-022: 操自封为大将军武平侯，以荀彧为侍中尚书令；荀攸为军师；郭嘉为司马祭酒；刘晔为司空掾曹；毛玠，任峻为典农中郎将，催督钱粮；程昱为东平相，范成，董昭为洛阳令；满宠为许都令；夏侯惇，夏侯渊，曹仁，曹洪皆为将军；吕虔，李典，乐进，于禁，徐晃，皆为校尉；许褚，典韦，皆为都尉；其余将士，各各封官。自此大权皆归于曹操。朝廷大务，先禀曹操，然后方奏天子。 || Chapter 16, P016-029: 操正欲起兵，自往征吕布，忽流星马报说张济自关中引兵攻南阳，为流矢所中而死；济姪张绣统其众，用贾诩为谋士，结连刘表，屯兵宛城，欲兴兵犯阙夺驾。操大怒，欲兴兵讨之，又恐吕布来攻许都，乃问计于荀彧。彧曰：「此易事耳。吕布无谋之辈，见利必喜；明公可遣使往徐州，加官赐赏，令与玄德解和。布喜，则不思远图矣。」操曰：「善。」遂差奉军都尉王则，赍官诰并和解书，往徐州去讫；一面起兵五十万，亲讨张绣。分军三路而行，以夏侯惇为先锋。军马至淯水下寨。",same_body_paragraph
姜维,曹真,7,3,95;97;100,"Chapter 95, P095-017: 此时曹真听知孔明退兵，急引兵追赶。山背后一声砲响，蜀兵漫山遍野而来；为首大将，乃是姜维、马岱。真大惊，急退军时，先锋陈造已被马岱所斩。真引兵鼠窜而还，蜀兵连夜皆奔回汉中。 || Chapter 97, P097-022: 孔明见折二将，张嶷又被打伤，即唤姜维曰：「陈仓道口，这条路不可行，别有何策？」维曰：「陈仓城池坚固，郝昭守御甚密；又得王双相助，实不可取。不若令一大将，依山傍水，下寨固守；可抓曹真也。」 || Chapter 97, P097-024: 却说曹真因思前番被司马懿夺了功劳，因此到洛口分调郭淮、孙礼东西把守；又听得陈仓口告急，已令王双去救，闻知王双斩将立功，大喜，乃令中护军大'将费耀，权摄前不总督，诸将各自把守译口。忽报山谷中捉得细作来见。曹真令押入，跪于帐下。其人告曰：「小人不是奸细，乃有机密来见都督，误被伏路军捉来，乞退左右。」真乃去其缚，左右暂退。其人告曰：「某乃姜伯约心腹人也，蒙本官遣送密书。真曰：「书安在？」其人于贴肉衣内取出呈上，真拆视之，曰：",same_body_paragraph
姜维,赵云,7,3,93;94;95,"Chapter 93, P093-001: 却说姜维献计于马遵曰：「诸葛亮必伏兵于郡后，赚我兵出城，乘虚袭我。某愿请精兵三千，伏于要路。太守随后发兵出城，不可远去，止行三十里便回；但看火起为号，前后夹攻，可获大胜。如诸葛亮自来，必为某所擒矣。」遵用其计，付精兵与姜维去讫，然后自与梁虔引出城等候；只留梁绪、尹赏守城。原来孔明果遣赵云引一军埋伏于山僻之中，只待天水人马离城，便乘虚袭之。当日细作回报赵云，说天水太守马遵，起兵出城，只留文官守城。赵云大喜，又令人报与张翼、高翔，教于要路截杀马遵。此二处兵亦是孔明预先埋伏。 || Chapter 93, P093-002: 却说赵云引五千兵，迳投天水郡城下，高叫曰：「吾乃常山赵子龙也。汝知中计，早献城池，免遭诛戮。」城上梁绪大笑曰：「汝中吾姜伯约之计，尚然不知耶？」云恰待攻城，忽然喊声大震，四面火光冲天。当先一员少年将军，挺鎗跃马而言曰：「汝见天水姜伯约乎！」云挺鎗直取姜维。战不数合，维精神倍长。云大惊，暗忖曰：「谁想此处有这般人物！」正战时，两军夹攻来，乃是马遵、梁虔引军杀回。赵云首尾不能相顾，冲开条路，引败兵奔走，姜维赶来。亏得张翼、高翔两路军杀出，接应回去。赵云归见孔明，说中了敌人之计。孔明惊问曰：「此是何人，识吾玄机？」有南安人告曰：「此人姓姜，名维，字伯约，天水冀人也：事母至孝，文武双全，智勇足备，真当也之英杰也。」赵云又夸奖姜维鎗法，与他人大不同。孔明曰：「吾今欲取天水，不想有此人。」遂起大军前来。 || Chapter 93, P093-003: 却说姜维回见马遵曰：「赵云败去，孔明必然自来。彼料我军必在城中。今可将本部军马，分为四枝：某引一军伏于城东，如彼兵到则截之。太守与梁虔、尹赏各引一军城外埋伏。梁绪率百姓城上守御。」分拨已定。",same_body_paragraph
孙权,袁绍,7,4,29;34;38;43,"Chapter 29, P029-030: 权闻言大喜，披衣起谢；次日厚赠鲁肃，并将衣服帏帐等物，赐肃之母。肃又荐一人见孙权，此人博学多才，事母至孝。覆姓诸葛，名瑾，字子瑜，瑯琊南阳人也。权拜之为上宾。瑾劝权勿通袁绍，且顺曹操，然后乘便图之。权依言，乃遗陈震回，以书绝袁绍。 || Chapter 29, P029-032: 且说陈震回见袁绍，具说「孙策已亡，孙权继立。曹操封之为将军，结为外应矣。」袁绍大怒，遂起冀、青、幽、并等处人马七十余万，复来攻取许昌。正是：江南兵革方休息，冀北干戈又复兴。未知胜负如何，且看下文分解。 || Chapter 34, P034-002: 于是留曹植与曹丕在邺郡造台，使张燕守北寨。操将所得袁绍之兵，共五六十万，班师回许都，大封功臣；又表赠郭嘉为贞侯，养其子奕于府中。复聚众谋士商议，欲南征刘表。荀彧曰：「大军方北征而回，未可复动。且待半年，养精蓄锐，刘表、孙权，可一鼓而下也。」操从之，遂分兵屯田，以候调用。",same_body_paragraph
孙策,黄盖,7,2,7;15,"Chapter 7, P007-021: 坚军登岸，程普，黄盖，分兵两路，直取黄祖营寨。背后韩当驱兵大进。三面夹攻，黄祖大败，弃却樊城，退入邓城。坚令黄盖守住船只，亲自统兵追袭。黄祖引军出迎，布阵于野。坚列成阵势，出马于门旗之下。孙策也全副披挂，挺鎗立马于父侧。黄祖引二将出马：一个是江夏张虎，一个是襄阳陈生。黄祖扬鞭大骂：「江东鼠贼，安敢侵犯汉室宗亲境界！」便令张虎搦战。坚阵内韩当出迎。两骑相交，战三十余合，陈生见张虎力怯，飞马来助。孙策望见，按住手中鎗，扯弓撘箭，正射中陈生面门，应弦落马。张虎见陈生坠地，吃了一惊，措手不及，被韩当一刀，削去半个脑袋。程普纵马直来阵前捉黄祖。黄祖弃却头盔、战马，杂于步军内逃命。孙坚掩杀败军，直到汉水，命黄盖将船只进泊汉江。 || Chapter 7, P007-027: 吕公截住三十骑，并皆杀尽，于起连珠号砲。城中黄祖，蒯越，蔡瑁，分头引兵杀出，江东诸军大乱。黄盖听得喊声震天，引水军杀来，正迎著黄祖。战不两合，生擒黄祖。程普保著孙策，急待寻路，正遇吕公。程普纵马向前，战不到数合，一矛刺吕公于马下。两军大战，杀到天明，各自收军。刘表军自入城。孙策回到汉水，方知父亲被乱箭射死，尸首已被刘表军士扛抬入城去了，放声大哭。众军俱号泣。策曰：「父尸在彼，安得回乡！」黄盖曰：「今活捉黄祖在此，得一人入城讲和，将黄祖去换主公尸首。」 || Chapter 15, P015-010: 策拜谢，遂引军马，带领朱治，吕范，旧将程普，黄盖，韩当等，择日起兵。行至历阳，见一军到。当先一人：姿质风流，仪容秀丽；见了孙策，下马便拜。策视其人，乃庐江舒城人：姓周，名瑜，字公瑾。原来孙坚讨董卓之时，移家舒城，瑜与孙策同年，交情甚密，因结为昆仲。策长瑜两月，瑜以兄事策。瑜叔周尚，为丹阳太守，今往省亲，到此与策相遇。",same_body_paragraph
孟达,张郃,7,4,70;71;94;95,"Chapter 70, P070-016: 却说葭萌关守将孟达，霍峻，知张郃兵来。霍峻只要坚守，孟达定要迎敌。引军下关与张郃交锋，大败而回。霍峻急申文书到成都。玄德闻知，请军师商议。孔明聚众将于堂上，问曰：「今葭萌关紧急，必须阆中取翼德，方可退张郃也。」法正曰：「今翼德兵屯瓦口，镇守阆中，亦是紧要之地，不可取回。帐中诸将内，选一人去破张郃。」孔明笑曰：「张郃乃魏之名将，非等闲可及。除非翼德，无人可当。」忽一人厉声而出曰：「军师何轻视众人耶﹖吾虽不才，愿斩张郃首级，献于麾下。」 || Chapter 70, P070-023: 张郃羞赧而退。次日，二将又战，黄忠又败退二十余里；二将迤逦赶上。次日，二将兵出，黄忠望风而走，连败数阵，直退在关上。二将扣关下寨，黄忠坚守不出。孟达暗暗发书，申报玄德，说「黄忠连败数阵，今退在关上」玄德慌问孔明。孔明曰：「此乃老将骄兵之计也。」 || Chapter 71, P071-015: 黄忠斩了夏侯渊，曹兵大溃，各自逃生。黄忠乘势去夺定军山，张郃领兵来迎。忠与陈式两人夹攻，混杀一阵，张郃败走。忽然山傍闪出一彪人马，当住去路；为首一员大将，大叫：「常山赵子龙在此！」张郃大惊，引败军夺路，望定军山而走。只见前面一枝兵来迎，乃杜袭也。袭曰：「今定军山已被刘封，孟达夺了。」",same_body_paragraph
孟达,徐晃,7,3,71;79;94,"Chapter 71, P071-027: 操正奔走间，忽刘封，孟达，率二枝兵，从米仓山路杀来，放火烧粮草。操弃了北山粮草，忙回南郑。徐晃，张郃，扎脚不住，亦弃本寨而走。赵云占了曹寨，黄忠了粮草，汉水所得军器无数，大获胜捷，差人去报玄德。玄德遂同孔明前至汉水，问赵云的部卒曰：「子龙如何厮杀﹖」军士将子龙救黄忠拒汉水之事，细述一遍。玄德大喜，看了山前山后险峻之路，欣然谓孔明曰：「子龙一身都是胆也！」后人有诗赞曰：昔日战长阪，威风犹未减。突阵显英雄，被围施勇敢。鬼哭与神号，天惊并地惨。常山赵子龙，一身都是胆！ || Chapter 79, P079-025: 丕大喜，遂加孟达为散骑常侍、建武将军、平阳亭侯，领新城太守，去守襄阳、樊城。原来夏侯尚、徐晃已先在襄阳，正将收取上庸诸部。孟达到了襄阳，与二将礼毕，探得刘封离城五十里下寨。达即修书一封，使人赍赴蜀寨招降刘封。刘封览书大怒曰：「此贼误吾叔姪之义，又间吾父子之亲，使吾为不忠不孝之人也！」遂扯碎来书，斩其使。次日，引军前来搦战。 || Chapter 79, P079-026: 孟达知刘封扯书斩使，勃然大怒，亦领兵出迎。两阵对圆，封立马于门旗下，以刀指骂曰：「背国反贼，安敢乱言！」孟达曰：「汝死已临头，还自执迷不省！」封大怒，拍马轮刀，直奔孟达。战不三合，达败走，封乘虚追杀二十余里，一声喊起，伏兵尽出。左边夏侯尚杀来，右边徐晃杀来，孟达回身复战：三军夹攻。刘封大败而走，连夜奔回上庸，背后魏兵赶来。刘封到城下叫门，城上乱箭射下。申耽在敌楼上叫曰：「吾已降了魏也！」",same_body_paragraph
孟达,法正,7,5,60;65;70;71;73,"Chapter 60, P060-019: 松于袖中取出一图，递与玄德曰：「松感明公盛德，敢献此图。便知蜀中道路矣。」玄德略展视之，上面尽写著地理行程。远近阔狭，山川险要，府库钱粮，一一俱载明白。松曰：「明公可速图之。松有心腹契友二人：法正，孟达。此二人必能相助。如二人到荆州时，可将心事共议。」玄德拱手谢曰：「青山不老，绿水长存。他日事成，必当厚报。」松曰：「松遇明主，不得不尽情相告，岂敢望报乎？」说罢作别。孔明命云长等护送数十里方回。 || Chapter 60, P060-021: 少顷，孟达至。达字子庆，与法正同乡。达入，见正与松密语。达曰：「吾已知二公之意。将欲献益州耶？」松曰：「是欲如此。兄试猜之，合献与谁？」达曰：「非刘玄德不可。」三人抚掌大笑。松正谓松曰：「兄明日见刘璋，当若何？」松曰：「吾荐二公为使，可往荆州。」二人应允。 || Chapter 60, P060-022: 次日，张松见刘璋。璋问：「干事若何？」松曰：「操乃汉贼，欲篡天下，不可为言。彼已有取川之心。」璋曰：「似此如之奈何？」松曰：「松有一谋，使张鲁，曹操必不敢轻犯西川。」璋曰：「何计？」松曰：「荆州刘皇叔，与主公同宗，仁慈宽厚，有长者风。赤壁鏖兵之后，操闻之而胆裂，何况张鲁乎？主公何不遣使结好，使为外援？可以拒曹操张鲁矣。」璋曰：「吾亦有此心久矣。谁可为使？」松曰：「非法正，孟达，不可往也。」璋即召二人入，修书一封，令法正为使，先通情好；次遣孟达领精兵五千，迎玄德入川为援。",same_body_paragraph
庞统,鲁肃,7,2,47;57,"Chapter 47, P047-014: 周瑜听得干又到，大喜曰：「吾之成功，只在此人身上！」遂嘱付鲁肃：「请庞士元来，为我如此如此。」原来襄阳庞统，字士元，因避乱寓居江东。鲁肃曾荐之于周瑜，统未及往见。瑜先使肃问计于统曰：「破曹当用何策？」统密谓肃曰：「欲破曹兵，须用火攻；但大江面上，一船著火，余船四散；除非献『连环计』，教他钉作一处，然后功可成也。」肃以告瑜，瑜深服其论，因谓肃曰：「为我行此计者，非庞士元不可。」肃曰：「只怕曹操奸猾，如何去得？」 || Chapter 57, P057-009: 鲁肃设宴款待孔明。宴罢，孔明辞回。方欲下船，只见江边一人道袍竹冠，皂【左糸右条】素履，一手揪住孔明大笑曰：「汝气死周郎，却又来吊孝，明欺东吴无人耶？」孔明急视其人，乃凤雏先生庞统也。孔明亦大笑。两人携手登舟，各诉心事。孔明乃留书一封与统，嘱曰：「吾料孙仲谋必不能重用足下。稍有不如意，可来荆州共扶玄德。此人宽仁厚德，必不负公平生之所学。」统允诺而别。孔明自回荆州。 || Chapter 57, P057-011: 权闻言大喜，便问此人姓名。肃曰：「此人乃襄阳人。姓庞，名统，字士元，道号凤雏先生。」权曰：「孤亦闻其名久矣。今既来此，可即请来相见。」于是鲁肃邀请庞统入见孙权，施礼毕。权见其人浓眉掀鼻，黑面短髯，形容古怪，心中不喜。乃问曰：「公平生所学，以何为主？」统曰：「不必拘执，随机应变。」权曰：「公之才学，比公瑾何如？」统笑曰：「某之才学，与公瑾大不相同。」权平生最喜周瑜，见统轻之，心中愈不乐，乃谓统曰：「公且退；待有用公之时，却来相请。」",same_body_paragraph
张松,法正,7,2,60;63,"Chapter 60, P060-020: 张松回益州，先见友人法正。正字孝直，右扶风郡人也，贤士法真之子。松见正，备说：「曹操轻贤傲士，只可同忧，不可同乐。吾已将益州许刘皇叔矣。专欲与兄共议。」法正曰：「吾料刘璋无能，已有心见刘皇叔久矣。此心相同，又何疑焉？」 || Chapter 60, P060-022: 次日，张松见刘璋。璋问：「干事若何？」松曰：「操乃汉贼，欲篡天下，不可为言。彼已有取川之心。」璋曰：「似此如之奈何？」松曰：「松有一谋，使张鲁，曹操必不敢轻犯西川。」璋曰：「何计？」松曰：「荆州刘皇叔，与主公同宗，仁慈宽厚，有长者风。赤壁鏖兵之后，操闻之而胆裂，何况张鲁乎？主公何不遣使结好，使为外援？可以拒曹操张鲁矣。」璋曰：「吾亦有此心久矣。谁可为使？」松曰：「非法正，孟达，不可往也。」璋即召二人入，修书一封，令法正为使，先通情好；次遣孟达领精兵五千，迎玄德入川为援。 || Chapter 60, P060-023: 正商议间，一人自外突入，汗流满面，大叫曰：「主公若听张松之言，则四十一州郡，已属他人矣！」松大惊；视其人，乃西阆中巴人，姓黄，名权，字公衡，现为刘璋府下主簿。璋问曰：「玄德与我同宗，吾故结之为援；汝何出此言？」权曰：「某素知刘备宽以待人，柔能克刚，英雄莫敌。远得人心，近得民望。兼有诸葛亮，庞统之智谋，关，张，赵云，黄忠，魏延为羽翼。若召到蜀中，以部曲待之，刘备岂肯伏低做小？若以客礼待之，又一国不容二主。今听臣言，则西蜀有泰山之安；不听臣言，则主公有累卵之危矣。张松昨从荆州过，必与刘备同谋。可先斩张松，后绝刘备，则西川万幸也。」璋曰：「曹操，张鲁到来，何以拒之？」权曰：「不如闭境绝塞，棎沟高垒，以待时清。」璋曰：「贼兵犯界，有燃眉之急；若待时清，则是慢计也。」遂不从其言，遣法正行。又一人阻曰：「不可！不可！」",same_body_paragraph
张辽,曹洪,7,6,11;30;31;32;40;48,"Chapter 11, P011-030: 却说吕布于寨中劳军。陈宫曰：「西寨是个要紧去处，倘或曹操袭之，奈何？」布曰：「他今日输了一阵，如何敢来？」宫曰：「曹操是极能用兵之人，须防他攻我不备。」布乃拨高顺并魏续、侯成引兵往守西寨。却说曹操于黄昏时分，引军至西寨，四面突入。寨兵不能抵挡，四散奔走，曹操夺了寨。将及四更，高顺方引军到，杀将入来。曹操自引军马来迎，正逢高顺，三军混战。将及天明，正西鼓声大震，人报吕布自引军来了。操弃寨而走。背后高顺，魏续，侯成赶来，当头吕布亲自引军来到。于禁，乐进，双战吕布不住，操望北而行。山后一彪军出：左有张辽，右有臧霸。操使吕虔、曹洪战之，不利，操望西而走。忽又喊声大震，一彪军至：郝萌，曹性，成廉，宋宪四将拦住去路。众将死战，操当先冲阵。梆子响处，箭如骤雨射将来。操不能前进，无计可脱，大叫：「谁人救我！」 || Chapter 30, P030-005: 操怒，使张辽出战。张郃跃马来迎。二将斗了四五十合，不分胜负。曹操见了，暗暗称奇。许褚挥刀纵马，直出助战。高览挺枪接住。四员将捉对儿厮杀。曹操令夏侯惇、曹洪，各引三千军，齐冲彼阵。审配见曹军来冲阵，便令放起号砲。两下万弩并发，中车内弓箭手一齐拥出阵前乱射。曹军如何抵敌，望南急走。袁绍驱兵掩杀，曹军大败，尽退至官渡。袁绍移军逼近官渡下寨。审配曰：「今可拨兵十万守官渡，就曹操寨前筑起土山，令军人下视寨中放箭。操若弃此而去，吾得此隘口，许昌可破矣。」 || Chapter 30, P030-020: 次日，操自选马步军士五千，准备往乌巢劫粮。张辽曰：「袁绍屯粮之所，安得无备？丞相未可轻往。恐许攸有诈。」操曰：「不然。许攸此来，天败袁绍。今吾军粮不给，难以久持；若不用许攸之计，是坐而待困也。彼若有诈，安肯留我寨中？且吾亦欲劫寨久矣。今劫粮之举，计在必行，君请勿疑。」辽曰：「亦须防袁绍乘虚来袭。」操笑曰：「吾已筹之熟矣。」便教荀攸、贾诩、曹洪同许攸守大寨，夏侯惇、夏侯渊领一军伏于左，曹仁、李典领一军伏于右，以备不虞。教张辽、许褚在前，徐晃、于禁在后，操自引诸将居中，共五千人马，打著袁军旗号，军士皆束草负薪，人衔枚，马勒口，黄昏时分，望乌巢进发。是夜星光满天。",same_body_paragraph
张飞,董卓,7,5,1;2;5;6;22,"Chapter 1, P001-030: 三人飞马引军而出。张角正杀败董卓，乘势赶来，忽遇三人冲杀，角军大乱，败走五十余里。三人救了董卓回寨。卓问三人现居何职。玄德曰：「白身。」卓甚轻之，不为礼。玄德出，张飞大怒曰：「我等亲赴血战，救了这厮，他却如此无礼﹔若不杀之，难消我气！」便要提刀入帐来杀董卓。正是：人情势利古犹今，谁识英雄是白身？安得快人如翼德，尽诛世上负心人！毕竟董卓性命如何，且看下文分解。 || Chapter 2, P002-001: 且说董卓字仲顈，陇西临洮人也。官拜河东太守，自来骄傲。当日怠慢了玄德，张飞性发，便欲杀之。玄德与关公急止之曰：「他是朝廷命官，岂可擅杀？」飞曰：「若不杀这厮，反要在他部下听令，其实不甘！二兄要便住在此，我自投别处去也！」玄德曰：「我三人义同生死，岂可相离？不若都投别处去便了。」飞曰：「若如此，稍解吾恨。」 || Chapter 5, P005-009: 且说北平太守公孙瓒，统领精兵一万五千，路经德州平原县。正行之间，遥见桑树丛中，一面黄旗，数骑来迎。瓒视之，乃刘玄德也。瓒问曰：「贤弟何故在此？」玄德曰：「旧日蒙兄保备为平原县令，今闻大军过此，特来奉候，就请兄长入城歇马。」瓒指关、张而问曰：「此何人也？」玄德曰：「此关羽，张飞，备结义兄弟也。」瓒曰：「乃同破黄巾者乎？」玄德曰：「皆此二人之力。」瓒曰：「今居何职？」玄德答曰：「关羽为马弓手，张飞为步弓手。」瓒叹曰：「如此可谓埋没英雄！今董卓作乱，天下诸侯，共往诛之。贤弟可弃此卑官，一同讨贼，力扶汉室，若何？」玄德曰：「愿往。」张飞曰：「当时若容我杀了此贼，免有今日之事。」云长曰：「事已至此，即当收拾前去。」",same_body_paragraph
张飞,袁绍,7,4,5;6;7;28,"Chapter 5, P005-019: 曹操大喜。只见玄德背后转出张飞，高声大叫：「俺哥哥斩了华雄，不就这里杀入关去，活拏董卓，更待何时！」袁术大怒，喝曰：「俺大臣尚自谦让，量一县令手下小卒，安敢在此耀武扬威！都与赶出帐去！」曹操曰：「得功者赏，何计贵贱乎？」袁术曰：「既然公等只重一县令，我当告退。」操曰：「岂可因一言而误大事耶？」命公孙瓒且带玄德、关、张回寨。众官皆散。曹操暗使人赍牛酒抚慰三人。却说华雄手下败军，报上关来。李肃慌忙写告急文书，申闻董卓。卓急聚李儒、吕布等商议。儒曰：「今失了上将华雄，贼势浩大。袁绍为盟主，绍叔袁隗，现为太傅；倘或里应外合，深为不便，可先除之。请丞相亲领大军，分拨剿捕。」 || Chapter 5, P005-026: 这三个围住吕布，转灯儿般厮杀。八路人马，都看得呆了。吕布架隔遮拦不定，看著玄德面上，虚刺一戟，玄德急闪。吕布荡开阵角，倒拖画戟，飞马便回。三个那里肯舍，拍马赶来。八路军兵，喊声大震，一齐掩杀。吕布军马，望关上奔走；玄德、关、张随后赶来。古人曾有篇言语，单道著玄德、关、张三战吕布：汉朝天数当桓灵，炎炎红日将西倾。奸臣董卓废少帝，刘协懦弱魂梦惊。曹操传檄告天下，诸侯奋怒皆兴兵。议立袁绍作盟主，誓扶王室定太平。温侯吕布世无比，雄才四海夸英伟。护躯银铠砌龙鳞，束发金冠簪雉尾。参差宝带兽平吞，错落锦袍飞凤起。龙驹跳踏起天风，画戟荧煌射秋水。出关搦战谁敢当？诸侯胆裂心惶惶。踊出燕人张翼德，手持蛇矛丈八鎗。虎须倒竖翻金线，环眼圆睁起电光。酣战未能分胜败，阵前恼起关云长。青龙宝刀灿霜雪，鹦鹉战袍飞蛱蝶。马蹄到处鬼神嚎，目前一怒应流血。枭雄玄德掣双锋，抖擞天威施勇烈。三人围绕战多时，遮拦架隔无休歇。喊声震动天地翻，杀气迷漫牛斗寒。吕布力穷寻走路，遥望山塞拍马还。倒拖画杆方天戟，乱散销金五彩旛。顿断绒走赤兔，翻身飞上虎牢关。三人直赶吕布到关下，看见关上西风飘动青罗伞盖。张飞大叫：「此必董卓！追吕布有甚强处！不如先拿董贼，便是斩草除根！」拍马上关，来擒董卓。正是：擒贼定须擒贼首，奇功端的待奇人。未知胜负如何，且听下文分解。 || Chapter 6, P006-001: 却说张飞拍马赶到关下，关上矢石如雨，不得进而回。八路诸侯，同请玄德、关、张贺功，使人去袁绍寨中报捷。绍遂移檄孙坚，令其进兵。坚引程普，黄盖，至袁术寨中相见。坚以杖画地曰：「董卓与我，本无雠隙。今我奋不顾身，亲冒矢石，来决死战者：上为国家讨贼，下为将军家门之私；而将军却听谗言，不发粮草，致坚败绩，将军何安！」",same_body_paragraph
张飞,陈登,7,4,14;19;21;22,"Chapter 14, P014-030: 张飞曰：「弟自今以后，不饮酒，不打军士，诸般听人劝谏便了。」糜竺曰：「只恐口不应心。」飞怒曰：「吾跟哥哥多年，未尝失信，你如何轻料我！」玄德曰：「弟言虽如此，吾终不放心。还请陈元龙辅之。早晚令其少饮酒，勿致失事。」陈登应诺。玄德吩咐了当，乃统马步军三万，离徐州望南阳进发。 || Chapter 14, P014-033: 却说张飞自送玄德起身后，一应杂事，俱付陈元龙管理；军机大务，自家斟酌。一日，设宴请各官赴席。众人坐定，张飞开言曰：「我兄临去时，吩咐我少饮酒，恐致失事。众官今日尽此一醉，明日都各戒酒，帮我守城。今日却都要满饮。」言罢，起身与众官把盏。酒至曹豹面前，豹曰：「我从天戒，不饮酒。」飞曰：「厮杀汉如何不饮酒？我要你吃一盏。」豹惧怕，只得饮了一杯。 || Chapter 14, P014-034: 张飞把遍各官，自斟巨觥，连饮了几十杯，不觉大醉，却又起身与众官把盏。酒至曹豹，豹曰：「某实不能饮矣。」飞曰：「你恰才吃了，如今为何推却？」豹再三不饮，飞醉后使酒，便发怒曰：「你违我将令，该打一百！」便喝军士拏下。陈元龙曰：「玄德公临去时，吩咐你甚来？」飞曰：「你文官，只管文官事，休来管我！」",same_body_paragraph
曹操,阚泽,7,3,46;47;49,"Chapter 46, P046-030: 且说黄盖卧于帐中，众将皆来动问。盖不言语，但长吁而已。忽报参谋阚泽来问。盖令请入卧内，叱退左右。阚泽曰：「将军莫非与都督有雠？」盖曰：「非也。」泽曰：「然则公之受责，莫非苦肉计乎？」盖曰：「何以知之？」泽曰：「某观公瑾举动，已料著八九分。」盖曰：「某受吴侯三世厚恩，无以为报，故献此计，以破曹操。吾虽受苦，亦无所恨。吾遍观军中，无一人可为心腹者。惟公素有忠义之心，敢以心腹相告。」泽曰：「公之告我，无非要我献诈降书耳。」盖曰：「实有此意。未知肯否？」阚泽欣然领诺。正是：勇将轻身思报主，谋臣为国有同心。未知阚泽所言若何，且看下文分解。 || Chapter 47, P047-002: 泽领了书，只就当夜扮作渔翁，驾小舟，望北岸而行。是夜寒星满天，三更时候，早到曹军水寨。巡江军士拏住，连夜报知曹操。操曰：「莫非是奸细么？」军士曰：「只一渔翁，自称是东吴参谋阚泽，有机密事来见。」操便教引将入来。军士引阚泽至，只见帐上灯烛辉煌，曹操凭几危坐，问曰：「汝既是东吴参谋，来此何干？」泽曰：「人言曹丞相求贤若渴，今观此问，甚不相合。──黄公覆，汝又错寻思了也！」 || Chapter 47, P047-004: 曹操于几案上翻覆将书看了十余次，忽然拍案张目大怒曰：「黄盖用苦肉计，令汝下诈降书，就中取事，却敢来戏侮我耶！」便教左右推出斩之。左右将阚泽簇下，泽面不改容，仰天大笑。操教牵回，叱曰：「吾已识破奸计，汝何故哂笑？」泽曰：「吾不笑你。吾笑黄公覆不识人耳。」操曰：「何不识人？」泽曰：「杀便杀，何必多问！」操曰：「吾自幼熟读兵书，深知奸伪之道。汝这条计，只好瞒别人，如何瞒得我！」泽曰：「你且说书中那件事是奸计？」操曰：「我说出你那破绽，教你死而无怨！你既是真心献书投降，如何不明约几时？如今你有何理说？」",same_body_paragraph
李肃,董卓,7,2,5;9,"Chapter 5, P005-011: 读毕，歃血。众因其辞气慷慨，皆涕泗横流。歃血已罢，下坛。众扶绍升帐而坐，两行依爵位年齿分列坐定。操行酒数巡，言曰：「今日既立盟主，各听调遣，同扶国家，勿以强弱计较。」袁绍曰：「绍虽不才，既承公等推为盟主，有功必赏，有罪必罚。国有常刑，军有纪律；各宜遵守，勿得违犯。」众皆曰：「惟命是听。」绍曰：「吾弟袁术总督粮草，应付诸营，无使有缺。更须一人为先锋，直抵汜水关挑战。余各据险要，以为接应。」长沙太守孙坚出曰：「坚愿为前部。」绍曰：「文台勇烈，可当此任。」坚遂引本部人马杀奔汜水关来。守关将士，差流星马往洛阳丞相府告急。董卓自专大权之后，每日饮宴。李儒接得告急文书，迳来禀卓。卓大惊，急聚众将商议。温侯吕布挺身出曰：「父亲勿虑：关外诸侯，布视之如草芥。愿提虎狼之师，尽斩其首，悬于都门。」卓大喜曰：「吾有奉先，高枕无忧矣！」言未绝，吕布背后一人高声出曰：「『割鸡焉用牛刀？』不劳温侯亲往。吾斩众诸侯首级，如探囊取物耳。」卓视之，其人身长九尺，虎体狼腰，豹头猿臂：关西人也；姓华，名雄。卓闻言大喜，加为骁骑校尉，拨马步军五万，同李肃，胡轸，赵岑星夜赴关迎敌。众诸侯内有济北相鲍信，寻思孙坚既为前部，怕他夺了头功，暗拨其弟鲍忠，先将马步军三千，迳抄小路，直到关下搦战。华雄引铁骑五百，飞下关来，大喝：「贼将休走！」鲍忠急待退，被华雄手起刀落，斩于马下，生擒将校极多。华雄遣人将鲍忠首级来相府报捷，卓加雄为都督。 || Chapter 5, P005-013: 华雄副将胡轸引兵五千出关迎战。程普飞马挺矛，直取胡轸。斗不数合，程普刺中胡轸咽喉，死于马下。坚挥军直杀至关前，关上矢石如雨。孙坚引兵回至梁东屯住，使人于袁绍处报捷，就于袁术处催粮。或说术曰：「孙坚乃江东猛虎；若打破洛阳，杀了董卓，正是除狼而得虎也。今不与粮，彼军必散。」术听之，不发粮草。孙坚军缺食，军中自乱，细作报上关来。李肃为华雄谋曰：「今夜我引一军从小路下关，袭孙坚寨后，将军挥其前寨，坚可擒矣。」 || Chapter 5, P005-019: 曹操大喜。只见玄德背后转出张飞，高声大叫：「俺哥哥斩了华雄，不就这里杀入关去，活拏董卓，更待何时！」袁术大怒，喝曰：「俺大臣尚自谦让，量一县令手下小卒，安敢在此耀武扬威！都与赶出帐去！」曹操曰：「得功者赏，何计贵贱乎？」袁术曰：「既然公等只重一县令，我当告退。」操曰：「岂可因一言而误大事耶？」命公孙瓒且带玄德、关、张回寨。众官皆散。曹操暗使人赍牛酒抚慰三人。却说华雄手下败军，报上关来。李肃慌忙写告急文书，申闻董卓。卓急聚李儒、吕布等商议。儒曰：「今失了上将华雄，贼势浩大。袁绍为盟主，绍叔袁隗，现为太傅；倘或里应外合，深为不便，可先除之。请丞相亲领大军，分拨剿捕。」",same_body_paragraph
法正,魏延,7,6,60;61;63;65;71;73,"Chapter 60, P060-023: 正商议间，一人自外突入，汗流满面，大叫曰：「主公若听张松之言，则四十一州郡，已属他人矣！」松大惊；视其人，乃西阆中巴人，姓黄，名权，字公衡，现为刘璋府下主簿。璋问曰：「玄德与我同宗，吾故结之为援；汝何出此言？」权曰：「某素知刘备宽以待人，柔能克刚，英雄莫敌。远得人心，近得民望。兼有诸葛亮，庞统之智谋，关，张，赵云，黄忠，魏延为羽翼。若召到蜀中，以部曲待之，刘备岂肯伏低做小？若以客礼待之，又一国不容二主。今听臣言，则西蜀有泰山之安；不听臣言，则主公有累卵之危矣。张松昨从荆州过，必与刘备同谋。可先斩张松，后绝刘备，则西川万幸也。」璋曰：「曹操，张鲁到来，何以拒之？」权曰：「不如闭境绝塞，棎沟高垒，以待时清。」璋曰：「贼兵犯界，有燃眉之急；若待时清，则是慢计也。」遂不从其言，遣法正行。又一人阻曰：「不可！不可！」 || Chapter 61, P061-001: 却说庞统、法正二人，劝玄德就席间杀刘璋，西川唾手可得。玄德曰：「吾初入蜀中，恩信未立，此事决不可行。」二人再三说之，玄德只是不从。次日，复与刘璋宴于城中，彼此细叙衷曲，情好甚密，酒至半酣，庞统与法正商议曰：「事已至此，由不得主公了。」便教魏延登堂舞剑，乘势杀刘璋，延遂拔剑进曰：「筵间无以为乐，愿舞剑为戏。」庞统便呼众武士入，列于堂下，只待魏延下手，刘璋手下诸将，见魏延舞剑筵前，又见阶下武士手按刀靶，直视堂上，从事张任亦掣剑舞曰：「舞剑必须有对，某愿与魏将军同舞。」 || Chapter 63, P063-001: 却说法正与那人相见，各抚掌而笑。庞统问之，正曰：「此公乃广汉人，姓彭，名羕，字永言，蜀中豪杰也。因直言触忤刘璋，被璋钳为徒隶，因此短发。」统乃以宾礼待之，问羕从何而来。羕曰：「吾特来救汝数万人性命。见刘将军方可说。」法正忙报玄德。玄德亲自谒见，请问其故。羕曰：「将军有多少军马在前寨？」玄德实告：「有黄忠，魏延在彼。」羕曰：「为将之道，岂可不知地理乎？前寨靠涪江，若决动江水，前后以兵塞之，一人无可逃也。」玄德大悟。彭羕曰：「罡星在西方，太白临于此地，当有不吉之事，切宜慎之。」玄德即拜彭羕为幕宾，使人密报魏延，黄忠，教朝幕用心巡警，以防决水。黄忠，魏延商议：「二人各轮一日；如遇敌军到来，互相通报。」",same_body_paragraph
王允,郭汜,7,2,9;10,"Chapter 9, P009-011: 次日，李肃引十数骑，前到郿坞。人报天子有诏，卓叫唤入。李肃入拜。卓曰：「天子有何诏？」肃曰：「天子病体新痊，欲会文武于未央殿，议将禅位于太师，故有此诏。」卓曰：「王允之意若何？」肃曰：「王司徒已命人筑『受禅台』，只等主公来。」卓大喜曰：「吾夜梦一龙罩身，今果得此喜信。时哉不可失！」便命心腹将李傕，郭汜，张济，樊稠，四人领飞熊军三千守郿坞，自己即日排驾回京；顾谓李肃曰：「吾为帝，汝当为执金吾。」肃拜谢称臣。 || Chapter 9, P009-019: 却说李傕，郭汜，张济，樊稠闻董卓已死，吕布将至，便引了飞熊军连夜奔凉州去了。吕布至郿坞，先取了绍蝉。皇甫嵩命将坞中所藏良家子女，尽行释放。但系董卓亲属，不分老幼，悉皆诛戮。卓母亦被杀。卓弟董旻、姪董璜皆斩首号令。收籍坞中所蓄黄金数十万，绮罗、珠宝、器皿、粮食不计其数，回报王允。允乃大犒军士，设宴于都堂，召集众官，酌酒称庆。 || Chapter 9, P009-025: 且说李傕，郭汜，张济，樊稠逃居陕西，使人至长安上表求赦。王允曰：「卓之跋扈，皆此四人助之；今虽大赦天下，独不赦此四人。」使者回报李傕。傕曰：「求赦不得，各自逃生可也。」谋士贾诩曰：「诸君若弃军单行，则一亭长能缚君矣。不若诱集陕人，并本部军马，杀入长安，与董卓报雠。事济，奉朝廷以正天下；若其不胜，走亦未迟。」",same_body_paragraph
王平,郭淮,7,5,93;95;99;101;102,"Chapter 93, P093-013: 却说孔明归帐，先唤赵云、魏延听令。孔明曰：「汝二人各引本部军去劫魏寨。」魏延进曰：「曹真深明兵法，必料我乘丧劫寨。他岂不隄防？」孔明笑曰：「吾正欲曹真知吾去劫寨也。彼必伏兵在祁山之后，待我兵过去，却来袭我寨；吾故令汝二人，引兵前去，过山脚后路，远下营寨，待魏兵来劫吾寨。汝看火起为号，分兵两路；文长拒住山口，子龙引兵杀回，必遇魏兵，却放彼走回，汝乘势攻之，彼必自相掩杀：可获全胜。」二将引兵受计而去。又唤关兴、张苞分付曰：「汝二人各引一军，伏于祁山要路；放过魏兵，却从魏兵来路，杀奔魏寨而去。」二人引兵受计去了。又令马岱、王平、张翼、张嶷四将，伏于寨外，四面迎击魏兵。孔明乃虚立寨栅，居中堆起柴草，以备火号；自引诸将退于寨后，以观动静。却说魏先锋曹遵、朱赞黄昏离寨，迤逦前进。二更左侧，遥望山前隐隐有兵行动。曹遵自思曰：「郭都督真神机妙算！」遂催兵急进。到蜀寨时，将及三更。曹遵先杀入寨，却是空寨，并无一人，料知中计，急撤军回，寨中火起。朱赞兵到，自相掩杀，人马大乱。曹遵与朱赞交马，方知自相践踏。急合兵时，忽四面喊声大震，王平、马岱、张嶷、张翼杀到。曹、朱二人引心腹军百余骑，望大路奔走。忽然鼓角齐鸣，一彪军截住去路；为首大将乃常山赵子龙也，大叫曰：「贼将那里去！早早受死！」曹、朱二人夺路而走。忽喊声又起，魏延又引一彪军杀到。曹、朱二人大败，夺路奔回本寨。守寨军士，只道蜀兵来劫寨，慌忙放起号火。左边曹真杀至，右边郭淮杀至，自相掩杀。背后三路蜀兵杀到：中央魏延，左边关兴，右边张苞，大杀一阵。魏兵败走十余里，魏将死者极多。孔明全获大胜，方始收兵。曹真、郭淮收拾败军回寨，商议曰：「今魏兵势孤，蜀兵势大，将何策以退之？」淮曰：「『胜负乃兵家常事』，不足为忧。某有一计，使蜀兵首尾不能相顾，定然自走矣。」正是： || Chapter 95, P095-007: 却说王平见魏兵到，引军杀来，正遇张郃；战有数十余合，平力穷势孤，只得退去。魏兵自辰时困至戌时，山上无水，军不得食，寨中大乱。嚷到半夜时分，山南蜀兵大开寨门，下山降魏。马谡禁止不住。司马懿又令人于沿山放火，山上蜀兵愈乱。马谡料守不住，只得驱残兵杀下山西逃奔。司马懿放条大路，让过马谡。背后张郃引兵赶来。赶到三十余里，前面鼓角齐鸣，一彪军出，放过马谡，拦住张郃；视之，乃魏延也：挥刀纵马，直取张郃。郃回军便走。延驱兵赶来，复夺街亭。赶到五十余里，一声喊起，两边伏兵齐出：左边司马懿，右边司马昭，却抄在魏延背后，把延困在垓心。张郃复来，三路兵合在一处。魏延左冲右突，不得脱身，折兵大半。正危急间，忽一彪军杀入，乃王平也。延大喜曰：「吾得生矣！」二将合兵一处，大杀一阵，魏兵方退。二将慌忙奔回寨时，营中皆是魏兵旌旗。申耽、申仪从营中杀出。王平、魏延迳奔列柳城，来投高翔。此时高翔闻知街亭有失，尽起列柳城之兵，前来救应，正遇延、平二人，诉说前事。高翔曰：「不如今晚去劫魏寨，再复街亭。」当时三人在山坡下商议已定。待天色将晚，兵分三路。魏延引兵先进，迳到街亭，不见一人，心中大疑，不敢轻进，且伏在路口等候。忽见高翔兵到，二人共说魏兵不知在何处。正没理会，又不见王平兵到。忽然一声砲响，火光冲天，鼓声震地。魏兵齐出，把魏延、高翔围在垓心。二人尽力冲突，不得脱身。忽听得山坡后喊声若雷，一彪军杀入，乃是王平，救了高、魏二人，迳奔列柳城来。比及奔到城下时，城边早有一军杀到，旗上大书「魏都督郭淮」字样。原来郭淮与曹真商议，恐司马懿得了全功，乃分淮来取街亭；闻知司马懿、张郃成上此功，遂引兵迳袭列柳城。正遇三将，大杀一阵。蜀兵伤者极多。魏延恐阳平关有失，慌与王平、高翔望阳平关来。 || Chapter 95, P095-008: 却说郭淮收了军马，乃谓左右曰：「吾虽不得街亭，却取了列柳城，亦是大功。」引兵迳到城下叫门，只见城上一声砲响，旗帜皆竖，当头一面大旗，上书「平西都督司马懿」。懿撑起悬空板，倚定护心木栏干，大笑曰：「郭伯济来何迟也？」淮大惊曰：「仲达神机，吾不及也！」遂入城。相见已毕，懿曰：「今街亭已失，诸葛亮必走。公可速与子丹星夜追之。」郭淮从其言，出城而去。懿唤张郃曰：「子丹、伯济，恐吾全获大功，故来取此城池。吾非独欲成功，乃侥幸而已。吾料魏延、王平、马谡、高翔等辈，必先去据阳平关。吾若去取此关，诸葛亮必随后掩杀，中其计矣。兵法云：『归师勿掩，穷寇莫追。』汝可从小路抄箕谷退兵。吾自引兵当斜谷之兵。若彼败走，不可相拒，只宜中途截住，蜀兵辎重，可尽得也。」张郃受计，引兵一半去了。懿下令：「迳取斜谷：由西城而进。西城虽山僻小县，乃蜀兵屯粮之所，又南安、天水、安定三郡总路。若得此城，三郡可复矣。」于是司马懿留申耽、申仪守列柳城，自领大军斜谷进发。",same_body_paragraph
程昱,郭嘉,7,6,14;16;21;23;24;33,"Chapter 14, P014-022: 操自封为大将军武平侯，以荀彧为侍中尚书令；荀攸为军师；郭嘉为司马祭酒；刘晔为司空掾曹；毛玠，任峻为典农中郎将，催督钱粮；程昱为东平相，范成，董昭为洛阳令；满宠为许都令；夏侯惇，夏侯渊，曹仁，曹洪皆为将军；吕虔，李典，乐进，于禁，徐晃，皆为校尉；许褚，典韦，皆为都尉；其余将士，各各封官。自此大权皆归于曹操。朝廷大务，先禀曹操，然后方奏天子。 || Chapter 16, P016-028: 操大喜曰：「君言正合吾心。」次日，即表荐刘备领豫州牧。程昱谏曰：「刘备终不为人之下，不如早图之。」操曰：「方今正用英雄之时，不可杀一人而失天下之心，此郭奉孝与吾有同见也。」遂不听昱言，以兵三千，粮万斛，送与玄德，使往豫州到任，进兵屯小沛，招集原散之兵，攻吕布。玄德至豫州，令人约会曹操。 || Chapter 21, P021-016: 次日，玄德面奏献帝。操令玄德总督五万人马，又差朱灵、路昭二人同行。玄德辞帝，帝泣送之。玄德到寓，星夜收拾军军器鞍马，挂了将军印，催促便行。董承赶出十里长亭来送。玄德曰：「国舅忍耐，某次行必有以报命。」承曰：「公宜留意，勿负帝心。」二人分别。关，张在马上问曰：「兄今番出征，何故如此慌速？」玄德曰：「吾乃笼中鸟，网中鱼。此一行如鱼入大海，鸟上青霁，不受笼网之羁绊也。」因命关，张催朱灵，路昭，军马速行。时郭嘉，程昱，考较钱粮方回，知曹操已遣玄德进兵徐州，慌入谏曰：「丞相何故令刘备督军？」操曰：「欲截袁术耳。」程昱曰：「昔刘备为豫州牧时，某等请杀之，丞相不听；今日又与之兵，此放龙入海，纵虎归山也。后欲治之，其可得乎？」郭嘉曰：「丞相纵不杀备，亦不当使之去。古人云：『一日纵敌，万世之患。』望丞相察之。」操然其言，遂令许褚将兵五百前往，务要追玄德转来。许褚应诺而去。",same_body_paragraph
诸葛亮,黄盖,7,5,43;44;46;55;56,"Chapter 43, P043-017: 众视其人，乃零陵人，姓黄，名盖，字公覆，现为东吴粮官。当时黄盖谓孔明曰：「愚闻多言获利，不如默而无言。何不将金石之论为我主言之，乃与众人辩论也？」孔明曰：「诸君不知世务，互相问难，不容不答耳。」 || Chapter 43, P043-018: 于是黄盖与鲁肃引孔明入；至中门，正遇诸葛瑾，孔明施礼。瑾曰：「贤弟既到江东，如何不来见我？」孔明曰：「弟既事豫州，理宜先公后私，公事未毕，不敢及私。望兄见谅。」瑾曰：「贤弟见过吴侯，却来叙话。」说罢自去。 || Chapter 44, P044-015: 孔明与鲁肃辞出，相别而去。次日清晨，孙权升堂。左边文官张昭、顾雍等三十余人；右边武官程普、黄盖等三十余人。衣冠济济，剑佩锵锵，分班侍立。",same_body_paragraph
马腾,马超,7,3,10;58;59,"Chapter 10, P010-005: 言未绝，只见一位少年将军，面如冠玉，眼若流星；虎体猿臂；彪腹狼腰；手执长鎗，坐骑骏马，从阵中飞出。原来那将即马腾之子马超，字孟起，年方十七岁，英勇无敌。王方欺他年幼，跃马迎战。战不到数合，早被马超一鎗刺于马下。马超勒马便回。李蒙见王方刺死，一骑马从马超背后赶来。超只做不知。马腾在阵门下大叫：「背后有人追赶！」 || Chapter 10, P010-006: 声犹未绝，只见马超已将李蒙擒在马上。原来马超明知李蒙追赶，却故意俄延；等他马近，举鎗刺来，超将身一闪，李蒙搠个空，两马相并，被马超轻舒猿臂，生擒过去。军士无主，望风奔逃。马腾、韩遂乘势追杀，大获胜捷，直逼隘口下寨，把李蒙斩首号令。 || Chapter 10, P010-007: 李傕、郭汜听知李蒙、王方皆被马超杀了，方信贾诩有先见之明，重用其计，只理会紧守关防，由他搦战，并不出迎。果然西凉军未及两月，粮草俱乏，商议回军。恰好长安城中马宇家僮出首家主与刘范、种邵，外连马腾、韩遂，欲为内应等情。李傕、郭汜大怒，尽收三家少良贱斩于市，把三颗首级，直来门前号令。",same_body_paragraph
公孙瓒,吕布,6,2,5;18,"Chapter 5, P005-019: 曹操大喜。只见玄德背后转出张飞，高声大叫：「俺哥哥斩了华雄，不就这里杀入关去，活拏董卓，更待何时！」袁术大怒，喝曰：「俺大臣尚自谦让，量一县令手下小卒，安敢在此耀武扬威！都与赶出帐去！」曹操曰：「得功者赏，何计贵贱乎？」袁术曰：「既然公等只重一县令，我当告退。」操曰：「岂可因一言而误大事耶？」命公孙瓒且带玄德、关、张回寨。众官皆散。曹操暗使人赍牛酒抚慰三人。却说华雄手下败军，报上关来。李肃慌忙写告急文书，申闻董卓。卓急聚李儒、吕布等商议。儒曰：「今失了上将华雄，贼势浩大。袁绍为盟主，绍叔袁隗，现为太傅；倘或里应外合，深为不便，可先除之。请丞相亲领大军，分拨剿捕。」 || Chapter 5, P005-021: 流星马探听得，报入袁绍大寨里来。绍聚众商议。操曰：「董卓屯兵虎牢，截俺诸侯中路，今可勒兵一半迎敌。」绍乃分王匡，乔瑁，鲍信，袁遗，孔融，张杨，陶谦，公孙瓒，八路诸侯，往虎牢关迎敌。操引军往来救应。八路诸侯，各自起兵。河内太守王匡，引兵先到。吕布带铁骑三千，飞奔来迎。王匡将军马列成阵势，勒马门旗下看时，见吕布出阵：头戴三叉束发紫金冠，体挂西川红锦百花袍，身披兽面吞头连环铠，腰系勒甲玲珑狮蛮带；弓箭随身，手持画戟；坐下嘶风赤兔马；果然是人中吕布，马中赤兔！ || Chapter 5, P005-024: 正议间，吕布复引兵搦战。八路诸侯齐出。公孙瓒挥槊亲战吕布。战不数合，瓒败走。吕布纵赤兔马赶来。那马日行千里，飞走如风。看看赶上，布举画戟望瓒后心便刺。旁边一将，圆睁环眼，倒竖虎须，挺丈八蛇矛，飞马大叫：「三姓家奴休走！燕人张飞在此！」",same_body_paragraph
公孙瓒,张飞,6,3,5;7;28,"Chapter 5, P005-009: 且说北平太守公孙瓒，统领精兵一万五千，路经德州平原县。正行之间，遥见桑树丛中，一面黄旗，数骑来迎。瓒视之，乃刘玄德也。瓒问曰：「贤弟何故在此？」玄德曰：「旧日蒙兄保备为平原县令，今闻大军过此，特来奉候，就请兄长入城歇马。」瓒指关、张而问曰：「此何人也？」玄德曰：「此关羽，张飞，备结义兄弟也。」瓒曰：「乃同破黄巾者乎？」玄德曰：「皆此二人之力。」瓒曰：「今居何职？」玄德答曰：「关羽为马弓手，张飞为步弓手。」瓒叹曰：「如此可谓埋没英雄！今董卓作乱，天下诸侯，共往诛之。贤弟可弃此卑官，一同讨贼，力扶汉室，若何？」玄德曰：「愿往。」张飞曰：「当时若容我杀了此贼，免有今日之事。」云长曰：「事已至此，即当收拾前去。」 || Chapter 5, P005-019: 曹操大喜。只见玄德背后转出张飞，高声大叫：「俺哥哥斩了华雄，不就这里杀入关去，活拏董卓，更待何时！」袁术大怒，喝曰：「俺大臣尚自谦让，量一县令手下小卒，安敢在此耀武扬威！都与赶出帐去！」曹操曰：「得功者赏，何计贵贱乎？」袁术曰：「既然公等只重一县令，我当告退。」操曰：「岂可因一言而误大事耶？」命公孙瓒且带玄德、关、张回寨。众官皆散。曹操暗使人赍牛酒抚慰三人。却说华雄手下败军，报上关来。李肃慌忙写告急文书，申闻董卓。卓急聚李儒、吕布等商议。儒曰：「今失了上将华雄，贼势浩大。袁绍为盟主，绍叔袁隗，现为太傅；倘或里应外合，深为不便，可先除之。请丞相亲领大军，分拨剿捕。」 || Chapter 5, P005-024: 正议间，吕布复引兵搦战。八路诸侯齐出。公孙瓒挥槊亲战吕布。战不数合，瓒败走。吕布纵赤兔马赶来。那马日行千里，飞走如风。看看赶上，布举画戟望瓒后心便刺。旁边一将，圆睁环眼，倒竖虎须，挺丈八蛇矛，飞马大叫：「三姓家奴休走！燕人张飞在此！」",same_body_paragraph
关兴,司马懿,6,3,95;99;100,"Chapter 95, P095-016: 却说司马懿望武功山小路而走。忽然山坡后喊杀连天，鼓声震地。懿回顾二子曰：「吾若不走，必中诸葛亮之计矣。」只见大路上一军杀来，旗上大书「右护卫使虎翼将军张苞。」。魏兵皆弃甲抛戈而走。行不到一程，山谷中喊声震地，鼓角喧天，前面一杆大旗，上书：「左护卫使龙骧将军关兴。」。山谷应声，不知蜀兵多少；更兼魏军心疑，不敢久停，只得尽弃辎重而去。兴、苞二人皆遵将令，不敢追袭，多得军器粮草而归。司马懿见山谷中皆是蜀兵，不敢出大路，遂回街亭。 || Chapter 95, P095-022: 却说司马懿分兵而进，此时蜀兵尽回汉中去了。懿引一军复到西城，因问遗下居民及山僻隐者，皆言孔明只有二千五百军在城中，又无武将，只有几个文官，别无埋伏。武功山小民告曰：「关兴、张苞，只各有三千军，转山呐喊，鼓噪惊追，又无别军，并不敢厮杀。」懿悔之不及，仰天叹曰：「吾不如孔明也！」遂安抚了官民，引兵迳还长安，朝见魏主。叡曰：「今日复得陇西诸郡，皆卿之功也。」懿奏曰：「今蜀兵皆在汉中，未尽剿灭。臣乞大兵并力收川，以报陛下。」叡大喜，令懿即便兴兵。忽班内一人出奏曰：「臣有一计，足可定蜀降吴。」正是：蜀中将相方归国，魏地君臣又逞谋。未知献计者是谁，且看下文分解。 || Chapter 99, P099-005: 郭淮从之。方传令教军退时，忽然一声砲响，山背后闪出一枝军马来，旗上大书「汉丞相诸葛亮」；中央一辆四轮车，孔明端坐于上；左有关兴，右有张苞。孙、郭二人见之，大惊。孔明大笑曰：「郭淮、孙礼休走！司马懿之计，安能瞒得过吾？他每日令人在前交战，却教汝等袭吾军后。武都、阴平吾已取了。汝二人不早来降，欲驱兵与吾决战耶？」",same_body_paragraph
关兴,赵云,6,4,92;93;94;96,"Chapter 92, P092-004: 次日，夏侯楙复整金鼓旗旛，率兵而进。赵云、邓芝出迎。芝在马上谓赵云曰：「昨夜魏兵大败而走，今日复来，必有诈也，老将军防之。」子龙曰：「量此乳臭小儿，何足道哉！吾今日必当擒之！」便跃马而出，魏将潘遂出迎，战不三合，拨马便走。赵云赶去，魏阵中八员将一齐来迎。放过夏侯楙先走，八将陆续奔走。赵云乘势追杀，邓芝引兵继进。赵云深入重地，只听得四面喊声大震。邓芝急收军退回，左有董禧，右有薛则，两路兵杀到。邓芝兵少，不能解救。赵云被困在垓心，东冲西突，魏兵越厚。时云手下止有千余人，杀到山坡之下，只见夏侯楙在山上指挥三军。赵云投东则望东指，投西则望西指：因此赵云不能突围，乃引兵欲上山来。半山中擂木砲石打将下来，不能上山。赵云从辰时杀至酉时，不能得走出，只得下马少歇，且待月明再战。却才卸甲而坐，月光方出，忽四下火光冲天，鼓声大震，矢石如雨，魏兵杀到，皆叫曰：「赵云早降！」云急上马迎敌、四面军马渐渐逼近，八方弩箭交射甚急，人马皆不能向前。云仰天叹曰：「吾不服老，死于此地矣！」忽东北角上喊声大起，魏兵纷纷乱窜。一彪军杀到，为首大将持丈八点钢矛，马项下挂一颗人头，云视之，乃张苞也。苞见赵云，言曰：「丞相恐老将军有失，特遣某引军五千兵接应。闻老将军被困，故杀透重围。正遇魏将薛则，被某杀之。」云大喜，即与张苞杀出西北角来。只见魏兵弃戈奔走。一彪军从外呐喊杀入，为首大将提偃月青龙刀，手挽人头。云视之，乃关兴也。兴曰：「奉丞相之命，恐老将军有失，特引五千兵前来接应。却才阵上逢著魏将董禧，被吾一刀斩之，枭道在此。丞相随后便到也。」云曰：「二将军已建奇功，不趁今日擒住夏侯楙，以定大事？」张苞闻言，遂引兵去了。兴曰：「我也干功去。」亦引兵去了。云回顾左右曰：「他两个是吾子姪辈，尚且争先干功；吾乃国家上将，朝廷旧臣，反不如此小辈耶？吾当舍老命以报先帝之恩！」于是引兵来捉夏侯楙。当夜三路兵夹攻，大破魏军一阵。邓芝引兵接应，杀得尸横遍野，血流成河。夏侯楙乃无谋之人，更兼年幼，不曾经战；见军大乱，遂引帐下骁将百余人，望南安郡而走。众军因见无主，尽皆逃窜。兴、苞二将，闻夏侯楙望南安郡去了，连夜赶来。楙走入城中，紧闭城门，驱兵守御。兴、苞二人赶到，将城围住；赵云随后也到：三面攻打。少时，邓芝亦引兵到。一连围了十日，攻打不下。忽报丞相留后军住沔阳，左军屯阳平，右军屯石城，自引中军来到。赵云、邓芝郡关兴、张苞皆来拜问孔明，说连日攻城不下。孔明遂乘小车亲到城边周围看了一遍，回寨升帐而坐。众将环立听令。孔明曰：「此郡壕深成峻，不易攻也。吾正事不在此城，如汝等只久攻，倘魏兵分道而出，以取汉中，吾军危矣。」邓芝曰：「夏侯楙乃魏之驸马，若擒此人，胜斩百将。今困于此，岂可弃之而去？」孔明曰：「吾自有计。此处西连天水郡，北抵安定郡；二处太守，不知何人？」探卒答曰：「天水太守马遵，安定太守崔谅。」孔明大喜，乃唤魏延受计，如此如此；又唤关兴、张苞受计，如此如此；又唤心腹军士二人受计，如此行之。各将领命，引兵而去。孔明却在南安城外，令军运迆草堆于城下，口称烧城。魏兵闻知，皆大笑不惧。 || Chapter 93, P093-004: 却说孔明因虑姜维，自为前部，望天水郡进发。将到城边，孔明传令曰：「凡攻城池：以初到之日，激励三军，鼓噪直上。若迟延日久，锐气尽隳，急难破矣。」于是大军迳到城下。因见城上旗帜整齐，未敢轻攻。候至半夜，忽然四下火光冲天，喊声震地，正不知何处兵到。只见城上亦鼓噪呐喊相应，蜀兵乱窜。孔明急上马，有关兴，张苞二将保护，杀出重，围回头视之，正东上军马，一带火光，势若长蛇。孔明令关兴探视，回报曰：「此姜维兵也。」孔明叹曰：「兵不在多，在人之调遣耳，此人真将才也！」收兵归寨，思之良久，乃唤安定人问曰：「姜维之母，现在何处？」答曰：「维母今居冀县。」孔明唤魏延分付曰：「汝可引一军，虚张声势，诈取冀县。若姜维到，可放入城。」又问：「此地何处紧要？」安定人曰：「天水钱粮，皆在上邽；若打破上邽；则粮道自绝矣。」孔明大喜，教赵云引一军去攻上邽。孔明离城三十里下寨。早有人报入天水郡，说蜀兵分为三路：一军守此郡，一军取上邽，一军取冀城。姜维闻之，哀告马遵曰：「维母现在冀城，恐母有失。维乞一军往救此城，兼保老母。」马遵从之，遂令姜维引三千军去保冀城；梁虔引三千军去保上邽。 || Chapter 93, P093-013: 却说孔明归帐，先唤赵云、魏延听令。孔明曰：「汝二人各引本部军去劫魏寨。」魏延进曰：「曹真深明兵法，必料我乘丧劫寨。他岂不隄防？」孔明笑曰：「吾正欲曹真知吾去劫寨也。彼必伏兵在祁山之后，待我兵过去，却来袭我寨；吾故令汝二人，引兵前去，过山脚后路，远下营寨，待魏兵来劫吾寨。汝看火起为号，分兵两路；文长拒住山口，子龙引兵杀回，必遇魏兵，却放彼走回，汝乘势攻之，彼必自相掩杀：可获全胜。」二将引兵受计而去。又唤关兴、张苞分付曰：「汝二人各引一军，伏于祁山要路；放过魏兵，却从魏兵来路，杀奔魏寨而去。」二人引兵受计去了。又令马岱、王平、张翼、张嶷四将，伏于寨外，四面迎击魏兵。孔明乃虚立寨栅，居中堆起柴草，以备火号；自引诸将退于寨后，以观动静。却说魏先锋曹遵、朱赞黄昏离寨，迤逦前进。二更左侧，遥望山前隐隐有兵行动。曹遵自思曰：「郭都督真神机妙算！」遂催兵急进。到蜀寨时，将及三更。曹遵先杀入寨，却是空寨，并无一人，料知中计，急撤军回，寨中火起。朱赞兵到，自相掩杀，人马大乱。曹遵与朱赞交马，方知自相践踏。急合兵时，忽四面喊声大震，王平、马岱、张嶷、张翼杀到。曹、朱二人引心腹军百余骑，望大路奔走。忽然鼓角齐鸣，一彪军截住去路；为首大将乃常山赵子龙也，大叫曰：「贼将那里去！早早受死！」曹、朱二人夺路而走。忽喊声又起，魏延又引一彪军杀到。曹、朱二人大败，夺路奔回本寨。守寨军士，只道蜀兵来劫寨，慌忙放起号火。左边曹真杀至，右边郭淮杀至，自相掩杀。背后三路蜀兵杀到：中央魏延，左边关兴，右边张苞，大杀一阵。魏兵败走十余里，魏将死者极多。孔明全获大胜，方始收兵。曹真、郭淮收拾败军回寨，商议曰：「今魏兵势孤，蜀兵势大，将何策以退之？」淮曰：「『胜负乃兵家常事』，不足为忧。某有一计，使蜀兵首尾不能相顾，定然自走矣。」正是：",same_body_paragraph
关羽,刘琦,6,5,41;42;43;52;53,"Chapter 41, P041-013: 却说玄德拥著百姓，缓缓而行。孔明曰：「追兵不久即至，可遗云长往江夏求救公子刘琦，教他速起兵乘船会于江陵。」玄德从之，即修书令云长同孙干领五百军往江夏求救；令张飞断后；赵云保护老小；其余俱管顾百姓而行。每日只走十余里便歇。 || Chapter 41, P041-021: 却说玄德引十数万百姓、三千余军马，一程程挨著往江陵进发。赵云保护老小，张飞断后。孔明曰：「云长往江夏去了，绝无回音，不知若何。」玄德曰：「敢烦军师亲自走一遭，刘琦感公昔日之教，今若见公亲至，事必谐矣。」孔明允诺，便同刘封引五百军先往江夏求救去了。 || Chapter 42, P042-018: 玄德大悦，合为一处，商议破曹之策。孔明曰：「夏口城险，颇有钱粮，可以久守。请主公到夏口屯住。公子自回江夏，整顿战船，收拾军器，为犄角之势，可以抵当曹操。若共归江夏，则势反孤矣。」刘琦曰：「军师之言甚善。但愚意欲请叔父暂至江夏，整顿军马停当，再回夏口不迟。」玄德曰：「贤姪之言亦是。」遂留下云长，引五千军守夏口。玄德、孔明、刘琦共投江夏。",same_body_paragraph
刘备,刘禅,6,5,34;73;80;85;106,"Chapter 34, P034-009: 玄德自到新野，军民皆喜，政治一新。建安十二年春，甘夫人生刘禅。是夜有白鹤一只，飞来县衙屋上，高鸣四十余声，望西飞去。临分娩时，异香满室。甘夫人尝夜梦仰吞北斗，故乳名阿斗。 || Chapter 73, P073-005: 玄德再三推迟不过，只得依允。建安二十四年秋七月，筑坛于沔阳，方圆九里，分布五方，各设旌旗仪仗。群臣皆依次序排列。许靖、法正请玄德登坛，进冠冕玺绶讫，面南而坐，受文武官员拜贺为汉中王。子刘禅立为王世子。封许靖为太傅，法正为尚书令。诸葛亮为军师，总理军国重事。封关羽、张飞、赵云、马超、黄忠为五虎大将军；魏延为汉中太守。其余各拟功勋定爵。 || Chapter 80, P080-029: 读罢祭文，孔明率众官恭上玉玺。汉中王受了，捧于坛上，再三推让曰：「备无才德，请择有才德者受之。」孔明奏曰：「王上平定四海，功德昭于天下，况是大汉宗派，宜即正位。已祭告天神，复何让焉？」文武各官，皆呼万岁。拜舞礼毕，改元章武元年。立妃吴氏为皇后，长子刘禅为太子。封次子刘永为鲁王，刘理为梁王。封诸葛亮为丞相，许靖为司徒。大小官僚，一一升赏。大赦天下。两川军民，无不欣跃。次日设朝，文武官僚拜毕，列为两班。先主降诏曰：「朕自桃园与关、张结义，誓同生死；不幸二弟云长，被东吴孙权所害。若不报雠，是负盟也。朕欲起倾国之兵，攻伐东吴，生擒逆贼，以雪此恨！」言未毕，班内一人，拜伏于阶下，谏曰：「不可。」先主视之，乃虎威将军赵云也。正是：君王未及行天讨，臣下曾闻进直言。未知子龙所谏若何，且看下文分解。",same_body_paragraph
刘备,顾雍,6,6,43;44;56;61;65;83,"Chapter 43, P043-027: 张昭知孙权欲兴兵，遂与众议曰：「中了孔明之计也！」急入见权曰：「昭等闻主公将兴兵与曹操争锋。主公自思比袁绍若何？曹操向日兵微将寡，尚能一鼓克袁绍，何况今日拥百万之众南征，岂可轻敌？若听诸葛亮之言，妄动甲兵，此所谓负薪救火也。」孙权只低头不语。顾雍曰：「刘备因为曹操所败，故欲借我江东之兵以拒之，主公奈何为其所用乎？愿听子布之言。」 || Chapter 44, P044-002: 鲁肃上马去了。周瑜方才歇息。忽报张昭、顾雍、张纮、步骘四人来相探。瑜接入堂中坐定，叙寒温毕。张昭曰：「都督知江东之利害否？」瑜曰：「未知也。」昭曰：「曹操拥众百万，屯于汉上，昨传檄文至此，欲请主公会猎于江夏。虽有相吞之意，尚未露其形。昭等劝主公且降之，庶免江东之祸。不想鲁子敬从江夏带刘备军师诸葛亮至此，彼因自欲雪愤，特下说词以激主公。子敬却执迷不悟。正欲待都督一决。」瑜曰：「公等之见皆同否？」顾雍等曰：「所议皆同。」瑜曰：「吾亦欲降久矣。公等请回。明早见主公，自有定议。」 || Chapter 56, P056-003: 周谕又上书，请兴兵雪恨。张昭谏曰：「不可。曹操日夜思报赤壁之恨，因恐孙、刘同心，故未敢兴兵。今主公若以一时之忿，自相吞并，操必乘虚来攻，国势危矣。」顾雍曰：「许都岂无细作在此。若知孙、刘不睦，操必使人勾结刘备。备惧东吴，必投曹操。若此，则江南何日得安？为今之计，莫若使人赴许都，表刘备为荆州牧。曹操知之，则惧而不敢加兵于东南。且使刘备不恨于主公。然后使心腹用反间之计，令曹刘相攻，吾乘隙而图之，斯为得耳。」权曰：「元叹之言甚善。但谁可为使？」雍曰：「此间有一人，乃曹操敬慕者，可以为使。」权问何人。雍曰：「华歆在此，何不遣之？」权大喜，即遣赍表赴许都。歆领命起程，迳到许都求见曹操。闻操会群臣于邺郡，庆赏铜雀台，歆乃赴邺郡侯见。",same_body_paragraph
刘琦,刘表,6,4,35;39;40;43,"Chapter 35, P035-013: 玄德从其言，即令孙干赍书至荆州。刘表唤入问曰：「吾请玄德襄阳赴会，缘何逃席而去？」孙干呈上书札，具言蔡瑁设谋相害，赖跃马檀溪得脱。表大怒，急唤蔡瑁责骂曰：「汝焉敢害吾弟！」命推出斩之。蔡夫人出，哭求免死，表怒犹未息。孙干告曰：「若杀蔡瑁，恐皇叔不能安居于此矣。」表乃责而释之，使长子刘琦同孙干至玄德处请罪。 || Chapter 39, P039-016: 琦再拜谢教，乃命人取梯送孔明下楼。孔明辞别，回见玄德，具言其事，玄德大喜。次日，刘琦上言，欲守江夏。刘表犹豫未决，请玄德共议。玄德曰：「江夏重地，固非他人可守，正须公子自往。东南之事，兄父子当之；西北之事，备愿当之。」表曰：「近闻曹操于邺郡作玄武池以练水军，必有南征之意，不可不防。」玄德曰：「备已知之，兄勿忧虑。」遂拜辞回新野。刘表令刘琦引兵三千往江夏镇守。 || Chapter 40, P040-009: 正说间，人报曹操自统大兵至。玄德急辞刘表，星夜回新野。刘表病中闻此信，吃惊不小，商议写遗嘱，令玄德辅佐长子刘琦为荆州之主。蔡夫人闻之大怒，关上内门，使蔡瑁、张允二人把住外门。时刘琦在江夏，知父病危，来至荆州探病。方到外门，蔡瑁当住曰：「公子奉父命镇守江夏，其任至重。今擅难职守，倘东吴兵至，如之奈何？若入见主公，主公必生嗔怒，病将转增，非孝也。宜速回。」",same_body_paragraph
刘璋,孙权,6,5,38;56;60;62;65,"Chapter 38, P038-008: 孔明曰：「自董卓造逆以来，天下豪杰并起。曹操势不及袁绍，而竟能克绍者，非惟天时，抑亦人谋也。今操已拥百万之众，挟天子以令诸侯，此诚不可与争锋。孙权据有江东，已历三世，国险而民附，此可用为援，而不可图也。荆州北据汉沔，利尽南海，东连吴会，西通巴蜀，此用武之地，非其主不能守。是殆天所以资将军，将军岂可弃乎？益州险塞，沃野千里，天府之国，高祖因之以成帝业。今刘璋暗弱，民殷国富，而不知存恤，智能之士，思得明君。将军既帝室之胄，信义著于四海，总揽英雄，思贤如渴，若跨有荆益，保其岩阻，西和诸戎，南抚彝越，外结孙权，内修政理；待天下有变，则命一上将，将荆州之兵，以向宛洛；将军身率益州之众，以出秦川，百姓有不箪食壸浆以迎将军者乎？诚如是，则大业可成，汉室可兴矣。此亮所以为将军谋者也。惟将军图之。」言罢，命童子取出画一轴，挂于中堂，指谓玄德曰：「此西川五十四州之图也。将军欲成霸业，北让曹操占天时，南让孙权占地利，将军可占人和。先取荆州为家，后即取西川建基业，以成鼎足之势，然后可图中原也。」 || Chapter 56, P056-014: 却说玄德与孔明在荆州广聚粮草，调练军马，远近之士多归之。忽报鲁肃到，玄德问孔明曰：「子敬此来何意？」孔明曰：「昨者孙权表主公为荆州牧，此是惧曹操之计。操封周瑜为南郡太守，此欲令我两家自相吞并，他好于中取事也。今鲁肃此来，又是周瑜既受太守之职，要来索荆州之意。」玄德曰：「何以答之？」孔明曰：「若肃提起荆州之事，主公便放声大哭。哭到悲切之处，亮自出来解劝。」计会已定，接鲁肃入府，礼毕，叙坐。肃曰：「今日皇叔做了东吴女婿，便是鲁肃主人，如何敢坐？」玄德笑曰：「子敬与我旧交，何必太谦？」肃乃就坐。茶罢，肃曰：「今奉吴侯钧命，专为荆州一事而来。皇叔已借住多时，未蒙见还。今既两家结亲，当看亲情面上，早早交付。」玄德闻言，掩面大哭。肃惊曰：「皇叔何故如此？」玄德哭声不绝。孔明从屏后出曰：「亮听之久矣。子敬知吾主人哭的缘故么？」肃曰：「某实不知。」孔明曰：「有何难见？当初我主人借荆州时，许下取得西川便还。仔细想来：益州刘璋是我主人之弟，一般都是汉朝骨肉。若要兴兵去取他城池时，恐被外人唾骂；若要不取，还了荆州，何处安身？若不还时，于尊舅面上又不好看。事出两难，因此泪出痛肠。」孔明说罢，触动玄德衷肠，真个搥胸顿足，放声大哭。鲁肃劝曰：「皇叔且休烦恼，与孔明从长计议。」孔明曰：「有烦子敬，回见吴侯，勿惜一言之劳，将此烦恼情节，恳告吴侯，再容几时。」肃曰：「倘吴侯不从，如之奈何？」孔明曰：「吴侯既以亲妹聘嫁皇叔，安得不从乎？望子敬善言回复。」 || Chapter 60, P060-003: 却说张松到了许都馆驿中住定，每日去相府伺候，求见曹操。原来曹操自破马超回，傲睨得志，每日饮宴，无事少出，国政皆在相府商议。张松候了三日，方得通过姓名。左右近侍先要贿赂，却才引入。操坐于堂上。松拜毕，操问曰：「汝主刘璋连年不进贡，何也？」松曰：「为路途艰难，贼寇窃发，不能通达。」操叱曰：「吾扫清中原，有何盗贼？」松曰：「南有孙权，北有张鲁，西有刘备，至少者亦带甲十余万，岂得谓太平耶？」",same_body_paragraph
刘禅,司马昭,6,4,110;114;115;119,"Chapter 110, P110-018: 却说西蜀细作，哨知此事，报入成都。姜维奏后主曰：「司马师新亡，司马昭初握重权，必不敢擅离洛阳。臣请乘间伐魏，以复中原。」后主从之，遂命姜维兴师伐魏。维到汉中，整顿人马。征西大将军张翼曰：「蜀地浅狭，钱粮浅薄，不宜远征；不如据险守分，恤军爱民：此乃保国之计也。」维曰：「不然。昔丞相未出茅庐，已定三分天下，然其六出祁山以图中原；不幸半途而丧，以致功业未成。今吾既受丞相遗命，当尽忠报国以继其志，虽死而无恨也。今魏有隙可乘，不就此时伐之，更待何时？」夏侯霸曰：「将军之言是也。可将轻骑先出枹罕。若得洮西、南安，则诸郡可定。」张翼曰：「向者不克而还，皆因军出甚迟也。兵法云：『攻其无备，出其不意。』今若火速进兵，使魏人不能提防，必然全胜矣。」 || Chapter 114, P114-013: 早有细卒报入蜀中。姜维闻司马昭弑了曹髦，立了曹奂，喜曰：「吾今日伐魏，又有名矣。」遂发书入吴，令起兵问司马昭弑君之罪；一面奏准后主，起兵十五万，车乘数千辆，皆置板箱于上；令廖化、张翼为先锋。一化取子午谷，翼取骆谷，一维自取斜谷，皆要出祁山之前取齐。三路兵并起，杀奔祁山而来。 || Chapter 115, P115-020: 却说邓艾闻姜维在沓中屯田，于路下四十余营，连络不绝，如长蛇之势。艾遂令细作相了地形，画成图本，具表申奏。晋公司马昭见之，大怒曰：「姜维屡犯中原，不能剿除，是吾心腹之患也。」贾充曰：「姜维深得孔明传授，急难退之。须得一智勇之将，往刺杀之，可免动兵之劳。」从事中郎荀勗曰：「不然：今蜀主刘禅溺于酒色，信用黄皓，大臣皆有避祸之心。姜维在沓中屯田，正避祸之计也。若令大将伐之，无有不胜，何必用刺客乎？」",same_body_paragraph
刘禅,邓芝,6,3,85;86;91,"Chapter 85, P085-029: 孔明与后主共饮数杯，送后主出府。众官皆环立于门外，见后主面有喜色。后主别了孔明，上御车回朝。众皆疑惑不定。孔明见众官中，一人仰天而笑，面亦有喜色。孔明视之，乃义阳新野人：姓邓，名芝，字伯苗；现为户部尚书；汉司马邓禹之后。孔明暗令人留住邓芝。多官皆散。 || Chapter 85, P085-030: 孔明请芝到书院中，问芝曰：「今蜀、魏、吴鼎分三国，欲讨二国，一统中兴，当先伐何国？」芝曰：「以愚意论之，魏虽汉贼，其势甚大，急难摇动，当徐徐缓图。今主上初登宝位，民心未安，当与东吴连合结为唇齿，一洗先帝旧怨，此乃长久之计也。未审丞相钧意若何。」孔明大笑曰：「吾思之久矣，奈未得其人，今日方得也！」芝曰：「丞相欲其人何为？」孔明曰：「吾欲使人往结东吴。公既能明此意，必能不辱君命。使吴之任，非公不可。」芝曰：「愚才智浅，恐不堪当此重任。」孔明曰：「吾来日奏知天子，便请伯苗一行，切勿推辞。」芝应允而退。至次日，孔明奏准后主，差邓芝往说东吴。芝拜辞，望东吴而来。正是：吴人方见干戈息，蜀使还将玉帛通。未知邓芝此去若何，且看下文分解。 || Chapter 86, P086-010: 却说孔明自邓芝去后，奏后主曰：「邓芝此去，其事必成。吴地多贤，定有人来答礼。陛下当礼貌之，令彼回吴，以通盟好。吴若通和，魏必不敢加兵于蜀矣。吴、魏宁靖，臣当征南，平定蛮方，然后图魏。魏削则东吴亦不能久存，可以复一统之基业也。」后主然之。",same_body_paragraph
刘表,贾诩,6,3,16;18;23,"Chapter 16, P016-029: 操正欲起兵，自往征吕布，忽流星马报说张济自关中引兵攻南阳，为流矢所中而死；济姪张绣统其众，用贾诩为谋士，结连刘表，屯兵宛城，欲兴兵犯阙夺驾。操大怒，欲兴兵讨之，又恐吕布来攻许都，乃问计于荀彧。彧曰：「此易事耳。吕布无谋之辈，见利必喜；明公可遣使往徐州，加官赐赏，令与玄德解和。布喜，则不思远图矣。」操曰：「善。」遂差奉军都尉王则，赍官诰并和解书，往徐州去讫；一面起兵五十万，亲讨张绣。分军三路而行，以夏侯惇为先锋。军马至淯水下寨。 || Chapter 18, P018-003: 却说贾诩见操败走，急劝张绣遗书刘表，使起兵截其后路。表得书，即欲起兵，忽探马报孙策屯兵湖口。蒯良曰：「策屯兵湖口，乃曹操之计也。今操新败，若不乘势击之，后必有患。」表乃令黄祖坚守隘口，自己统兵至安众县截操后路；一面约会张绣。绣知表兵已起，即同贾诩引兵袭操。 || Chapter 18, P018-007: 且说荀彧探知袁绍欲兴兵犯许都，星夜驰书报曹操。操得书心慌，即日回兵。细作报知张绣，绣欲追之。贾诩曰：「不可追也，追之必败。」刘表曰：「今日不追，坐失机会矣。」力劝绣引军万余同往追之。约行十余里，赶上曹军后队。曹军奋力接战，绣、表两军大败而还。绣谓诩曰：「不用公言，果有此败。」诩曰：「今可整兵再往追之。」绣与表俱曰：「今已败，奈何复追？」诩曰：「今番追去，必获大胜，如其不然，请斩吾首。」绣信之。刘表疑虑，不肯同往。绣乃自引一军往追，操兵果然大败，军马辎重，连路散弃而走。",same_body_paragraph
华歆,司马懿,6,4,80;91;94;99,"Chapter 80, P080-012: 曹丕听毕，便欲受诏。司马懿谏曰：「不可：虽然诏玺已至，殿下宜且上表谦辞，以绝天下之谤。」丕从之，令王朗作表，自称德薄，请别求大贤以嗣天位。帝览表，心甚惊疑，谓群臣曰：「魏王谦逊，如之奈何？」华歆曰：「昔魏武王受王爵之时，三辞而诏不许，然后受之。今陛下可再降诏，魏王自当允从。」 || Chapter 91, P091-011: 正言间，内侍奏征东大将军曹休入宫问安。丕召入谓曰：「卿等皆国家柱石之臣也，若能同心辅朕之子，朕死亦瞑目矣！」言讫，堕泪而薨。时年四十岁，在位七年。于是曹真、陈群、司马懿、曹休等，一面举哀，一面拥立曹叡为大魏皇帝。谥父丕为文皇帝，谥母甄氏为文昭皇后。封钟繇为太傅，曹真为大将军，曹休为大司马，华歆为太尉，王朗为司徒，陈群为司空，司马懿为骠骑大将军。其余文武官僚，各各封赠。大赦天下。时雍，凉，二州缺人守把，司马懿上表乞守西凉等处。曹叡从之，遂封懿提督雍，凉等处兵马。领诏去讫。 || Chapter 91, P091-015: 曹叡览毕，大惊失色，急问群臣。太尉华歆奏曰：「司马懿上表乞守雍、凉，正为此也。先时太祖武皇帝尝谓臣曰：『司马懿鹰视狼顾，不可付以兵权﹔久必为国家大祸。』今日反情已萌，可速诛之。」王朗奏曰：「司马懿深明韬略，善晓兵机，素有大志﹔若不早除，久必为祸。」",same_body_paragraph
司马懿,曹丕,6,6,78;80;86;91;94;106,"Chapter 78, P078-018: 次日，觉气冲上焦，目不见物，急召夏侯惇商议。惇至殿门前，忽见伏皇后、董贵人、二皇子、伏完、董承等，立在阴云之中。惇大惊昏倒，左右扶出，自此得病。操召曹洪、陈群、贾诩、司马懿等，同至卧榻前，嘱以后事。曹洪等顿首曰：「大王善保玉体，不日定当霍然。」操曰：「孤纵横天下三十余年，群雄皆灭，止有江东孙权，西蜀刘备，未曾剿除。孤今病危，不能再与卿等相叙，特以家事相托：孤长子曹昂，刘氏所生，不幸早年殁于宛城。今卞氏生四子：丕、彰、植、熊。孤平生所爱第三子植，为人虚华少诚实，嗜酒放纵，因此不立；次子曹彰，勇而无谋；四子曹熊，多病难保；惟长子曹丕，笃厚恭谨，可继我业。卿等宜辅佐之。」 || Chapter 80, P080-012: 曹丕听毕，便欲受诏。司马懿谏曰：「不可：虽然诏玺已至，殿下宜且上表谦辞，以绝天下之谤。」丕从之，令王朗作表，自称德薄，请别求大贤以嗣天位。帝览表，心甚惊疑，谓群臣曰：「魏王谦逊，如之奈何？」华歆曰：「昔魏武王受王爵之时，三辞而诏不许，然后受之。今陛下可再降诏，魏王自当允从。」 || Chapter 86, P086-016: 却说吴王见张温入蜀未还，乃聚文武商议。忽近臣奏曰；「蜀遣邓芝同张温入国答礼。」权召入。张温拜于殿前，备称后主、孔明之德，愿求永结盟好，特遣邓尚书又来答礼。权大喜，乃设宴待之。权问邓芝曰：「若吴、蜀二国同心灭魏，得天下太平，二主分治，岂不乐乎？」芝答曰：「『天无二日，民无二王』。如灭魏之后，未识天命所归何人。但为君者，各修其德；为臣者，各尽其忠，则战争方息耳。」权大笑曰：「君之诚款，乃如是耶！」遂厚赠邓芝还蜀。自此吴、蜀通好。却说魏国细作人探知此事，火速报入中原。魏主曹丕听知，大怒曰：「吴、蜀连和，必有图中原之意也。不若朕先伐之。」于是大集文武，商议起兵伐吴。此时大司马曹仁、太尉贾诩已亡。侍中辛毗出班奏曰：「中原之地，土阔民稀，而欲用兵，未见其利。今日之计，莫若养兵屯田十年，足食足兵，然后用之，则吴、蜀方可破也。」丕怒曰：「此迂儒之论也！今吴、蜀连和，早晚必来侵境，何暇等待十年？」即传旨起兵伐吴。司马懿奏曰：「吴有长江之险，非船莫渡。陛下必御驾亲征，可选大小战船，从蔡颍而入淮，取寿春，至广陵，渡江口，迳取南徐：此为上策。」",same_body_paragraph
司马昭,夏侯霸,6,5,102;106;109;110;114,"Chapter 102, P102-014: 早有巡哨军飞报司马懿。懿唤诸将议曰：「孔明如此设施，其中必有计：彼以取北原为名，顺水来烧浮桥，乱吾后，却攻吾前也。」即传令与夏侯霸、夏侯威曰：「若听得北原发喊，便提兵于渭水南山之中，待蜀兵至击之。」又令张虎、乐（左糸右林），引二千弓弩手伏于渭水浮桥北岸：「若蜀兵乘木筏顺水而来，可一齐射之，休令近桥。」又传令郭淮、孙礼曰：「孔明来北原暗渡渭水，汝新立之营，人马不多，可尽伏于半路。若蜀兵午后渡水，黄昏时分，必来攻汝。汝诈败而走，蜀兵必追。汝等皆以弓弩射之。吾水陆并进。若蜀兵大至，只看我指挥击之。”各处下令已毕，又令二子──司马师、司马昭，──引兵救应前营。懿自引一军救北原。 || Chapter 106, P106-014: 从人回报，公孙渊大惊，又遣侍中卫演来到魏营。司马懿升帐，聚众将立于两边。演膝行而进，跪于帐下，告曰：「愿太尉息雷霆之怒。克日先送世子公孙修为质当。然后君臣自䌸来降。」懿曰：「军事大要有五：『能战当战，不能战当守，不能守当走，不能走当降，不能降当死耳』何必送子为质当？」叱卫演回报公孙渊。演抱头鼠窜而去，归告公孙渊。渊大惊，乃与子公孙修密议停当，选下一千人马，当夜二更时分，开了南门，往东南而走。渊见无人，中暗喜。行不到十里，忽听得山上一声砲响，鼓角齐鸣：一枝兵拦住，中央乃司马懿；左有司马师，右有司马昭，二人大叫曰：「反贼休走！」渊大惊，急拨马寻路奔逃。早有胡遵兵到；左有夏侯霸、夏侯威，右有张虎、乐𬘭：四面围得铁桶相似。公孙渊父子，只得下马纳降。懿在马上顾诸将曰：「吾前夜丙寅日，见大星落于此处，今夜壬申日应矣。」众将称贺曰：「太尉真神机也！」 || Chapter 109, P109-003: 姜维与夏侯霸商议曰：「徐质勇甚，当以何策擒之？」霸曰：「来日诈败，以埋伏之计胜之。」维曰：「司马昭乃仲达之子，岂不知兵法？若见地势掩映，必不肯追。吾见魏兵累次断吾粮道，今却用此计诱之，可斩徐质矣。」",same_body_paragraph
吕布,程昱,6,5,11;12;16;19;22,"Chapter 11, P011-019: 正商议间，忽流星马飞报「祸事！」。操问其故，报说吕布已袭破兖州，进据濮阳。原来吕布自遭李、郭之乱，逃出武关，去投袁术；术怪吕布反复不定，拒而不纳。投袁绍，绍纳之，与布共破张燕于常山；布自以为得志，傲慢袁绍手下将士。绍欲杀之，布乃去投张扬，扬纳之。时庞舒在长安城中，私藏吕布妻小，送还吕布。李傕、郭汜知之，遂斩庞舒，写书与张扬，教杀吕布；布因弃张扬去投张邈。恰好张邈弟张超引陈宫来见张邈。宫说邈曰：「今天下分崩，英雄并起，君以千里之众，而反受制于人，不亦鄙乎！今曹操征东，兖州空虚，而吕布乃当世勇士，若与之共取兖州，伯业可图也。」张邈大喜，便令吕布袭破兖州，随据濮阳。止有鄄城，东阿，范县三处，被荀彧、程昱设计死守得全，其余俱破。曹仁屡战，皆不能胜，特此告急。 || Chapter 11, P011-023: 却说曹操回军，曹仁接著，言吕布势大，更有陈宫为辅，兖州、濮阳已失，其鄄城，东阿，范县三处，赖荀彧、程昱二人设计相连，死守城郭。操曰：「吾料吕布有勇无谋，不足虑也。」教且安营下寨，再作商议。吕布知曹操回兵，已过滕县，召副将薛兰、李封曰：「吾欲用汝二人久矣。汝可引军一万，坚守兖州。吾亲自率兵，前去破曹。」 || Chapter 12, P012-020: 曹操复得兖州，程昱便请进兵取濮阳。操令许褚、典韦为先锋，夏侯惇、夏侯渊为左军，李典、乐进为右军，操自领中军，于禁、吕虔为合后。兵至濮阳，吕布欲自将出迎，陈宫谏：「不可出战。待众将聚会后方可。」吕布曰：「吾怕谁来？」遂不听宫言，引兵出阵，横戟大骂。许褚便出。斗二十合，不分胜负。操曰：「吕布非一人可胜。」便差典韦助战，两将夹攻。左边夏侯惇、夏侯渊，右边李典、乐进齐到，六员将共攻吕布。布遮拦不住，拨马回城。城上田氏，见布败回，急令人拽起吊桥。布大叫：「开门！」田氏曰：「吾已降曹将军。」",same_body_paragraph
吕布,许褚,6,4,12;14;19;59,"Chapter 12, P012-020: 曹操复得兖州，程昱便请进兵取濮阳。操令许褚、典韦为先锋，夏侯惇、夏侯渊为左军，李典、乐进为右军，操自领中军，于禁、吕虔为合后。兵至濮阳，吕布欲自将出迎，陈宫谏：「不可出战。待众将聚会后方可。」吕布曰：「吾怕谁来？」遂不听宫言，引兵出阵，横戟大骂。许褚便出。斗二十合，不分胜负。操曰：「吕布非一人可胜。」便差典韦助战，两将夹攻。左边夏侯惇、夏侯渊，右边李典、乐进齐到，六员将共攻吕布。布遮拦不住，拨马回城。城上田氏，见布败回，急令人拽起吊桥。布大叫：「开门！」田氏曰：「吾已降曹将军。」 || Chapter 12, P012-023: 却说吕布回报陈宫。宫曰：「操多诡计，不可轻敌。」布曰：「吾用火攻，可破伏兵。」乃留陈宫、高顺守城。布次日引大军来，遥见林中有旗，驱兵大进，四面于火，竟无一人；欲投寨中，却闻鼓声大震。正自疑惑不定，忽然寨后一彪军出，吕布纵马赶来。砲声响处，堤内伏兵尽出：夏侯惇，夏侯渊，许褚，典韦，李典，乐进，骤马杀来。吕布料敌不过，落荒而走。从将成廉，被乐进一箭射死。布军三停去了一停，，败卒回报陈宫。宫曰：「空城难守，不若急去。」遂与高顺保著吕布老小，弃定陶而走。曹操将得胜之兵，杀入城中，势如破竹。张超自焚，张邈投袁术去了。山东一境，尽被曹操所得。安民修城，不在话下。 || Chapter 14, P014-023: 操既定大事，乃设宴后堂，聚众谋士共议曰：「刘备屯兵徐州，自领州事；近吕布以兵败投之，备使居于小沛，若二人同心引兵来犯，乃心腹之患也。公等有何妙计可图之？」许褚曰：「愿借精兵五万，斩刘备、吕布之头，献于丞相。」荀彧曰：「将军勇则勇矣，不知用谋。今许都新定，未可造次用兵。彧有一计，名曰：『二虎竞食之计』。今刘备虽领徐州，未得诏命。明公可奏请诏命实授备为徐州牧，因密与一书，教杀吕布。事成则备无猛士为辅，亦渐可图；事不成，则吕布必杀备矣；此乃『二虎竞食之计』也。」操从其言，即时奏请诏命，遣使赍往徐州，封刘备为征东将军宜城亭侯，领徐州牧；并附密书一封。",same_body_paragraph
吕布,郭嘉,6,5,11;12;16;18;19,"Chapter 11, P011-025: 曹操兵行至泰山险路，郭嘉曰：「且不可进：恐此处有伏兵。」曹操笑曰：「吕布无谋之辈，故教薛兰守兖州，自往濮阳；安得此处有埋伏耶？」教曹仁领一军围兖州，吾进兵濮阳，速攻吕布。 || Chapter 12, P012-008: 典韦回马来救，恰好夏侯渊亦到。两个同救起曹操，突火而出。操乘渊马，典韦杀条大路而走。直混战到天明，操方回寨。众将拜伏问安，操仰面笑曰：「误中匹夫之计，吾必当报之！」郭嘉曰：「计可速发。」操曰：「今只将计就计：诈言我被火伤，火毒攻发，五更已经身死。布必引兵来攻。我伏兵于马陵山中，候其兵半渡而击之，布可擒矣。」嘉曰：「真良策也！」于是令军士挂孝发丧，诈言操死。早有人来濮阳报吕布，说曹操被火烧伤肢体，到寨身死。布随点起军马，杀奔马陵山来。将到操寨，一声鼓响，伏兵四起。吕布死战得脱，折了好些人马；败回濮阳，坚守不出。 || Chapter 16, P016-028: 操大喜曰：「君言正合吾心。」次日，即表荐刘备领豫州牧。程昱谏曰：「刘备终不为人之下，不如早图之。」操曰：「方今正用英雄之时，不可杀一人而失天下之心，此郭奉孝与吾有同见也。」遂不听昱言，以兵三千，粮万斛，送与玄德，使往豫州到任，进兵屯小沛，招集原散之兵，攻吕布。玄德至豫州，令人约会曹操。",same_body_paragraph
吕蒙,张辽,6,3,50;67;68,"Chapter 50, P050-004: 不说江中鏖兵。且说甘宁令蔡中引入曹寨深处，宁将蔡中一刀砍于马下，就草上放起火来。吕蒙遥望中军火起，也放十数处火，接应甘宁。潘璋，董袭，分头放火呐喊。四下里鼓声大震。曹操与张辽引百余骑，在火林内走，看前面无一处不著。正走之间，毛玠救得文聘，引十数骑到。操令军寻路。张辽指道：「只有乌林，地面空阔，可走。」操迳奔乌林。 || Chapter 50, P050-005: 正走间，背后一军赶到，大叫：「曹贼休走！」火光中现出吕蒙旗号。操催军马向前，留张辽断后，抵敌吕蒙。却见前面火把又起，从山谷中拥出一军，大叫：「凌统在此！」曹操肝胆皆裂。忽刺斜里一彪军到，大叫：「丞相休慌！徐晃在此！」彼此混战一场，路望北而走。忽见一队军马，屯在山坡前。徐晃出问，乃是袁绍手下降将马延，张𫖮，有三千北地军马，列寨在彼；当夜见满天火起，未敢转动，恰好接著曹操。操教二将引一千军马开路，其余留著护身。操得这枝生力军马，心中稍安。马延，张𫖮二将，飞骑前行。不到十里，喊声起处，一彪军出。为首一将，大呼曰：「吾乃东吴，甘兴霸也！」马延正欲交锋，早被甘宁一刀斩于马下。张𫖮挺枪来迎，宁大喝一声，𫖮措手不及，被宁手起一刀，翻身落马。后军飞报曹操。 || Chapter 67, P067-024: 权从之。次日五更，饭毕，三军大进。城上矢石齐下。甘宁手执铁练，冒矢石而上。朱光令弓拏手齐射，甘宁拨开箭林，一练打倒朱光。吕蒙亲自擂鼓。士卒皆一拥而上，乱刀砍死朱光。余众多降，得了皖城，方才辰时。张辽引军至半路，哨马回报皖城已失。辽即回兵归合淝。",same_body_paragraph
夏侯霸,郭淮,6,3,102;107;109,"Chapter 102, P102-014: 早有巡哨军飞报司马懿。懿唤诸将议曰：「孔明如此设施，其中必有计：彼以取北原为名，顺水来烧浮桥，乱吾后，却攻吾前也。」即传令与夏侯霸、夏侯威曰：「若听得北原发喊，便提兵于渭水南山之中，待蜀兵至击之。」又令张虎、乐（左糸右林），引二千弓弩手伏于渭水浮桥北岸：「若蜀兵乘木筏顺水而来，可一齐射之，休令近桥。」又传令郭淮、孙礼曰：「孔明来北原暗渡渭水，汝新立之营，人马不多，可尽伏于半路。若蜀兵午后渡水，黄昏时分，必来攻汝。汝诈败而走，蜀兵必追。汝等皆以弓弩射之。吾水陆并进。若蜀兵大至，只看我指挥击之。”各处下令已毕，又令二子──司马师、司马昭，──引兵救应前营。懿自引一军救北原。 || Chapter 107, P107-026: 夏侯霸听知，大惊，便引本部三千兵造反。有镇守雍州剌史郭淮，听知夏侯霸反，即率本部兵来，与夏侯霸交战。淮出马大骂曰：「汝既是大魏皇族，天子又不曾亏汝，何故背反？」霸亦骂曰：「吾祖父于国家多建勋劳，今司马懿何等人，灭吾曹氏宗族，又来取我，早晚必思篡位。吾仗义讨贼，何反之有？」 || Chapter 107, P107-027: 淮大怒，挺枪骤马，直取夏侯霸。霸挥刀纵马来迎。战不十合，淮败走，霸随后赶来。忽听得后军呐喊，霸急回马时，陈泰引兵杀来。郭淮复回。两路夹攻，霸大败而走，折兵大半；寻思无计，遂投汉中来降后主。",same_body_paragraph
孙权,庞统,6,3,57;60;62,"Chapter 57, P057-011: 权闻言大喜，便问此人姓名。肃曰：「此人乃襄阳人。姓庞，名统，字士元，道号凤雏先生。」权曰：「孤亦闻其名久矣。今既来此，可即请来相见。」于是鲁肃邀请庞统入见孙权，施礼毕。权见其人浓眉掀鼻，黑面短髯，形容古怪，心中不喜。乃问曰：「公平生所学，以何为主？」统曰：「不必拘执，随机应变。」权曰：「公之才学，比公瑾何如？」统笑曰：「某之才学，与公瑾大不相同。」权平生最喜周瑜，见统轻之，心中愈不乐，乃谓统曰：「公且退；待有用公之时，却来相请。」 || Chapter 57, P057-016: 张飞大怒，欲擒之。孙干曰：「庞士元乃高明之人，未可轻忽。且到县问之。如果于理不当，治罪未晚。」飞乃入县，正厅上坐定，教县令来见。统衣冠不整，扶醉而出。飞怒曰：「吾兄以汝为人，令作县宰，汝焉敢尽废县事？」统笑曰：「将军以吾废了县中何事？」飞曰：「汝到任百余日，终日在醉乡，安得不废政事？」统曰：「量百里小县，些许公事，何难决断？将军少坐，待我发落。」随即唤公吏，将百余日所积公务，都取来剖断，吏皆纷然赍抱案卷，上厅诉词。被告人等，环跪阶下。统手中批判，口中发落，耳内听词，曲直分明，并无分毫差错，民皆叩首拜伏。不到半日，将百余日之事，尽断毕了，投笔于地，而对张飞曰：「所废之事何在？曹操，孙权，吾视之若掌上观文，量此小县，何足介意！」 || Chapter 57, P057-019: 早有人报到许昌，言刘备有诸葛亮，庞统为谋士，招军买马，积草屯粮，连结东吴，早晚必兴兵北伐。曹操闻之，遂聚谋士商议南征。荀攸进曰：「周瑜新死，可先取孙权，次攻刘备。」操曰：「我若远征，恐马腾来袭许都。前在赤壁之时，军中有讹言，亦传西凉入寇之事，今不可不防也。」荀攸曰：「以愚所见，不若降诏，加马腾为征南将军，使讨孙权；诱入京师，先除此人，则南征无患矣。」操大喜，即日遣人赍诏至西凉召马腾。",same_body_paragraph
孙权,张飞,6,5,34;57;61;81;83,"Chapter 34, P034-004: 言未毕，赵云挺鎗出，径冲彼阵。张武纵马来迎，不三合，被赵云一鎗刺落马下，随手扯住辔头，牵马回阵。陈孙见了，随赶来夺。张飞大喝一声，挺矛直出，将陈孙刺死。众皆溃散。玄德招安余党，平复江夏诸县，班师而回。表出郭迎接入城，设宴庆功。酒至半酣，表曰：「吾弟如此雄才，荆州有倚赖也。但忧南越不时来寇；张鲁、孙权皆足为虑。」玄德曰：「弟有三将，足可委用：使张飞巡南越之境；云长拒固子城，以镇张鲁；赵云拒三江，以当孙权；何足虑哉？」 || Chapter 57, P057-016: 张飞大怒，欲擒之。孙干曰：「庞士元乃高明之人，未可轻忽。且到县问之。如果于理不当，治罪未晚。」飞乃入县，正厅上坐定，教县令来见。统衣冠不整，扶醉而出。飞怒曰：「吾兄以汝为人，令作县宰，汝焉敢尽废县事？」统笑曰：「将军以吾废了县中何事？」飞曰：「汝到任百余日，终日在醉乡，安得不废政事？」统曰：「量百里小县，些许公事，何难决断？将军少坐，待我发落。」随即唤公吏，将百余日所积公务，都取来剖断，吏皆纷然赍抱案卷，上厅诉词。被告人等，环跪阶下。统手中批判，口中发落，耳内听词，曲直分明，并无分毫差错，民皆叩首拜伏。不到半日，将百余日之事，尽断毕了，投笔于地，而对张飞曰：「所废之事何在？曹操，孙权，吾视之若掌上观文，量此小县，何足介意！」 || Chapter 61, P061-018: 却说孙夫人回吴，具说张飞与赵云杀了周善，截江夺了阿斗。孙权大怒曰：「今吾妹已归，与彼不亲，杀周善之雠，如何不报！」唤集文武商议，起军攻取荆州。",same_body_paragraph
孟达,曹叡,6,2,94;95,"Chapter 94, P094-007: 却说孔明自出师以来，累获全胜，心中甚喜；正在祁山寨中，会聚议事，忽报镇守永安宫李严令子李丰来见。孔明只道东吴犯境，心甚惊疑，唤入帐中问之。丰曰：「特来报喜。」孔明曰：「有何喜？」丰曰：「昔日孟达降魏，乃不得已也。彼时曹丕爱其才，时以骏马金珠赐之，曾同辇出入，封为散骑常侍，领新城太守，镇守上庸、金城等处，委以西南之任。自丕死后，曹叡即位，朝中多人嫉（左女右石），孟达日夜不安，常谓诸将曰：『吾本蜀将，势逼于此。』今累差心腹人，持书来见家父，教早晚代禀丞相：前者五路下川之时，曾有此意；今在新城，听知丞相伐魏，欲起金城、新城、上庸三处军马，就彼举事，迳取洛阳；丞相取长安，两京大定矣。今某引来人并累次书信呈上。」孔明大喜，厚赏李丰等。忽细作入报说：「魏主曹叡，一面驾幸长安；一面诏司马懿复职，加为平西都督，起本处之兵，于长安聚会。」孔明大惊。参军马谡曰：「量曹叡何足道！若来长安，可就而擒之。丞相何故惊讶？」孔明曰：「吾岂惧曹叡耶？所患者惟司马懿一人而已。今孟达欲举大事，若遇司马懿，事必败矣。达非司马懿对手，必被所擒。孟达若死，中原不易得也。」马谡曰：「何不急修书，令孟达隄防？」孔明从之，即修书令来人星夜回报孟达。 || Chapter 94, P094-008: 却说孟达在新城，专望心腹人回报。一日，心腹人到来，将孔明回书呈上。孟达拆封视之。书略曰：近得书，足知公忠义之心，不忘故旧，吾甚喜慰。若成大事，则公汉朝中兴第一功也。然极宜谨密，不可轻易托人。慎之！戒之！近闻曹叡复诏司马懿起宛、洛之兵，若闻公举事，必先至矣。须万全隄备，勿视为等闲也。」孟达览毕，笑曰：「人言孔明心多，今观此事可知矣。」乃具回书，令心腹人来答孔明。孔明唤入帐中。其人呈上回书。孔明拆封视之。书曰： || Chapter 94, P094-010: 孔明看毕，掷书于地而顿足曰：「孟达必死于司马懿之手矣！」马谡问曰：「丞相何谓也？」孔明曰：「兵法云：『攻其不备，出其不意。』岂容料在一月之期？曹叡既委任司马懿，逢寇即除，何待奏闻？若知孟达反，不须十日，兵必到矣，安能措手耶？」众将皆服。孔明急令来人回报曰：「若未举事，切莫教同事者知之，知则必败。」其人拜辞，归新城去了。",same_body_paragraph
孟达,曹真,6,3,85;86;95,"Chapter 85, P085-021: 丕问何五路？懿曰：「可修书一封，差使往辽东鲜卑国，王轲比能，赂以金帛，令起辽西羌兵十万，先从旱路取西平关：此一路也。再修书遣使赍官诰赏赐，直入南蛮见蛮王孟获，令起兵十万，攻打益州、永昌、牂牁、越隽四郡，以击西川之南：此二路也。再遣使入吴修好，许以割地，令孙权起兵十万，攻两川夹口，径取涪城：此三路也。又可遣使至降将孟达处，起上庸兵十万，西攻汉中：此四路也。然后命大将军曹真为大都督，提兵十万，由京兆径出阳平关取西川：此五路也。共大兵五十万，五路并进。诸葛亮便有吕望之才，安能当此乎？」 || Chapter 85, P085-023: 建兴元年秋八月，忽有边报说：「魏调五路大兵，来取西川：第一路，曹真为大都督，起兵十万，取阳平关；第二路，乃反将孟达，起上庸兵十万，犯汉中；第三路，乃东吴孙权，起精兵十万，取峡口入川；第四路，乃蛮王孟获，起蛮兵十万，犯益州四郡；第五路，乃番王轲比能，起羌兵十万，犯西平关－此五路军马，甚是利害。已先报知丞相，丞相不知为何，数日不出视事。」 || Chapter 85, P085-026: 次日，后主车驾亲至相府。门吏见驾到，慌忙拜伏于地而迎。后主问曰；「丞相在何处？」门吏曰：「不知在何处。只有丞相钧旨，教挡住百官，勿得辄入。」后主乃下车步行，独进第三重门，见孔明独倚竹杖，在小池边观鱼。后主在后立久，乃徐徐而言曰：「丞相安乐否？」孔明回顾，见是后主，慌忙弃杖，拜伏于地曰：「臣该万死！」后主扶起，问曰；「今曹丕分兵五路，犯境甚急，相父缘何不肯出府视事？」孔明大笑，扶后主入内室坐定，奏曰：「五路兵至，臣安得不知？臣非观鱼，有所思也。」后主曰：「如之奈何？」孔明曰：「羌王轲比能，蛮王孟获，反将孟达，魏将曹真：此四路兵，臣已皆退去了也。止有孙权这一路兵，臣已有退兵之计，但须一能言之人为使。因未得其人，故熟思之。陛下何必忧乎？」",same_body_paragraph
张辽,陈宫,6,6,11;12;16;17;18;19,"Chapter 11, P011-030: 却说吕布于寨中劳军。陈宫曰：「西寨是个要紧去处，倘或曹操袭之，奈何？」布曰：「他今日输了一阵，如何敢来？」宫曰：「曹操是极能用兵之人，须防他攻我不备。」布乃拨高顺并魏续、侯成引兵往守西寨。却说曹操于黄昏时分，引军至西寨，四面突入。寨兵不能抵挡，四散奔走，曹操夺了寨。将及四更，高顺方引军到，杀将入来。曹操自引军马来迎，正逢高顺，三军混战。将及天明，正西鼓声大震，人报吕布自引军来了。操弃寨而走。背后高顺，魏续，侯成赶来，当头吕布亲自引军来到。于禁，乐进，双战吕布不住，操望北而行。山后一彪军出：左有张辽，右有臧霸。操使吕虔、曹洪战之，不利，操望西而走。忽又喊声大震，一彪军至：郝萌，曹性，成廉，宋宪四将拦住去路。众将死战，操当先冲阵。梆子响处，箭如骤雨射将来。操不能前进，无计可脱，大叫：「谁人救我！」 || Chapter 12, P012-021: 布大骂，引军奔定陶而去。陈宫急开东门，保护吕布老小出城。操遂得濮阳，恕田氏旧日之罪。刘晔曰：「吕布乃猛虎也，今日困乏，不可少容。」操令刘晔等守濮阳，自己引军赶至定陶。时吕布与张邈、张超尽在城中，高顺、张辽、臧霸、侯成巡海打粮未回。操军至定陶，连日不战，引军退四十里下寨。正值济郡麦熟，操即令军割麦为食。细作报知吕布，布引军赶来。将近操寨，见左边一望林木茂盛，恐有伏兵而回。 || Chapter 16, P016-021: 布大惊曰：「陈宫误我！」急令张辽引兵追赶之。三十里之外将女抢归；连韩胤都拏回监禁，不放归去；却令人回复袁术，只说女儿妆奁未备，俟备毕便自送来。陈珪又说吕布，使解韩胤赴许都。布犹豫未决。忽人报：「玄德在小沛招军买马，不知何意？」布曰：「此为将者本分事，何足为怪？」",same_body_paragraph
张郃,王平,6,3,95;99;101,"Chapter 95, P095-003: 孔明曰：「吾与汝二万五千精兵，再拨一员上将，相助你去。」即唤王平分付曰：「吾素知汝平生谨慎，故特以此重任相托。汝可小心谨慎此地下寨必当要道之处，使贼兵急切不能偷过。安营既毕，便画四至八道地理形状图本来我看。凡事商议停当而行，不可轻易。如所守无危，则是取长安第一功也。戒之！戒之！」二人拜辞引兵而去。孔明寻思，恐二人有失，又唤高翔曰：「街亭东北上有一城，名列柳城，乃山僻小路：此可以屯兵扎寨。与汝一万兵，去此城屯扎。但街亭危，可引兵救之。」高翔引兵而去。孔明又思高翔非张郃对手，必得一员大将，屯兵于街亭之右，方可防之！遂唤魏延引本部兵去街亭之后屯扎。延曰：「某为前部，理合当先破敌，何故置某于安闲之地？」孔明曰：「前锋破敌，乃偏裨之事耳。今令汝接应街亭，当阳平关冲要道路，总守汉中咽喉，此乃大任也。何为安闲乎？汝勿以等闲视之，失吾大事。切宜小心在意！」魏延大喜，引兵而去。孔明恰才心安，如乃唤赵云、邓芝分付曰：「今司马懿出兵，与往日不同。汝二人各引一军出箕谷，以为疑兵。如逢魏兵，或战、或不战，以惊其心。吾自统大军，由斜谷迳取郿城：若得郿城，长安可破矣。」二人受命而去。孔明令姜维作先锋，兵出斜谷。 || Chapter 95, P095-006: 却说司马懿回到寨中，使人打听是何将引兵守街亭。回报曰：「乃马良之弟马谡也。」懿笑曰：「徒有虚名，乃庸才耳！孔明用如此人物，如何不误事！」又问：「街亭左右别有军否？」探马报曰：「离山十里有王平安营。」懿乃命张郃引一军，当住王平来路。又令申耽、申仪引两路兵围山，先断了汲水道路；待蜀兵自乱，然后乘势击之。当夜调度已定。次日天明，张郃引兵先往背后去了。司马懿大驱军马，一拥而进，把山四面围定。马谡在山上看时，只见魏兵漫山遍野，旌旗队伍，甚是严整。蜀兵见之，尽皆丧胆，不敢下山。马谡将红旗招动，军将你我相推，无一人敢动。谡大怒，自杀二将。众军惊惧，只得努力下山来冲魏兵。魏兵端然不动。蜀兵又退上山去。马谡见事不谐，教军紧守寨门，只等外应。 || Chapter 95, P095-007: 却说王平见魏兵到，引军杀来，正遇张郃；战有数十余合，平力穷势孤，只得退去。魏兵自辰时困至戌时，山上无水，军不得食，寨中大乱。嚷到半夜时分，山南蜀兵大开寨门，下山降魏。马谡禁止不住。司马懿又令人于沿山放火，山上蜀兵愈乱。马谡料守不住，只得驱残兵杀下山西逃奔。司马懿放条大路，让过马谡。背后张郃引兵赶来。赶到三十余里，前面鼓角齐鸣，一彪军出，放过马谡，拦住张郃；视之，乃魏延也：挥刀纵马，直取张郃。郃回军便走。延驱兵赶来，复夺街亭。赶到五十余里，一声喊起，两边伏兵齐出：左边司马懿，右边司马昭，却抄在魏延背后，把延困在垓心。张郃复来，三路兵合在一处。魏延左冲右突，不得脱身，折兵大半。正危急间，忽一彪军杀入，乃王平也。延大喜曰：「吾得生矣！」二将合兵一处，大杀一阵，魏兵方退。二将慌忙奔回寨时，营中皆是魏兵旌旗。申耽、申仪从营中杀出。王平、魏延迳奔列柳城，来投高翔。此时高翔闻知街亭有失，尽起列柳城之兵，前来救应，正遇延、平二人，诉说前事。高翔曰：「不如今晚去劫魏寨，再复街亭。」当时三人在山坡下商议已定。待天色将晚，兵分三路。魏延引兵先进，迳到街亭，不见一人，心中大疑，不敢轻进，且伏在路口等候。忽见高翔兵到，二人共说魏兵不知在何处。正没理会，又不见王平兵到。忽然一声砲响，火光冲天，鼓声震地。魏兵齐出，把魏延、高翔围在垓心。二人尽力冲突，不得脱身。忽听得山坡后喊声若雷，一彪军杀入，乃是王平，救了高、魏二人，迳奔列柳城来。比及奔到城下时，城边早有一军杀到，旗上大书「魏都督郭淮」字样。原来郭淮与曹真商议，恐司马懿得了全功，乃分淮来取街亭；闻知司马懿、张郃成上此功，遂引兵迳袭列柳城。正遇三将，大杀一阵。蜀兵伤者极多。魏延恐阳平关有失，慌与王平、高翔望阳平关来。",same_body_paragraph
张飞,法正,6,6,63;64;65;70;71;73,"Chapter 63, P063-016: 却说严颜在巴郡，闻刘璋差法正请玄德入川，拊心而叹曰：「此所谓独坐穷山，引虎自卫者也！」后闻玄德据住涪关，大怒，屡欲提兵往战，又恐这条路上有兵来。当日闻知张飞兵到，便点起本部五六千人马，准备迎敌。或献计曰：「张飞在当阳长阪，一声喝退曹兵百万之众。曹操亦闻风而避之，不可轻敌。今只宜深沟高垒，坚守不出。彼军无粮，不过一月，自然退去。更兼张飞性如烈火，专要鞭挞士卒；如不与战，必怒；怒则必以暴厉之气，待其军士；军心一变，乘势击之，张飞可擒也。」严颜从其言，教军士尽数上城守护。忽见一个军士，大叫：「开门！」严颜教放入问之。那军士告说是张将军差来的，把张飞言语依直便说。严颜大怒，骂曰：「匹夫怎敢无礼！吾严将军岂降贼者乎！借你口说与张飞！」唤武士把军士割下耳鼻，却放回寨。 || Chapter 64, P064-024: 张飞，赵云领命，各自引兵去了。孔明问：「前去有何处关隘？」蜀中降将曰：「止绵竹有重兵守御，若得绵竹，成都唾手可得。」孔明便商议进兵。法正曰：「雒城既破，蜀中危矣。主公欲以仁义服众，且勿进兵。某作一书上刘璋，陈说利害，璋自然降矣。」孔明曰：「孝直之言最善。」便令写书遣人迳往成都。 || Chapter 65, P065-027: 玄德从之，设一大宴，请刘璋收拾财物，佩领振威将军印绶，将妻子良贱，尽赴南郡公安住歇，即日起行。玄德自领益州牧，其所降文武，尽皆重赏，定拟名爵。严颜为前将军，法正为蜀郡太守，董和为掌军中郎将，许靖为左将军长史，庞义为营中司马，刘巴为左将军，黄权为右将军。其余吴懿，费观，彭羕，卓膺，李严，吴兰，雷同，李恢，张翼，秦宓，谯周，吕义，霍峻，邓芝，杨洪，周群，费袆，费诗，孟达，……文武投降官员，共六十余人，并皆擢用。诸葛亮军师，关云长为荡寇将军汉寿亭侯，张飞为征远将军新亭侯，赵云为镇远将军，黄忠为征西将军，魏延为扬武将军，马超为平西将军。孙干，简雍，糜竺、糜芳，刘封，关平，周仓，廖化，马良，马谡，蒋琬，伊籍，及旧日荆襄一班文武官员，尽皆升赏。遣使赍黄金五百斤，白银一千斤，钱五千万，蜀锦一千疋，赐与云长。其余官将，给赐有差。杀牛宰马，大饷士卒，开仓赈济百姓，军民大悦。",same_body_paragraph
徐庶,诸葛亮,6,3,36;39;41,"Chapter 36, P036-021: 玄德喜曰：「愿闻此人姓名。」庶曰：「此人乃瑯琊阳都人，覆姓诸葛，名亮，字孔明。乃汉司隶校尉诸葛丰之后其父名珪，字子贡，为泰山郡丞，早卒。亮从其叔玄。玄与荆州刘景升有旧，因往依之，遂家于襄阳。后玄卒，亮与弟诸葛均躬耕于南阳尝好为梁父吟。所居之地，有一冈，名卧龙冈，因自号为卧龙先生。此人乃绝代奇才，使君急宜枉驾见之。若此人肯相辅佐，何愁天下不定乎？」玄德曰：「昔水镜先生曾为备言：『伏龙、凤雏，两人得一，可安天下。』今所云莫非即伏龙、凤雏乎？」庶曰：「凤雏乃襄阳庞统也。伏龙正是诸葛孔明。」玄德踊跃曰：「今日方知伏龙、凤雏之语。何期大贤只在目前。非先生言，备有眼如盲也！」后人有赞徐庶走马荐诸葛诗曰： || Chapter 36, P036-023: 徐庶荐了孔明，再别玄德，策马而去。玄德闻徐庶之语，方悟司马德操之言，似醉方醒，如梦初觉，引众将回至新野，便具厚币，同关、张前去南阳请孔明。 || Chapter 36, P036-024: 且说徐庶既别玄德，感其留恋之情，恐孔明不肯出山辅之，遂乘马直至卧龙冈下，入草庐见孔明。孔明问其来意。庶曰：「庶本欲事刘豫州，奈老母为曹操所囚，驰书来召，只得舍之而往。临行时，将公荐与玄德。玄德即日将来奉谒，望公勿推阻，即展平生之大才以辅之，幸甚。」",same_body_paragraph
曹操,杨修,6,2,60;72,"Chapter 60, P060-007: 杨修闻言，满面羞惭，强颜而答曰：「某虽居下寮，丞相委以军政钱粮之重，早晚多蒙丞相教诲，极有开发，故就此职耳。」松笑曰：「松闻曹丞相文不明孔孟之道，武不达孙吴之机，专务强霸而居大位，安能有所教诲，以开发明公耶？」修曰：「公居边隅，安知丞相大才乎？吾试令公观之。」呼左右于箧中取书一卷，以示张松。松观其题曰：「孟德新书」。从头至尾，看了一遍，共一十三篇，皆用兵之要法。 || Chapter 72, P072-019: 于是寨中诸将，无不准备归计。当夜曹操心乱，不能稳睡，遂手提钢斧，遶寨私行。只见夏侯惇寨内军士，各准备行装。操大惊，急回帐召惇问其故。惇曰：「主簿杨德祖，先知大王欲归之意。」操唤杨修问之，修以鸡肋之意对。操大怒曰：「汝怎敢造谣，乱我军心！」喝刀斧手推出斩之，将首级号令于辕门外。 || Chapter 72, P072-020: 原来杨修为人恃才放旷，数犯曹操之忌。操尝造花园一所；造成，操往观之，不置褒贬，只取笔于门上书一「活」字而去。人皆不晓其意。修曰：「『门』内添『活』字，乃『阔』字也。丞相嫌园门阔耳。」于是再筑墙围。改造停当，又请操观之。操大喜，问曰：「谁知吾意？」左右曰：「杨修也。」操虽称美，心甚忌之。",same_body_paragraph
曹操,田丰,6,4,22;25;30;31,"Chapter 22, P022-004: 谋士田丰曰：「兵起连年，百姓疲弊，仓廪无积，不可复兴大军。宜先遣人献捷天子，若不得通，乃表称曹操隔我王路，然后提兵屯黎阳；更于河内增益舟楫，缮置军器，分遣精兵，屯劄边鄙。三年之中，大事可定也。」谋士审配曰：「不然：以明公之神武，抚河朔之强盛，兴兵讨曹贼，易如反掌，何必迁延日月？」谋士沮授曰：「制胜之策，不在强盛。曹操法令既行，士迕精练，比公孙瓒坐受困者不同。今弃献捷良策，而兴无名之兵，窃为明公不取。」谋士郭图曰：「非也：兵加曹操，岂曰无名？公正当及时早定大业。愿从郑尚书之言，与刘备共仗大义，剿灭曹贼；上合天意，下合民情，实为万幸甚！」 || Chapter 22, P022-005: 四人争论未定，绍踌躇不决。忽许攸、荀谌自外而入。绍曰：「二人多有见识，且看如何主张。」二人施礼毕，绍曰：「郑尚书有书来，令我起兵助刘备，攻曹操。起兵是乎？不起兵是乎？」二人齐声应曰：「明公以众克寡，以强攻弱，讨汉贼以扶王室：起兵是心。」绍曰：「二人所见，正合我心。」便商议兴兵。先令孙干回报郑玄，并约玄德准备接应；一面令审配、逢纪为统军，田丰、荀谌、许攸为谋士，颜良、文丑为将军，起马军一十五万，步兵一十五万，共精兵三十万，望黎阳进发。 || Chapter 25, P025-023: 绍曰：「待我思之。」因问玄德曰：「田丰劝我固守，何如？」玄德曰：「曹操欺君之贼，明公若不讨之，恐失大义于天下。」绍曰：「玄德之言甚善。」遂欲兴兵。田丰又谏。绍怒曰：「汝等弄文轻武，使我失大义！」田丰顿首曰：「若不听臣良言，出师不利。」绍大怒，欲斩之。玄德力劝，乃囚于狱中。沮授见田丰下狱，乃会其宗族，尽散家财，与之诀曰：「吾随军而去，胜则威无不加，败则一身不保矣！」众皆下泪送之。",same_body_paragraph
曹操,祢衡,6,3,23;40;60,"Chapter 23, P023-008: 帝览表，以付曹操。操遂使人召衡至。礼毕，操不命坐。祢衡仰天叹曰：「天地虽阔，何无一人也！」操曰：「吾手下有数十人，皆当世英雄，何谓无人？」衡曰：「愿闻。」操曰：「荀彧，荀攸，郭嘉，程昱，机深智远，虽萧何，陈平不及也。张辽[陈怡妏3]，许褚，乐进，李典，勇不可当，虽岑彭，马武不及也。吕虔，满宠，为从事；于禁，徐晃，为先锋。夏侯惇，天下奇才；曹子孝，世间福将。安得无人？」衡笑曰：「公言差矣。此等人物，吾尽识之：荀彧可使吊丧问疾，荀攸可使看坟守墓，程昱可使关门闭户，郭嘉可使白词念赋，张辽可使击鼓鸣金，许褚可使牧牛放马，乐进可使取状读诏，李典可使传书送檄，吕虔可使磨刀铸剑，满宠可使饮酒食糟，于禁可使负版筑墙，徐晃可使屠猪杀狗。夏侯惇称为『完体将军』，曹子孝呼为『要钱太守』。其余皆是衣架！饭囊！酒桶！肉袋耳！」操怒曰：「汝有何能？」衡曰：「天文地理，无一不通；三教九流，无一不晓；上可以致君为尧、舜，下可以配德于孔、颜。岂与俗子共论乎！」时止有张辽在侧，掣剑欲斩之。操曰：「吾正少一鼓吏；早晚朝贺宴享，可令祢衡充此职。」衡不推辞，应声而去。辽曰：「此人出言不逊，何不杀之？」操曰：「此人素有虚名，远近所闻。今日杀之，天下必谓我不能容物，彼自以为能，故令为鼓吏以辱之。」 || Chapter 23, P023-012: 衡至荆州，见刘表毕，虽颂德，实讥讽。表不喜，令去江夏见黄祖。或问表曰：「祢衡戏谑主公，何不杀之？」表曰：「祢衡数辱曹操，操不杀者，恐失人望；故令作使于我，欲借我手杀之，使我受害贤之名也。吾今遣去见黄祖，使曹操知我有识。」众皆称善。 || Chapter 23, P023-013: 时袁绍亦遣使至。表问众谋士曰：「袁本初又遣使来，曹孟德又差祢衡在此，当从何便？」从事中郎将韩嵩进曰：「今两雄相持，将军若欲有为，乘此破敌可也。如其不然，将择其善者而从之。今曹操善能用兵，贤俊多归，其势必先取袁绍，然后移兵向江东，恐将军不能御；莫若举荆州以附操，操必重待将军矣。」表曰：「汝且去许都，观其动静，再作商议。」嵩曰：「君臣各有定分。嵩今事将军，虽赴汤蹈火，一唯所命。将军若能上顺天子，下从曹公，使嵩可也；如持疑未定，嵩到京师，天子赐嵩一官，则嵩为天子之臣，不得复为将军死矣。」表曰：「汝且先往观之。吾别有主意。」",same_body_paragraph
曹操,郭汜,6,6,6;10;11;13;14;57,"Chapter 6, P006-010: 且说董卓行至荥阳地方，太守徐荣出接。李儒曰：「丞相新弃洛阳，防有追兵。可教徐荣伏军荥阳城外山坞之旁：若有兵追来，可竟放过；待我这里杀败，然后截住掩杀。令后来者不敢复追。」卓从其计，又令吕布引精兵遏后。布正行间，曹操一军赶上。吕布大笑曰：「不出李儒所料也」！将军马摆开。曹操出马，大叫：「逆贼！劫迁天子，流徙百姓，将欲何往？」吕布骂曰：「背主懦夫，何得妄言！」夏侯惇挺鎗跃马，直取吕布。战不数合，李傕引一军，从左边杀来，操急令夏侯渊迎敌。右边喊声又起，郭汜引军杀到，操急令曹仁迎敌。三路军马，势不可当。夏侯惇抵敌吕布不住，飞马回阵。布引铁骑掩杀，操军大败，回望荥阳而走。走至一荒山脚下，时约二更，月明如昼。方才聚集残兵。 || Chapter 10, P010-010: 李傕、郭汜自战败西凉兵，诸侯莫敢谁何。贾诩屡劝抚安百姓，结纳贤豪。自是朝廷微有生意。不想青州黄巾又起，聚众数十万，头目不等，劫掠良民。太仆朱隽，保举一人，可破群贼。李傕、郭汜问是何人。朱隽曰：「要破山东群贼，非曹孟德不可。」李傕曰：「孟德今在何处？」隽曰：「见为东郡太守，广有军兵。若命此人讨贼，贼可克日而破也。」李傕大喜，星夜草诏，差人赍往东郡，命曹操与济北相鲍信一同破贼。操领了圣旨，会合鲍信，一同兴兵，击贼于寿阳。鲍信杀入重地，为贼所害。操追赶贼兵，直到济北，降者数万。操即用贼为前驱，兵马到处，无不降须。不过百余日，招安到降兵三十余万、男女百余万口。操择精锐者，号为「青州兵」，其余尽令归农。操自此威名日重。捷书报到长安，朝廷加曹操为镇东将军。 || Chapter 11, P011-019: 正商议间，忽流星马飞报「祸事！」。操问其故，报说吕布已袭破兖州，进据濮阳。原来吕布自遭李、郭之乱，逃出武关，去投袁术；术怪吕布反复不定，拒而不纳。投袁绍，绍纳之，与布共破张燕于常山；布自以为得志，傲慢袁绍手下将士。绍欲杀之，布乃去投张扬，扬纳之。时庞舒在长安城中，私藏吕布妻小，送还吕布。李傕、郭汜知之，遂斩庞舒，写书与张扬，教杀吕布；布因弃张扬去投张邈。恰好张邈弟张超引陈宫来见张邈。宫说邈曰：「今天下分崩，英雄并起，君以千里之众，而反受制于人，不亦鄙乎！今曹操征东，兖州空虚，而吕布乃当世勇士，若与之共取兖州，伯业可图也。」张邈大喜，便令吕布袭破兖州，随据濮阳。止有鄄城，东阿，范县三处，被荀彧、程昱设计死守得全，其余俱破。曹仁屡战，皆不能胜，特此告急。",same_body_paragraph
李儒,李肃,6,3,3;5;9,"Chapter 3, P003-020: 卓大喜，观其人，乃虎贲中郎李肃也。卓曰：「汝将何以说之？」肃曰：「某闻主公有名马一匹，号曰『赤兔』，日行千里。须得此马，再用金珠，以利结其心。某更进说词，吕布必反丁原，来投主公矣。」卓问李儒曰：「此言可乎？」儒曰：「主公欲取天下，何惜一马？」卓欣然与之，更与黄金一千两、明珠数十颗、玉带一条。 || Chapter 3, P003-025: 次日，布持丁原首级，往见李肃。肃遂引布见卓。卓大喜，置酒相待。卓先下拜曰：「卓今得将军，如旱苗之得甘雨也。」布纳卓坐而拜之曰：「公若不弃，布请拜为义父。」卓以金甲锦袍赐布，畅饮而散。卓自是威势越大，自领前将军事，封弟董旻为左将军鄠侯，封吕布为骑都尉中郎将都亭侯。李儒劝卓早定废立之计。卓乃于省中设宴，会集公卿，令吕布将甲士千余，侍卫左右。 || Chapter 5, P005-011: 读毕，歃血。众因其辞气慷慨，皆涕泗横流。歃血已罢，下坛。众扶绍升帐而坐，两行依爵位年齿分列坐定。操行酒数巡，言曰：「今日既立盟主，各听调遣，同扶国家，勿以强弱计较。」袁绍曰：「绍虽不才，既承公等推为盟主，有功必赏，有罪必罚。国有常刑，军有纪律；各宜遵守，勿得违犯。」众皆曰：「惟命是听。」绍曰：「吾弟袁术总督粮草，应付诸营，无使有缺。更须一人为先锋，直抵汜水关挑战。余各据险要，以为接应。」长沙太守孙坚出曰：「坚愿为前部。」绍曰：「文台勇烈，可当此任。」坚遂引本部人马杀奔汜水关来。守关将士，差流星马往洛阳丞相府告急。董卓自专大权之后，每日饮宴。李儒接得告急文书，迳来禀卓。卓大惊，急聚众将商议。温侯吕布挺身出曰：「父亲勿虑：关外诸侯，布视之如草芥。愿提虎狼之师，尽斩其首，悬于都门。」卓大喜曰：「吾有奉先，高枕无忧矣！」言未绝，吕布背后一人高声出曰：「『割鸡焉用牛刀？』不劳温侯亲往。吾斩众诸侯首级，如探囊取物耳。」卓视之，其人身长九尺，虎体狼腰，豹头猿臂：关西人也；姓华，名雄。卓闻言大喜，加为骁骑校尉，拨马步军五万，同李肃，胡轸，赵岑星夜赴关迎敌。众诸侯内有济北相鲍信，寻思孙坚既为前部，怕他夺了头功，暗拨其弟鲍忠，先将马步军三千，迳抄小路，直到关下搦战。华雄引铁骑五百，飞下关来，大喝：「贼将休走！」鲍忠急待退，被华雄手起刀落，斩于马下，生擒将校极多。华雄遣人将鲍忠首级来相府报捷，卓加雄为都督。",same_body_paragraph
程昱,荀攸,6,6,10;14;23;32;33;48,"Chapter 10, P010-011: 操在兖州，招贤纳士。有叔姪二人来投曹操：乃颖川颖阴人：姓荀，名彧，字文若，荀昆之子也；旧事袁绍，今弃绍投操；操与语大悦，曰：「此吾之子房也！」遂以为行军司马。其姪荀攸，字公达，海内名士，曾拜黄门侍郎，后弃官归乡，今与其叔同投曹操，操以为行军教授。荀彧曰：「某闻兖州有一贤士，今此人知何在。」操问是谁，彧曰：「乃东郡东阿人：姓程，名昱，字仲德。」操曰：「吾亦闻名久矣。」遂遣人于乡中寻问。访得他在山中读书，操拜请之。程昱来见，曹操大喜。 || Chapter 14, P014-022: 操自封为大将军武平侯，以荀彧为侍中尚书令；荀攸为军师；郭嘉为司马祭酒；刘晔为司空掾曹；毛玠，任峻为典农中郎将，催督钱粮；程昱为东平相，范成，董昭为洛阳令；满宠为许都令；夏侯惇，夏侯渊，曹仁，曹洪皆为将军；吕虔，李典，乐进，于禁，徐晃，皆为校尉；许褚，典韦，皆为都尉；其余将士，各各封官。自此大权皆归于曹操。朝廷大务，先禀曹操，然后方奏天子。 || Chapter 23, P023-008: 帝览表，以付曹操。操遂使人召衡至。礼毕，操不命坐。祢衡仰天叹曰：「天地虽阔，何无一人也！」操曰：「吾手下有数十人，皆当世英雄，何谓无人？」衡曰：「愿闻。」操曰：「荀彧，荀攸，郭嘉，程昱，机深智远，虽萧何，陈平不及也。张辽[陈怡妏3]，许褚，乐进，李典，勇不可当，虽岑彭，马武不及也。吕虔，满宠，为从事；于禁，徐晃，为先锋。夏侯惇，天下奇才；曹子孝，世间福将。安得无人？」衡笑曰：「公言差矣。此等人物，吾尽识之：荀彧可使吊丧问疾，荀攸可使看坟守墓，程昱可使关门闭户，郭嘉可使白词念赋，张辽可使击鼓鸣金，许褚可使牧牛放马，乐进可使取状读诏，李典可使传书送檄，吕虔可使磨刀铸剑，满宠可使饮酒食糟，于禁可使负版筑墙，徐晃可使屠猪杀狗。夏侯惇称为『完体将军』，曹子孝呼为『要钱太守』。其余皆是衣架！饭囊！酒桶！肉袋耳！」操怒曰：「汝有何能？」衡曰：「天文地理，无一不通；三教九流，无一不晓；上可以致君为尧、舜，下可以配德于孔、颜。岂与俗子共论乎！」时止有张辽在侧，掣剑欲斩之。操曰：「吾正少一鼓吏；早晚朝贺宴享，可令祢衡充此职。」衡不推辞，应声而去。辽曰：「此人出言不逊，何不杀之？」操曰：「此人素有虚名，远近所闻。今日杀之，天下必谓我不能容物，彼自以为能，故令为鼓吏以辱之。」",same_body_paragraph
董承,郭汜,6,2,13;14,"Chapter 13, P013-026: 郭汜败了一阵，次日又点军杀至营前来，徐晃当先出马。郭汜大军八面围来，将天子，杨奉，困在垓心。正在危急之中，忽然东南上喊声大震，一将引军纵马杀来。贼众奔溃。徐晃乘势攻击，大败汜军。那人来见天子，乃国戚董承也。帝哭诉前事。承曰：「陛下免忧。臣与杨将军誓斩二贼，以靖天下。」帝命早赴东都。连夜驾起，前幸弘农。 || Chapter 13, P013-027: 却说郭汜败军回，撞著李傕，言：「杨奉、董承救驾往弘农去了。若到山东，立脚得定，必然布告天下，令诸侯共伐我等，三族不能保矣。」傕曰：「今张济兵据长安，未可轻动。我和你乘间合兵一处，至弘农杀了汉君，平分天下，有何不可？」汜喜诺。二人合兵，于路劫掠，所过一空。杨奉、董承知贼兵远来，遂勒兵回，与贼大战于东涧。 || Chapter 13, P013-028: 傕、汜二人商议：「我众彼寡，只可以混战胜之。」于是李傕在左，郭汜在右，漫山遍野拥来。杨奉、董承两边死战，刚保帝后车出；百官宫人，符册典籍，一应御用之物，尽皆抛弃。郭汜引军入弘农劫掠。承、奉保驾走陕北，傕、汜分兵赶来。承、奉一面差人与傕、汜讲和，一面密圣旨往河东，急召故白波帅韩暹、李乐、胡才三处军兵前来救应。那李乐亦是啸聚山林之贼，今不得已而召之。三处军闻天子赦罪赐官，如何不来；并拔本营军士，来与董承相会，一齐再取弘农。",same_body_paragraph
蔡瑁,赵云,6,2,34;35,"Chapter 34, P034-022: 遂与赵云即日赴襄阳。蔡瑁出郭迎接，意甚谦谨。随后刘琦、刘琮二子，引一班文武官僚出迎。玄德见二公子俱在，并不疑忌。是日请玄德于馆舍暂歇。赵云引三百军围绕保护。云披甲挂剑，行坐不离左右。刘琦告玄德曰：「父亲气疾作，不能行动，特请叔父待客，抚劝各处守牧之官。」玄德曰：「吾本不敢当此，既有兄命，不敢不从。」 || Chapter 34, P034-023: 次日，人报九郡四十二州官员，俱已到齐。蔡瑁预请蒯越计议曰：「刘备世之枭雄，久留于此，后必为害；可就今日除之。」越曰：「恐失士民之望。」瑁曰：「吾已密领刘荆州言语在此。」越曰：「既如此，可预作准备。」瑁曰：「东门岘山大路，已使吾弟蔡和引军守把；南门外己使蔡中守把；北门外已使蔡勋守把。止有西门不必守把──前有檀溪阻隔，虽数万之众，不易过也。」越曰：「吾见赵云行坐不离玄德，恐难下手。」瑁曰：「吾伏五百军在城内准备。」越曰：「可使文聘、王威二人另设一席于外厅，以侍武将。先请住赵云，然后可行事。」 || Chapter 34, P034-024: 瑁从其言。当日杀牛宰马，大张筵席。玄德乘的卢马至州衙，命牵入后园擐系。众官皆至堂中。玄德主席，二公子两边分坐，其余各依次而坐。赵云带剑立于玄德之侧。文聘、王威入请赵云赴席。云推辞不去。玄德令云就席，云勉强应命而出。蔡瑁在外收拾得铁桶相似，将玄德带来三百军，都遣归馆舍，只待半酣，号起下手。",same_body_paragraph
袁绍,赵云,6,4,7;28;41;45,"Chapter 7, P007-009: 公孙瓒爬上坡去，看那少年：生得身长八尺，浓眉大眼，阔面重颐，威风凛凛，与文丑大战五六十合，胜负未分。瓒部下救军到，文丑拨马回去了。那少年也不追赶。瓒忙下土坡，问那少年姓名。那少年欠身答曰：「某乃常山真定人也：姓赵，名云，字子龙；本袁绍辖下之人。因见绍无忠君救民之心，故特弃彼而投麾下不期于此处相见。」瓒大喜，遂同归寨，整顿甲兵。 || Chapter 7, P007-014: 正说之间，忽见赵云冲到面前。弓箭手急待射时，云连刺数人，众军皆走。后面瓒军团团围裹上来。田丰慌对绍曰：「主公且于空墙中躲避！」绍以兜鍪扑地，大呼曰：「大丈夫愿临阵斗死，岂可入墙而望活乎！」众军士齐心死战，赵云冲突不入，绍兵大队掩至，颜良亦引军来到，两路并杀。赵云保公孙瓒杀透重围，回到界桥。绍驱兵大进，复赶过桥，落水死者，不计其数。袁绍当先赶来，不到五里，只听得山背后喊声大起，闪出一彪人马，为首三员大将，乃是刘玄德，关云长，张翼德。因在平原探知公孙瓒与袁绍相争，特来助战。当下三匹马，三般兵器，飞奔前来，直取袁绍。绍惊得魂飞天外，手中宝刀坠于马下，忙拨马而逃，众人死救过桥。公孙瓒亦收军归寨。玄德、关、张动问毕，瓒曰：「若非玄德远来救我，几乎狼狈。」教与赵云相见。玄德甚相敬爱，便有不舍之心。 || Chapter 7, P007-015: 却说袁绍输了一阵，坚守不出。两军相拒月余，有人来长安报知董卓。李儒对卓曰：「袁绍与公孙瓒，亦当今豪杰。见在磐河厮杀，宜假天子之诏，差人往和解之。二人感德，必顺太师矣。」卓大喜。次日便使太傅马日䃅、太仆赵岐，赍诏前去。二人来至河北，绍出迎于百里之外，再拜奉诏。次日二人至瓒营宣谕，瓒乃遣使致书于绍，互相讲和；二人自回京复命。瓒即日班师，又表荐刘玄德为平原相。玄德与赵云分别，执手垂泪，不忍相离。云叹曰：「某日误认公孙瓒为英雄；今观所为，亦袁绍等辈耳！」玄德曰：「公且屈身事之，相见有日。」洒泪而别。",same_body_paragraph
诸葛亮,顾雍,6,3,43;44;86,"Chapter 43, P043-006: 肃领命而去；次日至馆驿中见孔明，又嘱曰：「今见我主，切不可言曹操兵多。」孔明笑曰：「亮自见机而变，决不有误。」肃乃引孔明至幕下。早见张昭、顾雍等一班文武，二十余人，峨冠博带，整衣端坐。孔明逐一相见，各问姓名。施礼已毕，坐于客位。张昭等见孔明丰神飘洒，器宇轩昂，料道此人必来游说。张昭先以言挑之曰：「昭乃江东微末之士，久闻先生高卧隆中，自比管、乐。此语果有之乎？」孔明曰：「此亮平生小可之比也。」昭曰：「近闻刘豫州三顾先生于草庐之中，幸得先生，以为如鱼得水，思欲席卷荆、襄。今一旦以属曹操，未审是何主见？」 || Chapter 43, P043-027: 张昭知孙权欲兴兵，遂与众议曰：「中了孔明之计也！」急入见权曰：「昭等闻主公将兴兵与曹操争锋。主公自思比袁绍若何？曹操向日兵微将寡，尚能一鼓克袁绍，何况今日拥百万之众南征，岂可轻敌？若听诸葛亮之言，妄动甲兵，此所谓负薪救火也。」孙权只低头不语。顾雍曰：「刘备因为曹操所败，故欲借我江东之兵以拒之，主公奈何为其所用乎？愿听子布之言。」 || Chapter 44, P044-002: 鲁肃上马去了。周瑜方才歇息。忽报张昭、顾雍、张纮、步骘四人来相探。瑜接入堂中坐定，叙寒温毕。张昭曰：「都督知江东之利害否？」瑜曰：「未知也。」昭曰：「曹操拥众百万，屯于汉上，昨传檄文至此，欲请主公会猎于江夏。虽有相吞之意，尚未露其形。昭等劝主公且降之，庶免江东之祸。不想鲁子敬从江夏带刘备军师诸葛亮至此，彼因自欲雪愤，特下说词以激主公。子敬却执迷不悟。正欲待都督一决。」瑜曰：「公等之见皆同否？」顾雍等曰：「所议皆同。」瑜曰：「吾亦欲降久矣。公等请回。明早见主公，自有定议。」",same_body_paragraph
诸葛瑾,鲁肃,6,5,29;43;44;45;66,"Chapter 29, P029-030: 权闻言大喜，披衣起谢；次日厚赠鲁肃，并将衣服帏帐等物，赐肃之母。肃又荐一人见孙权，此人博学多才，事母至孝。覆姓诸葛，名瑾，字子瑜，瑯琊南阳人也。权拜之为上宾。瑾劝权勿通袁绍，且顺曹操，然后乘便图之。权依言，乃遗陈震回，以书绝袁绍。 || Chapter 43, P043-005: 权叹曰：「诸人议论，大失孤望。子敬开说大计，正与吾见相同。此天以子敬赐我也！但操新得袁绍之众，近又得荆州之兵，恐势大难以抵敌。」肃曰：「肃至江夏，引诸葛瑾之弟诸葛亮在此，主公可问之，便知虚实。」权曰：「卧龙先生在此乎？」肃曰：「现在馆驿中安歇。」权曰：「今日天晚，且未相见。来日聚文武于帐下，先教见我江东英俊，然后升堂议事。」 || Chapter 43, P043-018: 于是黄盖与鲁肃引孔明入；至中门，正遇诸葛瑾，孔明施礼。瑾曰：「贤弟既到江东，如何不来见我？」孔明曰：「弟既事豫州，理宜先公后私，公事未毕，不敢及私。望兄见谅。」瑾曰：「贤弟见过吴侯，却来叙话。」说罢自去。",same_body_paragraph
赵云,鲁肃,6,5,49;51;52;56;57,"Chapter 49, P049-018: 岸上丁奉唤徐盛船近岸，言曰：「诸葛亮神机妙算，人不可及。更兼赵云有万夫不当之勇。汝知他当阳长阪时否？吾等只索回报便了。」于是二人回见周瑜，言孔明预先约赵云迎接去了。周瑜大惊曰：「此人如此多谋，使我晓夜不安矣！」鲁肃曰：「且待破曹之后，却再图之。」 || Chapter 51, P051-006: 人报：「周瑜，鲁肃，引兵到来。」孔明使赵云领数骑来接。瑜见军势雄壮，心甚不安。行至营门外，玄德，孔明迎入帐中。各叙礼毕，设宴相待。玄德举酒致谢鏖兵之事。 || Chapter 52, P052-003: 于是鲁肃引从者径投南郡来，到城下叫门。赵云出问。肃曰：「我要见刘玄德有话说。」云答曰：「吾主与军师在荆州城中。」肃遂不入南郡，径奔荆州。见旌旗整列，军容甚盛，肃暗羡曰：「孔明真非常人也！」军士报入城中，说鲁子敬要见。孔明令大开城门，接肃入衙。讲礼毕，分宾主而坐。茶罢，肃曰：「吾主吴侯，与都督公瑾，教某再三申意皇叔。前者，操引百万之众，名下江南，实欲来图皇叔；幸得东吴杀退曹兵，救了皇叔，所有荆州九郡，合当归于东吴。今皇叔用诡计，夺占荆襄，使江东空费钱粮军马，而皇叔安受其利，恐于理未顺。」",same_body_paragraph
马超,黄忠,6,4,65;71;73;81,"Chapter 65, P065-013: 次日，张飞又欲下关战马超。人报「军师来到。」玄德接著孔明。孔明曰：「亮闻孟起世之虎将，若与翼德死战，必有一伤；故令子龙、汉升，守住绵竹，我星夜来此。可使条小计，令马超归降主公。」玄德曰：「吾见马超英勇，甚爱之。如何可得？」孔明曰：「亮闻东川张鲁，欲自立为『汉宁王』。手下谋士杨松，极贪贿赂。可差人从小路迳投汉中，先用金银结好杨松，后进书与张鲁云：『吾与刘璋争西川，是与汝报雠。不可听信离间之语。事定之后，保汝为汉宁王。』令其撤回马超兵。待其来撤时，便可用计招降马超矣。」 || Chapter 65, P065-021: 时孙干已回。玄德复命霍峻，孟达守关，便撤兵来取成都。赵云，黄忠接入绵竹。人报「蜀将刘晙，马汉引军到。」赵云曰：「某愿往擒此二人！」言讫，上马引军出。玄德在城上款待马超吃酒。未曾安席，子龙已斩二人之头，献于筵前。马超亦惊，倍加敬重。超曰：「不须主公厮杀，超自唤出刘璋来降。如不肯降，超自与弟马岱取成都，双手奉献。」玄德大喜。是日尽欢。 || Chapter 65, P065-027: 玄德从之，设一大宴，请刘璋收拾财物，佩领振威将军印绶，将妻子良贱，尽赴南郡公安住歇，即日起行。玄德自领益州牧，其所降文武，尽皆重赏，定拟名爵。严颜为前将军，法正为蜀郡太守，董和为掌军中郎将，许靖为左将军长史，庞义为营中司马，刘巴为左将军，黄权为右将军。其余吴懿，费观，彭羕，卓膺，李严，吴兰，雷同，李恢，张翼，秦宓，谯周，吕义，霍峻，邓芝，杨洪，周群，费袆，费诗，孟达，……文武投降官员，共六十余人，并皆擢用。诸葛亮军师，关云长为荡寇将军汉寿亭侯，张飞为征远将军新亭侯，赵云为镇远将军，黄忠为征西将军，魏延为扬武将军，马超为平西将军。孙干，简雍，糜竺、糜芳，刘封，关平，周仓，廖化，马良，马谡，蒋琬，伊籍，及旧日荆襄一班文武官员，尽皆升赏。遣使赍黄金五百斤，白银一千斤，钱五千万，蜀锦一千疋，赐与云长。其余官将，给赐有差。杀牛宰马，大饷士卒，开仓赈济百姓，军民大悦。",same_body_paragraph
公孙瓒,关羽,5,3,5;7;28,"Chapter 5, P005-009: 且说北平太守公孙瓒，统领精兵一万五千，路经德州平原县。正行之间，遥见桑树丛中，一面黄旗，数骑来迎。瓒视之，乃刘玄德也。瓒问曰：「贤弟何故在此？」玄德曰：「旧日蒙兄保备为平原县令，今闻大军过此，特来奉候，就请兄长入城歇马。」瓒指关、张而问曰：「此何人也？」玄德曰：「此关羽，张飞，备结义兄弟也。」瓒曰：「乃同破黄巾者乎？」玄德曰：「皆此二人之力。」瓒曰：「今居何职？」玄德答曰：「关羽为马弓手，张飞为步弓手。」瓒叹曰：「如此可谓埋没英雄！今董卓作乱，天下诸侯，共往诛之。贤弟可弃此卑官，一同讨贼，力扶汉室，若何？」玄德曰：「愿往。」张飞曰：「当时若容我杀了此贼，免有今日之事。」云长曰：「事已至此，即当收拾前去。」 || Chapter 5, P005-017: 忽探子来报：「华雄引铁骑下关，用长竿挑著孙太守赤帻，来寨前大骂搦战。」绍曰：「谁敢去战？」袁术背后转出骁将俞涉曰：「小将愿往。」绍喜，便著俞涉出马。即时报来：「俞涉与华雄战不三合，被华雄斩了。」众大惊。太守韩馥曰：「吾有上将潘凤，可斩华雄。」绍急令出战。潘凤手提大斧上马。去不多时，飞马来报：「潘凤又被华雄斩了。」众皆失色。绍曰：「可惜吾上将颜良、文丑未至！得一人在此，何惧华雄？」言未毕，阶下一人大呼出曰：「小将军愿往斩华雄头，献于帐下！」众视之，见其人身长九尺，髯长二尺；丹凤眼，卧蚕眉；面如重枣，声如巨钟；立于帐前。绍问何人。公孙瓒曰：「此刘玄德之弟关羽也。」绍问见居何职。瓒曰：「跟随刘玄德充马弓手。」帐上袁术大喝曰：「汝欺吾众诸侯无大将耶？量一弓手，安敢乱言！与我打出！」曹操急止之曰：「公路息怒：此人既出大言，必有勇略；试教出马，如其不胜，责之未迟。」袁绍曰：「使一弓手出战，必被华雄所笑。」操曰：「此人仪表不俗，华雄安知他是弓手？」关公曰：「如不胜，请斩某头。」 || Chapter 5, P005-025: 吕布见了，弃了公孙瓒，便战张飞。飞抖擞精神，酣战吕布。连斗五十余合，不分胜负。云长见了，把马一拍，舞八十二斤青龙偃月刀，来夹攻吕布。三匹马丁字儿厮杀。战到三十合，战不倒吕布。刘玄德掣双股剑，骤黄鬃马，刺斜里也来助战。",same_body_paragraph
关羽,孔融,5,1,11,"Chapter 11, P011-008: 太史慈得脱，星夜投平原来见刘玄德。施礼罢，具言孔北海被围求救之事，呈上书札。玄德看毕，问慈曰：「足下何人？」慈曰：「某太史慈，东海之鄙人也。与孔融亲非骨肉，比非乡党，特以气谊相投，有分忧共患之意。今管亥暴乱，北海被围，孤穷无告，危在旦夕。闻君仁义素著，能救人危急，故特令某冒锋突围，前来求救。」玄德敛容答曰：「孔北海知世间有刘备耶？」乃同云长、翼德点精兵三千，往北海郡进发。 || Chapter 11, P011-009: 管亥望见救军来到，亲自引兵迎敌；因见玄德兵少，不以为意。玄德与关、张、太史慈立马阵前，管亥忿怒直出。太史慈却待向前，云长早出，直取管亥。两马相交，众军大喊；量管亥怎敌得云长，数十合之间，青龙刀起，劈管亥于马下。太史慈，张飞，两骑齐出，双枪并举，杀入贼阵。玄德驱兵掩杀。城上孔融望见太史慈与关、张赶杀贼众，如虎入羊群，纵横莫当，便驱兵出城。两下夹攻，大败群贼，降者无数，余党溃散。 || Chapter 11, P011-014: 却说刘玄德军到，见孔融。融曰：「曹兵势大，操又善于用兵，未可轻战。且观其动静，然后进兵。」玄德曰：「但恐城中无粮，难以久持。备令云长、子龙领军四千，在公部下相助；备与张飞奔曹营，迳投徐州去见陶使君商议。」融大喜，会合田楷，为犄角之势；云长、子龙领兵两边接应。",same_body_paragraph
关羽,曹丕,5,3,79;82;97,"Chapter 79, P079-002: 于是曹丕安居王位，改建安二十五年为延康元年。封贾诩为太尉，华歆为相国，王朗为御史大夫。大小官僚，尽皆升赏。谥曹操曰武王，葬于邺郡高陵。令于禁董治陵事。禁奉命到彼，只见陵屋中白粉壁上，图画关云长水渰七军擒获于禁之事：画云长俨然上坐，庞德愤怒不屈，于禁拜伏于地，哀求乞命之状。原来曹丕以于禁兵败被擒，不能死节，既降敌而复归，心鄙其为人，故先令人图画陵屋粉壁，故意使之往见以愧之。当下于禁见此画像，又羞又恼，气愤成病，不久而死。后人有诗叹曰： || Chapter 79, P079-015: 曹丕自继位之后，法令一新，威逼汉帝，甚于其父。早有细作报入成都。汉中王闻之，大惊，即与文武商议曰：「曹操已死，曹丕继位，威逼天子，更甚于操。东吴孙权，拱手称臣。孤欲先伐东吴，以报云长之雠；次讨中原，以除乱贼。」 || Chapter 79, P079-024: 却说曹丕正聚文武议事，忽近臣奏曰：「蜀将孟达来降。」丕召入问曰：「汝此来，莫非诈降乎？」达曰：「臣为不救关公之危，汉中王欲杀臣，因此惧罪来降，别无他意。」曹丕尚未准信，忽报刘封引五万兵来。取襄阳，单搦孟达厮杀。丕曰：「汝既是真心，便可去襄阳取刘封首级来，孤方准信。」达曰：「臣以利害说之，不必动兵，令刘封亦来降也。」",same_body_paragraph
关羽,程昱,5,4,24;25;27;50,"Chapter 24, P024-019: 且说曹操当夜取了小沛，随即进兵攻徐州。糜竺，简雍，守把不住，只弃城而走。陈登献了徐州。曹操大军入城，安民己毕，随唤众谋士议取下邛。荀彧曰：「云长保护玄德妻小，死守此城；若不速取，恐为袁绍所窃。」操曰：「吾素爱云长武艺人材，欲得之以为己用，不若令人说之使降。」郭嘉曰：「云长义气深重，必不肯降。若使人说之，恐被其害。」帐下一人出曰：「某与关公有一面之交，愿往说之。」众视之，乃张辽也。程昱曰：「文远虽与云长有旧，吾观此人，非可以言词说也。某有一计，使此人进退无路，然后用文远说之，彼必归丞相矣。」正是：整备窝弓射猛虎，安排香饵钓鳌鱼。未知其计若何，且看下文分解。 || Chapter 25, P025-001: 却说程昱献计曰：「云长有万人之敌，非智谋不能取之。今可即差刘备手下投降之兵，入下邳，见关公，只说是逃回的，伏于城中为内应；却引关公出战，诈败佯输，诱入他处，以精兵截其归路，然后说之可也。」操听其谋，即令徐州降兵数十，迳投下邳来降关公。关公以为旧兵，留而不疑。 || Chapter 25, P025-026: 操见连折二将，心中忧闷。程昱曰：「某举一人可敌颜良。」操问是谁。昱曰：「非关公不可。」操曰：「吾恐他立了功便去。」昱曰：「刘备若在必投袁绍；今若使云长破袁绍之兵，绍必疑刘备而杀之矣。备既死，云长又安往乎？」操大喜，遂差人去请关公。关公即入辞二嫂。二嫂曰：「叔叔此去，可打听皇叔消息。」",same_body_paragraph
关羽,马超,5,3,65;73;74,"Chapter 65, P065-006: 却说张飞闻马超攻关，大叫而入曰：「辞了哥哥，便去战马超也！」孔明佯作不闻，对玄德曰：「今马超侵犯关隘，无人可敌；除非往荆州取关云长来，方可与敌。」张飞曰：「军师何故小觑吾？吾曾独拒曹操百万之兵，岂愁马超一匹夫乎？」孔明曰：「翼德拒水断桥，此因曹操不知虚实耳。若知虚实将军岂得无事？今马超之勇，天下皆知。渭桥大战，杀得曹操割须弃袍，几乎丧命，非等闲之比，云长且未必能胜。」飞曰：「我只今便去；如胜不得马超，甘当军令！」孔明曰：「即尔肯写文书，便为先锋。请主公亲自去一遭。留亮守绵竹。待子龙来，却作商议。」魏延曰：「某亦愿往。」 || Chapter 65, P065-027: 玄德从之，设一大宴，请刘璋收拾财物，佩领振威将军印绶，将妻子良贱，尽赴南郡公安住歇，即日起行。玄德自领益州牧，其所降文武，尽皆重赏，定拟名爵。严颜为前将军，法正为蜀郡太守，董和为掌军中郎将，许靖为左将军长史，庞义为营中司马，刘巴为左将军，黄权为右将军。其余吴懿，费观，彭羕，卓膺，李严，吴兰，雷同，李恢，张翼，秦宓，谯周，吕义，霍峻，邓芝，杨洪，周群，费袆，费诗，孟达，……文武投降官员，共六十余人，并皆擢用。诸葛亮军师，关云长为荡寇将军汉寿亭侯，张飞为征远将军新亭侯，赵云为镇远将军，黄忠为征西将军，魏延为扬武将军，马超为平西将军。孙干，简雍，糜竺、糜芳，刘封，关平，周仓，廖化，马良，马谡，蒋琬，伊籍，及旧日荆襄一班文武官员，尽皆升赏。遣使赍黄金五百斤，白银一千斤，钱五千万，蜀锦一千疋，赐与云长。其余官将，给赐有差。杀牛宰马，大饷士卒，开仓赈济百姓，军民大悦。 || Chapter 65, P065-031: 一日，玄德正与孔明闲叙，忽报云长遣关平来谢所赐金帛。玄德召入。平拜罢，呈上书信曰：「父亲知马超武艺过人，要入川来与之比试高低，教就禀伯父此事。」玄德大惊曰；「若云长入蜀，与孟起比试，势不两立。」孔明曰；「无妨，亮自作书回之。」玄德只恐云长性急，便教孔明写了书，发付关平星夜回荆州。平回至荆州，云长问曰：「我欲与马孟起比试，汝曾说否？」平答曰：「军师有书在此。」云长拆开视之。其书曰：「亮闻将军欲与孟起分别高下。以亮度之，孟起虽雄烈过人，不过黥布，彭越之徒耳；当与翼德并驱争先，犹末及美髯公之绝伦超群也。今公受任荆州，不为不重；倘一入川，若荆州有失，罪莫大焉。惟冀明照。」",same_body_paragraph
刘备,贾诩,5,4,16;23;78;85,"Chapter 16, P016-029: 操正欲起兵，自往征吕布，忽流星马报说张济自关中引兵攻南阳，为流矢所中而死；济姪张绣统其众，用贾诩为谋士，结连刘表，屯兵宛城，欲兴兵犯阙夺驾。操大怒，欲兴兵讨之，又恐吕布来攻许都，乃问计于荀彧。彧曰：「此易事耳。吕布无谋之辈，见利必喜；明公可遣使往徐州，加官赐赏，令与玄德解和。布喜，则不思远图矣。」操曰：「善。」遂差奉军都尉王则，赍官诰并和解书，往徐州去讫；一面起兵五十万，亲讨张绣。分军三路而行，以夏侯惇为先锋。军马至淯水下寨。 || Chapter 23, P023-001: 却说曹操欲斩刘岱、王忠。孔融谏曰：「二人本非刘备敌手，若斩之，恐失将士之心。」操乃免其死，黜罢爵禄，欲自起兵伐玄德。孔融曰：「方今隆冬盛寒，未可动兵；待来春未为晚也。可先使人招安张绣、刘表，然后再图徐州。」操然其言，先遣刘晔往说张绣。晔至襄城，先见贾诩，陈说曹公盛德。诩乃留晔于家中。 || Chapter 78, P078-018: 次日，觉气冲上焦，目不见物，急召夏侯惇商议。惇至殿门前，忽见伏皇后、董贵人、二皇子、伏完、董承等，立在阴云之中。惇大惊昏倒，左右扶出，自此得病。操召曹洪、陈群、贾诩、司马懿等，同至卧榻前，嘱以后事。曹洪等顿首曰：「大王善保玉体，不日定当霍然。」操曰：「孤纵横天下三十余年，群雄皆灭，止有江东孙权，西蜀刘备，未曾剿除。孤今病危，不能再与卿等相叙，特以家事相托：孤长子曹昂，刘氏所生，不幸早年殁于宛城。今卞氏生四子：丕、彰、植、熊。孤平生所爱第三子植，为人虚华少诚实，嗜酒放纵，因此不立；次子曹彰，勇而无谋；四子曹熊，多病难保；惟长子曹丕，笃厚恭谨，可继我业。卿等宜辅佐之。」",same_body_paragraph
刘琦,蔡瑁,5,3,34;35;40,"Chapter 34, P034-022: 遂与赵云即日赴襄阳。蔡瑁出郭迎接，意甚谦谨。随后刘琦、刘琮二子，引一班文武官僚出迎。玄德见二公子俱在，并不疑忌。是日请玄德于馆舍暂歇。赵云引三百军围绕保护。云披甲挂剑，行坐不离左右。刘琦告玄德曰：「父亲气疾作，不能行动，特请叔父待客，抚劝各处守牧之官。」玄德曰：「吾本不敢当此，既有兄命，不敢不从。」 || Chapter 35, P035-013: 玄德从其言，即令孙干赍书至荆州。刘表唤入问曰：「吾请玄德襄阳赴会，缘何逃席而去？」孙干呈上书札，具言蔡瑁设谋相害，赖跃马檀溪得脱。表大怒，急唤蔡瑁责骂曰：「汝焉敢害吾弟！」命推出斩之。蔡夫人出，哭求免死，表怒犹未息。孙干告曰：「若杀蔡瑁，恐皇叔不能安居于此矣。」表乃责而释之，使长子刘琦同孙干至玄德处请罪。 || Chapter 40, P040-009: 正说间，人报曹操自统大兵至。玄德急辞刘表，星夜回新野。刘表病中闻此信，吃惊不小，商议写遗嘱，令玄德辅佐长子刘琦为荆州之主。蔡夫人闻之大怒，关上内门，使蔡瑁、张允二人把住外门。时刘琦在江夏，知父病危，来至荆州探病。方到外门，蔡瑁当住曰：「公子奉父命镇守江夏，其任至重。今擅难职守，倘东吴兵至，如之奈何？若入见主公，主公必生嗔怒，病将转增，非孝也。宜速回。」",same_body_paragraph
刘璋,孟达,5,2,60;65,"Chapter 60, P060-021: 少顷，孟达至。达字子庆，与法正同乡。达入，见正与松密语。达曰：「吾已知二公之意。将欲献益州耶？」松曰：「是欲如此。兄试猜之，合献与谁？」达曰：「非刘玄德不可。」三人抚掌大笑。松正谓松曰：「兄明日见刘璋，当若何？」松曰：「吾荐二公为使，可往荆州。」二人应允。 || Chapter 60, P060-022: 次日，张松见刘璋。璋问：「干事若何？」松曰：「操乃汉贼，欲篡天下，不可为言。彼已有取川之心。」璋曰：「似此如之奈何？」松曰：「松有一谋，使张鲁，曹操必不敢轻犯西川。」璋曰：「何计？」松曰：「荆州刘皇叔，与主公同宗，仁慈宽厚，有长者风。赤壁鏖兵之后，操闻之而胆裂，何况张鲁乎？主公何不遣使结好，使为外援？可以拒曹操张鲁矣。」璋曰：「吾亦有此心久矣。谁可为使？」松曰：「非法正，孟达，不可往也。」璋即召二人入，修书一封，令法正为使，先通情好；次遣孟达领精兵五千，迎玄德入川为援。 || Chapter 60, P060-029: 临行时，忽廖化引一军来降。玄德便教廖化辅佐云长，以拒曹操。是年冬月，引兵望西川进发。行不数程，孟达接著，拜见玄德，说刘益州令某领兵五千远来迎接。玄德使人入益州，先报刘璋。璋便发书告报沿途州郡，供给钱粮。璋欲自出涪城亲接玄德，即下令准备车乘帐幔，旌旗铠甲，务要鲜明。主簿黄权入谏曰：「主公此去，必被刘备所害。某食禄多年，不忍主公中他人奸计，望三思之。」张松曰：「黄权此言，疏间宗族之义，滋长寇盗之威，实无益于主公。」璋乃叱权曰：「吾意已决，汝何逆吾！」",same_body_paragraph
刘璋,张飞,5,4,56;63;64;65,"Chapter 56, P056-017: 却说鲁肃回见周瑜，说玄德，孔明欢喜不疑，准备出城劳军。周瑜大笑曰：「原来今番也中了吾计！」便教鲁肃禀报吴侯，并遣程普引兵接应。周瑜此时箭疮已渐平愈，身躯无事，使甘宁为先锋，自与徐盛，丁奉为第二；凌统，吕蒙为后队。水陆大兵五百万，望荆州而来。周瑜在船中，时复欢笑，以为孔明中计。前军至夏口，周瑜问：「荆州有人在前面接否？」人报：「刘皇叔使糜竺来见都督。」瑜唤至，问劳军如何。糜竺曰：「主公皆准备安排下了。」瑜曰：「皇叔何在？」竺曰：「在荆州城门相等，与都督把盏。」瑜曰：「今为汝家之事，出兵远征；劳军之礼，休得轻易。」糜竺领了言语先回。战船密密排在江上，依次而进。看看至公安，并无一双军船，又无一人远接。周瑜催船速行。离荆州十余里，只见江面上静荡荡的。哨探的回报：「荆州城上，插两面白旗，并不见一人之影。」瑜心疑，教把船傍岸，亲自上岸，乘马带了甘宁，徐盛，丁奉一班军官，引亲随精军三千人，迳望荆州来。既至城下，并不见动静。瑜勒住马，令军士叫门。城上问是谁人。吴军答曰：「是东吴周都督亲自此。」言未毕，忽一声梆子响，城上一齐都竖起鎗刀。敌楼上赵云出曰：「都督此行，端的为何？」瑜曰：「吾替汝主取西川，汝岂犹未知耶？」云曰：「孔明军师已知都督『假途灭虢』之计，故留赵云在此。吾主公有言：『孤与刘璋，皆汉室宗亲，安忍背义而取西川？若汝东吴端的取蜀，吾当披发入山，不失信于天下也。』」周瑜闻之，勒马便回。只见一人打著令字旗，于马前报说：「探得四路军马，一齐杀到：关某从江陵杀来，张飞从秭归杀来，黄忠从公安杀来，魏延从彝陵小路杀来：四路正不知多少军马。喊声远近震动百余里，皆言要捉周瑜。」瑜马上大叫一声，箭鎗复裂，墬于马下。正是：一著掑高难对敌，几番算定总成空。不知周瑜性命如何，且看下文解。 || Chapter 63, P063-016: 却说严颜在巴郡，闻刘璋差法正请玄德入川，拊心而叹曰：「此所谓独坐穷山，引虎自卫者也！」后闻玄德据住涪关，大怒，屡欲提兵往战，又恐这条路上有兵来。当日闻知张飞兵到，便点起本部五六千人马，准备迎敌。或献计曰：「张飞在当阳长阪，一声喝退曹兵百万之众。曹操亦闻风而避之，不可轻敌。今只宜深沟高垒，坚守不出。彼军无粮，不过一月，自然退去。更兼张飞性如烈火，专要鞭挞士卒；如不与战，必怒；怒则必以暴厉之气，待其军士；军心一变，乘势击之，张飞可擒也。」严颜从其言，教军士尽数上城守护。忽见一个军士，大叫：「开门！」严颜教放入问之。那军士告说是张将军差来的，把张飞言语依直便说。严颜大怒，骂曰：「匹夫怎敢无礼！吾严将军岂降贼者乎！借你口说与张飞！」唤武士把军士割下耳鼻，却放回寨。 || Chapter 64, P064-024: 张飞，赵云领命，各自引兵去了。孔明问：「前去有何处关隘？」蜀中降将曰：「止绵竹有重兵守御，若得绵竹，成都唾手可得。」孔明便商议进兵。法正曰：「雒城既破，蜀中危矣。主公欲以仁义服众，且勿进兵。某作一书上刘璋，陈说利害，璋自然降矣。」孔明曰：「孝直之言最善。」便令写书遣人迳往成都。",same_body_paragraph
刘禅,孙权,5,4,80;85;87;98,"Chapter 80, P080-029: 读罢祭文，孔明率众官恭上玉玺。汉中王受了，捧于坛上，再三推让曰：「备无才德，请择有才德者受之。」孔明奏曰：「王上平定四海，功德昭于天下，况是大汉宗派，宜即正位。已祭告天神，复何让焉？」文武各官，皆呼万岁。拜舞礼毕，改元章武元年。立妃吴氏为皇后，长子刘禅为太子。封次子刘永为鲁王，刘理为梁王。封诸葛亮为丞相，许靖为司徒。大小官僚，一一升赏。大赦天下。两川军民，无不欣跃。次日设朝，文武官僚拜毕，列为两班。先主降诏曰：「朕自桃园与关、张结义，誓同生死；不幸二弟云长，被东吴孙权所害。若不报雠，是负盟也。朕欲起倾国之兵，攻伐东吴，生擒逆贼，以雪此恨！」言未毕，班内一人，拜伏于阶下，谏曰：「不可。」先主视之，乃虎威将军赵云也。正是：君王未及行天讨，臣下曾闻进直言。未知子龙所谏若何，且看下文分解。 || Chapter 85, P085-026: 次日，后主车驾亲至相府。门吏见驾到，慌忙拜伏于地而迎。后主问曰；「丞相在何处？」门吏曰：「不知在何处。只有丞相钧旨，教挡住百官，勿得辄入。」后主乃下车步行，独进第三重门，见孔明独倚竹杖，在小池边观鱼。后主在后立久，乃徐徐而言曰：「丞相安乐否？」孔明回顾，见是后主，慌忙弃杖，拜伏于地曰：「臣该万死！」后主扶起，问曰；「今曹丕分兵五路，犯境甚急，相父缘何不肯出府视事？」孔明大笑，扶后主入内室坐定，奏曰：「五路兵至，臣安得不知？臣非观鱼，有所思也。」后主曰：「如之奈何？」孔明曰：「羌王轲比能，蛮王孟获，反将孟达，魏将曹真：此四路兵，臣已皆退去了也。止有孙权这一路兵，臣已有退兵之计，但须一能言之人为使。因未得其人，故熟思之。陛下何必忧乎？」 || Chapter 85, P085-028: 「此四路兵俱不足忧。臣尚恐不能全保，又密调关兴、张苞二将，各引兵三万，屯于紧要之处，为各路救应。此数处调遣之事，皆不曾经由成都，故无人知觉。只有东吴这一路兵，未必便动：如见四路兵胜，川中危急，必来相攻；若四路不济，安肯动乎？臣料孙权想曹丕三路侵吴之怨，必不肯从其言。虽然如此，须用一舌辩之士，迳往东吴，以利害说之，则先退东吴；其四路之兵，何足忧乎？但未得说吴之人，臣故踌躇。何劳陛下圣驾来临？」后主曰：「太后亦欲来见相父。今朕闻相父之言，如梦初觉，复何忧哉！」",same_body_paragraph
刘禅,曹丕,5,3,85;86;87,"Chapter 85, P085-024: 后主听罢大惊，即差近侍赍旨，宣召孔明入朝。使命去了半日，「回报丞相府下人言，丞相染病不出。」后主转慌；次日，又命黄门侍郎董允、谏议大夫杜琼，去丞相卧榻前，告此大事。董、杜二人，到丞相府前，皆不得入。杜琼曰：「先帝托孤于丞相，今主上初豋宝位，被曹丕五路兵犯境，军情至急，丞相何故推病不出？」良久，门吏传丞相令，言：「病体稍可，明早出都堂议事。」董、杜二人叹息而回。 || Chapter 85, P085-026: 次日，后主车驾亲至相府。门吏见驾到，慌忙拜伏于地而迎。后主问曰；「丞相在何处？」门吏曰：「不知在何处。只有丞相钧旨，教挡住百官，勿得辄入。」后主乃下车步行，独进第三重门，见孔明独倚竹杖，在小池边观鱼。后主在后立久，乃徐徐而言曰：「丞相安乐否？」孔明回顾，见是后主，慌忙弃杖，拜伏于地曰：「臣该万死！」后主扶起，问曰；「今曹丕分兵五路，犯境甚急，相父缘何不肯出府视事？」孔明大笑，扶后主入内室坐定，奏曰：「五路兵至，臣安得不知？臣非观鱼，有所思也。」后主曰：「如之奈何？」孔明曰：「羌王轲比能，蛮王孟获，反将孟达，魏将曹真：此四路兵，臣已皆退去了也。止有孙权这一路兵，臣已有退兵之计，但须一能言之人为使。因未得其人，故熟思之。陛下何必忧乎？」 || Chapter 85, P085-028: 「此四路兵俱不足忧。臣尚恐不能全保，又密调关兴、张苞二将，各引兵三万，屯于紧要之处，为各路救应。此数处调遣之事，皆不曾经由成都，故无人知觉。只有东吴这一路兵，未必便动：如见四路兵胜，川中危急，必来相攻；若四路不济，安肯动乎？臣料孙权想曹丕三路侵吴之怨，必不肯从其言。虽然如此，须用一舌辩之士，迳往东吴，以利害说之，则先退东吴；其四路之兵，何足忧乎？但未得说吴之人，臣故踌躇。何劳陛下圣驾来临？」后主曰：「太后亦欲来见相父。今朕闻相父之言，如梦初觉，复何忧哉！」",same_body_paragraph
刘表,孙乾,5,3,28;31;35,"Chapter 28, P028-024: 且说孙干匹马入冀州见玄德，具言前事。玄德曰：「简雍亦在此间，可暗请来同议。」少顷，简雍至，与孙干相见毕，共议脱身之计。雍曰：「主公明日见袁绍，只说要往荆州，说刘表共破曹操，便可乘机而去。」玄德曰：「此计大妙！但公能随我去否？」雍曰：「某亦自有脱身之计。」 || Chapter 28, P028-025: 商议已定。次日，玄德入见袁绍，告曰：「刘景升镇守荆襄九郡，兵精粮足，宜与相约，共攻曹操。」绍曰：「吾尝遣使约之，奈彼未肯相从。」玄德曰：「此人是备同宗，备往说，必无推阻。」绍曰：「若得刘表，胜刘辟多矣。」遂命玄德行。绍又曰：「近闻关云长已离了曹操，欲来河北；吾当杀之，以雪颜良，文丑，之恨！」玄德曰：「明公前欲用之，吾故召之。今何又欲杀之耶？且颜良、文丑比之二鹿耳，云长乃一虎也。失二鹿而得一虎，何恨之有？」绍笑曰：「吾固爱之，故戏言耳。公可再使人召之，令其速来。」玄德曰：「即遣孙干往召之可也。」 || Chapter 31, P031-025: 玄德大喜，便令孙干星夜往荆州。到郡入见刘表。礼毕，刘表问曰：「公从玄德，何故至此？」干曰：「刘使君天下英雄，虽兵微将寡，而志欲匡扶社稷。汝南刘辟、龚都素无亲故，亦以死报之。明公与使君，同为汉室之胄；今使君新败，欲往江东投孙仲谋。干谏言曰：『不可背亲而向书疏。荆州刘将军礼贤下士，士归之如水之投东，何况同宗乎？』因此使君特使干先来拜白，惟明公命之。」",same_body_paragraph
刘表,祢衡,5,1,23,"Chapter 23, P023-011: 时孔融在坐，恐操杀衡，乃从容进曰：「祢衡罪同胥靡，不足发明王之梦。」操指衡而言曰：「令汝往荆州为使。如刘表来降，便用汝作公卿。」衡不肯往。操备马三匹，令二人扶挟而行；却教手下文武，整酒于东门外送之。荀彧曰：「如祢衡来，不可起身。」衡至。下马入见，众皆端坐。衡放声大哭。荀彧问曰：「何为而哭？」衡曰：「行于死柩之中，如何不哭？」众皆曰：「吾等是死尸，汝乃无头狂鬼耳！」衡曰：「吾乃汉朝之臣，不作曹瞒之党，安得无头？」众欲杀之。苟彧急止之曰：「量鼠雀之辈，何足污刀！」衡曰：「吾乃鼠雀，尚有人性；汝等只可谓之蜾虫！」众恨而散。 || Chapter 23, P023-012: 衡至荆州，见刘表毕，虽颂德，实讥讽。表不喜，令去江夏见黄祖。或问表曰：「祢衡戏谑主公，何不杀之？」表曰：「祢衡数辱曹操，操不杀者，恐失人望；故令作使于我，欲借我手杀之，使我受害贤之名也。吾今遣去见黄祖，使曹操知我有识。」众皆称善。 || Chapter 23, P023-014: 嵩辞表，到许都见操。操遂拜嵩为侍中，领零陵太守。荀彧曰：「韩嵩来观动静，未有微功，重加此职。祢衡又无音耗，丞相遣而不问，何也？」操曰：「祢衡辱吾太甚，故借刘表手杀之，何必再问？」遂遣韩嵩回荆州说刘表。嵩回见表，称颂朝廷盛德，劝表遣子入侍。表大怒曰：「汝怀二心耶！」欲斩之。嵩大叫曰：「将军负嵩，嵩不负将军！」蒯良曰：「嵩未去之前，先有此言矣。」刘表遂赦之。",same_body_paragraph
刘表,郭嘉,5,4,18;32;33;34,"Chapter 18, P018-022: 却说简雍至许都见曹操，具言前事。操即聚众谋士议曰：「吾欲攻吕布，不忧袁绍掣肘，只恐刘表、张绣扰其后耳。」荀攸曰：「二人新破，未敢轻动。吕布骁勇，若更结连袁术，纵横淮、泗，急难图矣。」郭嘉曰：「今可乘其初叛，众心未附疾往击之。」 || Chapter 32, P032-007: 不一日，袁熙、高干皆领军到城外，屯兵三处，每日出兵与操相持。尚屡败，操兵屡胜。至建安八年春三月，操分路攻打，袁谭、袁熙、袁尚、高干皆大败，弃黎阳而走。操引兵迫至冀州。谭与尚入城坚守，熙与干离城三十里下寨，虚张声势。操兵连日攻打不下。郭嘉进曰：「袁氏废长立幼，而兄弟之间，权力相并，各自树党，急之则相救，缓之则相争，不如举兵南向荆州，征讨刘表，以候袁氏兄弟之变；变成而后击之，可一举而定也。」 || Chapter 33, P033-023: 并州既定，操商议西击乌桓。曹洪等曰：「袁熙、袁尚兵败将亡，势穷力尽。远投沙漠。我今引兵西击，倘刘备、刘表乘虚袭许都，我救应不及，为祸不浅矣。请回师勿进为上。」郭嘉曰：「诸公所言差矣：主公虽威震天下，沙漠之人，恃其边远，必不设备；乘其无备，卒然击之，必可破也。且袁绍与乌桓有恩，而尚与熙兄弟犹存，不可不除。刘表坐谈之客耳，自知才不足以御刘备，重任之，则恐不能制；轻任之，则备不为用。虽虚国远征，公无忧也。」操曰：「奉孝之言极是。」",same_body_paragraph
刘表,鲁肃,5,4,29;42;44;56,"Chapter 29, P029-029: 一日，众官皆散，权留鲁肃共饮，至晚同榻抵足而卧。夜半，权谓肃曰：「方今汉室倾危，四方纷扰；孤承父兄余业，思为桓文之事，君将何以教我？」肃曰：「昔汉高祖欲尊事义帝而不获者，以项羽为害也。今之曹操可比项羽，将军何由得为桓文乎？肃窃料汉室不可复兴，曹操不可卒除。为将军计，惟有鼎足江东以观天下之衅。今乘北方多务，剿除黄祖，进伐刘表，竟长江所极而据守之。然后建号帝王，以图天下，此高祖之业也。」 || Chapter 42, P042-022: 话分两头。却说江东孙权，屯兵柴桑郡，闻曹操大军至襄阳，刘琮已降，今又星夜兼道取江陵，乃集众谋士商议御守之策。鲁肃曰：「荆州与国邻接，江山险固，士民殷富。吾若据而有之，此帝王之资也。今刘表新亡，刘备新败，肃请奉命往江夏吊丧，因说刘备使抚刘表，众将同心一意，共破曹操；备若喜而从命，则大事可成矣。」权喜从其言，即遣鲁肃赍礼往江夏吊丧。 || Chapter 44, P044-008: 二人互相争辩，孔明只袖手冷笑。瑜曰：「先生何故哂笑？」孔明曰：「亮不笑别人，笑子敬不识时务耳。肃曰：「先生如何反笑我不识时务？」孔明曰：「公瑾主意欲降操，甚为合理。」瑜曰：「孔明乃识时务之士，必与吾有同心。」肃曰：「孔明，你也如何说此？」孔明曰：「操极善用兵，天下莫敢当。向只有吕布、袁绍、袁术、刘表敢与对敌。今数人皆被操灭，天下无人矣。独有刘豫州不识时务，强与争衡。今孤身江夏，存亡未保。将军决计降曹，可以保妻子，可以全富贵。国祚迁移，付之天命，何足惜哉！」",same_body_paragraph
刘表,黄盖,5,2,6;7,"Chapter 6, P006-016: 谁想数中一军，是袁绍乡人，欲假此为进身之计，连夜偷出营寨，来报袁绍。绍与之赏赐，暗留军中。次日，孙坚来辞袁绍曰：「坚抱小疾，欲归长沙，特来别公。」绍笑曰：「吾知公疾乃害传国玺耳。」坚失色曰：「此言何来？」绍曰：「今兴民讨贼，为国除害。玉玺乃朝廷之宝，公既获得，当对众留盟主处，候诛了董卓，复归朝廷。今匿之而去，意欲何为？」坚曰：「玉玺何由在吾处？」绍曰：「建章殿井中之物何在？」坚曰：「吾本无之，何强相逼？」绍曰：「作速取出，免自生祸。」坚指天为誓曰：「吾若果得此宝，私自藏匿，异日不得善终，死于刀箭之下！」众诸侯曰：「文台如此说誓，想必无之。」绍唤军士出曰：「打捞之时，有此人否？」坚大怒，拔所佩之剑，要斩那军士。绍亦拔剑曰：「汝斩军士，乃欺我也。」绍背后颜良、文丑皆拔剑出鞘。坚背后程普，黄盖，韩当，亦掣刀在手。众诸侯一齐劝住。坚随即上马，拔寨离洛阳而去。绍大怒，遂写书一封，差心腹人连夜往荆州，送与刺史刘表，教就路上截住夺之。 || Chapter 6, P006-020: 坚军方到，蒯越将阵摆开，当先出马。孙坚问曰：「蒯英度何故引兵截吾去路？」越曰：「汝既为汉臣，如何私匿传国之宝？可速留下，放汝归去！」坚大怒，命黄盖出战。蔡瑁舞刀来迎。斗到数合，黄盖挥鞭打瑁，正中护心镜。瑁拨回马走，孙坚乘势杀过界口。山背后金鼓齐鸣，乃刘表亲自引军来到。孙坚就马上施礼曰：「景升何故信袁绍之书，相逼邻郡！」表曰：「汝匿传国玺，将欲反耶？」坚曰：「吾若有此物，死于刀箭之下！」表曰：「汝若要我听信，将随军行李，任我搜看。」坚怒曰：「汝有何力，敢小觑我！」方欲交兵，刘表便退。坚纵马赶去，两山后伏兵齐起，背后蒯越、蔡瑁赶来，将孙坚困在垓心。正是：玉玺得来无用处，反因此宝动刀兵。毕竟孙坚怎地脱身，且听下文分解。 || Chapter 7, P007-001: 却说孙坚被刘表围住，亏得程普，黄盖，韩当，三将死救得脱，折兵大半，夺路引兵回江东。自此孙坚与刘表结怨。",same_body_paragraph
华歆,贾诩,5,2,79;80,"Chapter 79, P079-002: 于是曹丕安居王位，改建安二十五年为延康元年。封贾诩为太尉，华歆为相国，王朗为御史大夫。大小官僚，尽皆升赏。谥曹操曰武王，葬于邺郡高陵。令于禁董治陵事。禁奉命到彼，只见陵屋中白粉壁上，图画关云长水渰七军擒获于禁之事：画云长俨然上坐，庞德愤怒不屈，于禁拜伏于地，哀求乞命之状。原来曹丕以于禁兵败被擒，不能死节，既降敌而复归，心鄙其为人，故先令人图画陵屋粉壁，故意使之往见以愧之。当下于禁见此画像，又羞又恼，气愤成病，不久而死。后人有诗叹曰： || Chapter 79, P079-029: 是岁八月间，报称石邑县凤凰来仪，临淄城麒麟出现，黄龙现于邺郡。于是中郎将李伏、太史丞许芝商议：种种瑞征，乃魏当代汉之兆，可安排受禅之礼，令汉帝将天下让于魏王。遂同华歆、王朗、辛毗、贾诩、刘廙、刘晔、陈矫、陈群、桓阶等，一班文武官僚，四十余人，直入内殿，来奏汉献帝，请禅位于魏王曹丕。正是：魏家社稷今将建，汉代江山忽已移。未知献帝如何回答，且看下文分解。 || Chapter 80, P080-010: 帝颤栗不已。只见阶下披甲持戈数百余人，皆是魏兵。帝泣谓群臣曰：「朕愿将天下禅于魏王，幸留残喘，以终天年。」贾诩曰：「魏王必不负陛下。陛下可急降诏，以安众心。」帝只得令陈群草禅国之诏，令华歆赍捧诏玺，引百官直至魏王宫献纳。曹丕大喜。开读诏曰：",same_body_paragraph
司马师,诸葛亮,5,4,94;102;103;104,"Chapter 94, P094-011: 却说司马懿在宛城闲住，闻知魏兵累败于蜀，乃仰天长叹。懿长子司马师，字子元；次子司马昭，字子尚：二人素有大志，通晓兵书。当日侍立于侧，见懿长叹，乃问曰：「父亲何为长叹？」懿曰：「汝辈岂知大事耶？」司马师曰：「莫非叹魏主不用乎？」司马昭笑曰：「早晚必来宣召父亲也。」言未已，忽报天使持节至。懿听诏毕，遂调宛城诸路军马。忽又报金城太守申仪家人，有机密事求见。懿唤入密室问之。其人细说孟达欲反之事。更有孟达心腹人李辅并达外甥邓贤，随状出首。司马懿听毕，以手加额曰：「此乃皇上齐天之洪福也！诸葛亮兵在祁山，杀得内外人胆落；今天子不得已而幸长安，若旦夕不用吾时，孟达一举，两京破矣！此贼必通谋诸葛亮；吾先摛之，诸葛亮定然心寒，自退兵也。」长子司马师曰：「父亲可急写表申奏天子。」懿曰：「若等圣旨，往复一月之间，事无及矣。」即传令教人马起程，一日要行两日之路，如迟立斩；一面令参军梁畿赍檄星夜去新城，教孟达等准备进征，使其不疑。梁畿先行，懿在后发兵。行了二日，山坡下转出一军，乃是右将军徐晃，晃下马见懿，说：「天子驾到长安，亲拒蜀兵，今都督何往？」懿低言曰：「今孟达造反，吾去擒之耳。」晃曰：「某愿为先锋。」懿大喜，合兵一处。徐晃为前部，懿在中军，二子押后。又行了二日，前军哨马捉住孟达心腹人，搜出孔明回书，来见司马懿。懿曰：「吾不杀汝。汝从头细说。」其人只得将孔明、孟达往复之事，一一告说。懿看了孔明回书，大惊曰：「世间能者所见皆同。吾机先被孔明识破。幸得天子有福，获此消息。孟达今无能为矣。」遂星夜催军前行。 || Chapter 102, P102-014: 早有巡哨军飞报司马懿。懿唤诸将议曰：「孔明如此设施，其中必有计：彼以取北原为名，顺水来烧浮桥，乱吾后，却攻吾前也。」即传令与夏侯霸、夏侯威曰：「若听得北原发喊，便提兵于渭水南山之中，待蜀兵至击之。」又令张虎、乐（左糸右林），引二千弓弩手伏于渭水浮桥北岸：「若蜀兵乘木筏顺水而来，可一齐射之，休令近桥。」又传令郭淮、孙礼曰：「孔明来北原暗渡渭水，汝新立之营，人马不多，可尽伏于半路。若蜀兵午后渡水，黄昏时分，必来攻汝。汝诈败而走，蜀兵必追。汝等皆以弓弩射之。吾水陆并进。若蜀兵大至，只看我指挥击之。”各处下令已毕，又令二子──司马师、司马昭，──引兵救应前营。懿自引一军救北原。 || Chapter 103, P103-011: 却说孔明在祁山，欲为久驻之计，乃令蜀兵与魏民相杂种田：军一分，民二分，并不侵犯，魏民皆安心乐业。司马师入告其父曰：「蜀兵劫去我许多粮米，今又令蜀兵与我民相杂屯田于渭滨以为久计：似此真为国家大患。父亲何不与孔明约期大战一场，以决雌雄？」懿曰：「吾奉旨坚守，不可轻动。」",same_body_paragraph
司马师,郭淮,5,4,102;103;108;109,"Chapter 102, P102-014: 早有巡哨军飞报司马懿。懿唤诸将议曰：「孔明如此设施，其中必有计：彼以取北原为名，顺水来烧浮桥，乱吾后，却攻吾前也。」即传令与夏侯霸、夏侯威曰：「若听得北原发喊，便提兵于渭水南山之中，待蜀兵至击之。」又令张虎、乐（左糸右林），引二千弓弩手伏于渭水浮桥北岸：「若蜀兵乘木筏顺水而来，可一齐射之，休令近桥。」又传令郭淮、孙礼曰：「孔明来北原暗渡渭水，汝新立之营，人马不多，可尽伏于半路。若蜀兵午后渡水，黄昏时分，必来攻汝。汝诈败而走，蜀兵必追。汝等皆以弓弩射之。吾水陆并进。若蜀兵大至，只看我指挥击之。”各处下令已毕，又令二子──司马师、司马昭，──引兵救应前营。懿自引一军救北原。 || Chapter 103, P103-024: 懿见魏延只一人，军马又少,放心追之;令司马师在左，司马昭在右，懿自居中，一齐攻杀将来。魏延引五百兵皆退入谷中去。懿追到谷口，先令人入谷中哨探。叵报谷内并无伏兵，山上皆是草房。懿曰：「此必是积粮之所也。」遂大驱士马，尽入谷中。懿忽见草房上尽是干柴，前面魏延已不见了。懿心疑，谓二子曰：「倘有兵截断谷口如之奈何？」言未已，只听得喊声大震，山上一齐丢下火把来，烧断谷口。魏兵奔逃无路。山上火箭射下，地雷一齐突出，草房内干柴都著，刮刮杂杂，火势冲天。司马懿惊得手足无措，乃下马抱二子大哭曰：「我父子三人皆死于此处矣！」正哭之间，忽然狂风大作，黑气漫空，一声霹雳响处，骤雨倾盆。满谷之火，尽皆浇灭：地雷不震，火器无功。司马懿大喜曰：「不就此时杀出，便待时何！」即引兵奋力冲杀。张虎、乐𬘭亦引兵杀来接应。马岱军少，不敢追赶。司马懿父子与张虎、乐𬘭合兵一处，同归渭南大寨。不想寨栅已被蜀兵夺了。郭淮、孙礼正在浮桥上与蜀兵接战。司马懿等引兵杀到，蜀兵退去。懿烧断浮桥，据住北岸。 || Chapter 108, P108-001: 却说姜维正走，遇著司马师引兵拦截。原来姜维取雍州之时，郭淮飞报入朝。魏主与司马懿商议停当。懿遣长子司马师引兵五万，前来雍州助战。师听知郭淮敌退蜀兵，师料蜀兵势弱，就来半路击之；直赶到阳平关，却被姜维用武侯所传连弩法，于两边暗伏连弩百余张，一弩发十矢，皆是药箭。两边弩箭齐发，前军连人带马射死不知其数。司马师于乱军之中，逃命而回。",same_body_paragraph
司马徽,诸葛亮,5,4,36;37;38;57,"Chapter 36, P036-021: 玄德喜曰：「愿闻此人姓名。」庶曰：「此人乃瑯琊阳都人，覆姓诸葛，名亮，字孔明。乃汉司隶校尉诸葛丰之后其父名珪，字子贡，为泰山郡丞，早卒。亮从其叔玄。玄与荆州刘景升有旧，因往依之，遂家于襄阳。后玄卒，亮与弟诸葛均躬耕于南阳尝好为梁父吟。所居之地，有一冈，名卧龙冈，因自号为卧龙先生。此人乃绝代奇才，使君急宜枉驾见之。若此人肯相辅佐，何愁天下不定乎？」玄德曰：「昔水镜先生曾为备言：『伏龙、凤雏，两人得一，可安天下。』今所云莫非即伏龙、凤雏乎？」庶曰：「凤雏乃襄阳庞统也。伏龙正是诸葛孔明。」玄德踊跃曰：「今日方知伏龙、凤雏之语。何期大贤只在目前。非先生言，备有眼如盲也！」后人有赞徐庶走马荐诸葛诗曰： || Chapter 36, P036-023: 徐庶荐了孔明，再别玄德，策马而去。玄德闻徐庶之语，方悟司马德操之言，似醉方醒，如梦初觉，引众将回至新野，便具厚币，同关、张前去南阳请孔明。 || Chapter 37, P037-006: 却说玄德正安排礼物，欲往隆中谒诸葛亮，忽人报：「门外有一先生，峨冠博带，道貌非常，特来相探。」玄德曰：「此莫非即孔明否？」遂整衣出迎。视之，乃司马徽也。玄德大喜，请入后堂高坐，拜问曰：「备自别仙颜，日因军务倥偬，有失拜访。今得光降，大慰仰慕之私。」徽曰：「闻徐元直在此，特来一会。」玄德曰：「近因曹操囚其母，徐母遣人驰书唤回许昌去矣。」徽曰：「此中曹操之计矣！吾素闻徐母最贤，虽为操所囚，必不肯驰书召其子。此书必诈也。元直不去，其母尚存；今若去，母必死矣。」",same_body_paragraph
司马懿,曹操,5,5,39;67;69;77;106,"Chapter 39, P039-017: 却说曹操罢三公之职，自以丞相兼之，以毛玠为东曹掾；崔琰为西曹掾；司马懿为文学掾。懿字仲达，河内温人也：颍川太守司马隽之孙，京兆尹司马防之子，主簿司马朗之弟也。自是文官大备，乃聚武将商议南征。夏侯惇进曰：「近闻刘备在新野，每日教演士卒，必为后患，可早图之。」 || Chapter 67, P067-019: 曹操已得东川。主簿司马懿进曰：「刘备以诈力取刘璋、蜀人尚未归心。今主公已得汉中，益州震动。可速进兵攻之，势必瓦解。知者贵于乘时，时不可失也。」曹操叹曰：「人苦不知足，既得陇，复望蜀耶﹖」刘晔曰：「司马仲达之言是也。若少迟缓，诸葛亮明于治国而为相，关张等勇冠三军而为将，蜀民既定，据守关隘，不可犯矣。」操曰：「士卒远涉劳苦，且宜存恤。」遂按兵不动。 || Chapter 69, P069-014: 操见辂言累验，故不敢轻动，留居邺郡，使曹洪领兵五万，往助夏侯渊，张郃同守东川；又差夏侯惇领兵三万，于许都来往巡警，以备不虞；又教长史王必总督御林军马。主簿司马懿曰：「王必嗜酒性宽，恐不堪任此职。」操曰：「王必是孤披荆棘历艰难时相随之人，忠而且勤，心如铁石，最足相当。」遂委王必领御林军马屯于许都东华门外。时有一人姓耿，名纪，字季行，洛阳人也；旧为丞相府掾，后迁侍中少府，与司直韦晃甚厚；见曹操进封王爵，出入用天子车服，心甚不平。建安二十三年春正月，耿纪与韦晃密议曰：「操贼奸恶日甚，将来必为篡逆之事。吾等为汉臣，岂可同恶相济﹖」韦晃曰：「吾有心复人，姓金，名袆，乃汉相金日碑之后，素有讨操之心；更兼与王必甚厚。若得得同谋，大事济矣。」耿纪曰：「他既与王必交厚。岂肯与我同谋乎﹖」韦晃曰：「且往说之，看是如何。」",same_body_paragraph
司马懿,陆逊,5,3,96;97;98,"Chapter 96, P096-015: 权大喜，乃召陆逊，封为辅国大将军、平北都元帅，统御林大兵，摄行王事；授以白旄黄钺，文武百官，皆听约束。权亲自与逊执鞭。领命谢恩毕，乃保二人为左右都督，分兵以迎三道。权问何人，逊曰：「奋威将军朱桓、妥南将军全琮二人可为辅佐。」权从之，即命朱桓为左都督，全琮为右都督都。于是陆逊总率江南八十一州并荆湖之众七十余万，令朱桓在左，全琮在右，逊自居中，三路进兵。朱桓献策曰：「曹休以亲见任，非智勇之将也。今听周鲂诱言，深入重地，元帅以兵击之，曹休必败。败后必走两条路：左乃夹石，右乃桂车。此二路皆山僻小径，最为险峻。某愿与全子璜各引一军，伏于山险，先以柴木大石塞断其路，曹休可擒矣。若擒了曹休，便长驱直进，唾手而得寿春，以窥许、洛，乃万世一时也。」逊曰：「此非善策，吾自有妙用。」于是朱桓怀不平而退。逊令诸葛瑾等拒守江陵，以敌司马懿。诸路俱各调拨停当。 || Chapter 97, P097-001: 却说蜀汉建兴六年秋九月，,魏都督曹休被东吴陆逊大破于石亭，车仗马匹，军资器械，并皆罄尽。休惶恐之甚，气忧成病，到洛阳，疸发背而死，魏主曹叡敕令厚葬。司马懿引兵还。众将接入问曰：「曹都督兵败，即元帅之干系，何故急回耶？」懿曰：「吾料诸葛亮知吾兵败，必乘虚来取长安。倘陇西紧急，何人救之？吾故回耳。」众皆以为惧怯，晒笑而退。却说东吴遣使致书蜀中，请兵伐魏，并言大破曹休之事；一者显自己威风，二者通和会之好。后主大喜，令人持书至汉中，报知孔明。时孔明兵强马壮，粮草丰足，所用之物，一切完备，正要出师；听知此信，即设宴大会诸将，计议出师。忽一阵大风，自东北角上而起，把庭前松树吹折，众皆大惊。孔明就占一课，曰：「此风主损一大将！」诸将未信。正饮酒间，忽报镇南将军赵云长子赵统、次子赵广来见。孔明大惊，掷杯于地曰：「子龙休矣！」二子入见，拜哭曰：「某父昨夜三更病重而死。」孔明跌足而哭曰：「子龙身故，国家损一栋梁，去吾一臂也！」众将无不挥泪。孔明令二子入成都面君报丧。后主闻云死，放声大哭曰：「朕昔年幼，非子龙则死于乱军之中矣！」即下诏追赠大将军，谥顺平侯，敕葬于成都锦屏山之东；建立庙堂，四时享祭。后人有诗曰： || Chapter 98, P098-001: 却说司马懿奏曰：「臣尝奏陛下，言孔明必出陈仓，故以郝昭守之。今果然矣。彼若从陈仓入寇运粮甚便。今幸有郝昭、王双把守，不敢从此路运粮，其余小道，搬运艰难。臣算蜀兵行粮止有一月，利在急战。我军只宜久守。陛下可降诏，令曹真坚守诸路关隘，不要出战。不须一月，蜀兵自退。那时乘虚击之。诸葛亮可擒也。」叡欣然曰：「卿既有先见之明，何不自引一军以袭之？」懿曰：「臣非惜身重命，实欲存下此兵，以防东吴陆逊耳。孙权不久必僭号称尊，如称尊号，恐陛下伐之，定先入寇也。臣故欲以兵待之。」",same_body_paragraph
吉平,曹操,5,1,23,"Chapter 23, P023-018: 且说董承自刘玄德去后，日夜与王子服等商议，无计可施。建安五年，元旦朝贺，见曹操骄横愈甚，感愤成疾。帝知国舅染病，令随朝太医前去医治。此医乃洛阳人：姓吉，名太，字称平，人皆呼为吉平，当时名医也。平到董承府用药调治，旦夕不离；常见董承长吁短叹，不敢动问。 || Chapter 23, P023-019: 时值元宵，吉平辞去，承留住，二人共饮。饮至更余，承觉困倦，就和衣而睡。忽报王子服等四人至，承出接入。服曰：「大事谐矣！」承曰：「愿闻其说。」服曰：「刘表结连袁绍，起兵五十万，共分十路杀来。马腾结连韩遂，起西凉军七十二万，从北杀来。曹操尽起许昌兵马，分头迎敌，城中空虚。若聚五家僮仆，可得千余人。乘今夜府中大宴，庆赏元宵，将府围住，突入杀之。不可失此机会！」 || Chapter 23, P023-022: 时吉平辞归。承心中暗喜，步入后堂，忽见家奴秦庆童同侍妾云英在暗处私语。承大怒，唤左右捉下，欲杀之。夫人劝免其死，各人仗四十，将庆童锁于冷房。庆童怀恨，夤夜将铁锁扭断，跳墙而出，迳入曹操府中，告有机密事。操唤入密室问之。庆童云：「王子服，吴子兰，种辑，吴硕，马腾五人在家主府中商议机密，必然是谋丞相。家主将出白绢一段，不知写著甚的。近日吉平咬指为誓，我也曾见。」",same_body_paragraph
吕布,孙乾,5,3,16;19;31,"Chapter 16, P016-002: 玄德闻知此信，聚众商议。张飞要出战。孙干曰：「今小沛粮寡兵微，如何抵敌？可修书告急于吕布。」张飞曰：「那厮如何肯来！」玄德曰：「干之言善。」送修书与吕布。书略曰。伏自将军垂念，今备于小沛容身，实拜云天之德。今袁术欲报私雠，遣纪灵领兵到县，亡在旦夕，非将军莫能救。望驱一旅之师，以救倒悬之急，幸甚幸甚！ || Chapter 16, P016-025: 布听之，不从所请，攻城愈急。玄德与麋竺、孙干商议。孙干曰：「曹操所恨者，吕布也。不若弃城走许都，投奔曹操，借军破布，此为上策。」玄德曰：「谁可当先破围而出？」飞曰：「小弟情愿死战。」玄德令飞在前；云长在后；自居其中，保护老少。当夜三更，乘著月明出北门而走，正遇宋宪、魏续，被翼德一阵杀退，得出重围。后面张辽赶来，关公敌住。吕布见玄德去了，也不来赶，随即入城安民，令高顺守小沛，自己仍回徐州去了。 || Chapter 16, P016-026: 却说玄德前奔许都，到城外下寨，先使孙干来见曹操，言被吕布追迫，特来相投。操曰：「玄德与吾兄弟也。」便请入城相见。次日，玄德留关、张在城外，自带孙干、糜竺入见操。操待以上宾之礼。玄德备诉吕布之事。操曰：「布乃无义之辈，吾与贤弟并力诛之。」玄德称谢。操设宴相待，至晚送出。荀彧入见曰：「刘备英雄也，今不早图，后必为患。」",same_body_paragraph
吕蒙,诸葛亮,5,4,56;76;77;103,"Chapter 56, P056-017: 却说鲁肃回见周瑜，说玄德，孔明欢喜不疑，准备出城劳军。周瑜大笑曰：「原来今番也中了吾计！」便教鲁肃禀报吴侯，并遣程普引兵接应。周瑜此时箭疮已渐平愈，身躯无事，使甘宁为先锋，自与徐盛，丁奉为第二；凌统，吕蒙为后队。水陆大兵五百万，望荆州而来。周瑜在船中，时复欢笑，以为孔明中计。前军至夏口，周瑜问：「荆州有人在前面接否？」人报：「刘皇叔使糜竺来见都督。」瑜唤至，问劳军如何。糜竺曰：「主公皆准备安排下了。」瑜曰：「皇叔何在？」竺曰：「在荆州城门相等，与都督把盏。」瑜曰：「今为汝家之事，出兵远征；劳军之礼，休得轻易。」糜竺领了言语先回。战船密密排在江上，依次而进。看看至公安，并无一双军船，又无一人远接。周瑜催船速行。离荆州十余里，只见江面上静荡荡的。哨探的回报：「荆州城上，插两面白旗，并不见一人之影。」瑜心疑，教把船傍岸，亲自上岸，乘马带了甘宁，徐盛，丁奉一班军官，引亲随精军三千人，迳望荆州来。既至城下，并不见动静。瑜勒住马，令军士叫门。城上问是谁人。吴军答曰：「是东吴周都督亲自此。」言未毕，忽一声梆子响，城上一齐都竖起鎗刀。敌楼上赵云出曰：「都督此行，端的为何？」瑜曰：「吾替汝主取西川，汝岂犹未知耶？」云曰：「孔明军师已知都督『假途灭虢』之计，故留赵云在此。吾主公有言：『孤与刘璋，皆汉室宗亲，安忍背义而取西川？若汝东吴端的取蜀，吾当披发入山，不失信于天下也。』」周瑜闻之，勒马便回。只见一人打著令字旗，于马前报说：「探得四路军马，一齐杀到：关某从江陵杀来，张飞从秭归杀来，黄忠从公安杀来，魏延从彝陵小路杀来：四路正不知多少军马。喊声远近震动百余里，皆言要捉周瑜。」瑜马上大叫一声，箭鎗复裂，墬于马下。正是：一著掑高难对敌，几番算定总成空。不知周瑜性命如何，且看下文解。 || Chapter 76, P076-026: 言未毕，关平拔剑而前，欲斩诸葛瑾。公止之曰：「彼弟孔明在蜀，佐汝伯父，今若杀彼，伤其兄弟之情也。」遂令左右逐出诸葛瑾。瑾满面羞惭，上马出城，回见吴侯曰：「关公心如铁石，不可说也。」孙权曰：「真忠臣也！似此如之奈何？」吕范曰：「某请卜其休咎。」权即令卜之。范揲蓍成象，乃「地水师卦」，更有玄武临应，主敌人远奔。权问吕蒙曰：「卦主敌人远奔，卿以何策擒之？」蒙笑曰：「卦象正合某之机也。关公虽有冲天之翼，飞不出吾罗网矣！」正是：龙游沟壑遭虾戏，凤入牢笼被鸟欺。毕竟吕蒙之计若何，且看下文分解。 || Chapter 77, P077-019: 权大惊，慌忙率大小将士，皆下拜。只见吕蒙倒于地上，七窍流血而死。众将见之，无不恐惧。权将吕蒙尸首，具棺安葬，赠南郡太守潺陵侯；命其子吕霸袭爵。孙权自此感关公之事，惊讶不已。忽报张昭自建业而来。权君入问之。昭曰：「今主公损了关公父子，江东祸不远矣。此人与刘备桃园结义之时，誓同生死。今刘备已有两川之兵；更兼诸葛亮之谋，张、黄、马、赵之勇；备若知云长父子遇害，必起倾国之兵，奋力报雠：恐东吴难与敌也。」",same_body_paragraph
周瑜,太史慈,5,2,15;45,"Chapter 15, P015-021: 两军呐喊，这边夸胜，那边道强。太史慈出马，要与孙策决个胜负，策遂欲出。程普曰：「不须主公劳力，某自擒之。」程普出到阵前，太史慈曰：「你非我之敌手，只教孙策出马来！」程普大怒，挺鎗直取太史慈。两马相交，战到三十合，刘繇急鸣金收军。太史慈曰：「我正要捉拿贼将，何故收军？」刘繇曰：「人报周瑜领军袭取曲阿，有庐江松滋人陈武，字子烈，接应周瑜入去。吾家基业已失，不可久留。速往秣陵，会薛礼，笮融军马，急来接应。」 || Chapter 15, P015-022: 太史慈跟著刘繇退军，孙策不赶，收住人马。长史张昭曰：「彼军被周瑜袭取曲阿，无恋战之心，今夜正好劫营。」孙策然之，当夜分军五路，长驱大进。刘繇军兵大败，众皆四纷五落。太史慈独力难当，引十数骑连夜投泾县去了。 || Chapter 15, P015-027: 却说太史慈招得精壮二千余人，并所部兵，正要来与刘繇报雠。孙策与周瑜商议活捉太史慈之计。瑜令三面攻县，只留东门放走；离城二十五里，三路各伏一军，太史慈到那里，人马困乏，必然被擒。原来太史慈所招军大半是山野之民，不谙纪律。泾县城头，苦不甚高。夜孙策命陈武短衣持刀，首先爬上城放火。太史慈见城上火起，上马投东门走，背后孙策引军赶来。",same_body_paragraph
周瑜,曹洪,5,2,50;51,"Chapter 50, P050-023: 操分拨已定，遂上马引众奔回许昌。荆州原降文武各官，依旧带回许昌调用。曹仁自遗曹洪据守彝陵，南郡，以防周瑜。 || Chapter 51, P051-018: 却说曹洪，曹纯，牛金闻周瑜兵将至，先使人往南郡报知曹仁，一面分兵拒敌。及吴兵至，曹兵迎之。比及交锋，甘宁，周泰分两路杀出，曹兵大乱，吴兵四下掩杀。曹洪，曹纯，牛金，果然投小路而走；却被乱柴塞道，马不能行，尽皆弃马而走。吴兵得马五百余匹。周瑜驱兵星夜赶到南郡，正遇曹仁军来救彝陵。两军接著，混战一场。天色已晚，各自收兵。 || Chapter 51, P051-020: 却说周瑜救出甘宁，陈兵于南郡城外。见曹兵分三门而出，瑜上将台观看。只见女墙边虚插旌旗，无人守护；又见军士腰下各束缚包里。瑜暗忖曹仁必先准备走路，遂下将台号令，分布两军为左右翼；如前军得胜，只顾向前追赶，直待鸣金，方许退步。命程普督后军，瑜亲自引军取城。对阵鼓声响处，曹洪出马搦战。瑜自至门旗下，使韩当出马，与曹洪交锋。战到三十余合，洪败走。曹仁自出接战。周泰纵马相迎。斗十余合，仁亦败走，阵势错乱。",same_body_paragraph
夏侯霸,诸葛亮,5,3,102;103;104,"Chapter 102, P102-014: 早有巡哨军飞报司马懿。懿唤诸将议曰：「孔明如此设施，其中必有计：彼以取北原为名，顺水来烧浮桥，乱吾后，却攻吾前也。」即传令与夏侯霸、夏侯威曰：「若听得北原发喊，便提兵于渭水南山之中，待蜀兵至击之。」又令张虎、乐（左糸右林），引二千弓弩手伏于渭水浮桥北岸：「若蜀兵乘木筏顺水而来，可一齐射之，休令近桥。」又传令郭淮、孙礼曰：「孔明来北原暗渡渭水，汝新立之营，人马不多，可尽伏于半路。若蜀兵午后渡水，黄昏时分，必来攻汝。汝诈败而走，蜀兵必追。汝等皆以弓弩射之。吾水陆并进。若蜀兵大至，只看我指挥击之。”各处下令已毕，又令二子──司马师、司马昭，──引兵救应前营。懿自引一军救北原。 || Chapter 103, P103-037: 却说司马懿在营中坚守，忽一夜仰观天文，大喜，谓夏侯霸曰：「吾见将星失位，孔明必然有病，不久便死。你可引一千军去五丈原哨探。若蜀人攘乱不出接战，孔明必然患病矣。吾当乘势击之。」霸引兵而去。 || Chapter 104, P104-002: 魏延领命,出帐上马,引兵杀出寨来。夏侯霸见了魏延,慌妄引军退走。延追赶二十余里方回。孔明令魏延自回本寨把守。",same_body_paragraph
太史慈,孔融,5,1,11,"Chapter 11, P011-006: 次日，孔融登城遥望，贼势浩大，倍添忧恼。忽见城外一人挺鎗跃马杀入贼阵，左冲右突，如入无人之境，直到城下大叫：「开门！」孔融不识其人，不敢开门。贼众赶到河边，那人回身连搠十数人下马，贼众倒退，融急命开门引入。其人下马弃鎗，迳到城上，拜见孔融。融问其姓名对曰：「某东莱黄县人也：覆姓太史，名慈，字子义。老母重蒙恩顾。某昨自辽东回家省亲，知贼寇城，老母说：『屡受府君深恩，汝当往救。』某故单马而来。」孔融大喜。原来孔融与太史慈，虽未识面，却晓得他是个英雄。因他远出，有老母住在离城二十里之外，融常使人遣以粟帛；母感融德，故特使慈来救。 || Chapter 11, P011-007: 当下孔融重待太史慈，赠与衣甲鞍马。慈曰：「某愿借精兵一千，出城杀贼。」融曰：「君虽英勇，然贼势甚盛，不可轻出。」慈曰：「老母感君厚德，特遣慈来；如不能解围，慈亦无颜见母矣。愿决一死战。」融曰：「吾闻刘玄德乃当世英雄，若请得他来相救此围自解；只无人可使耳。」慈曰：「府君修书，某当急往。」融喜，修书付慈。慈擐甲上马，腰带弓矢，手时铁鎗，饱食严装，城门开处，一骑飞出。近河，贼将率众来战，慈连搠死数人，透围而出。管亥知有人出城，料必是请救兵的，便自引数百骑赶来，八面围定。慈倚住鎗，拈弓搭箭，八面射之，无不应弦落马。贼众不敢来追。 || Chapter 11, P011-008: 太史慈得脱，星夜投平原来见刘玄德。施礼罢，具言孔北海被围求救之事，呈上书札。玄德看毕，问慈曰：「足下何人？」慈曰：「某太史慈，东海之鄙人也。与孔融亲非骨肉，比非乡党，特以气谊相投，有分忧共患之意。今管亥暴乱，北海被围，孤穷无告，危在旦夕。闻君仁义素著，能救人危急，故特令某冒锋突围，前来求救。」玄德敛容答曰：「孔北海知世间有刘备耶？」乃同云长、翼德点精兵三千，往北海郡进发。",same_body_paragraph
太史慈,孙权,5,3,15;50;53,"Chapter 15, P015-030: 次日，立竿于营门以候日影。恰将日中，太史慈引一千余众到寨。孙策大喜。众皆服策之知人。于是孙策聚数万之众，下江东，安民恤众，投者无数。江东之民，皆呼策为孙郎。但闻孙郎兵至，皆丧胆而走。及策军到，并不许一人掳掠，鸡犬不惊，人民皆悦，赍牛酒到寨劳军。策以金帛答之，懽声遍野。其刘繇旧军愿从军者听从，不愿为军者给赏归农。江南之民，无不仰颂。由是兵势大盛。策乃迎母叔诸弟俱归曲阿，使弟孙权与周泰守宣城。策领兵南取吴郡。 || Chapter 50, P050-006: 操此时指望合淝有兵救应，不想孙权在合淝路口，望见江中火光，知是我军得胜，便教陆逊举火为号；太史慈见了，与陆逊合兵一处，冲杀将来。操只得望彝陵而走。路上撞见张郃，操令断后。纵马加鞭，走至五更，回望火光渐远，操心方定，问曰：「此是何处？」左右曰：「此是乌林之西，宜都之北。」 || Chapter 53, P053-021: 权抚掌大笑，同至帐中，大设饮宴，犒劳鏖战将士，商议破合淝之策。忽报张辽差人来下战书。权拆书观毕，大怒曰：「张辽欺吾太甚！汝闻程普军来，故意使人搦战！来日吾不用新军赴敌，看我大战一场！」传令当夜五更，三军出寨，望合淝进发。辰时左右，军马行至半途，曹兵己到，两边布成阵势。孙权金盔金甲，披挂出马；左宋谦、右贾华，二将使方天画戟，两边护卫。三通鼓罢，曹军阵中，门旗两开，三员将全装贯带，立于阵前：中央张辽，左边李典，右边乐进。张辽纵马当先，专搦孙权决战。权绰鎗欲自战，阵门中一将挺鎗骤马早出，乃太史慈也。张辽挥刀来迎，两将战有七八十合，不分胜负。曹阵上李典谓乐进曰：「对面金盔者，孙权也。若捉得孙权，足可与八十三万大军报雠。」",same_body_paragraph
孔融,荀彧,5,3,22;23;40,"Chapter 22, P022-020: 孔融闻之，来见操曰：「袁绍势大，不可与战，只可与和。」荀彧曰：「袁绍无用之人，何必议和？」融曰：「袁绍土广民强。其部下如许攸，郭图，审配，逢纪，皆智谋之士；田丰，沮授，皆忠臣也；颜良，文丑，勇冠三军；其余高览，张郃，淳于琼，等俱世之名将，──何谓绍为无用之人乎？」彧笑曰：「绍兵多而不整；田丰刚而犯上，许攸贪而不智，审配专而无谋，逢纪果而无用，此四人者，势不相容，必生内变。颜良，文丑，匹夫之勇，一战可擒。其余碌碌等辈，纵有百万，何足道哉！」 || Chapter 22, P022-021: 孔融默然。操大笑曰：「皆不出荀文若之料。」遂唤前军刘岱、后军王忠引军五万，打著丞相旗号，去徐州攻刘备。原来刘岱旧为衮州刺史；及操取衮州，岱降于操，操用为偏将，故今差他与王忠一同领兵。操却自引大军二十万，进黎阳，拒袁绍。程昱曰：「恐刘岱、王忠不称其使。」操曰：「吾亦知非刘备敌手，权且虚张声势。」分付：「不可轻进。待我破绍，再勒兵破备。」刘岱、王忠领兵去了。曹操自引兵至黎阳。两军隔八十里，各自深沟高垒，相持不战。自八月守至十月。原来许攸不乐审配领兵，沮授又恨绍不用其谋，各不相和，不图进取。袁绍心怀疑惑，不思进兵。操乃唤吕布手下降将臧霸把守青、徐；于禁、李典屯兵河上；曹仁总督大军，屯于官渡。操自引一军，竟回许都。 || Chapter 23, P023-011: 时孔融在坐，恐操杀衡，乃从容进曰：「祢衡罪同胥靡，不足发明王之梦。」操指衡而言曰：「令汝往荆州为使。如刘表来降，便用汝作公卿。」衡不肯往。操备马三匹，令二人扶挟而行；却教手下文武，整酒于东门外送之。荀彧曰：「如祢衡来，不可起身。」衡至。下马入见，众皆端坐。衡放声大哭。荀彧问曰：「何为而哭？」衡曰：「行于死柩之中，如何不哭？」众皆曰：「吾等是死尸，汝乃无头狂鬼耳！」衡曰：「吾乃汉朝之臣，不作曹瞒之党，安得无头？」众欲杀之。苟彧急止之曰：「量鼠雀之辈，何足污刀！」衡曰：「吾乃鼠雀，尚有人性；汝等只可谓之蜾虫！」众恨而散。",same_body_paragraph
孙权,孟获,5,3,85;87;88,"Chapter 85, P085-021: 丕问何五路？懿曰：「可修书一封，差使往辽东鲜卑国，王轲比能，赂以金帛，令起辽西羌兵十万，先从旱路取西平关：此一路也。再修书遣使赍官诰赏赐，直入南蛮见蛮王孟获，令起兵十万，攻打益州、永昌、牂牁、越隽四郡，以击西川之南：此二路也。再遣使入吴修好，许以割地，令孙权起兵十万，攻两川夹口，径取涪城：此三路也。又可遣使至降将孟达处，起上庸兵十万，西攻汉中：此四路也。然后命大将军曹真为大都督，提兵十万，由京兆径出阳平关取西川：此五路也。共大兵五十万，五路并进。诸葛亮便有吕望之才，安能当此乎？」 || Chapter 85, P085-023: 建兴元年秋八月，忽有边报说：「魏调五路大兵，来取西川：第一路，曹真为大都督，起兵十万，取阳平关；第二路，乃反将孟达，起上庸兵十万，犯汉中；第三路，乃东吴孙权，起精兵十万，取峡口入川；第四路，乃蛮王孟获，起蛮兵十万，犯益州四郡；第五路，乃番王轲比能，起羌兵十万，犯西平关－此五路军马，甚是利害。已先报知丞相，丞相不知为何，数日不出视事。」 || Chapter 85, P085-026: 次日，后主车驾亲至相府。门吏见驾到，慌忙拜伏于地而迎。后主问曰；「丞相在何处？」门吏曰：「不知在何处。只有丞相钧旨，教挡住百官，勿得辄入。」后主乃下车步行，独进第三重门，见孔明独倚竹杖，在小池边观鱼。后主在后立久，乃徐徐而言曰：「丞相安乐否？」孔明回顾，见是后主，慌忙弃杖，拜伏于地曰：「臣该万死！」后主扶起，问曰；「今曹丕分兵五路，犯境甚急，相父缘何不肯出府视事？」孔明大笑，扶后主入内室坐定，奏曰：「五路兵至，臣安得不知？臣非观鱼，有所思也。」后主曰：「如之奈何？」孔明曰：「羌王轲比能，蛮王孟获，反将孟达，魏将曹真：此四路兵，臣已皆退去了也。止有孙权这一路兵，臣已有退兵之计，但须一能言之人为使。因未得其人，故熟思之。陛下何必忧乎？」",same_body_paragraph
孙权,曹叡,5,4,98;103;105;106,"Chapter 98, P098-035: 却说魏主曹叡设朝，近臣奏曰：「陈仓城已失，郝昭已亡，诸葛亮又出祁山，散关亦被蜀兵夺了。」叡大惊。忽又奏满宠等有表，说：「东吴孙权僭称帝号，与蜀同盟，今遣陆逊在武昌训练人马，听候调用。只在旦夕，必入寇矣。」 || Chapter 103, P103-004: 却说曹叡闻孙权分兵三路而来，亦起兵三路迎之：命刘劭引兵救江夏，田豫引兵救襄阳，叡自与满宠率大军救合淝。满宠先引一军至巢湖口，望见东岸战船无数，旌旗整肃。宠入军中秦魏主曰：「吴人必轻我远来，未曾隄备今夜可乘虚劫其水寨必得全胜。」魏主曰：「汝言正合朕意。」即令骁将张球领五千兵,各带火具,从湖口攻之;满宠引兵五千，从东岸攻之。 || Chapter 103, P103-007: 众服其言。陆逊即具表,遗一小校密地赍往新城。小校领命，赍看表文，行至渡口，不期被魏军伏路的捉住，解赴军中见魏主曹叡。叡搜出陆逊表文，览毕，叹曰：「东吴陆逊，真妙算也许！」遂命将吴卒监下，命刘劭谨防孙权后兵。",same_body_paragraph
孙权,曹真,5,2,85;98,"Chapter 85, P085-021: 丕问何五路？懿曰：「可修书一封，差使往辽东鲜卑国，王轲比能，赂以金帛，令起辽西羌兵十万，先从旱路取西平关：此一路也。再修书遣使赍官诰赏赐，直入南蛮见蛮王孟获，令起兵十万，攻打益州、永昌、牂牁、越隽四郡，以击西川之南：此二路也。再遣使入吴修好，许以割地，令孙权起兵十万，攻两川夹口，径取涪城：此三路也。又可遣使至降将孟达处，起上庸兵十万，西攻汉中：此四路也。然后命大将军曹真为大都督，提兵十万，由京兆径出阳平关取西川：此五路也。共大兵五十万，五路并进。诸葛亮便有吕望之才，安能当此乎？」 || Chapter 85, P085-023: 建兴元年秋八月，忽有边报说：「魏调五路大兵，来取西川：第一路，曹真为大都督，起兵十万，取阳平关；第二路，乃反将孟达，起上庸兵十万，犯汉中；第三路，乃东吴孙权，起精兵十万，取峡口入川；第四路，乃蛮王孟获，起蛮兵十万，犯益州四郡；第五路，乃番王轲比能，起羌兵十万，犯西平关－此五路军马，甚是利害。已先报知丞相，丞相不知为何，数日不出视事。」 || Chapter 85, P085-026: 次日，后主车驾亲至相府。门吏见驾到，慌忙拜伏于地而迎。后主问曰；「丞相在何处？」门吏曰：「不知在何处。只有丞相钧旨，教挡住百官，勿得辄入。」后主乃下车步行，独进第三重门，见孔明独倚竹杖，在小池边观鱼。后主在后立久，乃徐徐而言曰：「丞相安乐否？」孔明回顾，见是后主，慌忙弃杖，拜伏于地曰：「臣该万死！」后主扶起，问曰；「今曹丕分兵五路，犯境甚急，相父缘何不肯出府视事？」孔明大笑，扶后主入内室坐定，奏曰：「五路兵至，臣安得不知？臣非观鱼，有所思也。」后主曰：「如之奈何？」孔明曰：「羌王轲比能，蛮王孟获，反将孟达，魏将曹真：此四路兵，臣已皆退去了也。止有孙权这一路兵，臣已有退兵之计，但须一能言之人为使。因未得其人，故熟思之。陛下何必忧乎？」",same_body_paragraph
孙策,袁绍,5,5,16;21;28;29;120,"Chapter 16, P016-043: 登点头允诺，回徐州见吕布。布问之，登言父赠禄，某为太守。布大怒曰：「汝不为吾求徐州牧，而乃自求爵禄！汝父教我协同曹公，绝婚公路，今吾所求，终无一获，而汝父子俱各显贵，吾为汝父子所卖耳！」遂拔剑欲斩之。登大笑曰：「将军何其不明之甚也！」布曰：「吾何不明？」登曰：「吾见曹公，言养将军譬如养虎，当饱其肉；不饱则将噬人。」曹公笑曰：「不如卿言。吾待温侯，如养鹰耳，狐兔未息，不敢先饱。饥则为用，饱则飏去。」某问：「谁为狐兔？」曹公曰：「淮南袁术、江东孙策、冀州袁绍、荆州刘表、益州刘璋、汉中张鲁，皆狐兔也。」布掷剑笑曰：「曹公知我也！」正说话间，忽报袁术军来取徐州。吕布闻言失惊。正是：秦晋未谐吴越斗，婚姻惹出甲兵来。毕竟后事如何。且看下文分解。 || Chapter 21, P021-008: 玄德曰：「备肉眼安识英雄？」操曰：「休得过谦。」玄德曰：「备叨恩庇，得仕于朝。天下英雄，实有未知。」操曰：「既不识其面，亦闻其名。」玄德曰：「淮南袁术，兵粮足备，可谓英雄。」操笑曰：「冢中枯骨，吾早晚必擒之！」玄德曰：「河北袁绍，四世三公，门多故吏；今虎踞冀州之地，部下能事者极多，可谓英雄。」操笑曰：「袁绍色厉胆薄，好谋无断；干大事而惜身，见小利而忘命：非英雄也。」玄德曰：「有一人名称八骏，威镇九州──刘景升可为英雄。」操曰：「刘表虚名无实，非英雄也。」玄德曰：「有一人血气方刚，江东领袖──孙伯苻乃英雄也。」操曰：「孙策藉父之名，非英雄也。」玄德曰：「益州刘季玉，可为英雄乎？」操曰：「刘璋虽系宗室，乃守户之犬耳，何足为英雄！」玄德曰：「如张绣、张鲁、韩遂等辈皆何如？」操鼓掌大笑曰：「此等碌碌小人，何足挂齿！」玄德曰：「舍此之外，备实不知。」操曰：「夫英雄者，胸怀大志，腹有良谋；有包藏宇宙之机，吞吐天地之志者也。」玄德曰：「谁能当之？」操以手指玄德，后自指曰：「今天下英雄，惟使君与操耳。」 || Chapter 28, P028-033: 且说袁绍见玄德不回，大怒，欲起兵伐之。郭图曰：「刘备不足虑。曹操乃劲敌也，不可不除。刘表虽据荆州，不足为强。江东孙伯符威镇三江，地连六郡，谋臣武士极多，可使人结之，共攻曹操。」绍从其言，即修书遣陈震为使，来会孙策。正是：只因河北英雄去，引出江东豪杰来。未知其事如何，且看下文分解。",same_body_paragraph
孟获,孟达,5,2,85;86,"Chapter 85, P085-021: 丕问何五路？懿曰：「可修书一封，差使往辽东鲜卑国，王轲比能，赂以金帛，令起辽西羌兵十万，先从旱路取西平关：此一路也。再修书遣使赍官诰赏赐，直入南蛮见蛮王孟获，令起兵十万，攻打益州、永昌、牂牁、越隽四郡，以击西川之南：此二路也。再遣使入吴修好，许以割地，令孙权起兵十万，攻两川夹口，径取涪城：此三路也。又可遣使至降将孟达处，起上庸兵十万，西攻汉中：此四路也。然后命大将军曹真为大都督，提兵十万，由京兆径出阳平关取西川：此五路也。共大兵五十万，五路并进。诸葛亮便有吕望之才，安能当此乎？」 || Chapter 85, P085-023: 建兴元年秋八月，忽有边报说：「魏调五路大兵，来取西川：第一路，曹真为大都督，起兵十万，取阳平关；第二路，乃反将孟达，起上庸兵十万，犯汉中；第三路，乃东吴孙权，起精兵十万，取峡口入川；第四路，乃蛮王孟获，起蛮兵十万，犯益州四郡；第五路，乃番王轲比能，起羌兵十万，犯西平关－此五路军马，甚是利害。已先报知丞相，丞相不知为何，数日不出视事。」 || Chapter 85, P085-026: 次日，后主车驾亲至相府。门吏见驾到，慌忙拜伏于地而迎。后主问曰；「丞相在何处？」门吏曰：「不知在何处。只有丞相钧旨，教挡住百官，勿得辄入。」后主乃下车步行，独进第三重门，见孔明独倚竹杖，在小池边观鱼。后主在后立久，乃徐徐而言曰：「丞相安乐否？」孔明回顾，见是后主，慌忙弃杖，拜伏于地曰：「臣该万死！」后主扶起，问曰；「今曹丕分兵五路，犯境甚急，相父缘何不肯出府视事？」孔明大笑，扶后主入内室坐定，奏曰：「五路兵至，臣安得不知？臣非观鱼，有所思也。」后主曰：「如之奈何？」孔明曰：「羌王轲比能，蛮王孟获，反将孟达，魏将曹真：此四路兵，臣已皆退去了也。止有孙权这一路兵，臣已有退兵之计，但须一能言之人为使。因未得其人，故熟思之。陛下何必忧乎？」",same_body_paragraph
孟获,曹真,5,2,85;86,"Chapter 85, P085-021: 丕问何五路？懿曰：「可修书一封，差使往辽东鲜卑国，王轲比能，赂以金帛，令起辽西羌兵十万，先从旱路取西平关：此一路也。再修书遣使赍官诰赏赐，直入南蛮见蛮王孟获，令起兵十万，攻打益州、永昌、牂牁、越隽四郡，以击西川之南：此二路也。再遣使入吴修好，许以割地，令孙权起兵十万，攻两川夹口，径取涪城：此三路也。又可遣使至降将孟达处，起上庸兵十万，西攻汉中：此四路也。然后命大将军曹真为大都督，提兵十万，由京兆径出阳平关取西川：此五路也。共大兵五十万，五路并进。诸葛亮便有吕望之才，安能当此乎？」 || Chapter 85, P085-023: 建兴元年秋八月，忽有边报说：「魏调五路大兵，来取西川：第一路，曹真为大都督，起兵十万，取阳平关；第二路，乃反将孟达，起上庸兵十万，犯汉中；第三路，乃东吴孙权，起精兵十万，取峡口入川；第四路，乃蛮王孟获，起蛮兵十万，犯益州四郡；第五路，乃番王轲比能，起羌兵十万，犯西平关－此五路军马，甚是利害。已先报知丞相，丞相不知为何，数日不出视事。」 || Chapter 85, P085-026: 次日，后主车驾亲至相府。门吏见驾到，慌忙拜伏于地而迎。后主问曰；「丞相在何处？」门吏曰：「不知在何处。只有丞相钧旨，教挡住百官，勿得辄入。」后主乃下车步行，独进第三重门，见孔明独倚竹杖，在小池边观鱼。后主在后立久，乃徐徐而言曰：「丞相安乐否？」孔明回顾，见是后主，慌忙弃杖，拜伏于地曰：「臣该万死！」后主扶起，问曰；「今曹丕分兵五路，犯境甚急，相父缘何不肯出府视事？」孔明大笑，扶后主入内室坐定，奏曰：「五路兵至，臣安得不知？臣非观鱼，有所思也。」后主曰：「如之奈何？」孔明曰：「羌王轲比能，蛮王孟获，反将孟达，魏将曹真：此四路兵，臣已皆退去了也。止有孙权这一路兵，臣已有退兵之计，但须一能言之人为使。因未得其人，故熟思之。陛下何必忧乎？」",same_body_paragraph
孟达,曹操,5,4,60;72;73;76,"Chapter 60, P060-022: 次日，张松见刘璋。璋问：「干事若何？」松曰：「操乃汉贼，欲篡天下，不可为言。彼已有取川之心。」璋曰：「似此如之奈何？」松曰：「松有一谋，使张鲁，曹操必不敢轻犯西川。」璋曰：「何计？」松曰：「荆州刘皇叔，与主公同宗，仁慈宽厚，有长者风。赤壁鏖兵之后，操闻之而胆裂，何况张鲁乎？主公何不遣使结好，使为外援？可以拒曹操张鲁矣。」璋曰：「吾亦有此心久矣。谁可为使？」松曰：「非法正，孟达，不可往也。」璋即召二人入，修书一封，令法正为使，先通情好；次遣孟达领精兵五千，迎玄德入川为援。 || Chapter 60, P060-029: 临行时，忽廖化引一军来降。玄德便教廖化辅佐云长，以拒曹操。是年冬月，引兵望西川进发。行不数程，孟达接著，拜见玄德，说刘益州令某领兵五千远来迎接。玄德使人入益州，先报刘璋。璋便发书告报沿途州郡，供给钱粮。璋欲自出涪城亲接玄德，即下令准备车乘帐幔，旌旗铠甲，务要鲜明。主簿黄权入谏曰：「主公此去，必被刘备所害。某食禄多年，不忍主公中他人奸计，望三思之。」张松曰：「黄权此言，疏间宗族之义，滋长寇盗之威，实无益于主公。」璋乃叱权曰：「吾意已决，汝何逆吾！」 || Chapter 72, P072-006: 曹操见玄德背水下寨，心中疑惑，使人来下战书。孔明批来日决战。次日，两军会于中路五界山前，排成阵势。操出马立于门旗下，两行布列龙凤旌旗，擂鼓三通，唤玄德答话。玄德引刘封，孟达，并川中诸将而出。操扬鞭大骂曰：「刘备忘恩失义，反叛朝廷之贼！」玄德曰：「吾乃大汉宗亲，奉诏讨贼。汝上弑母后，自立为王，僭用天子銮舆，非反而何？」",same_body_paragraph
孟达,魏延,5,5,62;65;71;85;86,"Chapter 62, P062-030: 却说玄德令黄忠，魏延各守一寨，自回涪城，与军师庞统商议。细作报说：「东吴孙权遣人结好东川张鲁，将欲来攻葭萌关。」玄德惊曰：「若葭萌关有失，截断后路，吾进退不得，当如之何？」庞统谓孟达曰：「公乃蜀中人，多知地理，去守葭萌关，如何？」达曰：「某保一人与某同去守关，万无一失。」玄德问何人。达曰：「此人曾在荆州刘表部下为中郎将，乃南郡枝江人。姓霍，名峻，字仲邈。」玄德大喜，即时遣孟达，霍峻守葭萌关去了。 || Chapter 65, P065-027: 玄德从之，设一大宴，请刘璋收拾财物，佩领振威将军印绶，将妻子良贱，尽赴南郡公安住歇，即日起行。玄德自领益州牧，其所降文武，尽皆重赏，定拟名爵。严颜为前将军，法正为蜀郡太守，董和为掌军中郎将，许靖为左将军长史，庞义为营中司马，刘巴为左将军，黄权为右将军。其余吴懿，费观，彭羕，卓膺，李严，吴兰，雷同，李恢，张翼，秦宓，谯周，吕义，霍峻，邓芝，杨洪，周群，费袆，费诗，孟达，……文武投降官员，共六十余人，并皆擢用。诸葛亮军师，关云长为荡寇将军汉寿亭侯，张飞为征远将军新亭侯，赵云为镇远将军，黄忠为征西将军，魏延为扬武将军，马超为平西将军。孙干，简雍，糜竺、糜芳，刘封，关平，周仓，廖化，马良，马谡，蒋琬，伊籍，及旧日荆襄一班文武官员，尽皆升赏。遣使赍黄金五百斤，白银一千斤，钱五千万，蜀锦一千疋，赐与云长。其余官将，给赐有差。杀牛宰马，大饷士卒，开仓赈济百姓，军民大悦。 || Chapter 71, P071-001: 却说孔明分付黄忠：「你既要去，吾教法正助你。凡事计议而行。吾随后拨人马来接应。」黄忠应允，和法正领本部兵去了。孔明告玄德曰：「此老将不著言语激他，虽去不能成功。他今既去，须拨人马前去接应。」乃唤赵云将一枝人马，从小路出奇兵接应：「黄忠若胜，不必出战；倘忠有失，即去救应。」又遣刘封，孟达：「领三千兵于山中险要去处，多立旌旗，以壮我兵之声势，令敌人惊疑。」三人各自领兵去了。又差人往下办，授计与马超，令他如此而行。又差严颜往巴西阆中守隘，替张飞，魏延，来同取汉中。",same_body_paragraph
庞统,张松,5,2,60;63,"Chapter 60, P060-023: 正商议间，一人自外突入，汗流满面，大叫曰：「主公若听张松之言，则四十一州郡，已属他人矣！」松大惊；视其人，乃西阆中巴人，姓黄，名权，字公衡，现为刘璋府下主簿。璋问曰：「玄德与我同宗，吾故结之为援；汝何出此言？」权曰：「某素知刘备宽以待人，柔能克刚，英雄莫敌。远得人心，近得民望。兼有诸葛亮，庞统之智谋，关，张，赵云，黄忠，魏延为羽翼。若召到蜀中，以部曲待之，刘备岂肯伏低做小？若以客礼待之，又一国不容二主。今听臣言，则西蜀有泰山之安；不听臣言，则主公有累卵之危矣。张松昨从荆州过，必与刘备同谋。可先斩张松，后绝刘备，则西川万幸也。」璋曰：「曹操，张鲁到来，何以拒之？」权曰：「不如闭境绝塞，棎沟高垒，以待时清。」璋曰：「贼兵犯界，有燃眉之急；若待时清，则是慢计也。」遂不从其言，遣法正行。又一人阻曰：「不可！不可！」 || Chapter 60, P060-026: 当日席散，孔明亲送法正归馆舍。玄德独坐沉吟。庞统进曰：「事当决而不决者，愚人也。主公高明，何多疑耶？」玄德问曰：「以公之意，当复何如？」统曰：「荆州东有孙权，北有曹操难以得志。益州户口百万，士广财富，可资大业。今幸张松、法正为内助，此天赐也。何必疑哉？」 || Chapter 60, P060-036: 却说法正密谓庞统曰：「近张松有密书到此，言于涪城相会刘璋，便可图之。机会切不可失。」统曰：「此意且勿言。待二刘相见，乘便图之。若预走泄，于中有变。」",same_body_paragraph
张昭,陆逊,5,4,53;83;86;98,"Chapter 53, P053-029: 太史慈见城门大开，只道内变，挺枪纵马先入。城上一声﹝左石中马右交﹞，乱箭射下，太史慈急退，身中数箭。背后李典、乐进杀出。吴兵折其大半，乘势直赶到寨前。陆逊、董袭杀出，救了太史慈，曹兵自回。孙权见太史慈身带重伤，愈加伤感。张昭请权罢兵。权从之，遂收兵下船，回南徐、润州。比及屯住军马，太史慈病重。权使张昭等问安，太史慈大叫曰：「大丈夫生于乱世，当带三尺剑立不世之功；今所志未遂，奈何死乎！」言讫而亡，年四十一岁。后人有诗赞曰： || Chapter 83, P083-020: 权大惊，举止失措，阚泽出班奏曰：「见有擎天之柱，如何不用耶？」权急问何人。泽曰：「昔日东吴大事，全任周郎；后鲁子敬代之；子敬亡后，决于吕子明；今子明虽丧．见有陆伯言在荆州。此人名虽儒生，实有雄才大略，以臣论之；不在周郎之下；前破关公，其谋皆出于伯言。主上若能用之，破蜀必矣。如或有失，臣愿与同罪。」权曰：「非德润之言，孤误大事。」张昭曰：「陆逊乃一书生耳，非刘备敌手；恐不可用。」顾雍亦曰：「陆逊年幼望轻，恐诸公不服；若不服则生祸乱，必误大事。」步骘亦曰：「逊才堪治郡耳；若托以大事，非其宜也。」阚泽大呼曰：「若不用陆伯言，则东吴休矣！臣愿以全家保之！」权曰：「孤亦素知陆伯言乃奇才也：孤意已决，卿等勿言。」 || Chapter 86, P086-001: 却说东吴陆逊自退魏兵之后，吴王拜逊为辅国将军江陵侯，领荆州牧；自此军权皆归于逊。张昭、顾雍启奏吴王，请自改元。权从之，遂改为黄武元年。忽报魏主遣使至，权召入。使命陈说：「蜀前使人求于魏，魏一时不明，故发兵应之；今已大悔，欲起四路兵取川，东吴可来接应。若得蜀土，各分一半。」",same_body_paragraph
张郃,曹真,5,3,95;97;98,"Chapter 95, P095-001: 却说魏主曹叡令张郃为先锋，与司马懿一同征进；一面令辛毗、孙礼二人领兵五万，往助曹真。二人奉诏而去。且说司马懿引二十万军，出关下寨，请先锋张郃至帐下曰：「诸葛亮生平谨慎，未敢造次行事。若吾用兵，先从子午谷迳取长安，早得多时矣。他非无谋，但恐有失，不肯弄险。今必出军斜谷，来取郿城。若取郿城，必分兵两路，一军取箕谷矣。吾已发檄文，令子丹拒守郿城，若兵来不可出战；令孙礼、辛毗截住箕谷道口，若兵来则出奇兵击之。」郃曰：「今将军当于何处进兵？」懿曰：「吾素知秦岭之西，有一条路，地名街亭，傍有一城，名列柳城；此二处皆是汉中咽喉。诸葛亮欺子丹无备，定从此进。吾与汝迳取街亭，望阳平关不远矣。亮若知吾断其街亭要路，绝其粮道，则陇西一境，不能安守，必然连夜奔回汉中去也。彼若回动，吾提兵于小路击之，可得全胜；若不归时，吾却将诸处小路，尽皆垒断，俱以兵守之。一月无粮，蜀兵皆饿死，亮必被吾擒矣。」张郃大悟，拜伏于地曰：「都督神算也！」懿曰：「虽然如此，诸葛亮不比孟达。将军为先锋，不可轻进。当传与诸将：循山西路，远远哨探。如无伏兵，方可前进。若是怠忽，必中诸葛亮之计。」张郃受计引军而行。 || Chapter 95, P095-007: 却说王平见魏兵到，引军杀来，正遇张郃；战有数十余合，平力穷势孤，只得退去。魏兵自辰时困至戌时，山上无水，军不得食，寨中大乱。嚷到半夜时分，山南蜀兵大开寨门，下山降魏。马谡禁止不住。司马懿又令人于沿山放火，山上蜀兵愈乱。马谡料守不住，只得驱残兵杀下山西逃奔。司马懿放条大路，让过马谡。背后张郃引兵赶来。赶到三十余里，前面鼓角齐鸣，一彪军出，放过马谡，拦住张郃；视之，乃魏延也：挥刀纵马，直取张郃。郃回军便走。延驱兵赶来，复夺街亭。赶到五十余里，一声喊起，两边伏兵齐出：左边司马懿，右边司马昭，却抄在魏延背后，把延困在垓心。张郃复来，三路兵合在一处。魏延左冲右突，不得脱身，折兵大半。正危急间，忽一彪军杀入，乃王平也。延大喜曰：「吾得生矣！」二将合兵一处，大杀一阵，魏兵方退。二将慌忙奔回寨时，营中皆是魏兵旌旗。申耽、申仪从营中杀出。王平、魏延迳奔列柳城，来投高翔。此时高翔闻知街亭有失，尽起列柳城之兵，前来救应，正遇延、平二人，诉说前事。高翔曰：「不如今晚去劫魏寨，再复街亭。」当时三人在山坡下商议已定。待天色将晚，兵分三路。魏延引兵先进，迳到街亭，不见一人，心中大疑，不敢轻进，且伏在路口等候。忽见高翔兵到，二人共说魏兵不知在何处。正没理会，又不见王平兵到。忽然一声砲响，火光冲天，鼓声震地。魏兵齐出，把魏延、高翔围在垓心。二人尽力冲突，不得脱身。忽听得山坡后喊声若雷，一彪军杀入，乃是王平，救了高、魏二人，迳奔列柳城来。比及奔到城下时，城边早有一军杀到，旗上大书「魏都督郭淮」字样。原来郭淮与曹真商议，恐司马懿得了全功，乃分淮来取街亭；闻知司马懿、张郃成上此功，遂引兵迳袭列柳城。正遇三将，大杀一阵。蜀兵伤者极多。魏延恐阳平关有失，慌与王平、高翔望阳平关来。 || Chapter 97, P097-014: 叡大喜，便召王双上殿。视之，身长九尺，面黑晴黄，熊腰虎背。叡笑曰：「朕，得此大将，有何虑哉！」遂赐锦袍金甲，封为虎威将军前部大先锋。曹真为大都督。真谢恩出朝，遂引十五万精兵，会合郭淮、张郃分道把守隘口。",same_body_paragraph
徐晃,王平,5,2,71;72,"Chapter 71, P071-029: 操视之，乃巴西，岩渠人也：姓王，名平，字子均；见充牙门将军。操大喜，遂命王平为副先锋，相助徐晃。操屯兵于定军山北。徐晃，王平，引军至汉水，晃令前军渡水列阵。平曰：「军若渡水，傥要急退，如之奈何﹖」晃曰：「昔韩信背水为阵，所谓『置之死地而后生』也。」平曰：「不然。昔者韩信料敌人无谋而用此计。今将军能料赵云，黄忠之意否﹖」晃曰：「汝可引步军拒敌，看我引马军破之。」遂令搭起浮桥，随即过河来战蜀兵。正是：魏人妄意宗韩信，蜀相那知是子房？未知胜负如何，且看下文分解。 || Chapter 72, P072-001: 却说徐晃引军渡汉水，王平苦谏不听，渡过汉水扎营。黄忠，赵云，告玄德曰：「某等各引本部兵去迎曹兵。」玄德应允。二人引兵而行。忠谓云曰：「今徐晃恃勇而来，且休与敌；待日暮兵疲，你我分兵两路击之，可也。」云然之，各引一军据住寨栅。徐晃引兵从辰时搦战，直至申时，蜀兵不动。晃尽教弓弩手向前，望蜀营射去。黄忠谓赵云曰：「徐晃令弓弩射者，其军必将退也；可乘时击之。」 || Chapter 72, P072-002: 言未已，忽报曹兵后队，果然退动。于是蜀营鼓声大震，黄忠领兵左出，赵云领兵右出。两下夹攻，徐晃大败。军士逼入汉水，死者无数。晃死战得脱，回营责王平曰：「汝见吾军势将危，如何不救？」平曰：「我若来救，此寨亦不能保。我曾谏公休去，公不肯听，以致此败。」",same_body_paragraph
曹丕,陆逊,5,4,84;85;86;87,"Chapter 84, P084-031: 陆逊回寨叹曰：「孔明真『卧龙』也！吾不能及！」于是下令班师。左右曰：「刘备兵败势穷，困守一城，正好乘势击之；今见石阵而退，何也？」逊曰：「吾非惧石阵而退？吾料魏主曹丕，其奸诈与父无异，今知吾追赶蜀兵，必乘虚来袭。吾若深入西川，急难退矣。」遂令一将断后，逊率大军而回。退兵未及二日，三处人来飞报：「魏兵曹仁出濡须，曹休出洞口，曹真出南郡：三路兵马数十万，星夜至境，未知何意。」逊笑曰：「不出吾之所料。吾已令兵拒之矣。」正是：雄心方欲吞西蜀，胜算还须御北朝。未知如何退兵，且看下文分解。 || Chapter 85, P085-002: 却说黄权降魏，诸将引见曹丕。丕曰：「卿今降朕，欲追慕于陈、韩耶？」权泣而奏曰：「臣受蜀帝之恩殊遇甚厚，令臣督诸军于江北，被陆逊绝断。臣归蜀无路，降吴不可，故来投陛下。败军之将，免死为幸，安敢追慕于古人耶？」丕大喜，遂拜黄权为镇南将军。权坚辞不受。忽近臣奏曰：「有细作人自蜀中来，说蜀主将黄权家属尽皆诛戮。」权曰：「臣与蜀主，推诚相信，知臣本心，必不肯杀臣之家小也。」丕然之。后人有诗责黄权曰：降吴不可却降曹，忠义安能事两朝？堪叹黄权惜一死，紫阳书法不轻饶。 || Chapter 85, P085-003: 曹丕问贾诩曰：「朕欲一统天下：先取蜀乎？先取吴乎？」诩曰：「刘备雄才，更兼诸葛亮善能治国；东吴孙权，能识虚实，陆逊见屯兵于险要隔江泛湖，皆难卒谋。以臣观之，诸将之中，皆无孙权、刘备敌手。虽以陛下天威临之，亦未见万全之势也。只可持守，以待二国之变。」",same_body_paragraph
曹叡,曹真,5,4,91;93;94;95,"Chapter 91, P091-010: 夏五月，丕感寒疾，医治不痊，乃召中军大将军曹真、镇军大将军陈群、抚军大将军司马懿三人入寝宫。丕唤曹叡至，指谓曹真等曰：「今朕病已沉重，不能复生。此子年幼，卿等三人，可善辅之，勿负朕心。」三人皆告曰：「陛下何出此言？臣等愿竭力以事陛下，至千秋万岁。」丕曰：「今年许昌城门无故自崩，乃不祥之兆，朕故自知必死也。」 || Chapter 91, P091-011: 正言间，内侍奏征东大将军曹休入宫问安。丕召入谓曰：「卿等皆国家柱石之臣也，若能同心辅朕之子，朕死亦瞑目矣！」言讫，堕泪而薨。时年四十岁，在位七年。于是曹真、陈群、司马懿、曹休等，一面举哀，一面拥立曹叡为大魏皇帝。谥父丕为文皇帝，谥母甄氏为文昭皇后。封钟繇为太傅，曹真为大将军，曹休为大司马，华歆为太尉，王朗为司徒，陈群为司空，司马懿为骠骑大将军。其余文武官僚，各各封赠。大赦天下。时雍，凉，二州缺人守把，司马懿上表乞守西凉等处。曹叡从之，遂封懿提督雍，凉等处兵马。领诏去讫。 || Chapter 93, P093-008: 时魏主曹叡太和元年，升殿设朝。近臣奏曰：「夏侯驸马已失三郡，逃窜羌中去了。今蜀兵已到祁山，前军临渭水之西，乞早发兵破敌。」叡大惊，乃问群臣曰：「谁可为朕退蜀兵耶？」司徒王朗出班奏曰：「臣观先帝每用大将军曹真，所到必克；今陛下何不拜为大都督，以退蜀兵？」叡准奏，乃宣曹真曰：「先帝托孤与卿，今蜀兵入寇中原，卿安忍坐视乎？」真奏曰：「臣才（左为疏之左．右为束）智浅，不称其职。」王朗曰：「将军乃社稷之臣，不可固辞。老臣虽驽钝，愿随将军前往。」真又奏曰：「臣受大恩，安敢推辞？但乞一人为副将。」叡曰：「卿自举之。」真乃保太原阳曲人：姓郭，名淮，字伯济，官封射亭侯，领雍州刺史。叡从之，遂拜曹真为大都督，赐节钺；命郭淮为副都督，王朗为军师；朗时年已七十六岁矣。选拨东西二京军马二十万与曹真。真命宗弟曹遵为先锋，又命荡寇将军朱赞为副先锋。时年十一月出师，魏主曹叡亲自送出西门之方回。",same_body_paragraph
曹叡,陆逊,5,3,97;98;103,"Chapter 97, P097-001: 却说蜀汉建兴六年秋九月，,魏都督曹休被东吴陆逊大破于石亭，车仗马匹，军资器械，并皆罄尽。休惶恐之甚，气忧成病，到洛阳，疸发背而死，魏主曹叡敕令厚葬。司马懿引兵还。众将接入问曰：「曹都督兵败，即元帅之干系，何故急回耶？」懿曰：「吾料诸葛亮知吾兵败，必乘虚来取长安。倘陇西紧急，何人救之？吾故回耳。」众皆以为惧怯，晒笑而退。却说东吴遣使致书蜀中，请兵伐魏，并言大破曹休之事；一者显自己威风，二者通和会之好。后主大喜，令人持书至汉中，报知孔明。时孔明兵强马壮，粮草丰足，所用之物，一切完备，正要出师；听知此信，即设宴大会诸将，计议出师。忽一阵大风，自东北角上而起，把庭前松树吹折，众皆大惊。孔明就占一课，曰：「此风主损一大将！」诸将未信。正饮酒间，忽报镇南将军赵云长子赵统、次子赵广来见。孔明大惊，掷杯于地曰：「子龙休矣！」二子入见，拜哭曰：「某父昨夜三更病重而死。」孔明跌足而哭曰：「子龙身故，国家损一栋梁，去吾一臂也！」众将无不挥泪。孔明令二子入成都面君报丧。后主闻云死，放声大哭曰：「朕昔年幼，非子龙则死于乱军之中矣！」即下诏追赠大将军，谥顺平侯，敕葬于成都锦屏山之东；建立庙堂，四时享祭。后人有诗曰： || Chapter 98, P098-035: 却说魏主曹叡设朝，近臣奏曰：「陈仓城已失，郝昭已亡，诸葛亮又出祁山，散关亦被蜀兵夺了。」叡大惊。忽又奏满宠等有表，说：「东吴孙权僭称帝号，与蜀同盟，今遣陆逊在武昌训练人马，听候调用。只在旦夕，必入寇矣。」 || Chapter 103, P103-007: 众服其言。陆逊即具表,遗一小校密地赍往新城。小校领命，赍看表文，行至渡口，不期被魏军伏路的捉住，解赴军中见魏主曹叡。叡搜出陆逊表文，览毕，叹曰：「东吴陆逊，真妙算也许！」遂命将吴卒监下，命刘劭谨防孙权后兵。",same_body_paragraph
曹操,诸葛瑾,5,5,29;44;67;73;82,"Chapter 29, P029-030: 权闻言大喜，披衣起谢；次日厚赠鲁肃，并将衣服帏帐等物，赐肃之母。肃又荐一人见孙权，此人博学多才，事母至孝。覆姓诸葛，名瑾，字子瑜，瑯琊南阳人也。权拜之为上宾。瑾劝权勿通袁绍，且顺曹操，然后乘便图之。权依言，乃遗陈震回，以书绝袁绍。 || Chapter 44, P044-004: 程普等别去。又未几，诸葛瑾、吕范等一班儿文官相候。瑜迎入，讲礼毕。诸葛瑾曰：「舍弟诸葛亮自汉上来，言刘豫州欲结东吴，共伐曹操，文武商议未定。因舍弟为使，瑾不敢多言，专候都督来决此事。」瑜曰：「以公论之若何？」瑾曰：「降者易安，战者难保。」周瑜笑曰：「瑜自有主张。来日同至府下定议。」 || Chapter 67, P067-020: 却说西川百姓，听知曹操已取东川，料必来取西川，一日之间，数遍惊恐。玄德请军师商议。孔明曰：「亮有一计，曹操自退。」玄德问何计。孔明曰：「曹操分军屯合淝，惧孙权也。今我若分江夏，长沙，桂阳三郡还吴，遣舌辩之士，陈说利害，令吴起兵袭合淝，牵动其势，操必勒兵南向矣。」玄德问：「谁可为使﹖」伊籍曰：「某愿往。」玄德大喜，遂作书具礼，令伊籍先到荆州，知会云长，然后入吴。到秣棱，来见孙权，先通了姓名。权召籍入。籍见权礼毕，权问曰：「汝到此何为﹖」籍曰：「昨承诸葛子瑜取长沙等三郡，为军师不在，有失交割，今传书送还。所有荆州，南郡零陵，本欲送还；被曹操袭取东川，使关将军无容身之地。今合淝空虚，望君侯起兵攻之，使曹操撤兵回南。吾主若取了东川，即还荆州全土。」权曰：「汝且归馆舍，容吾商议。」",same_body_paragraph
曹操,顾雍,5,4,43;44;56;68,"Chapter 43, P043-006: 肃领命而去；次日至馆驿中见孔明，又嘱曰：「今见我主，切不可言曹操兵多。」孔明笑曰：「亮自见机而变，决不有误。」肃乃引孔明至幕下。早见张昭、顾雍等一班文武，二十余人，峨冠博带，整衣端坐。孔明逐一相见，各问姓名。施礼已毕，坐于客位。张昭等见孔明丰神飘洒，器宇轩昂，料道此人必来游说。张昭先以言挑之曰：「昭乃江东微末之士，久闻先生高卧隆中，自比管、乐。此语果有之乎？」孔明曰：「此亮平生小可之比也。」昭曰：「近闻刘豫州三顾先生于草庐之中，幸得先生，以为如鱼得水，思欲席卷荆、襄。今一旦以属曹操，未审是何主见？」 || Chapter 43, P043-027: 张昭知孙权欲兴兵，遂与众议曰：「中了孔明之计也！」急入见权曰：「昭等闻主公将兴兵与曹操争锋。主公自思比袁绍若何？曹操向日兵微将寡，尚能一鼓克袁绍，何况今日拥百万之众南征，岂可轻敌？若听诸葛亮之言，妄动甲兵，此所谓负薪救火也。」孙权只低头不语。顾雍曰：「刘备因为曹操所败，故欲借我江东之兵以拒之，主公奈何为其所用乎？愿听子布之言。」 || Chapter 44, P044-002: 鲁肃上马去了。周瑜方才歇息。忽报张昭、顾雍、张纮、步骘四人来相探。瑜接入堂中坐定，叙寒温毕。张昭曰：「都督知江东之利害否？」瑜曰：「未知也。」昭曰：「曹操拥众百万，屯于汉上，昨传檄文至此，欲请主公会猎于江夏。虽有相吞之意，尚未露其形。昭等劝主公且降之，庶免江东之祸。不想鲁子敬从江夏带刘备军师诸葛亮至此，彼因自欲雪愤，特下说词以激主公。子敬却执迷不悟。正欲待都督一决。」瑜曰：「公等之见皆同否？」顾雍等曰：「所议皆同。」瑜曰：「吾亦欲降久矣。公等请回。明早见主公，自有定议。」",same_body_paragraph
曹真,王平,5,4,93;95;99;100,"Chapter 93, P093-013: 却说孔明归帐，先唤赵云、魏延听令。孔明曰：「汝二人各引本部军去劫魏寨。」魏延进曰：「曹真深明兵法，必料我乘丧劫寨。他岂不隄防？」孔明笑曰：「吾正欲曹真知吾去劫寨也。彼必伏兵在祁山之后，待我兵过去，却来袭我寨；吾故令汝二人，引兵前去，过山脚后路，远下营寨，待魏兵来劫吾寨。汝看火起为号，分兵两路；文长拒住山口，子龙引兵杀回，必遇魏兵，却放彼走回，汝乘势攻之，彼必自相掩杀：可获全胜。」二将引兵受计而去。又唤关兴、张苞分付曰：「汝二人各引一军，伏于祁山要路；放过魏兵，却从魏兵来路，杀奔魏寨而去。」二人引兵受计去了。又令马岱、王平、张翼、张嶷四将，伏于寨外，四面迎击魏兵。孔明乃虚立寨栅，居中堆起柴草，以备火号；自引诸将退于寨后，以观动静。却说魏先锋曹遵、朱赞黄昏离寨，迤逦前进。二更左侧，遥望山前隐隐有兵行动。曹遵自思曰：「郭都督真神机妙算！」遂催兵急进。到蜀寨时，将及三更。曹遵先杀入寨，却是空寨，并无一人，料知中计，急撤军回，寨中火起。朱赞兵到，自相掩杀，人马大乱。曹遵与朱赞交马，方知自相践踏。急合兵时，忽四面喊声大震，王平、马岱、张嶷、张翼杀到。曹、朱二人引心腹军百余骑，望大路奔走。忽然鼓角齐鸣，一彪军截住去路；为首大将乃常山赵子龙也，大叫曰：「贼将那里去！早早受死！」曹、朱二人夺路而走。忽喊声又起，魏延又引一彪军杀到。曹、朱二人大败，夺路奔回本寨。守寨军士，只道蜀兵来劫寨，慌忙放起号火。左边曹真杀至，右边郭淮杀至，自相掩杀。背后三路蜀兵杀到：中央魏延，左边关兴，右边张苞，大杀一阵。魏兵败走十余里，魏将死者极多。孔明全获大胜，方始收兵。曹真、郭淮收拾败军回寨，商议曰：「今魏兵势孤，蜀兵势大，将何策以退之？」淮曰：「『胜负乃兵家常事』，不足为忧。某有一计，使蜀兵首尾不能相顾，定然自走矣。」正是： || Chapter 95, P095-007: 却说王平见魏兵到，引军杀来，正遇张郃；战有数十余合，平力穷势孤，只得退去。魏兵自辰时困至戌时，山上无水，军不得食，寨中大乱。嚷到半夜时分，山南蜀兵大开寨门，下山降魏。马谡禁止不住。司马懿又令人于沿山放火，山上蜀兵愈乱。马谡料守不住，只得驱残兵杀下山西逃奔。司马懿放条大路，让过马谡。背后张郃引兵赶来。赶到三十余里，前面鼓角齐鸣，一彪军出，放过马谡，拦住张郃；视之，乃魏延也：挥刀纵马，直取张郃。郃回军便走。延驱兵赶来，复夺街亭。赶到五十余里，一声喊起，两边伏兵齐出：左边司马懿，右边司马昭，却抄在魏延背后，把延困在垓心。张郃复来，三路兵合在一处。魏延左冲右突，不得脱身，折兵大半。正危急间，忽一彪军杀入，乃王平也。延大喜曰：「吾得生矣！」二将合兵一处，大杀一阵，魏兵方退。二将慌忙奔回寨时，营中皆是魏兵旌旗。申耽、申仪从营中杀出。王平、魏延迳奔列柳城，来投高翔。此时高翔闻知街亭有失，尽起列柳城之兵，前来救应，正遇延、平二人，诉说前事。高翔曰：「不如今晚去劫魏寨，再复街亭。」当时三人在山坡下商议已定。待天色将晚，兵分三路。魏延引兵先进，迳到街亭，不见一人，心中大疑，不敢轻进，且伏在路口等候。忽见高翔兵到，二人共说魏兵不知在何处。正没理会，又不见王平兵到。忽然一声砲响，火光冲天，鼓声震地。魏兵齐出，把魏延、高翔围在垓心。二人尽力冲突，不得脱身。忽听得山坡后喊声若雷，一彪军杀入，乃是王平，救了高、魏二人，迳奔列柳城来。比及奔到城下时，城边早有一军杀到，旗上大书「魏都督郭淮」字样。原来郭淮与曹真商议，恐司马懿得了全功，乃分淮来取街亭；闻知司马懿、张郃成上此功，遂引兵迳袭列柳城。正遇三将，大杀一阵。蜀兵伤者极多。魏延恐阳平关有失，慌与王平、高翔望阳平关来。 || Chapter 99, P099-046: 却说孔明计算一月秋雨将尽，天尚未晴，自提一军屯于城固，又传令教大军会于赤坡驻扎。孔明升帐唤众将言曰：「吾料魏兵必走，魏主必下诏来取曹真、司马懿回兵。吾若追之，必有准备﹔不如任他且去，再作良图。」忽王平令人报说魏兵已回。孔明分付来人，传与王平，不可追袭。吾自有破魏兵之策。正是：魏兵纵使能埋伏，汉相原来不肯追。未知孔明怎生破魏，且看下文分解。",same_body_paragraph
曹真,赵云,5,4,85;86;93;94,"Chapter 85, P085-027: 后主听罢，又惊又喜，曰：「相父果有鬼神不测之机也！愿闻退兵之策。」孔明曰：「先帝以陛下付托与臣，臣安敢旦夕怠慢？成都众官，皆不晓兵法之妙，贵在使人不测，岂可泄漏于人？老臣先知西番国王轲比能，引兵犯西平关；臣料马超积祖西川人氏，素得羌人之心，羌人以超为神威大将军；臣已先遣一人，星夜驰檄，令马超紧守西平关，伏四路奇兵，每日交换，以兵拒之：此一路不必忧矣。又南蛮孟获，兵犯四邵，臣亦飞檄遣魏延领一军左出右入，右出左入，为疑兵之计；蛮兵惟勇力，其心多疑，若见疑兵，必不敢进：此一路又不足忧矣。又知孟达引兵出汉中；孟达与李严曾结生死之交；臣回成都时，留李严守永安宫；臣已作一书，只做李严亲笔，令人送与孟达；达必然推病不出，以慢军心：此一路又不足忧矣。又知曹真引兵犯阳平关；此地险峻，可以保守，臣已调赵云引一军守把关隘，并不出战；曹真若见我军不出，不久自退矣。」 || Chapter 86, P086-003: 权从之，乃谓魏使曰：「军需未办，择日便当起程。」使者拜辞而去。权令人探得西番兵出西平关，见了马超，不战自退；南蛮孟获起兵攻四郡，皆被魏延用疑兵计杀退回洞去了；上庸孟达兵至半路，忽然染病不能行；曹真兵出阳平关，赵子龙拒住各处险道，果然一将守关，万夫莫开---。曹真屯兵于斜谷道，不能取胜而回。 || Chapter 86, P086-023: 却说魏王驾龙舟至广陵，前部曹真已领兵列于大江之岸。曹丕问曰：「江岸有多少兵？」真曰：「隔岸远望，并不见一人，亦无旌旗营寨。」丕曰：「此必诡计也。朕自往观其虚实。」于是大开江道，放龙舟直至大江，泊于江岸。船上建龙凤日月五色旌旗，銮仪簇拥，光耀射目。曹丕端坐舟中，遥望江南，不见一人，回顾刘晔、蒋济曰：「可渡江否？」晔曰：「兵法实实虚虚。彼见大军至，如何不作整备？陛下未可造次。且待三五日，看其动静，然后发先锋渡江以探之。」丕曰：「卿言正合朕意。」是日天晚，宿于江中。当夜月黑。军士皆执灯火，明耀天地，恰如白昼。遥望江南，并不见半点儿火光。丕问左右曰：「此何故也？」近臣奏曰：「想闻陛下天兵来到，故望风逃窜耳。」丕暗笑。及至天晓，大雾迷漫，对面不见。须臾风起，雾散云收，望见江南一带皆是连城；城楼上鎗刀耀日，遍城尽插旌旗号带。顷刻数次人来报：「南徐沿江一带，直至石头城：一连数百里，城郭舟车，连绵不绝，一夜成就。」曹丕大惊。原来徐盛束缚芦苇为人，尽穿青衣，执旌旗，立于假城疑楼之上。魏兵见城上许多人马，如何不胆寒？丕叹曰：「魏虽有武士千群，无所用之。江南人物，未可图也！」正惊讶间，忽然狂风大作，白浪滔天，江水溅湿龙袍，大船将覆。曹真慌令文聘撑小舟急来救驾。龙舟上人站立不住。文聘跳上龙舟，负丕下得小舟，奔入河港。忽流星马报道：「赵云引兵出阳平关，迳取长安。」丕听得，大惊失色，便教收军。众军各自奔走。背后吴兵追至。丕传旨教尽弃御用之物而走。龙舟将次入淮，忽然鼓角齐鸣，喊声大震，刺斜里一彪军杀到；为首大将，乃孙韶也。魏兵不能抵当，折其大半，渰死者无数。",same_body_paragraph
曹真,魏延,5,5,85;86;93;94;95,"Chapter 85, P085-027: 后主听罢，又惊又喜，曰：「相父果有鬼神不测之机也！愿闻退兵之策。」孔明曰：「先帝以陛下付托与臣，臣安敢旦夕怠慢？成都众官，皆不晓兵法之妙，贵在使人不测，岂可泄漏于人？老臣先知西番国王轲比能，引兵犯西平关；臣料马超积祖西川人氏，素得羌人之心，羌人以超为神威大将军；臣已先遣一人，星夜驰檄，令马超紧守西平关，伏四路奇兵，每日交换，以兵拒之：此一路不必忧矣。又南蛮孟获，兵犯四邵，臣亦飞檄遣魏延领一军左出右入，右出左入，为疑兵之计；蛮兵惟勇力，其心多疑，若见疑兵，必不敢进：此一路又不足忧矣。又知孟达引兵出汉中；孟达与李严曾结生死之交；臣回成都时，留李严守永安宫；臣已作一书，只做李严亲笔，令人送与孟达；达必然推病不出，以慢军心：此一路又不足忧矣。又知曹真引兵犯阳平关；此地险峻，可以保守，臣已调赵云引一军守把关隘，并不出战；曹真若见我军不出，不久自退矣。」 || Chapter 86, P086-003: 权从之，乃谓魏使曰：「军需未办，择日便当起程。」使者拜辞而去。权令人探得西番兵出西平关，见了马超，不战自退；南蛮孟获起兵攻四郡，皆被魏延用疑兵计杀退回洞去了；上庸孟达兵至半路，忽然染病不能行；曹真兵出阳平关，赵子龙拒住各处险道，果然一将守关，万夫莫开---。曹真屯兵于斜谷道，不能取胜而回。 || Chapter 93, P093-013: 却说孔明归帐，先唤赵云、魏延听令。孔明曰：「汝二人各引本部军去劫魏寨。」魏延进曰：「曹真深明兵法，必料我乘丧劫寨。他岂不隄防？」孔明笑曰：「吾正欲曹真知吾去劫寨也。彼必伏兵在祁山之后，待我兵过去，却来袭我寨；吾故令汝二人，引兵前去，过山脚后路，远下营寨，待魏兵来劫吾寨。汝看火起为号，分兵两路；文长拒住山口，子龙引兵杀回，必遇魏兵，却放彼走回，汝乘势攻之，彼必自相掩杀：可获全胜。」二将引兵受计而去。又唤关兴、张苞分付曰：「汝二人各引一军，伏于祁山要路；放过魏兵，却从魏兵来路，杀奔魏寨而去。」二人引兵受计去了。又令马岱、王平、张翼、张嶷四将，伏于寨外，四面迎击魏兵。孔明乃虚立寨栅，居中堆起柴草，以备火号；自引诸将退于寨后，以观动静。却说魏先锋曹遵、朱赞黄昏离寨，迤逦前进。二更左侧，遥望山前隐隐有兵行动。曹遵自思曰：「郭都督真神机妙算！」遂催兵急进。到蜀寨时，将及三更。曹遵先杀入寨，却是空寨，并无一人，料知中计，急撤军回，寨中火起。朱赞兵到，自相掩杀，人马大乱。曹遵与朱赞交马，方知自相践踏。急合兵时，忽四面喊声大震，王平、马岱、张嶷、张翼杀到。曹、朱二人引心腹军百余骑，望大路奔走。忽然鼓角齐鸣，一彪军截住去路；为首大将乃常山赵子龙也，大叫曰：「贼将那里去！早早受死！」曹、朱二人夺路而走。忽喊声又起，魏延又引一彪军杀到。曹、朱二人大败，夺路奔回本寨。守寨军士，只道蜀兵来劫寨，慌忙放起号火。左边曹真杀至，右边郭淮杀至，自相掩杀。背后三路蜀兵杀到：中央魏延，左边关兴，右边张苞，大杀一阵。魏兵败走十余里，魏将死者极多。孔明全获大胜，方始收兵。曹真、郭淮收拾败军回寨，商议曰：「今魏兵势孤，蜀兵势大，将何策以退之？」淮曰：「『胜负乃兵家常事』，不足为忧。某有一计，使蜀兵首尾不能相顾，定然自走矣。」正是：",same_body_paragraph
李儒,袁绍,5,4,4;5;6;7,"Chapter 4, P004-001: 且说董卓欲杀袁绍，李儒止之曰：「事未可定，不可妄杀。」袁绍手提宝剑，辞别百官而出，悬节东门，奔翼州去了。卓谓太传袁隗曰：「汝姪无礼，吾看汝面，姑恕之。废立之事若何？」隗曰：「太尉所见是也。」卓曰：「敢有阻大议者，以军法从事。」群臣震恐，皆云：「一听尊命。」宴罢，卓问侍中周毖、校尉伍琼曰：「袁绍此去若何？」周毖曰：「袁绍忿忿而去，若购之急，势必为变，且袁氏树恩四世，门生故吏，遍于天下；倘收豪杰以聚徙众，英雄因之而起，山东非公有也。不如赦之，拜为一郡守，则绍喜于免罪，必无患矣。」伍琼曰：「袁绍好谋无断，不足为虑；诚不若加之一郡守，以收民心。」 || Chapter 5, P005-011: 读毕，歃血。众因其辞气慷慨，皆涕泗横流。歃血已罢，下坛。众扶绍升帐而坐，两行依爵位年齿分列坐定。操行酒数巡，言曰：「今日既立盟主，各听调遣，同扶国家，勿以强弱计较。」袁绍曰：「绍虽不才，既承公等推为盟主，有功必赏，有罪必罚。国有常刑，军有纪律；各宜遵守，勿得违犯。」众皆曰：「惟命是听。」绍曰：「吾弟袁术总督粮草，应付诸营，无使有缺。更须一人为先锋，直抵汜水关挑战。余各据险要，以为接应。」长沙太守孙坚出曰：「坚愿为前部。」绍曰：「文台勇烈，可当此任。」坚遂引本部人马杀奔汜水关来。守关将士，差流星马往洛阳丞相府告急。董卓自专大权之后，每日饮宴。李儒接得告急文书，迳来禀卓。卓大惊，急聚众将商议。温侯吕布挺身出曰：「父亲勿虑：关外诸侯，布视之如草芥。愿提虎狼之师，尽斩其首，悬于都门。」卓大喜曰：「吾有奉先，高枕无忧矣！」言未绝，吕布背后一人高声出曰：「『割鸡焉用牛刀？』不劳温侯亲往。吾斩众诸侯首级，如探囊取物耳。」卓视之，其人身长九尺，虎体狼腰，豹头猿臂：关西人也；姓华，名雄。卓闻言大喜，加为骁骑校尉，拨马步军五万，同李肃，胡轸，赵岑星夜赴关迎敌。众诸侯内有济北相鲍信，寻思孙坚既为前部，怕他夺了头功，暗拨其弟鲍忠，先将马步军三千，迳抄小路，直到关下搦战。华雄引铁骑五百，飞下关来，大喝：「贼将休走！」鲍忠急待退，被华雄手起刀落，斩于马下，生擒将校极多。华雄遣人将鲍忠首级来相府报捷，卓加雄为都督。 || Chapter 5, P005-019: 曹操大喜。只见玄德背后转出张飞，高声大叫：「俺哥哥斩了华雄，不就这里杀入关去，活拏董卓，更待何时！」袁术大怒，喝曰：「俺大臣尚自谦让，量一县令手下小卒，安敢在此耀武扬威！都与赶出帐去！」曹操曰：「得功者赏，何计贵贱乎？」袁术曰：「既然公等只重一县令，我当告退。」操曰：「岂可因一言而误大事耶？」命公孙瓒且带玄德、关、张回寨。众官皆散。曹操暗使人赍牛酒抚慰三人。却说华雄手下败军，报上关来。李肃慌忙写告急文书，申闻董卓。卓急聚李儒、吕布等商议。儒曰：「今失了上将华雄，贼势浩大。袁绍为盟主，绍叔袁隗，现为太傅；倘或里应外合，深为不便，可先除之。请丞相亲领大军，分拨剿捕。」",same_body_paragraph
李肃,王允,5,1,9,"Chapter 9, P009-011: 次日，李肃引十数骑，前到郿坞。人报天子有诏，卓叫唤入。李肃入拜。卓曰：「天子有何诏？」肃曰：「天子病体新痊，欲会文武于未央殿，议将禅位于太师，故有此诏。」卓曰：「王允之意若何？」肃曰：「王司徒已命人筑『受禅台』，只等主公来。」卓大喜曰：「吾夜梦一龙罩身，今果得此喜信。时哉不可失！」便命心腹将李傕，郭汜，张济，樊稠，四人领飞熊军三千守郿坞，自己即日排驾回京；顾谓李肃曰：「吾为帝，汝当为执金吾。」肃拜谢称臣。 || Chapter 9, P009-015: 次日侵晨，董卓摆列仪从入朝，忽见一道人，青袍白巾，手执长竿，上䌸布一丈，两头各书一「口」字。卓问肃曰：「此道人何意？」肃曰：「乃心恙之人也。」呼将士驱去。卓进朝，群臣各具朝服，迎谒于道。李肃手执宝剑扶车而行。到北掖门，军兵尽挡在门外，独有御车二十余人同入。董卓遥见王允等各执宝剑立于殿门，惊问肃曰：「持剑是何意？」 || Chapter 9, P009-016: 肃不应，推车直入。王允大呼曰：「反贼至此，武何在？」两旁转出百余人，持戟挺槊刺之。卓裹甲不入，伤臂堕车，大呼曰：「吾儿奉先何在？」吕布从车后厉声出曰：「有诏讨贼！」一戟直刺咽喉，李肃早割头在手。吕布左手持戟，右手怀中取诏，大呼曰：「奉诏讨贼臣董卓，其余不问！」将吏皆呼万岁。后人有诗叹董卓曰：",same_body_paragraph
法正,赵云,5,5,60;64;65;71;73,"Chapter 60, P060-023: 正商议间，一人自外突入，汗流满面，大叫曰：「主公若听张松之言，则四十一州郡，已属他人矣！」松大惊；视其人，乃西阆中巴人，姓黄，名权，字公衡，现为刘璋府下主簿。璋问曰：「玄德与我同宗，吾故结之为援；汝何出此言？」权曰：「某素知刘备宽以待人，柔能克刚，英雄莫敌。远得人心，近得民望。兼有诸葛亮，庞统之智谋，关，张，赵云，黄忠，魏延为羽翼。若召到蜀中，以部曲待之，刘备岂肯伏低做小？若以客礼待之，又一国不容二主。今听臣言，则西蜀有泰山之安；不听臣言，则主公有累卵之危矣。张松昨从荆州过，必与刘备同谋。可先斩张松，后绝刘备，则西川万幸也。」璋曰：「曹操，张鲁到来，何以拒之？」权曰：「不如闭境绝塞，棎沟高垒，以待时清。」璋曰：「贼兵犯界，有燃眉之急；若待时清，则是慢计也。」遂不从其言，遣法正行。又一人阻曰：「不可！不可！」 || Chapter 64, P064-024: 张飞，赵云领命，各自引兵去了。孔明问：「前去有何处关隘？」蜀中降将曰：「止绵竹有重兵守御，若得绵竹，成都唾手可得。」孔明便商议进兵。法正曰：「雒城既破，蜀中危矣。主公欲以仁义服众，且勿进兵。某作一书上刘璋，陈说利害，璋自然降矣。」孔明曰：「孝直之言最善。」便令写书遣人迳往成都。 || Chapter 65, P065-027: 玄德从之，设一大宴，请刘璋收拾财物，佩领振威将军印绶，将妻子良贱，尽赴南郡公安住歇，即日起行。玄德自领益州牧，其所降文武，尽皆重赏，定拟名爵。严颜为前将军，法正为蜀郡太守，董和为掌军中郎将，许靖为左将军长史，庞义为营中司马，刘巴为左将军，黄权为右将军。其余吴懿，费观，彭羕，卓膺，李严，吴兰，雷同，李恢，张翼，秦宓，谯周，吕义，霍峻，邓芝，杨洪，周群，费袆，费诗，孟达，……文武投降官员，共六十余人，并皆擢用。诸葛亮军师，关云长为荡寇将军汉寿亭侯，张飞为征远将军新亭侯，赵云为镇远将军，黄忠为征西将军，魏延为扬武将军，马超为平西将军。孙干，简雍，糜竺、糜芳，刘封，关平，周仓，廖化，马良，马谡，蒋琬，伊籍，及旧日荆襄一班文武官员，尽皆升赏。遣使赍黄金五百斤，白银一千斤，钱五千万，蜀锦一千疋，赐与云长。其余官将，给赐有差。杀牛宰马，大饷士卒，开仓赈济百姓，军民大悦。",same_body_paragraph
程昱,许褚,5,4,12;14;21;23,"Chapter 12, P012-020: 曹操复得兖州，程昱便请进兵取濮阳。操令许褚、典韦为先锋，夏侯惇、夏侯渊为左军，李典、乐进为右军，操自领中军，于禁、吕虔为合后。兵至濮阳，吕布欲自将出迎，陈宫谏：「不可出战。待众将聚会后方可。」吕布曰：「吾怕谁来？」遂不听宫言，引兵出阵，横戟大骂。许褚便出。斗二十合，不分胜负。操曰：「吕布非一人可胜。」便差典韦助战，两将夹攻。左边夏侯惇、夏侯渊，右边李典、乐进齐到，六员将共攻吕布。布遮拦不住，拨马回城。城上田氏，见布败回，急令人拽起吊桥。布大叫：「开门！」田氏曰：「吾已降曹将军。」 || Chapter 14, P014-022: 操自封为大将军武平侯，以荀彧为侍中尚书令；荀攸为军师；郭嘉为司马祭酒；刘晔为司空掾曹；毛玠，任峻为典农中郎将，催督钱粮；程昱为东平相，范成，董昭为洛阳令；满宠为许都令；夏侯惇，夏侯渊，曹仁，曹洪皆为将军；吕虔，李典，乐进，于禁，徐晃，皆为校尉；许褚，典韦，皆为都尉；其余将士，各各封官。自此大权皆归于曹操。朝廷大务，先禀曹操，然后方奏天子。 || Chapter 21, P021-016: 次日，玄德面奏献帝。操令玄德总督五万人马，又差朱灵、路昭二人同行。玄德辞帝，帝泣送之。玄德到寓，星夜收拾军军器鞍马，挂了将军印，催促便行。董承赶出十里长亭来送。玄德曰：「国舅忍耐，某次行必有以报命。」承曰：「公宜留意，勿负帝心。」二人分别。关，张在马上问曰：「兄今番出征，何故如此慌速？」玄德曰：「吾乃笼中鸟，网中鱼。此一行如鱼入大海，鸟上青霁，不受笼网之羁绊也。」因命关，张催朱灵，路昭，军马速行。时郭嘉，程昱，考较钱粮方回，知曹操已遣玄德进兵徐州，慌入谏曰：「丞相何故令刘备督军？」操曰：「欲截袁术耳。」程昱曰：「昔刘备为豫州牧时，某等请杀之，丞相不听；今日又与之兵，此放龙入海，纵虎归山也。后欲治之，其可得乎？」郭嘉曰：「丞相纵不杀备，亦不当使之去。古人云：『一日纵敌，万世之患。』望丞相察之。」操然其言，遂令许褚将兵五百前往，务要追玄德转来。许褚应诺而去。",same_body_paragraph
荀彧,荀攸,5,5,10;14;19;23;66,"Chapter 10, P010-011: 操在兖州，招贤纳士。有叔姪二人来投曹操：乃颖川颖阴人：姓荀，名彧，字文若，荀昆之子也；旧事袁绍，今弃绍投操；操与语大悦，曰：「此吾之子房也！」遂以为行军司马。其姪荀攸，字公达，海内名士，曾拜黄门侍郎，后弃官归乡，今与其叔同投曹操，操以为行军教授。荀彧曰：「某闻兖州有一贤士，今此人知何在。」操问是谁，彧曰：「乃东郡东阿人：姓程，名昱，字仲德。」操曰：「吾亦闻名久矣。」遂遣人于乡中寻问。访得他在山中读书，操拜请之。程昱来见，曹操大喜。 || Chapter 14, P014-022: 操自封为大将军武平侯，以荀彧为侍中尚书令；荀攸为军师；郭嘉为司马祭酒；刘晔为司空掾曹；毛玠，任峻为典农中郎将，催督钱粮；程昱为东平相，范成，董昭为洛阳令；满宠为许都令；夏侯惇，夏侯渊，曹仁，曹洪皆为将军；吕虔，李典，乐进，于禁，徐晃，皆为校尉；许褚，典韦，皆为都尉；其余将士，各各封官。自此大权皆归于曹操。朝廷大务，先禀曹操，然后方奏天子。 || Chapter 19, P019-030: 却说曹操攻城，两月不下，忽报：「河内太守张扬出兵东市，欲救吕布；部将杨丑杀之，欲将头献丞相，欲被张扬心腹将眭固所杀，反投大城去了。」操闻报，即遣史涣追斩眭固。因聚众将曰：「张扬虽幸自灭，然北有袁绍之忧，东有表、绣之患，下邳久围不克。吾欲舍布还都，暂且息战，何如？」荀攸急止曰：「不可，吕布屡败，锐气已堕。军以将为主，将衰则军无战心。彼陈宫虽有谋而迟，今布之气未复，宫之谋未定，作速政之，布可擒也。」郭嘉曰：「某有一计，下邳城可立破，胜于二十万师。」荀彧曰：「莫非决沂、泗之水乎？」嘉笑曰：「正是此意。」",same_body_paragraph
荀攸,袁绍,5,4,10;18;19;30,"Chapter 10, P010-011: 操在兖州，招贤纳士。有叔姪二人来投曹操：乃颖川颖阴人：姓荀，名彧，字文若，荀昆之子也；旧事袁绍，今弃绍投操；操与语大悦，曰：「此吾之子房也！」遂以为行军司马。其姪荀攸，字公达，海内名士，曾拜黄门侍郎，后弃官归乡，今与其叔同投曹操，操以为行军教授。荀彧曰：「某闻兖州有一贤士，今此人知何在。」操问是谁，彧曰：「乃东郡东阿人：姓程，名昱，字仲德。」操曰：「吾亦闻名久矣。」遂遣人于乡中寻问。访得他在山中读书，操拜请之。程昱来见，曹操大喜。 || Chapter 18, P018-022: 却说简雍至许都见曹操，具言前事。操即聚众谋士议曰：「吾欲攻吕布，不忧袁绍掣肘，只恐刘表、张绣扰其后耳。」荀攸曰：「二人新破，未敢轻动。吕布骁勇，若更结连袁术，纵横淮、泗，急难图矣。」郭嘉曰：「今可乘其初叛，众心未附疾往击之。」 || Chapter 19, P019-030: 却说曹操攻城，两月不下，忽报：「河内太守张扬出兵东市，欲救吕布；部将杨丑杀之，欲将头献丞相，欲被张扬心腹将眭固所杀，反投大城去了。」操闻报，即遣史涣追斩眭固。因聚众将曰：「张扬虽幸自灭，然北有袁绍之忧，东有表、绣之患，下邳久围不克。吾欲舍布还都，暂且息战，何如？」荀攸急止曰：「不可，吕布屡败，锐气已堕。军以将为主，将衰则军无战心。彼陈宫虽有谋而迟，今布之气未复，宫之谋未定，作速政之，布可擒也。」郭嘉曰：「某有一计，下邳城可立破，胜于二十万师。」荀彧曰：「莫非决沂、泗之水乎？」嘉笑曰：「正是此意。」",same_body_paragraph
荀攸,郭嘉,5,5,14;18;19;23;33,"Chapter 14, P014-022: 操自封为大将军武平侯，以荀彧为侍中尚书令；荀攸为军师；郭嘉为司马祭酒；刘晔为司空掾曹；毛玠，任峻为典农中郎将，催督钱粮；程昱为东平相，范成，董昭为洛阳令；满宠为许都令；夏侯惇，夏侯渊，曹仁，曹洪皆为将军；吕虔，李典，乐进，于禁，徐晃，皆为校尉；许褚，典韦，皆为都尉；其余将士，各各封官。自此大权皆归于曹操。朝廷大务，先禀曹操，然后方奏天子。 || Chapter 18, P018-022: 却说简雍至许都见曹操，具言前事。操即聚众谋士议曰：「吾欲攻吕布，不忧袁绍掣肘，只恐刘表、张绣扰其后耳。」荀攸曰：「二人新破，未敢轻动。吕布骁勇，若更结连袁术，纵横淮、泗，急难图矣。」郭嘉曰：「今可乘其初叛，众心未附疾往击之。」 || Chapter 19, P019-030: 却说曹操攻城，两月不下，忽报：「河内太守张扬出兵东市，欲救吕布；部将杨丑杀之，欲将头献丞相，欲被张扬心腹将眭固所杀，反投大城去了。」操闻报，即遣史涣追斩眭固。因聚众将曰：「张扬虽幸自灭，然北有袁绍之忧，东有表、绣之患，下邳久围不克。吾欲舍布还都，暂且息战，何如？」荀攸急止曰：「不可，吕布屡败，锐气已堕。军以将为主，将衰则军无战心。彼陈宫虽有谋而迟，今布之气未复，宫之谋未定，作速政之，布可擒也。」郭嘉曰：「某有一计，下邳城可立破，胜于二十万师。」荀彧曰：「莫非决沂、泗之水乎？」嘉笑曰：「正是此意。」",same_body_paragraph
董卓,郭汜,5,4,3;6;9;10,"Chapter 3, P003-002: 却说前将军鳌乡侯西凉刺史董卓，先为破黄巾无功，朝廷将治其罪，因贿赂十常侍幸免；后又结托朝贵，遂任显官，统西州大军二十万，常有不臣之心。是时得诏大喜，点起军马，陆续便行；使其婿中郎将牛辅，守住陕西，自己却带李傕、郭汜、张济、樊稠等提兵望洛阳进发。卓婿谋士李儒曰：「今虽奉诏，中间多有暗昧。何不差人上表，名正言顺，大事可图。」卓大喜，遂上表。其略曰：窃闻天下所以乱逆不止者，皆由黄门常侍张让等侮慢天常之故。臣闻扬汤止沸，不如去薪；溃痈虽痛，胜于养毒。臣敢鸣钟鼓入洛阳，请除让等。社稷幸甚！天下幸甚！ || Chapter 6, P006-010: 且说董卓行至荥阳地方，太守徐荣出接。李儒曰：「丞相新弃洛阳，防有追兵。可教徐荣伏军荥阳城外山坞之旁：若有兵追来，可竟放过；待我这里杀败，然后截住掩杀。令后来者不敢复追。」卓从其计，又令吕布引精兵遏后。布正行间，曹操一军赶上。吕布大笑曰：「不出李儒所料也」！将军马摆开。曹操出马，大叫：「逆贼！劫迁天子，流徙百姓，将欲何往？」吕布骂曰：「背主懦夫，何得妄言！」夏侯惇挺鎗跃马，直取吕布。战不数合，李傕引一军，从左边杀来，操急令夏侯渊迎敌。右边喊声又起，郭汜引军杀到，操急令曹仁迎敌。三路军马，势不可当。夏侯惇抵敌吕布不住，飞马回阵。布引铁骑掩杀，操军大败，回望荥阳而走。走至一荒山脚下，时约二更，月明如昼。方才聚集残兵。 || Chapter 9, P009-019: 却说李傕，郭汜，张济，樊稠闻董卓已死，吕布将至，便引了飞熊军连夜奔凉州去了。吕布至郿坞，先取了绍蝉。皇甫嵩命将坞中所藏良家子女，尽行释放。但系董卓亲属，不分老幼，悉皆诛戮。卓母亦被杀。卓弟董旻、姪董璜皆斩首号令。收籍坞中所蓄黄金数十万，绮罗、珠宝、器皿、粮食不计其数，回报王允。允乃大犒军士，设宴于都堂，召集众官，酌酒称庆。",same_body_paragraph
袁绍,陈宫,5,4,11;13;15;19,"Chapter 11, P011-019: 正商议间，忽流星马飞报「祸事！」。操问其故，报说吕布已袭破兖州，进据濮阳。原来吕布自遭李、郭之乱，逃出武关，去投袁术；术怪吕布反复不定，拒而不纳。投袁绍，绍纳之，与布共破张燕于常山；布自以为得志，傲慢袁绍手下将士。绍欲杀之，布乃去投张扬，扬纳之。时庞舒在长安城中，私藏吕布妻小，送还吕布。李傕、郭汜知之，遂斩庞舒，写书与张扬，教杀吕布；布因弃张扬去投张邈。恰好张邈弟张超引陈宫来见张邈。宫说邈曰：「今天下分崩，英雄并起，君以千里之众，而反受制于人，不亦鄙乎！今曹操征东，兖州空虚，而吕布乃当世勇士，若与之共取兖州，伯业可图也。」张邈大喜，便令吕布袭破兖州，随据濮阳。止有鄄城，东阿，范县三处，被荀彧、程昱设计死守得全，其余俱破。曹仁屡战，皆不能胜，特此告急。 || Chapter 13, P013-001: 却说曹操大破吕布于定陶，布乃收集败残军马于海滨，众将皆来会集，欲再与曹操决战。陈宫曰：「今曹兵势大，未可与争；先寻取安身之地，那时再来未迟。」布曰：「吾欲再投袁绍，何如？」宫曰：「先使人往冀州探听消息，然后可去。」布从之。 || Chapter 13, P013-002: 且说袁绍在冀州，闻知曹操与吕布相持，谋士审配进曰：「吕布，豺虎也：若得兖州，必图冀州。不若助操攻之，方可无患。」绍遂遣颜良将兵五万，往助曹操。细作探知这个消息，飞报吕布。布大惊，与陈宫商议。宫曰：「闻刘玄德新领徐州，可往投之。」布从其言，竟投徐州来。",same_body_paragraph
袁绍,马腾,5,5,5;21;23;24;120,"Chapter 5, P005-008: 第一镇，后将军南阳太守袁术。第二镇，冀州刺史韩馥。第三州镇，豫州刺史孔。第四镇，兖州刺史刘岱。第五镇，河内郡太守王匡。第六镇，陈留太守张邈。第七镇，东郡太守乔瑁。第八镇，山阳太守刘遗。第九镇，济北相鲍信。第十镇，北海太守孔融。第十一镇，广陵太守张超。第十二镇，徐州刺史陶谦。第十三镇，西凉太守马腾。第十四镇，北平太守公孙瓒。第十五镇，上党太守张杨。第十六镇，乌程侯长沙太守孙坚。第十七镇，祁乡侯渤海太守袁绍。诸路军马，少不等，一有三万者，有一二万者一，各领文官武将，投洛阳来。 || Chapter 21, P021-019: 却说马腾见玄德已去，边报又急，亦回西凉州去了。玄德兵至徐州，刺史车胄出迎。公宴毕，孙干，糜竺，等都来参见。玄德回家探视老小，一面差人探听袁术。探子回报：「袁术奢侈太过，雷薄，陈兰，皆投嵩山去了。术声势甚衰，乃作书让帝号于袁绍，绍命人召术，术乃收拾人马，宫禁御用之物，先到徐州来。」 || Chapter 23, P023-019: 时值元宵，吉平辞去，承留住，二人共饮。饮至更余，承觉困倦，就和衣而睡。忽报王子服等四人至，承出接入。服曰：「大事谐矣！」承曰：「愿闻其说。」服曰：「刘表结连袁绍，起兵五十万，共分十路杀来。马腾结连韩遂，起西凉军七十二万，从北杀来。曹操尽起许昌兵马，分头迎敌，城中空虚。若聚五家僮仆，可得千余人。乘今夜府中大宴，庆赏元宵，将府围住，突入杀之。不可失此机会！」",same_body_paragraph
许褚,诸葛亮,5,3,40;41;42,"Chapter 40, P040-002: 却说夏侯惇败回许昌，自缚见曹操，伏地请死。操释之。惇曰：「惇遭诸葛亮诡计，用火攻破我军。」操曰：「汝自幼用兵，岂不知狭处须防火攻？」惇曰：「李典、于禁曾言及此，悔之不及！」操乃赏二人。惇曰：「刘备如此猖獗，真腹心之患也，不可不急除。」操曰：「吾所虑者，刘备、孙权耳。余皆不足介意。今当乘此时扫平江南。」便传令起大兵五十万，令曹仁、曹洪，为第一队；张辽、张郃，为第二队；夏侯渊、夏侯惇，为第三队；于禁、李典，为第四队；操自领诸将为第五队。每队各引兵十万。又令许褚为折冲将军，引兵三千为先锋。选定建安十三年秋七月丙午日出师。 || Chapter 40, P040-027: 许褚复回坡前，提兵杀入。至林下追寻时，不见一人。时日已坠西，许褚方欲前进，只听得山上大吹大擂。抬头看时，只见山顶上一簇旗，旗丛中两把伞盖，左玄德，右孔明，二人对坐饮酒。许褚大怒，引军寻路上山。山上擂木砲石打将下来，不能前进。又闻山后喊声大震，欲寻路厮杀，天色已晚。 || Chapter 41, P041-001: 却说张飞因关公放了上流水，遂引军从下流杀将来，截住曹仁混杀。忽遇许褚，便与交锋。许褚不敢恋战，夺路走脱。张飞赶来，接著玄德、孔明，一同沿河到上流。刘封、糜芳，已安排船只等候，遂一齐渡河，尽望樊城而去。孔明教将船筏放火烧毁。",same_body_paragraph
诸葛亮,邓艾,5,5,111;113;115;117;120,"Chapter 111, P111-001: 却说姜维退兵屯于钟堤，魏兵屯于狄道城外。王经迎接陈泰、邓艾入城，拜谢解围之事，设宴相待，大赏三军。泰将邓艾之功，申奏魏主曹髦。髦封艾为安西将军，假节领护东羌校尉，同陈泰屯兵于雍、凉等处。邓艾上表谢恩毕，陈泰设宴与邓艾拜贺曰：「姜维夜遁，其力已竭，不敢再出矣。」艾笑曰：「吾料蜀兵其必出有五。」泰问其故。艾曰：「蜀兵虽退，终有乘胜之势；吾兵终有弱败之实：其必出一也。蜀兵皆是孔明教演，精锐之兵，容易调遣；吾将不时更换，军又训练不熟：其必出二也。蜀人多以船行，吾军皆是旱地，劳逸不同：其必出三也。狄道、陇西、南安、祁山四处，皆是守战之地；蜀人或声东击西，指南攻北，吾兵必须分头把守；蜀兵合为一处而来，以一分当我四分：其必出四也。若蜀兵自南安、陇西，则可取羌人之谷为食；若出祁山，则有麦可就食：其必出五也。」 || Chapter 113, P113-020: 却说王含、蒋斌因立寨未定，恐魏兵来劫寨，不散解甲而寝。忽闻中军大乱，急焯兵器上的马时，寨外邓忠引兵杀到。内外夹攻，王、蒋二将，奋死抵敌不住，弃寨而走。姜维在帐中听得左寨中大喊，料到有内应外合之兵，遂急上马，立于中军帐前，传令曰：「如有妄动者斩，便有敌兵到营边，休要问他，只管以弓弩射之！」一面传示右营，亦不许妄动。果然魏兵十余次冲击，皆被射回。只冲杀到天明，魏兵不敢杀入。邓艾收兵回寨，乃叹曰：「姜维深得孔明之法！兵在夜而不惊，将闻变而不乱：真将材也！」 || Chapter 115, P115-020: 却说邓艾闻姜维在沓中屯田，于路下四十余营，连络不绝，如长蛇之势。艾遂令细作相了地形，画成图本，具表申奏。晋公司马昭见之，大怒曰：「姜维屡犯中原，不能剿除，是吾心腹之患也。」贾充曰：「姜维深得孔明传授，急难退之。须得一智勇之将，往刺杀之，可免动兵之劳。」从事中郎荀勗曰：「不然：今蜀主刘禅溺于酒色，信用黄皓，大臣皆有避祸之心。姜维在沓中屯田，正避祸之计也。若令大将伐之，无有不胜，何必用刺客乎？」",same_body_paragraph
诸葛瑾,陆逊,5,5,85;96;102;103;108,"Chapter 85, P085-009: 正议之间，忽探马报：「曹真、夏侯尚围了南郡，被陆逊伏兵于内，诸葛瑾伏兵于外，内外夹攻，因此大败。」言未毕，忽探马又报：「曹休亦被吕范杀败。」丕听知三路兵败，乃喟然叹曰：「朕不听贾诩、刘晔之言，果有此败！」时值夏天，大疫流行，马步军十死六七，遂引军回洛阳。吴、魏自此不和。 || Chapter 96, P096-015: 权大喜，乃召陆逊，封为辅国大将军、平北都元帅，统御林大兵，摄行王事；授以白旄黄钺，文武百官，皆听约束。权亲自与逊执鞭。领命谢恩毕，乃保二人为左右都督，分兵以迎三道。权问何人，逊曰：「奋威将军朱桓、妥南将军全琮二人可为辅佐。」权从之，即命朱桓为左都督，全琮为右都督都。于是陆逊总率江南八十一州并荆湖之众七十余万，令朱桓在左，全琮在右，逊自居中，三路进兵。朱桓献策曰：「曹休以亲见任，非智勇之将也。今听周鲂诱言，深入重地，元帅以兵击之，曹休必败。败后必走两条路：左乃夹石，右乃桂车。此二路皆山僻小径，最为险峻。某愿与全子璜各引一军，伏于山险，先以柴木大石塞断其路，曹休可擒矣。若擒了曹休，便长驱直进，唾手而得寿春，以窥许、洛，乃万世一时也。」逊曰：「此非善策，吾自有妙用。」于是朱桓怀不平而退。逊令诸葛瑾等拒守江陵，以敌司马懿。诸路俱各调拨停当。 || Chapter 102, P102-020: 权览毕，大喜，乃谓费袆曰：「朕久欲兴兵，未得会合孔明。今既有书到，即日朕自兴兵，入居巢门，取魏新城﹔再令陆逊、诸葛瑾等屯兵于江夏沔口取襄阳﹔孙韶、张承等出兵广陵取淮阳等处：三路一齐进军，共三十万，（左克右寸）日兴师。」费袆拜谢曰：「诚如此，则中原不日自破矣！」",same_body_paragraph
郭汜,马腾,5,2,10;57,"Chapter 10, P010-003: 且说李傕、郭汜既掌大权，残虐百姓，密遣心腹待帝左右，观其动静。献帝此时举动荆棘。朝廷官员，并由二贼升降。因采人望，特宣朱隽入朝，封为太仆，同领朝政。一日，人报西凉太守马腾、并州刺史韩遂二将引军十余万，杀奔长安来，声言讨贼。原来二将先曾使人入长安，结连侍中马宇、谏议大夫种邵、左中郎将刘范三人为内应，共谋贼党。三人密奏献帝，封马腾为征西将军、韩遂为镇西将军，各受密诏，并力讨贼。 || Chapter 10, P010-004: 当下李傕，郭汜，张济，樊稠闻二军将至，一同商议御敌之策。谋士贾诩曰：「二军远来，只宜深沟高垒，坚守以拒之。不过百日，彼兵粮尽，必将自退，然后引兵追之，二将可擒矣。」李蒙、王方出曰：「此非好计。愿借精兵万人，立斩马腾、韩遂之头，献于麾下。」贾诩曰：「今若即战，必当败绩。」李蒙、王方齐声曰：「若吾二人败，情愿斩首；吾若战胜，公亦当输首级与我。」诩谓李傕、郭汜曰：「长安西二百里盩厔山，其路险崚，可使张、樊两将军屯兵于此，坚壁守之；待李蒙、王方自引兵迎敌，可也。」李傕、郭汜从其言，点一万五千人马与李蒙、王方。二人忻喜而去，离长安二百八十里下寨。西凉兵到，两个引军迎去。西凉军马拦路摆开阵势。马腾、韩遂联辔而出，指李蒙、王方骂曰：「反国之贼！谁去擒之？」 || Chapter 10, P010-007: 李傕、郭汜听知李蒙、王方皆被马超杀了，方信贾诩有先见之明，重用其计，只理会紧守关防，由他搦战，并不出迎。果然西凉军未及两月，粮草俱乏，商议回军。恰好长安城中马宇家僮出首家主与刘范、种邵，外连马腾、韩遂，欲为内应等情。李傕、郭汜大怒，尽收三家少良贱斩于市，把三颗首级，直来门前号令。",same_body_paragraph
陆逊,顾雍,5,4,38;83;86;98,"Chapter 38, P038-017: 却说孙权自孙策死后，据住江东，承父兄基业，广纳贤士，开宾馆于吴会，命顾雍、张纮延接四方宾客。连年以来，你我相荐。时有会稽阚泽，字德润；彭城严畯，字曼才；沛县薛综，字敬文；汝南程秉，字德枢；吴郡朱桓，字休穆；陆绩，字公纪；吴人张温，字惠恕；会稽凌统，字公续；乌程吴粲，字孔休：此数人皆至江东。孙权敬礼甚厚。又得良将数人，乃汝阳吕蒙，字子明，吴郡陆逊，字伯言，瑯琊徐盛，字文向，东郡潘璋，字文珪，庐江丁奉，字承渊。文武诸人，共相辅佐。由此江东称得人之盛。 || Chapter 83, P083-020: 权大惊，举止失措，阚泽出班奏曰：「见有擎天之柱，如何不用耶？」权急问何人。泽曰：「昔日东吴大事，全任周郎；后鲁子敬代之；子敬亡后，决于吕子明；今子明虽丧．见有陆伯言在荆州。此人名虽儒生，实有雄才大略，以臣论之；不在周郎之下；前破关公，其谋皆出于伯言。主上若能用之，破蜀必矣。如或有失，臣愿与同罪。」权曰：「非德润之言，孤误大事。」张昭曰：「陆逊乃一书生耳，非刘备敌手；恐不可用。」顾雍亦曰：「陆逊年幼望轻，恐诸公不服；若不服则生祸乱，必误大事。」步骘亦曰：「逊才堪治郡耳；若托以大事，非其宜也。」阚泽大呼曰：「若不用陆伯言，则东吴休矣！臣愿以全家保之！」权曰：「孤亦素知陆伯言乃奇才也：孤意已决，卿等勿言。」 || Chapter 86, P086-001: 却说东吴陆逊自退魏兵之后，吴王拜逊为辅国将军江陵侯，领荆州牧；自此军权皆归于逊。张昭、顾雍启奏吴王，请自改元。权从之，遂改为黄武元年。忽报魏主遣使至，权召入。使命陈说：「蜀前使人求于魏，魏一时不明，故发兵应之；今已大悔，欲起四路兵取川，东吴可来接应。若得蜀土，各分一半。」",same_body_paragraph
鲁肃,黄盖,5,4,43;44;46;49,"Chapter 43, P043-018: 于是黄盖与鲁肃引孔明入；至中门，正遇诸葛瑾，孔明施礼。瑾曰：「贤弟既到江东，如何不来见我？」孔明曰：「弟既事豫州，理宜先公后私，公事未毕，不敢及私。望兄见谅。」瑾曰：「贤弟见过吴侯，却来叙话。」说罢自去。 || Chapter 44, P044-015: 孔明与鲁肃辞出，相别而去。次日清晨，孙权升堂。左边文官张昭、顾雍等三十余人；右边武官程普、黄盖等三十余人。衣冠济济，剑佩锵锵，分班侍立。 || Chapter 46, P046-028: 众官扶起黄盖，打得皮开肉绽，鲜血迸流，扶归本寨，昏绝几次。动问之人，无不下泪。鲁肃也往看问了，来至孔明船中，谓孔明曰：「今日公瑾怒责公覆，我等皆是他部下，不敢犯颜苦谏。先生是客，何故袖手旁观，不发一语？」孔明笑曰：「子敬欺我。」肃曰：「肃与先生渡江以来，未尝一事相欺。今何出此言？」孔明曰：「子敬岂不知公瑾今日毒打黄公覆，乃其计耶？如何要我劝他？」肃方悟。孔明曰：「不用苦肉计，何能瞒过曹操？今必令黄公覆去诈降，却教蔡中，蔡和报知其事矣。子敬见公瑾时，切勿言亮先知其事，只说亮也埋怨都督便了。」",same_body_paragraph
公孙瓒,孔融,4,2,5;11,"Chapter 5, P005-008: 第一镇，后将军南阳太守袁术。第二镇，冀州刺史韩馥。第三州镇，豫州刺史孔。第四镇，兖州刺史刘岱。第五镇，河内郡太守王匡。第六镇，陈留太守张邈。第七镇，东郡太守乔瑁。第八镇，山阳太守刘遗。第九镇，济北相鲍信。第十镇，北海太守孔融。第十一镇，广陵太守张超。第十二镇，徐州刺史陶谦。第十三镇，西凉太守马腾。第十四镇，北平太守公孙瓒。第十五镇，上党太守张杨。第十六镇，乌程侯长沙太守孙坚。第十七镇，祁乡侯渤海太守袁绍。诸路军马，少不等，一有三万者，有一二万者一，各领文官武将，投洛阳来。 || Chapter 5, P005-021: 流星马探听得，报入袁绍大寨里来。绍聚众商议。操曰：「董卓屯兵虎牢，截俺诸侯中路，今可勒兵一半迎敌。」绍乃分王匡，乔瑁，鲍信，袁遗，孔融，张杨，陶谦，公孙瓒，八路诸侯，往虎牢关迎敌。操引军往来救应。八路诸侯，各自起兵。河内太守王匡，引兵先到。吕布带铁骑三千，飞奔来迎。王匡将军马列成阵势，勒马门旗下看时，见吕布出阵：头戴三叉束发紫金冠，体挂西川红锦百花袍，身披兽面吞头连环铠，腰系勒甲玲珑狮蛮带；弓箭随身，手持画戟；坐下嘶风赤兔马；果然是人中吕布，马中赤兔！ || Chapter 11, P011-010: 孔融迎接玄德入城，叙礼毕，大设筵宴庆贺。又引糜竺出见玄德，具言张闿杀曹嵩之事：「今曹操纵兵大掠，围住徐州，特来求救。」玄德曰：「陶恭祖乃仁人君子，不意受此无辜之冤。」孔融曰：「公乃汉室宗亲，今曹操残害百姓，倚强欺弱，何不与融同往救之？」玄德曰：「备非敢推辞，奈兵微将寡，恐难轻动。」孔融曰：「融之欲救陶恭祖，虽因旧谊，亦为大义。公岂独无仗义之心耶？」玄德曰：「既如此，请文举先行，容备去公孙瓒处，借三五千人马，随后便来。」融曰：「公切勿失信。」玄德曰：「公以备为何如人也？圣人云：『自古皆有死，人无信不立。』刘备借得军，或借不得军，必然亲至。」",same_body_paragraph
关兴,孙权,4,3,82;85;87,"Chapter 82, P082-013: 却说蜀将吴班领先锋之印，自出川以来，所到之处，望风而降；兵不血刃，直到宜都；探知孙桓在彼下寨，飞奏先主。时先主已到秭归，闻奏怒曰：「量此小儿，安敢与朕抗耶！」关兴奏曰：「既孙权令此子为将，不劳陛下遣大将，臣愿往擒之。」先主曰：「朕正欲观汝壮气。」即命关兴前往。兴拜辞欲行，张苞出曰：「既关兴前去讨贼，臣愿同行。」先主曰：「二姪同去甚妙；但须谨慎，不可造次。」 || Chapter 82, P082-023: 却说先主从巫峡，建平起，直接彝陵界分，七十余里，连结四十余寨；见关兴，张苞，屡立大功，叹曰：「昔日从朕诸将，皆老迈无用矣；复有二姪如此英雄，朕何虑孙权乎！」 || Chapter 85, P085-028: 「此四路兵俱不足忧。臣尚恐不能全保，又密调关兴、张苞二将，各引兵三万，屯于紧要之处，为各路救应。此数处调遣之事，皆不曾经由成都，故无人知觉。只有东吴这一路兵，未必便动：如见四路兵胜，川中危急，必来相攻；若四路不济，安肯动乎？臣料孙权想曹丕三路侵吴之怨，必不肯从其言。虽然如此，须用一舌辩之士，迳往东吴，以利害说之，则先退东吴；其四路之兵，何足忧乎？但未得说吴之人，臣故踌躇。何劳陛下圣驾来临？」后主曰：「太后亦欲来见相父。今朕闻相父之言，如梦初觉，复何忧哉！」",same_body_paragraph
关兴,郭淮,4,3,93;94;99,"Chapter 93, P093-010: 三军鼓角己罢，司徒王朗乘马而出。上首乃都督曹真，下首乃副都督郭淮：两个先锋压住阵角。探子马出军前，大叫曰：「请对阵主将答话！」只见蜀兵门旗开处，关兴、张苞，分左右而出，立马于两边；次后一队队骁将分列；门旗影下，中央一辆四轮车，孔明端坐车中，纶巾羽扇，素衣皂（左糸右条），飘然而出。孔明举目见魏阵前三个麾盖，旗上大书姓名，中央白髯老者，乃军师司徒王朗。孔明暗忖曰：「王朗必不说词，吾当随机应之。」遂教推车出阵外，令护军小校传曰：「汉丞相与司徒会话。」王朗纵马而出。孔明于车上拱手，王朗在马上欠身答礼。朗曰：「久闻公之大名，今幸一会。公既知天命、识时务，何故兴无名之师？」孔明曰：「吾奉诏讨贼，何谓无名？」朗曰：「天数有变，神器更易，而归有德之人，此自然之理也。曩自桓、灵以来，黄巾倡乱，天下争横。降至初平、建安之岁，董卓造逆，傕、汜继虐；袁术僭号于寿春，袁绍称雄于邺上；刘表占据荆州，吕布虎吞徐郡：盗贼蜂起，奸雄鹰扬，社稷有累卵之危，生灵有倒悬之急。我太祖武皇帝，扫清六合，席卷八荒；万姓倾心，四方迎德：非以权势取之，实天命所归也。世祖文帝，神圣文武，以膺大统，应天合人，法尧禅舜，处中国以治万邦，岂非天心人意乎？今公蕴大才，报大器，欲自比于管乐，何乃强欲逆天理，背人情而行事耶？岂不闻古人云：『顺天者昌，逆天者亡。」今我大魏带甲百万，良将千员。谅腐草之萤光，怎及天心之皓月？公可倒戈卸甲，以礼来降，不失封侯之位。国安民乐，岂不美哉！」孔明在车上大笑曰：「吾以为汉朝大老元臣，必有高论，岂期出此鄙言！吾有一言，诸军静听：昔桓、灵之世，汉统陵替，宦官酿祸；国乱岁凶，四方扰攘。黄巾之后，董卓、傕、汜等接踵而起，迁劫汉帝，残暴生灵。因庙堂之上，朽木为官；殿陛之间，禽兽食禄。狼心狗行之辈，滚滚当朝；奴颜婢膝之徒，纷纷秉政。以致社稷邱墟，苍生涂炭。吾素知汝所行！世居东海之滨，初举孝廉入仕。理合匡君辅国，安汉兴刘；何期反助逆贼，同谋篡位！罪恶深重，天地不容！天下之人，愿食汝肉！」「今幸天意不绝炎汉，昭烈皇帝继统西川。吾今奉嗣君之旨，兴师讨贼。汝既为谄谀之臣，只可潜身缩首，苟图衣食；安敢在行伍之前，妄称天数耶！皓首匹夫！苍髯老贼！汝即日将归于九泉之下，何面目见二十四帝乎！老贼速退！可叫反臣与吾共决胜负！」王朗听罢，气满胸膛，大叫一声，撞死于马下。后人有诗赞孔明曰： || Chapter 93, P093-013: 却说孔明归帐，先唤赵云、魏延听令。孔明曰：「汝二人各引本部军去劫魏寨。」魏延进曰：「曹真深明兵法，必料我乘丧劫寨。他岂不隄防？」孔明笑曰：「吾正欲曹真知吾去劫寨也。彼必伏兵在祁山之后，待我兵过去，却来袭我寨；吾故令汝二人，引兵前去，过山脚后路，远下营寨，待魏兵来劫吾寨。汝看火起为号，分兵两路；文长拒住山口，子龙引兵杀回，必遇魏兵，却放彼走回，汝乘势攻之，彼必自相掩杀：可获全胜。」二将引兵受计而去。又唤关兴、张苞分付曰：「汝二人各引一军，伏于祁山要路；放过魏兵，却从魏兵来路，杀奔魏寨而去。」二人引兵受计去了。又令马岱、王平、张翼、张嶷四将，伏于寨外，四面迎击魏兵。孔明乃虚立寨栅，居中堆起柴草，以备火号；自引诸将退于寨后，以观动静。却说魏先锋曹遵、朱赞黄昏离寨，迤逦前进。二更左侧，遥望山前隐隐有兵行动。曹遵自思曰：「郭都督真神机妙算！」遂催兵急进。到蜀寨时，将及三更。曹遵先杀入寨，却是空寨，并无一人，料知中计，急撤军回，寨中火起。朱赞兵到，自相掩杀，人马大乱。曹遵与朱赞交马，方知自相践踏。急合兵时，忽四面喊声大震，王平、马岱、张嶷、张翼杀到。曹、朱二人引心腹军百余骑，望大路奔走。忽然鼓角齐鸣，一彪军截住去路；为首大将乃常山赵子龙也，大叫曰：「贼将那里去！早早受死！」曹、朱二人夺路而走。忽喊声又起，魏延又引一彪军杀到。曹、朱二人大败，夺路奔回本寨。守寨军士，只道蜀兵来劫寨，慌忙放起号火。左边曹真杀至，右边郭淮杀至，自相掩杀。背后三路蜀兵杀到：中央魏延，左边关兴，右边张苞，大杀一阵。魏兵败走十余里，魏将死者极多。孔明全获大胜，方始收兵。曹真、郭淮收拾败军回寨，商议曰：「今魏兵势孤，蜀兵势大，将何策以退之？」淮曰：「『胜负乃兵家常事』，不足为忧。某有一计，使蜀兵首尾不能相顾，定然自走矣。」正是： || Chapter 94, P094-005: 却说曹真连日望羌人消息，忽有伏路军来报说：蜀兵拔寨收拾起程。」郭淮大喜曰：「此因羌兵攻击，故尔退去。」遂分两路追赶。前面蜀兵乱走，魏兵随后追赶。先锋曹遵正赶之间，忽然鼓声大震，一彪军闪出；为首大将乃魏延也，大叫：「反贼休走！」曹遵大惊，拍马交锋；不三合，被魏延一刀斩于马下。副先锋朱赞引兵追赶，忽然一彪军闪出；为首大将乃赵云也。朱赞措手不及，被云一鎗刺死。曹真、郭淮见两路先锋有失，欲收兵回；背后喊声大震，鼓角齐鸣，关兴、张苞两路兵杀出，围了曹真、郭淮，痛杀一阵。曹、郭二人，引败兵冲路走脱。蜀兵全胜，直追到渭水，夺了魏寨。曹真折了两个先锋，哀伤不已；只得写本申朝，乞拨援兵。",same_body_paragraph
刘备,孙坚,4,3,2;6;120,"Chapter 2, P002-008: 朱隽大喜，便令坚攻打南门，玄德打北门，朱隽打西门，留东门与贼走。孙坚首先登城，斩贼二十余人，贼众奔溃。赵弘飞马突槊，直取孙坚。坚从城上飞身夺弘槊，刺弘下马；却骑弘马，飞身往来杀贼。孙仲引贼突出北门，正迎玄德，无心恋战，只待奔逃。玄德张弓一箭，正中孙仲，翻身落马。朱隽大军，随后掩杀，斩首数万级，降者不可胜计。南阳一路，十数郡皆平。隽班师回京,诏封为车骑对军，河南尹。隽表奏孙坚、刘备等功。坚有人情，除别郡司马上任去了；惟玄德听候日久，不得除授。 || Chapter 6, P006-001: 却说张飞拍马赶到关下，关上矢石如雨，不得进而回。八路诸侯，同请玄德、关、张贺功，使人去袁绍寨中报捷。绍遂移檄孙坚，令其进兵。坚引程普，黄盖，至袁术寨中相见。坚以杖画地曰：「董卓与我，本无雠隙。今我奋不顾身，亲冒矢石，来决死战者：上为国家讨贼，下为将军家门之私；而将军却听谗言，不发粮草，致坚败绩，将军何安！」 || Chapter 6, P006-008: 却说卓将赵岑，见卓已弃洛阳而去，便献了汜水关。孙坚驱兵先入，玄德、关、张杀入虎牢关，诸侯各引军入。",same_body_paragraph
刘备,王平,4,2,72;73,"Chapter 72, P072-001: 却说徐晃引军渡汉水，王平苦谏不听，渡过汉水扎营。黄忠，赵云，告玄德曰：「某等各引本部兵去迎曹兵。」玄德应允。二人引兵而行。忠谓云曰：「今徐晃恃勇而来，且休与敌；待日暮兵疲，你我分兵两路击之，可也。」云然之，各引一军据住寨栅。徐晃引兵从辰时搦战，直至申时，蜀兵不动。晃尽教弓弩手向前，望蜀营射去。黄忠谓赵云曰：「徐晃令弓弩射者，其军必将退也；可乘时击之。」 || Chapter 72, P072-003: 晃大怒，欲杀王平。平当夜引本部军就营中放起火来，曹兵大乱，徐晃弃营而走。王平渡汉水来投赵云。云引见玄德。王平尽言汉水地理。玄德大喜曰：「孤得王子均，取汉中无疑矣。」遂命王平为偏将军，领乡导使。 || Chapter 72, P072-004: 却说徐晃逃回见操，说王平反去降刘备矣。操大怒，亲统大军来夺汉水寨栅。赵云恐孤军难立，遂退于汉水之西。两军隔水相拒。玄德与孔明来观形势。孔明见汉水上流头，有一带土山，可伏千余人；乃回到营中。唤赵云吩咐：「汝可引五百人，皆带鼓角，伏于土山之下；或半夜，或黄昏，只听我营中砲响，砲响一番，擂鼓一番，只不要出战。」",same_body_paragraph
刘备,荀攸,4,4,41;42;48;57,"Chapter 41, P041-020: 襄阳既定，荀攸进言曰：「江陵乃荆襄重地，钱粮极广。刘备若据此地，急难动摇。」操曰：「孤岂忘之？」随命于襄阳诸将中，选一员引军开道。诸将中却独不见文聘。操使人寻问，方才来见。操曰：「汝来何迟？」对曰：「为人臣而不能使其主保全境土，心实悲惭，无颜早见耳。」言讫，欷歔流涕。操曰：「真忠臣也！」除江夏太守，赐爵关内侯，便教引军开道。探马报说：「刘备带领百姓，日行止十数里，计程只有三百余里。」操教各部下精选五千铁骑，星夜前进，限一日一夜，赶上刘备。大军陆续随后而进。 || Chapter 42, P042-020: 曹操入城，安民已定，释韩嵩之囚，加为大鸿胪。其余众官，各有封赏。曹操与众将议曰：「今刘备已投江夏，恐结连东吴，是滋蔓也。当用何计破之？」荀攸曰：「我今大振兵威，遣使驰檄江东，请孙权会猎于江夏，共擒刘备，分荆州之地，永结盟好。孙权必惊疑而来降，则吾事济矣。」 || Chapter 48, P048-006: 饮至半夜，操酒酣，遥指南岸曰：「周瑜，鲁肃，不识天时。今幸有投降之人，为彼心腹之患，此天助吾也。」荀攸曰：「丞相勿言，恐有泄漏。」操大笑曰：「座上诸公，与近侍左右，皆吾心腹之人也，，言之何碍？」又指夏口曰：「刘备，诸葛亮，汝不料蝼蚁之力，欲撼泰山，何其愚耶！」顾谓诸将曰：「吾今年五十四岁矣。如得江南，窃有所喜。昔日乔公与吾至契，吾知其二女皆有国色。后不料为孙策，周瑜，所娶。吾今新构铜雀台于漳水之上，如得江南，当娶二乔，置之台上，以娱暮年，吾愿足矣。」言罢大笑。唐人杜牧之有诗曰：折戟沈沙铁未消，自将磨洗认前朝。东风不与周郎便，铜雀春深锁二乔。",same_body_paragraph
刘璋,刘表,4,4,16;21;38;56,"Chapter 16, P016-043: 登点头允诺，回徐州见吕布。布问之，登言父赠禄，某为太守。布大怒曰：「汝不为吾求徐州牧，而乃自求爵禄！汝父教我协同曹公，绝婚公路，今吾所求，终无一获，而汝父子俱各显贵，吾为汝父子所卖耳！」遂拔剑欲斩之。登大笑曰：「将军何其不明之甚也！」布曰：「吾何不明？」登曰：「吾见曹公，言养将军譬如养虎，当饱其肉；不饱则将噬人。」曹公笑曰：「不如卿言。吾待温侯，如养鹰耳，狐兔未息，不敢先饱。饥则为用，饱则飏去。」某问：「谁为狐兔？」曹公曰：「淮南袁术、江东孙策、冀州袁绍、荆州刘表、益州刘璋、汉中张鲁，皆狐兔也。」布掷剑笑曰：「曹公知我也！」正说话间，忽报袁术军来取徐州。吕布闻言失惊。正是：秦晋未谐吴越斗，婚姻惹出甲兵来。毕竟后事如何。且看下文分解。 || Chapter 21, P021-008: 玄德曰：「备肉眼安识英雄？」操曰：「休得过谦。」玄德曰：「备叨恩庇，得仕于朝。天下英雄，实有未知。」操曰：「既不识其面，亦闻其名。」玄德曰：「淮南袁术，兵粮足备，可谓英雄。」操笑曰：「冢中枯骨，吾早晚必擒之！」玄德曰：「河北袁绍，四世三公，门多故吏；今虎踞冀州之地，部下能事者极多，可谓英雄。」操笑曰：「袁绍色厉胆薄，好谋无断；干大事而惜身，见小利而忘命：非英雄也。」玄德曰：「有一人名称八骏，威镇九州──刘景升可为英雄。」操曰：「刘表虚名无实，非英雄也。」玄德曰：「有一人血气方刚，江东领袖──孙伯苻乃英雄也。」操曰：「孙策藉父之名，非英雄也。」玄德曰：「益州刘季玉，可为英雄乎？」操曰：「刘璋虽系宗室，乃守户之犬耳，何足为英雄！」玄德曰：「如张绣、张鲁、韩遂等辈皆何如？」操鼓掌大笑曰：「此等碌碌小人，何足挂齿！」玄德曰：「舍此之外，备实不知。」操曰：「夫英雄者，胸怀大志，腹有良谋；有包藏宇宙之机，吞吐天地之志者也。」玄德曰：「谁能当之？」操以手指玄德，后自指曰：「今天下英雄，惟使君与操耳。」 || Chapter 38, P038-009: 玄德闻言，避席拱手谢曰：「先生之言，顿开茅塞，使备如拨云雾而睹青天；但荆州刘表、益州刘璋，皆汉室宗亲，备安忍夺之？」孔明曰：「亮夜观天象，刘表不久人世。刘璋非立业之主，久后必归将军。」玄德闻言，顿首拜谢。只这一席话，乃孔明未出茅庐，已知三分天下，真万古人不及也！后人有诗赞曰：",same_body_paragraph
刘璋,周瑜,4,2,56;57,"Chapter 56, P056-014: 却说玄德与孔明在荆州广聚粮草，调练军马，远近之士多归之。忽报鲁肃到，玄德问孔明曰：「子敬此来何意？」孔明曰：「昨者孙权表主公为荆州牧，此是惧曹操之计。操封周瑜为南郡太守，此欲令我两家自相吞并，他好于中取事也。今鲁肃此来，又是周瑜既受太守之职，要来索荆州之意。」玄德曰：「何以答之？」孔明曰：「若肃提起荆州之事，主公便放声大哭。哭到悲切之处，亮自出来解劝。」计会已定，接鲁肃入府，礼毕，叙坐。肃曰：「今日皇叔做了东吴女婿，便是鲁肃主人，如何敢坐？」玄德笑曰：「子敬与我旧交，何必太谦？」肃乃就坐。茶罢，肃曰：「今奉吴侯钧命，专为荆州一事而来。皇叔已借住多时，未蒙见还。今既两家结亲，当看亲情面上，早早交付。」玄德闻言，掩面大哭。肃惊曰：「皇叔何故如此？」玄德哭声不绝。孔明从屏后出曰：「亮听之久矣。子敬知吾主人哭的缘故么？」肃曰：「某实不知。」孔明曰：「有何难见？当初我主人借荆州时，许下取得西川便还。仔细想来：益州刘璋是我主人之弟，一般都是汉朝骨肉。若要兴兵去取他城池时，恐被外人唾骂；若要不取，还了荆州，何处安身？若不还时，于尊舅面上又不好看。事出两难，因此泪出痛肠。」孔明说罢，触动玄德衷肠，真个搥胸顿足，放声大哭。鲁肃劝曰：「皇叔且休烦恼，与孔明从长计议。」孔明曰：「有烦子敬，回见吴侯，勿惜一言之劳，将此烦恼情节，恳告吴侯，再容几时。」肃曰：「倘吴侯不从，如之奈何？」孔明曰：「吴侯既以亲妹聘嫁皇叔，安得不从乎？望子敬善言回复。」 || Chapter 56, P056-015: 鲁肃是个宽仁长者，见玄德如此哀痛，只得应允。玄德、孔明拜谢。宴毕，送鲁肃下船。迳到柴桑，见了周瑜，具言其事。周瑜顿足曰：「子敬又中诸葛亮之计也！当初刘备依刘表时，常有吞并之意，何况西川，刘璋乎？似此推调，未免累及老兄矣。吾有一计，使诸葛亮不能出吾算中。子敬便当一行。」肃曰：「愿闻妙策。」瑜曰：「子敬不必去见吴侯，再去荆州对刘备说：孙，刘两家，既结为亲，便是一家；若刘氏不忍去取西川，我东吴起兵去取；取得西川时，以作嫁资，却把荆州交还东吴。」肃曰：「西川迢递，取之非易。都督此计，莫非不可？」瑜笑曰：「子敬真长者也。你道我真个去取西川与他？我只以此为名，实欲去取荆州，且教他不做准备。东吴军马，收川路过荆州，就问他索要钱粮，刘备必然出城劳军。那时乘势杀之，夺取荆州，雪吾之恨，解足下之祸。」鲁肃大喜，便再往荆州来。玄德与孔明商议。孔明曰：「鲁肃必不曾见吴侯，只到柴桑和周瑜商量了甚计策，来诱我耳。但说的话，主公只看我点头，便满口应承。」计会已定，鲁肃入见，礼毕，曰：「吴侯甚是称赞皇叔盛德，遂与诸将商议，起兵替皇叔收川。取了西川，却换荆州，以西川权当嫁资。但军马经过，却望应些钱粮。」孔明听了，忙点头曰：「难得吴侯好心！」玄德拱手称谢曰：「此皆子敬善言之力。」孔明曰：「如雄师到日，即当远接稿劳。」鲁肃暗喜，宴罢辞回。玄德问孔明曰：「此是何意？」孔明大笑曰：「周瑜死日近矣！这等计策，小儿也瞒不过！」玄德又问如何？孔明曰：「此乃『假途灭虢』之计也。虚名收川，实取荆州。等主公出城劳军，乘势拏下，杀入城来，攻其无备，出其不意也。」玄德曰：「如之奈何？」孔明曰：「主公宽心，只顾准备窝弓以擒猛虎，安排香饵以钓鳌鱼。等周瑜到来，他便不死，也九分无气。」便唤赵云听计：「如此如此，其余我自有摆布。」玄德大喜。后人有诗叹曰： || Chapter 56, P056-017: 却说鲁肃回见周瑜，说玄德，孔明欢喜不疑，准备出城劳军。周瑜大笑曰：「原来今番也中了吾计！」便教鲁肃禀报吴侯，并遣程普引兵接应。周瑜此时箭疮已渐平愈，身躯无事，使甘宁为先锋，自与徐盛，丁奉为第二；凌统，吕蒙为后队。水陆大兵五百万，望荆州而来。周瑜在船中，时复欢笑，以为孔明中计。前军至夏口，周瑜问：「荆州有人在前面接否？」人报：「刘皇叔使糜竺来见都督。」瑜唤至，问劳军如何。糜竺曰：「主公皆准备安排下了。」瑜曰：「皇叔何在？」竺曰：「在荆州城门相等，与都督把盏。」瑜曰：「今为汝家之事，出兵远征；劳军之礼，休得轻易。」糜竺领了言语先回。战船密密排在江上，依次而进。看看至公安，并无一双军船，又无一人远接。周瑜催船速行。离荆州十余里，只见江面上静荡荡的。哨探的回报：「荆州城上，插两面白旗，并不见一人之影。」瑜心疑，教把船傍岸，亲自上岸，乘马带了甘宁，徐盛，丁奉一班军官，引亲随精军三千人，迳望荆州来。既至城下，并不见动静。瑜勒住马，令军士叫门。城上问是谁人。吴军答曰：「是东吴周都督亲自此。」言未毕，忽一声梆子响，城上一齐都竖起鎗刀。敌楼上赵云出曰：「都督此行，端的为何？」瑜曰：「吾替汝主取西川，汝岂犹未知耶？」云曰：「孔明军师已知都督『假途灭虢』之计，故留赵云在此。吾主公有言：『孤与刘璋，皆汉室宗亲，安忍背义而取西川？若汝东吴端的取蜀，吾当披发入山，不失信于天下也。』」周瑜闻之，勒马便回。只见一人打著令字旗，于马前报说：「探得四路军马，一齐杀到：关某从江陵杀来，张飞从秭归杀来，黄忠从公安杀来，魏延从彝陵小路杀来：四路正不知多少军马。喊声远近震动百余里，皆言要捉周瑜。」瑜马上大叫一声，箭鎗复裂，墬于马下。正是：一著掑高难对敌，几番算定总成空。不知周瑜性命如何，且看下文解。",same_body_paragraph
刘禅,夏侯霸,4,3,107;110;113,"Chapter 107, P107-027: 淮大怒，挺枪骤马，直取夏侯霸。霸挥刀纵马来迎。战不十合，淮败走，霸随后赶来。忽听得后军呐喊，霸急回马时，陈泰引兵杀来。郭淮复回。两路夹攻，霸大败而走，折兵大半；寻思无计，遂投汉中来降后主。 || Chapter 107, P107-030: 于是姜维引夏侯霸至成都，入见后主。维奏曰：「司马懿谋杀曹爽，又来赚夏侯霸，霸因此投降。目今司马懿父子专权，曹芳懦弱，魏国将危。臣在汉中有年，兵精粮足；臣愿领王师，即以霸为乡导官，进取中原，重兴汉室，以报陛下之恩，以终丞相之志。」尚书令费袆谏曰：「近者，蒋琬、董允，皆相继而亡，内治无人。伯约只宜待时，不宜轻动。」维曰：「不然，人生如白驹过隙，似此迁延岁月，何日恢复中原乎？」袆又曰：「孙子云：『知彼知己，百战百胜。』我等皆不如丞相远甚，丞相尚不能恢复中原，何况我等？」维曰：「吾久居陇上，深知羌人之心；今若结羌人为援，虽未能克复中原，自陇而西，可断而有也。」后主曰：「卿既欲伐魏，可尽忠竭力，勿堕锐气，以负朕命。」 || Chapter 110, P110-018: 却说西蜀细作，哨知此事，报入成都。姜维奏后主曰：「司马师新亡，司马昭初握重权，必不敢擅离洛阳。臣请乘间伐魏，以复中原。」后主从之，遂命姜维兴师伐魏。维到汉中，整顿人马。征西大将军张翼曰：「蜀地浅狭，钱粮浅薄，不宜远征；不如据险守分，恤军爱民：此乃保国之计也。」维曰：「不然。昔丞相未出茅庐，已定三分天下，然其六出祁山以图中原；不幸半途而丧，以致功业未成。今吾既受丞相遗命，当尽忠报国以继其志，虽死而无恨也。今魏有隙可乘，不就此时伐之，更待何时？」夏侯霸曰：「将军之言是也。可将轻骑先出枹罕。若得洮西、南安，则诸郡可定。」张翼曰：「向者不克而还，皆因军出甚迟也。兵法云：『攻其无备，出其不意。』今若火速进兵，使魏人不能提防，必然全胜矣。」",same_body_paragraph
刘禅,费祎,4,2,96;101,"Chapter 96, P096-009: 后主览毕曰﹕「胜负兵家常事，丞相何出此言？」侍中费祎奏曰﹕「臣闻治国者，必以奉法为重。法若不行，何以服人？丞相败绩，自行贬降，正其宜也。」后主从之，乃诏贬孔明为右将军，行丞相事，照旧总督军马，就令费祎诏到汉中。 || Chapter 101, P101-001: 却说孔明用减兵添灶之法，退兵到汉中；司马懿恐有埋伏，不敢追赶，亦收兵回长安去了；因此罢兵不曾折了一人。孔明大赏三军已毕，回到成都，入见后主，奏曰：「老臣出了祁山，欲取长安，承陛下降诏召回，不知有何大事？」后主无言可对；良久乃曰：「朕久不见丞相之面，心甚思慕，故特诏同，别无他事。」孔明曰：「此非陛下本心，必有奸臣谗言，言臣有异志也。」后主闻言，默然无语。孔明曰：「老臣受先帝厚恩，誓以死报。今若内有奸邪，臣何能讨贼乎？」后主曰：「朕因过听宦官之言，一时召丞臣相。今日茅塞方开，悔之不及矣。」孔明遂唤众宦官究问，方知是茍安流言；急令人补之，已投魏国去了。孔明将妄奏的宦官诛戮，余皆废出宫外；又深责蒋琬、费祎等不能觉察奸邪，规谏天子。二人唯唯服罪。 || Chapter 101, P101-033: 却说孔明入汉中，欲归成都见后主。都护李严妄奏后主曰：「臣已备办军粮，行将运赴丞相军前，不知丞相何故忽然班师。」后主闻奏，即命尚书费祎入汉中，见孔明，问班师之故。祎至汉中宣后主之意。孔明大惊曰：「李严发书告急，说东吴将兴兵寇川，因此班师。」费祎曰：「李严奏称军粮已办，丞相无故回师，天子因此命某来问耳。」",same_body_paragraph
刘禅,钟会,4,3,115;116;119,"Chapter 115, P115-022: 次日，司马昭于朝外计议此事，前将军邓敦曰：「姜维屡犯中原，我兵折伤甚多；只今守御，尚自未保，奈何深入山川危险之地，自取祸乱耶？」昭怒曰：「吾欲兴仁义之师，伐无道之主，汝安敢逆吾意？」叱武士推出斩之。须臾，呈邓敦首级于阶下。众皆失色。昭曰：「吾自征东以来，息歇六年，治兵缮甲，皆已完备，欲伐吴、蜀久矣。今先定西蜀，乘顺流之势，水陆并进，并吞东吴：此灭虢取虞之道也。吾料西蜀将士，守成都者八九万，守边境者不过四五万，姜维屯田者不过六七万。今吾已令邓艾引关外陇右之兵十余万，绊住姜维于沓中，使不得东顾；遣钟会引关中精兵二三十万，直抵骆谷：三路以袭汉中。蜀主刘禅昏暗，边城外破，士女内震，其亡可必矣。」众皆拜服。 || Chapter 116, P116-008: 时后主改景耀五年，为炎兴元年，日与宦官黄皓在宫中游乐。忽接姜维之表，即召黄皓问曰：「今魏国遣钟会，邓艾大起人马，分道而来，如之奈何？」皓奏曰：「此乃姜维欲立功名故上此表。陆下宽心，勿生疑虑。臣闻城中有一师婆，供奉一神，能知吉凶，可召来问之。」后主从其言，于后殿陈设香花纸烛享祭礼物，令黄皓用小车请人宫中，坐于龙床之上。后主焚香祝毕。师婆忽然披发跣足，就殿上跳跃数十遍，盘旋于案上。皓日：「此神人降矣。升下可退左右亲祷之。」 || Chapter 116, P116-009: 后主尽退侍臣，再拜祝之。师婆大叫曰；「吾乃西川土神也。升下欣乐太平，何为求问他事？数年之后，魏国疆土亦归升下矣。陛下切勿忧虑。」言讫，昏倒于地，半晌方苏。后主大喜，重加赏赐。自此深信师婆之说，遂不听姜维之言，每日只在宫中饮宴欢乐。姜维履申告急表文，皆被黄皓隐匿，因此误了大事。却说钟会大军，迆逦望汉中进发。前军先锋许仪，要立头功，先领兵至南郑关。仪谓部将曰：「过此关即汉中矣。关上不多人马，我等便可奋力抢关。」众将领命，一齐并力向前。原来守关蜀将卢逊，早知魏兵将到，先于关前木桥左右，伏下军士，装起武侯所遗十矢连弩：比及许仪兵来抢关时，一声梆子响处，矢石如雨。仪急退时。早射倒数十骑。魏兵大败。",same_body_paragraph
刘表,周瑜,4,3,38;44;56,"Chapter 38, P038-027: 言讫遂终。孙权哀哭，具丧葬之礼，自不必说。至来年春，孙权商议欲伐黄祖。张昭曰：「居丧未及期年，不可动兵．」周瑜曰：「报仇雪恨，何待期年？」权犹豫未决。适北平都尉吕蒙入见，告权曰：「某把龙湫水口，忽有黄祖部将甘宁来降。某细询之。宁字兴霸，巴郡临江人也；颇通书史，有气力，好游侠；尝招合亡命，纵横于江湖之中；腰悬铜铃，人听铃声，尽皆避之。又尝以西川锦作帆幔，时人皆称为『锦帆贼』。后悔前非，改行从善，引众投刘表。见表不能成事，即欲来投东吴，却被黄祖留住在夏口。 || Chapter 44, P044-008: 二人互相争辩，孔明只袖手冷笑。瑜曰：「先生何故哂笑？」孔明曰：「亮不笑别人，笑子敬不识时务耳。肃曰：「先生如何反笑我不识时务？」孔明曰：「公瑾主意欲降操，甚为合理。」瑜曰：「孔明乃识时务之士，必与吾有同心。」肃曰：「孔明，你也如何说此？」孔明曰：「操极善用兵，天下莫敢当。向只有吕布、袁绍、袁术、刘表敢与对敌。今数人皆被操灭，天下无人矣。独有刘豫州不识时务，强与争衡。今孤身江夏，存亡未保。将军决计降曹，可以保妻子，可以全富贵。国祚迁移，付之天命，何足惜哉！」 || Chapter 44, P044-018: 权矍然起曰：「老贼欲废汉自立久矣，所惧二袁、吕布、刘表与孤耳。今数雄已灭，惟孤尚存。孤与老贼，誓不两立！卿言当伐，甚合孤意。此天以卿授我也。」瑜曰：「臣为将军决一血战，万死不辞。只恐将军狐疑不定。」权拔佩剑砍面前奏案一角曰：「诸官将有再言降操者，与此案同！」言罢，便将此剑赐周瑜，即封瑜为大都督，程普为副都督，鲁肃为赞军校尉。如文武官将有不听号令者，即以此剑诛之。",same_body_paragraph
刘表,夏侯惇,4,4,16;31;33;43,"Chapter 16, P016-029: 操正欲起兵，自往征吕布，忽流星马报说张济自关中引兵攻南阳，为流矢所中而死；济姪张绣统其众，用贾诩为谋士，结连刘表，屯兵宛城，欲兴兵犯阙夺驾。操大怒，欲兴兵讨之，又恐吕布来攻许都，乃问计于荀彧。彧曰：「此易事耳。吕布无谋之辈，见利必喜；明公可遣使往徐州，加官赐赏，令与玄德解和。布喜，则不思远图矣。」操曰：「善。」遂差奉军都尉王则，赍官诰并和解书，往徐州去讫；一面起兵五十万，亲讨张绣。分军三路而行，以夏侯惇为先锋。军马至淯水下寨。 || Chapter 31, P031-029: 操然其言，遂提兵回许都。至建安八年，春正月，操复商议兴兵。先差夏侯惇、满宠镇守汝南，以拒刘表；留曹仁、荀彧守许都；亲统大军前赴官渡屯扎。 || Chapter 33, P033-033: 时操在易州，按兵不动。夏侯惇、张辽入禀曰：「如不下辽东，可回许都；恐刘表生心。」操曰：「待二袁首级至，即便回兵。」众皆暗笑。忽报辽东公孙康遣人送袁熙、袁尚首级至，众皆大惊。使者呈上书信。操大笑曰：「果不出奉孝之料！」重赏来使，封公孙康为襄平侯左将军。众官问曰；「何为不出奉孝之所料？」操遂出郭嘉书以示之。书略曰：",same_body_paragraph
刘表,董卓,4,4,6;56;93;120,"Chapter 6, P006-016: 谁想数中一军，是袁绍乡人，欲假此为进身之计，连夜偷出营寨，来报袁绍。绍与之赏赐，暗留军中。次日，孙坚来辞袁绍曰：「坚抱小疾，欲归长沙，特来别公。」绍笑曰：「吾知公疾乃害传国玺耳。」坚失色曰：「此言何来？」绍曰：「今兴民讨贼，为国除害。玉玺乃朝廷之宝，公既获得，当对众留盟主处，候诛了董卓，复归朝廷。今匿之而去，意欲何为？」坚曰：「玉玺何由在吾处？」绍曰：「建章殿井中之物何在？」坚曰：「吾本无之，何强相逼？」绍曰：「作速取出，免自生祸。」坚指天为誓曰：「吾若果得此宝，私自藏匿，异日不得善终，死于刀箭之下！」众诸侯曰：「文台如此说誓，想必无之。」绍唤军士出曰：「打捞之时，有此人否？」坚大怒，拔所佩之剑，要斩那军士。绍亦拔剑曰：「汝斩军士，乃欺我也。」绍背后颜良、文丑皆拔剑出鞘。坚背后程普，黄盖，韩当，亦掣刀在手。众诸侯一齐劝住。坚随即上马，拔寨离洛阳而去。绍大怒，遂写书一封，差心腹人连夜往荆州，送与刺史刘表，教就路上截住夺之。 || Chapter 56, P056-010: 时有王朗，钟繇，王粲，陈琳一班文官，进献诗章。诗中多有称颂曹操功德巍巍，合当受命之意。曹操遂一览毕，笑曰：「诸公佳作，过誉甚矣。孤本愚陋，始举孝廉。后值天下大乱，筑精舍于谯东五十里，欲春夏读书，秋冬射猎，以待天下清平，方出仕耳。不意朝廷征孤为点军校尉，遂更其意，专欲为国家讨贼立功，图死后得题墓道曰：『汉故征西将军曹侯之墓』，平生愿足矣。念自讨董卓，剿黄巾以来，除袁术，破吕布，灭袁绍，定刘表遂平天下。身为宰相，人臣之贵已，又复何望哉？如国家无孤一人，正不知几人称帝，几人称王。或见孤权重，妄相忖度，疑孤有异心，此大谬也。孤常念孔子称文王之至，此言耿耿在心。但欲孤委捐兵众，归就所封武平侯之职，实不可耳。诚恐一解兵柄，为人所害；孤败则国家倾危，是以不得慕虚名而处实祸也。诸公必无知孤意者。」众皆起拜曰：「虽伊尹、周公，不及丞相矣。」后人有诗曰： || Chapter 93, P093-010: 三军鼓角己罢，司徒王朗乘马而出。上首乃都督曹真，下首乃副都督郭淮：两个先锋压住阵角。探子马出军前，大叫曰：「请对阵主将答话！」只见蜀兵门旗开处，关兴、张苞，分左右而出，立马于两边；次后一队队骁将分列；门旗影下，中央一辆四轮车，孔明端坐车中，纶巾羽扇，素衣皂（左糸右条），飘然而出。孔明举目见魏阵前三个麾盖，旗上大书姓名，中央白髯老者，乃军师司徒王朗。孔明暗忖曰：「王朗必不说词，吾当随机应之。」遂教推车出阵外，令护军小校传曰：「汉丞相与司徒会话。」王朗纵马而出。孔明于车上拱手，王朗在马上欠身答礼。朗曰：「久闻公之大名，今幸一会。公既知天命、识时务，何故兴无名之师？」孔明曰：「吾奉诏讨贼，何谓无名？」朗曰：「天数有变，神器更易，而归有德之人，此自然之理也。曩自桓、灵以来，黄巾倡乱，天下争横。降至初平、建安之岁，董卓造逆，傕、汜继虐；袁术僭号于寿春，袁绍称雄于邺上；刘表占据荆州，吕布虎吞徐郡：盗贼蜂起，奸雄鹰扬，社稷有累卵之危，生灵有倒悬之急。我太祖武皇帝，扫清六合，席卷八荒；万姓倾心，四方迎德：非以权势取之，实天命所归也。世祖文帝，神圣文武，以膺大统，应天合人，法尧禅舜，处中国以治万邦，岂非天心人意乎？今公蕴大才，报大器，欲自比于管乐，何乃强欲逆天理，背人情而行事耶？岂不闻古人云：『顺天者昌，逆天者亡。」今我大魏带甲百万，良将千员。谅腐草之萤光，怎及天心之皓月？公可倒戈卸甲，以礼来降，不失封侯之位。国安民乐，岂不美哉！」孔明在车上大笑曰：「吾以为汉朝大老元臣，必有高论，岂期出此鄙言！吾有一言，诸军静听：昔桓、灵之世，汉统陵替，宦官酿祸；国乱岁凶，四方扰攘。黄巾之后，董卓、傕、汜等接踵而起，迁劫汉帝，残暴生灵。因庙堂之上，朽木为官；殿陛之间，禽兽食禄。狼心狗行之辈，滚滚当朝；奴颜婢膝之徒，纷纷秉政。以致社稷邱墟，苍生涂炭。吾素知汝所行！世居东海之滨，初举孝廉入仕。理合匡君辅国，安汉兴刘；何期反助逆贼，同谋篡位！罪恶深重，天地不容！天下之人，愿食汝肉！」「今幸天意不绝炎汉，昭烈皇帝继统西川。吾今奉嗣君之旨，兴师讨贼。汝既为谄谀之臣，只可潜身缩首，苟图衣食；安敢在行伍之前，妄称天数耶！皓首匹夫！苍髯老贼！汝即日将归于九泉之下，何面目见二十四帝乎！老贼速退！可叫反臣与吾共决胜负！」王朗听罢，气满胸膛，大叫一声，撞死于马下。后人有诗赞孔明曰：",same_body_paragraph
刘表,赵云,4,4,34;43;53;56,"Chapter 34, P034-003: 却说玄德自到荆州，刘表待之甚厚。一日，正相聚饮酒，忽报降将张武、陈孙在江夏掠人民，共谋造反。表惊曰：「二贼又反，为祸不小！」玄德曰：「不须兄长忧虑，备请往讨之。」表大喜，即点三万军，与玄德前去。玄德领命即行，不一日，来到江夏。张武、陈孙引兵来迎。玄德与关、张、赵云出马在门旗下。望见张武所骑之马，极其雄骏。玄德曰：「此必千里马也。」 || Chapter 43, P043-009: 孔明听罢，哑然而笑曰：「鹏飞万里，其志岂群鸟能识哉？譬如人染沈疴，当先用糜粥以饮之，和药以服之；待其腑脏调和，形体渐安，然后用肉食以补之，猛药以治之；则病根尽去，人得全生也。若不待气脉和缓，便投以猛药厚味，欲求安保，诚为难矣。吾主刘豫州，向日军败于汝南，寄迹刘表，兵不满千，将止关、张、赵云而已；此正如病势尪羸已极之时也。新野山僻小县，人民稀少，粮食鲜薄，豫州不过暂借以容身，岂真将坐守于此耶？夫以甲兵不完，城郭不固，军不经练，粮不继日，然而博望烧屯，白河用水，使夏侯惇、曹仁辈心惊胆裂。窃谓管仲、乐毅之用兵，未必过此。至于刘琮降操，豫州实出不知；且又不忍乘乱夺同宗之基业，此真大仁大义也。当阳之败，豫州见有数十万赴义之民，扶老携幼相随，不忍弃之，日行十里，不思进取江陵，甘与同败，此亦大仁大义也。寡不敌众，胜负乃其常事。昔高皇数败于项羽，而垓下一战成功，此非韩信之良谋乎？夫信久事高皇，未尝累胜。盖国家大计，社稷安危，是有主谋，非比夸辩之徒，虚誉欺人，──坐议立谈，无人可及；临机应变，百无一能。──诚为天下笑耳！」 || Chapter 53, P053-005: 玄德大喜，遂令张飞星夜去替云长守荆州，令云长来取长沙。云长既至，入见玄德、孔明。孔明曰：「子龙取桂阳，翼德取武陵，都是三千军去。今长沙太守韩玄，固不足道，只是他有一员大将，乃南阳人，姓黄，名忠，字汉升；是刘表帐下中郎将，与刘表之姪刘磐共守长沙，后事韩玄；虽今年近六旬，却有万夫不当之勇，不可轻敌。云长去，必须多带军马。」",same_body_paragraph
华歆,曹叡,4,2,91;94,"Chapter 91, P091-011: 正言间，内侍奏征东大将军曹休入宫问安。丕召入谓曰：「卿等皆国家柱石之臣也，若能同心辅朕之子，朕死亦瞑目矣！」言讫，堕泪而薨。时年四十岁，在位七年。于是曹真、陈群、司马懿、曹休等，一面举哀，一面拥立曹叡为大魏皇帝。谥父丕为文皇帝，谥母甄氏为文昭皇后。封钟繇为太傅，曹真为大将军，曹休为大司马，华歆为太尉，王朗为司徒，陈群为司空，司马懿为骠骑大将军。其余文武官僚，各各封赠。大赦天下。时雍，凉，二州缺人守把，司马懿上表乞守西凉等处。曹叡从之，遂封懿提督雍，凉等处兵马。领诏去讫。 || Chapter 91, P091-015: 曹叡览毕，大惊失色，急问群臣。太尉华歆奏曰：「司马懿上表乞守雍、凉，正为此也。先时太祖武皇帝尝谓臣曰：『司马懿鹰视狼顾，不可付以兵权﹔久必为国家大祸。』今日反情已萌，可速诛之。」王朗奏曰：「司马懿深明韬略，善晓兵机，素有大志﹔若不早除，久必为祸。」 || Chapter 91, P091-018: 懿大惊失色，汗流遍体，乃问其故。休备言前事。懿曰：「此吴、蜀奸细反间之计，欲使我君臣自相残害，彼却乘虚而来。某当自见天子辩之。」遂即退了兵马，至叡车前俯伏泣奏曰：「臣受先帝托孤之重，安敢有异心？必是吴、蜀之奸计。臣请提一旅之师，先破蜀，后伐吴，报先帝与陛下，以明臣心。」叡疑虑未决。华歆奏曰：「不可付之兵权。可即罢归田里。」叡依言。将司马懿削职回乡，命曹休总督雍、凉兵马。曹叡驾回洛阳。",same_body_paragraph
司马师,夏侯霸,4,3,102;106;110,"Chapter 102, P102-014: 早有巡哨军飞报司马懿。懿唤诸将议曰：「孔明如此设施，其中必有计：彼以取北原为名，顺水来烧浮桥，乱吾后，却攻吾前也。」即传令与夏侯霸、夏侯威曰：「若听得北原发喊，便提兵于渭水南山之中，待蜀兵至击之。」又令张虎、乐（左糸右林），引二千弓弩手伏于渭水浮桥北岸：「若蜀兵乘木筏顺水而来，可一齐射之，休令近桥。」又传令郭淮、孙礼曰：「孔明来北原暗渡渭水，汝新立之营，人马不多，可尽伏于半路。若蜀兵午后渡水，黄昏时分，必来攻汝。汝诈败而走，蜀兵必追。汝等皆以弓弩射之。吾水陆并进。若蜀兵大至，只看我指挥击之。”各处下令已毕，又令二子──司马师、司马昭，──引兵救应前营。懿自引一军救北原。 || Chapter 106, P106-014: 从人回报，公孙渊大惊，又遣侍中卫演来到魏营。司马懿升帐，聚众将立于两边。演膝行而进，跪于帐下，告曰：「愿太尉息雷霆之怒。克日先送世子公孙修为质当。然后君臣自䌸来降。」懿曰：「军事大要有五：『能战当战，不能战当守，不能守当走，不能走当降，不能降当死耳』何必送子为质当？」叱卫演回报公孙渊。演抱头鼠窜而去，归告公孙渊。渊大惊，乃与子公孙修密议停当，选下一千人马，当夜二更时分，开了南门，往东南而走。渊见无人，中暗喜。行不到十里，忽听得山上一声砲响，鼓角齐鸣：一枝兵拦住，中央乃司马懿；左有司马师，右有司马昭，二人大叫曰：「反贼休走！」渊大惊，急拨马寻路奔逃。早有胡遵兵到；左有夏侯霸、夏侯威，右有张虎、乐𬘭：四面围得铁桶相似。公孙渊父子，只得下马纳降。懿在马上顾诸将曰：「吾前夜丙寅日，见大星落于此处，今夜壬申日应矣。」众将称贺曰：「太尉真神机也！」 || Chapter 110, P110-018: 却说西蜀细作，哨知此事，报入成都。姜维奏后主曰：「司马师新亡，司马昭初握重权，必不敢擅离洛阳。臣请乘间伐魏，以复中原。」后主从之，遂命姜维兴师伐魏。维到汉中，整顿人马。征西大将军张翼曰：「蜀地浅狭，钱粮浅薄，不宜远征；不如据险守分，恤军爱民：此乃保国之计也。」维曰：「不然。昔丞相未出茅庐，已定三分天下，然其六出祁山以图中原；不幸半途而丧，以致功业未成。今吾既受丞相遗命，当尽忠报国以继其志，虽死而无恨也。今魏有隙可乘，不就此时伐之，更待何时？」夏侯霸曰：「将军之言是也。可将轻骑先出枹罕。若得洮西、南安，则诸郡可定。」张翼曰：「向者不克而还，皆因军出甚迟也。兵法云：『攻其无备，出其不意。』今若火速进兵，使魏人不能提防，必然全胜矣。」",same_body_paragraph
司马徽,徐庶,4,1,36,"Chapter 36, P036-010: 却说曹仁与李典回许都，见曹操，泣拜于地请罪，具言损将折兵之事。操曰：「胜负乃兵家之常。但不知谁为刘备画策？」曹仁言是单福之计。操曰：「单福何人也？」程昱笑曰：「此非单福也。此人幼好学击剑。中平末年，尝为人报雠杀人，披发涂面而走，为吏所获。问其姓名不答，吏乃䌸于车上，击鼓行于市，令市人识之，虽有识者不敢言。而同伴窃解救之，乃更姓名而逃，折节向学，遍访名师。尝与司马徽谈论。此人乃颍川徐庶，字元直。单福乃其托名耳。」操曰：「徐庶之才，比君何如？」昱曰：「十倍于昱。」操曰：「惜乎贤士归于刘备！羽翼成矣，奈何？」昱曰：「徐庶虽在彼，丞相要用，召来不难。」操曰：「安得彼来归？」昱曰：「徐庶为人至孝。幼丧其父，止有老母在堂。现今其弟徐康已亡，老母无人侍养。丞相可使人赚其母至许昌，令作书召其子，则徐庶必至矣。」 || Chapter 36, P036-016: 徐庶览毕，泪如泉涌，持书来见玄德曰：「某本颍川徐庶，字元直；为因逃难，更名单福。前闻刘景升招贤纳士，特往见之。及与论事，方知是无用之人；作书别之，夤夜至司马水镜庄上，诉说其事。水镜深责庶不识主，因说：刘豫州在此，何不事之？庶故作狂歌于市，以动使君。幸蒙不弃，即赐重用。争奈老母，今被曹操奸计，赚至许昌囚禁，将欲加害。老母手书来唤，庶不容不去。非不欲效犬马之劳，以报使君；奈慈亲被执，不得尽力。今当告归，容图后会。」 || Chapter 36, P036-021: 玄德喜曰：「愿闻此人姓名。」庶曰：「此人乃瑯琊阳都人，覆姓诸葛，名亮，字孔明。乃汉司隶校尉诸葛丰之后其父名珪，字子贡，为泰山郡丞，早卒。亮从其叔玄。玄与荆州刘景升有旧，因往依之，遂家于襄阳。后玄卒，亮与弟诸葛均躬耕于南阳尝好为梁父吟。所居之地，有一冈，名卧龙冈，因自号为卧龙先生。此人乃绝代奇才，使君急宜枉驾见之。若此人肯相辅佐，何愁天下不定乎？」玄德曰：「昔水镜先生曾为备言：『伏龙、凤雏，两人得一，可安天下。』今所云莫非即伏龙、凤雏乎？」庶曰：「凤雏乃襄阳庞统也。伏龙正是诸葛孔明。」玄德踊跃曰：「今日方知伏龙、凤雏之语。何期大贤只在目前。非先生言，备有眼如盲也！」后人有赞徐庶走马荐诸葛诗曰：",same_body_paragraph
司马懿,徐晃,4,2,86;94,"Chapter 86, P086-017: 丕从之。于是日夜并工，造龙舟十只，长二十余丈，可容二千余人；收拾战船三千余只。魏黄初五年秋八月，会聚大小将士，令曹真为前部，张辽、张邰、文聘、徐晃等为大将先行，许褚、吕虔为中军护卫，曹休为合后，刘晔、蒋济为参谋。前后水陆军马三十余万，克日起兵。封司马懿为尚书仆射，留在许昌。凡国政大事，并皆听懿决断。 || Chapter 94, P094-011: 却说司马懿在宛城闲住，闻知魏兵累败于蜀，乃仰天长叹。懿长子司马师，字子元；次子司马昭，字子尚：二人素有大志，通晓兵书。当日侍立于侧，见懿长叹，乃问曰：「父亲何为长叹？」懿曰：「汝辈岂知大事耶？」司马师曰：「莫非叹魏主不用乎？」司马昭笑曰：「早晚必来宣召父亲也。」言未已，忽报天使持节至。懿听诏毕，遂调宛城诸路军马。忽又报金城太守申仪家人，有机密事求见。懿唤入密室问之。其人细说孟达欲反之事。更有孟达心腹人李辅并达外甥邓贤，随状出首。司马懿听毕，以手加额曰：「此乃皇上齐天之洪福也！诸葛亮兵在祁山，杀得内外人胆落；今天子不得已而幸长安，若旦夕不用吾时，孟达一举，两京破矣！此贼必通谋诸葛亮；吾先摛之，诸葛亮定然心寒，自退兵也。」长子司马师曰：「父亲可急写表申奏天子。」懿曰：「若等圣旨，往复一月之间，事无及矣。」即传令教人马起程，一日要行两日之路，如迟立斩；一面令参军梁畿赍檄星夜去新城，教孟达等准备进征，使其不疑。梁畿先行，懿在后发兵。行了二日，山坡下转出一军，乃是右将军徐晃，晃下马见懿，说：「天子驾到长安，亲拒蜀兵，今都督何往？」懿低言曰：「今孟达造反，吾去擒之耳。」晃曰：「某愿为先锋。」懿大喜，合兵一处。徐晃为前部，懿在中军，二子押后。又行了二日，前军哨马捉住孟达心腹人，搜出孔明回书，来见司马懿。懿曰：「吾不杀汝。汝从头细说。」其人只得将孔明、孟达往复之事，一一告说。懿看了孔明回书，大惊曰：「世间能者所见皆同。吾机先被孔明识破。幸得天子有福，获此消息。孟达今无能为矣。」遂星夜催军前行。 || Chapter 94, P094-012: 却说孟达在新城，约下金城太守申仪、上庸太守申耽，克日举事。耽、仪二人佯许之，每日调练军马，只待魏兵到，便为内应；却报孟达说军器粮草，俱未完备，不敢约期起事，达信之不疑。忽报参军梁畿来到，孟达迎入城中。畿传司马懿将令曰：「司马都督今奉天子诏，起诸路军以退蜀兵。太守可集本部军马听候调遣。」达问曰：「都督何日起程？」畿曰：「此时约离宛城，望长安去了。」达暗喜曰：「吾大事成矣！」遂设宴待了梁畿，送出城外，即报申仪、申耽知道，明日举事，换上大汉旗号，发诸路军马，迳取洛阳。忽报城外尘土冲天，不知何处兵来。孟达登城视之，只见一彪军，打著「右将军徐晃」旗号，飞奔城下。达大惊，急扯起吊桥。徐晃坐下马收拾不住，直来到壕边，高叫曰：「反贼孟达：早早受降！」达大怒，急开弓射之，正中徐晃头额，魏将救去。城上乱箭射下，魏兵方退。孟达恰待开门追赶，四面旌旗蔽日，司马懿兵到。达仰天长叹曰：「果不出孔明所料也！」于是闭门坚守。",same_body_paragraph
吕布,孙策,4,2,16;17,"Chapter 16, P016-043: 登点头允诺，回徐州见吕布。布问之，登言父赠禄，某为太守。布大怒曰：「汝不为吾求徐州牧，而乃自求爵禄！汝父教我协同曹公，绝婚公路，今吾所求，终无一获，而汝父子俱各显贵，吾为汝父子所卖耳！」遂拔剑欲斩之。登大笑曰：「将军何其不明之甚也！」布曰：「吾何不明？」登曰：「吾见曹公，言养将军譬如养虎，当饱其肉；不饱则将噬人。」曹公笑曰：「不如卿言。吾待温侯，如养鹰耳，狐兔未息，不敢先饱。饥则为用，饱则飏去。」某问：「谁为狐兔？」曹公曰：「淮南袁术、江东孙策、冀州袁绍、荆州刘表、益州刘璋、汉中张鲁，皆狐兔也。」布掷剑笑曰：「曹公知我也！」正说话间，忽报袁术军来取徐州。吕布闻言失惊。正是：秦晋未谐吴越斗，婚姻惹出甲兵来。毕竟后事如何。且看下文分解。 || Chapter 17, P017-012: 却说曹操至许都，思慕典韦，立祀祭之；封其子典满为中郎，收养在府。忽报孙策遣使致书。操览书毕，又有人报袁术乏粮，劫掠陈留，欲乘虚攻之。遂兴兵南征，令曹仁守许都，其余皆从征，马步兵十七万，粮食辎重千余车；一面先发人会合孙策与刘备、吕布。 || Chapter 17, P017-015: 袁术知曹兵至，令大将桥蕤引兵五万作先锋。两军会于寿春界口。桥蕤当先出马，与夏侯惇战不三合，被夏侯惇搠死。术军大败，奔走回城。忽报孙策发船攻江边西面，吕布引兵攻东面，刘备、关、张引兵攻南面，操自引兵十七万攻北面。术大惊，急聚众文武商议。杨大将曰：「寿春水旱连年，人皆缺食；今又动兵扰民，民既生怨，兵至难以拒敌。不如留军在寿春，不必与战。待彼粮尽，必然生变。陛下且统御林军渡淮；一者就熟，二者暂避其锐。」",same_body_paragraph
吕布,徐晃,4,1,19,"Chapter 19, P019-028: 次夜二更时分，吕布将女以绵缠身，用甲包里，负于背上，提戟上马。放开城门，布当先出城，张辽，高顺跟著。将次到玄德寨前，一声鼓响，关，张二人拦住去路，大叫：「休走！」布无心恋战，只顾夺路而行。玄德自引一军杀来，两军混战。吕布虽勇，终是缚一女在身上，只恐有伤，不敢冲突重围。后面徐晃、许褚皆杀来，众军皆大叫曰：「不要走了吕布！」 || Chapter 19, P019-029: 布见军来太急，只得仍退入城。玄德收军，徐晃等各归寨，端的不曾走透一个。吕布回到城中，心中忧闷，只是饮酒。 || Chapter 19, P019-038: 布从睡梦中惊醒，急唤左右，却都被二人杀散，把白旗一招，曹兵齐至城下。魏续大叫：「已生擒吕布矣！」夏侯渊尚未信。宋宪在掷下吕布画戟来，大开城门，曹兵一拥而入。高顺，张辽在西门，水围难出。为曹兵所擒。陈宫奔至南门，为徐晃所获。",same_body_paragraph
吕蒙,徐晃,4,2,50;76,"Chapter 50, P050-005: 正走间，背后一军赶到，大叫：「曹贼休走！」火光中现出吕蒙旗号。操催军马向前，留张辽断后，抵敌吕蒙。却见前面火把又起，从山谷中拥出一军，大叫：「凌统在此！」曹操肝胆皆裂。忽刺斜里一彪军到，大叫：「丞相休慌！徐晃在此！」彼此混战一场，路望北而走。忽见一队军马，屯在山坡前。徐晃出问，乃是袁绍手下降将马延，张𫖮，有三千北地军马，列寨在彼；当夜见满天火起，未敢转动，恰好接著曹操。操教二将引一千军马开路，其余留著护身。操得这枝生力军马，心中稍安。马延，张𫖮二将，飞骑前行。不到十里，喊声起处，一彪军出。为首一将，大呼曰：「吾乃东吴，甘兴霸也！」马延正欲交锋，早被甘宁一刀斩于马下。张𫖮挺枪来迎，宁大喝一声，𫖮措手不及，被宁手起一刀，翻身落马。后军飞报曹操。 || Chapter 76, P076-007: 平大怒，纵马抡刀，直取徐晃；不三四合，三军喊叫，偃城中火光大起。平不敢恋战，杀条大路，迳奔四冢寨来。廖化接著。化曰：「人言荆州已被吕蒙袭了，军心惊慌，如之奈何？」平曰：「此必讹言也。军士再言者斩之。」 || Chapter 76, P076-009: 是夜，关平引一枝兵杀入魏寨，不见一人。平知是计，火速退时，左边徐商，右边吕建，两下夹攻。平大败回营，魏兵乘势追杀前来，四面围住。关平、廖化支持不住，弃了第一屯，迳投四冢寨来。早望见寨中火起。急到寨前，只见皆是魏兵旗号。关平等退兵，忙奔樊城大路而走。前面一军拦住，为首大将，乃徐晃也。平、化二人奋力死战，夺路而走，回到大寨，来见关公曰：「今徐晃夺了偃城等处；又兼曹操自引大军，分三路来救樊城；多有人言荆州已被吕蒙袭了。」关公喝曰：「此敌人讹言，以乱我军心耳！东吴吕蒙病危，孺子陆逊代之，不足为虑！」",same_body_paragraph
吴国太,周瑜,4,2,44;54,"Chapter 44, P044-001: 却说吴国太见孙权疑惑不决，乃谓之曰：「先姊遗言云：『伯符临终有言：内事不决问张昭，外事不决问周瑜。』今何不请公瑾问之？」权大喜，即遣使往鄱阳请周瑜议事。原来周瑜在鄱阳湖训练水师，闻曹操大军至汉上，便星夜回柴桑郡议军机事。使者未发，周瑜已先到。鲁肃与瑜最厚，先来接著，将前项事细述一番。周瑜曰：「子敬休忧，瑜自有主张。今可速请孔明来相见。」 || Chapter 54, P054-019: 权吃了一惊，问曰：「那里得这话来？」国太曰：「若要不知，除非莫为。满城百姓，那一个不知？你倒瞒我！」乔国老曰：「老夫已知多日了，今特来贺喜。」权曰：「非也。此是周瑜之计。因要取荆州，故将此为名，赚刘备来拘囚在此，要他把荆州来换；若其不从，先斩刘备。此是计策，非实意也。」 || Chapter 54, P054-020: 国太大怒，骂周瑜曰：「汝做六郡八十一州大都督，直恁无条计策去取荆州，却将我女儿为名，使美人计！杀了刘备，我女便是望门寡，将来再怎的说亲？须误了我女儿一世！你们好做作！」乔国老曰：「若用此计，便得荆州，也被天下耻笑。此事如何行得！」",same_body_paragraph
吴国太,孙乾,4,2,54;55,"Chapter 54, P054-017: 却说乔国老既见玄德，使入见吴国太贺喜。国太曰：「有何喜事？」乔国老曰：「令爱已许刘玄德为夫人，今玄德已到，何故相瞒？」国太惊曰：「老身不知此事！」便使人请吴侯问虚实，一面先使人于城中探听。人皆回报：「果有此事。女婿已在馆驿安歇。五百随行军都在城中买猪羊过果品，准备成亲。做媒的女家是吕范，男家是孙干，俱在馆驿中相待。」国太吃了一惊。 || Chapter 54, P054-023: 却说乔国老辞吴国太归，使人去报玄德，言来日吴侯，国太亲自要见，好生在意。玄德与孙干，赵云商议。云曰：「来日此会，多凶少吉，云自引五百军保护。」 || Chapter 54, P054-031: 当日二人并辔而回。南徐之民，无不称贺。玄德自回馆驿，与孙干商议。干曰：「主公只是哀求乔国老，早早毕姻，免生别事。」次日，玄德复至乔国老宅前下马。国老接入，礼毕，茶罢，玄德告曰：「江左之人，多有要害刘备者，恐不能久居。」国老曰：「玄德宽心：吾为公告国太，令作护持。",same_body_paragraph
周瑜,孙乾,4,3,49;51;54,"Chapter 49, P049-029: 云长领了将令，引关平，周仓并五百校刀手，投华容道埋伏去了。玄德曰：「吾弟义气深重，若曹操果然投华容道去时，只恐端的放了。」孔明曰：「亮夜观乾象，操贼未合身亡。留这人情，，教云长做了，亦是美事。」玄德曰：「先生神算，世所罕及！」孔明遂与玄德往樊口看周瑜用兵，留孙干，简雍守城。 || Chapter 51, P051-004: 瑜收了礼物，发付孙干先回。肃曰：「却才都督为何失惊？」瑜曰：「刘备屯兵油江，必有取南郡之意。我等费了许多军马，用了许多钱粮，目下南郡垂手可得；彼等心怀不仁，要就见成，须放著周瑜不死！」肃曰：「当用何策退之？」瑜曰：「吾自去和他说话。好便好；不好时不等他取南郡，先结果了刘备！」肃曰：「某愿同往。」于是瑜与鲁肃引三千轻骑，迳投油江口来。 || Chapter 51, P051-005: 先说孙干回见玄德，言周瑜将亲来相谢。玄德乃问孔明曰：「来意若何？」孔明笑曰：「那里为这些薄礼，肯来相谢。止为南郡而来。」玄德曰：「他若提兵来，何以待之？」孔明曰：「他来便可如此如此答应。」遂于油江口摆开战船，岸上列著军马。",same_body_paragraph
夏侯惇,孙乾,4,3,28;31;40,"Chapter 28, P028-001: 却说关公同孙干保二嫂向汝南进发，不想夏侯惇领二百余骑，从后追来。孙干保车仗前行。关公回身勒马按刀问曰：「汝来赶我，有失丞相大度。」夏侯惇曰：「丞相无明文传报，汝于路杀人，又斩吾部将，无礼太甚！我特来擒你，献与丞相发落！」 || Chapter 28, P028-005: 于是张辽与夏侯惇领兵自回。关公赶上车仗，与孙干说知此事。二人并马而行。行了数日，忽值大雨滂沱，行装尽湿。遥望山冈边有一所庄院，关公引著车仗，到彼借宿。庄内一老人出迎。关公具言来意。老人曰：「某姓郭，名常，世居于此。久闻大名，幸得瞻拜。」遂宰羊置酒相待，请二夫人于后堂暂歇。郭常陪关公，孙干于草堂饮酒。一边烘焙行李，一边喂养马匹。 || Chapter 31, P031-019: 正战间，许褚追至，与赵云力战。背后于禁、李典又到。玄德见势危，落荒而走。听得背后喊声渐远，玄德望深山僻路，单马逃生。挨到天明，侧首一彪军冲出。玄德大惊，视之，乃刘辟引败军千余骑，护送玄德家小前来；孙干、简雍、糜芳亦至，诉说：「夏侯惇军势甚锐，因此弃城而走。曹兵赶来，幸得云长当住，因此得脱。玄德曰：「不知云长今在何处？」刘辟曰：「将军且行，却再理会。」",same_body_paragraph
夏侯惇,程昱,4,4,10;12;14;23,"Chapter 10, P010-018: 当下应劭部下有逃命的军士，报与曹操。操闻之，哭倒于地。众人救起。操切齿曰：「陶谦纵兵杀吾父，此雠不共戴天！吾今悉起大军，洗荡徐州，方雪吾恨！」遂留荀彧、程昱领军三万守鄄城，范县，东阿三县，其余尽杀奔徐州来。夏侯惇，于禁，典韦为先锋。操令但得城池，将城中百姓，尽行屠戮，以雪父雠。当有九江太守边让，与陶谦交厚，闻知徐州有难，自引兵五千来救。操闻之大怒，使夏侯惇于路截杀之。 || Chapter 12, P012-020: 曹操复得兖州，程昱便请进兵取濮阳。操令许褚、典韦为先锋，夏侯惇、夏侯渊为左军，李典、乐进为右军，操自领中军，于禁、吕虔为合后。兵至濮阳，吕布欲自将出迎，陈宫谏：「不可出战。待众将聚会后方可。」吕布曰：「吾怕谁来？」遂不听宫言，引兵出阵，横戟大骂。许褚便出。斗二十合，不分胜负。操曰：「吕布非一人可胜。」便差典韦助战，两将夹攻。左边夏侯惇、夏侯渊，右边李典、乐进齐到，六员将共攻吕布。布遮拦不住，拨马回城。城上田氏，见布败回，急令人拽起吊桥。布大叫：「开门！」田氏曰：「吾已降曹将军。」 || Chapter 14, P014-022: 操自封为大将军武平侯，以荀彧为侍中尚书令；荀攸为军师；郭嘉为司马祭酒；刘晔为司空掾曹；毛玠，任峻为典农中郎将，催督钱粮；程昱为东平相，范成，董昭为洛阳令；满宠为许都令；夏侯惇，夏侯渊，曹仁，曹洪皆为将军；吕虔，李典，乐进，于禁，徐晃，皆为校尉；许褚，典韦，皆为都尉；其余将士，各各封官。自此大权皆归于曹操。朝廷大务，先禀曹操，然后方奏天子。",same_body_paragraph
夏侯惇,贾诩,4,4,16;30;66;78,"Chapter 16, P016-029: 操正欲起兵，自往征吕布，忽流星马报说张济自关中引兵攻南阳，为流矢所中而死；济姪张绣统其众，用贾诩为谋士，结连刘表，屯兵宛城，欲兴兵犯阙夺驾。操大怒，欲兴兵讨之，又恐吕布来攻许都，乃问计于荀彧。彧曰：「此易事耳。吕布无谋之辈，见利必喜；明公可遣使往徐州，加官赐赏，令与玄德解和。布喜，则不思远图矣。」操曰：「善。」遂差奉军都尉王则，赍官诰并和解书，往徐州去讫；一面起兵五十万，亲讨张绣。分军三路而行，以夏侯惇为先锋。军马至淯水下寨。 || Chapter 30, P030-020: 次日，操自选马步军士五千，准备往乌巢劫粮。张辽曰：「袁绍屯粮之所，安得无备？丞相未可轻往。恐许攸有诈。」操曰：「不然。许攸此来，天败袁绍。今吾军粮不给，难以久持；若不用许攸之计，是坐而待困也。彼若有诈，安肯留我寨中？且吾亦欲劫寨久矣。今劫粮之举，计在必行，君请勿疑。」辽曰：「亦须防袁绍乘虚来袭。」操笑曰：「吾已筹之熟矣。」便教荀攸、贾诩、曹洪同许攸守大寨，夏侯惇、夏侯渊领一军伏于左，曹仁、李典领一军伏于右，以备不虞。教张辽、许褚在前，徐晃、于禁在后，操自引诸将居中，共五千人马，打著袁军旗号，军士皆束草负薪，人衔枚，马勒口，黄昏时分，望乌巢进发。是夜星光满天。 || Chapter 66, P066-032: 此时曹操威势日甚，会大臣商议收吴灭蜀之事。贾诩曰：「须召夏侯惇，曹仁二人回，商议此事。」操即时发使，星夜唤回。夏侯惇未至，曹仁先到，连夜便入府中见操。操方被酒而卧，许褚仗剑立于堂门之内。曹仁欲入，被许褚当住。曹仁大怒曰：「吾乃曹氏宗族，汝何敢阻当耶﹖」许褚曰：「将军虽亲，乃外藩镇守之官；许褚虽疏，现充内侍。主公醉卧堂上，不敢放入。」曹操闻之，叹曰：「许褚真忠臣也！」",same_body_paragraph
太史慈,张辽,4,1,53,"Chapter 53, P053-021: 权抚掌大笑，同至帐中，大设饮宴，犒劳鏖战将士，商议破合淝之策。忽报张辽差人来下战书。权拆书观毕，大怒曰：「张辽欺吾太甚！汝闻程普军来，故意使人搦战！来日吾不用新军赴敌，看我大战一场！」传令当夜五更，三军出寨，望合淝进发。辰时左右，军马行至半途，曹兵己到，两边布成阵势。孙权金盔金甲，披挂出马；左宋谦、右贾华，二将使方天画戟，两边护卫。三通鼓罢，曹军阵中，门旗两开，三员将全装贯带，立于阵前：中央张辽，左边李典，右边乐进。张辽纵马当先，专搦孙权决战。权绰鎗欲自战，阵门中一将挺鎗骤马早出，乃太史慈也。张辽挥刀来迎，两将战有七八十合，不分胜负。曹阵上李典谓乐进曰：「对面金盔者，孙权也。若捉得孙权，足可与八十三万大军报雠。」 || Chapter 53, P053-022: 说犹未了，乐进一骑马，一口刀，从刺斜里迳取孙权，如一道电光，飞至面前，手起刀落。宋谦、贾华，急将画戟遮架，刀到处，两枝戟齐断，只将戟干望马头上打。乐进回马，宋谦绰军士手中鎗赶来。李典搭上箭，望宋谦心窝里便射，应弦落马。太史慈见背后有人坠马，弃却张辽，望本阵便回。张辽乘势掩杀过来，吴兵大乱，四散奔走。张辽望见孙权，骤马赶来。看看赶上，刺斜里撞出一军，为首大将，乃程普也；截杀一阵，救了孙权。张辽收军自回合淝。 || Chapter 53, P053-024: 少顷，太史慈入帐，言：「某手下有一人，姓戈，名定，与张辽手下养马后槽是弟兄。后槽被责怀怨，今晚使人报来，举火为号，刺杀张辽，以报宋谦之雠，某请引兵为外应。」权曰：「戈定何在？」太史慈曰：「已混入合淝城中去了。某愿乞五千兵去。」诸葛瑾曰：「张辽多谋，恐有准备，不可造次。」太史慈坚执要行，权因伤感宋谦之死，急要报雠，遂令太史慈引兵五千，去为外应。",same_body_paragraph
孔融,张飞,4,1,11,"Chapter 11, P011-008: 太史慈得脱，星夜投平原来见刘玄德。施礼罢，具言孔北海被围求救之事，呈上书札。玄德看毕，问慈曰：「足下何人？」慈曰：「某太史慈，东海之鄙人也。与孔融亲非骨肉，比非乡党，特以气谊相投，有分忧共患之意。今管亥暴乱，北海被围，孤穷无告，危在旦夕。闻君仁义素著，能救人危急，故特令某冒锋突围，前来求救。」玄德敛容答曰：「孔北海知世间有刘备耶？」乃同云长、翼德点精兵三千，往北海郡进发。 || Chapter 11, P011-009: 管亥望见救军来到，亲自引兵迎敌；因见玄德兵少，不以为意。玄德与关、张、太史慈立马阵前，管亥忿怒直出。太史慈却待向前，云长早出，直取管亥。两马相交，众军大喊；量管亥怎敌得云长，数十合之间，青龙刀起，劈管亥于马下。太史慈，张飞，两骑齐出，双枪并举，杀入贼阵。玄德驱兵掩杀。城上孔融望见太史慈与关、张赶杀贼众，如虎入羊群，纵横莫当，便驱兵出城。两下夹攻，大败群贼，降者无数，余党溃散。 || Chapter 11, P011-014: 却说刘玄德军到，见孔融。融曰：「曹兵势大，操又善于用兵，未可轻战。且观其动静，然后进兵。」玄德曰：「但恐城中无粮，难以久持。备令云长、子龙领军四千，在公部下相助；备与张飞奔曹营，迳投徐州去见陶使君商议。」融大喜，会合田楷，为犄角之势；云长、子龙领兵两边接应。",same_body_paragraph
孔融,袁绍,4,2,5;22,"Chapter 5, P005-008: 第一镇，后将军南阳太守袁术。第二镇，冀州刺史韩馥。第三州镇，豫州刺史孔。第四镇，兖州刺史刘岱。第五镇，河内郡太守王匡。第六镇，陈留太守张邈。第七镇，东郡太守乔瑁。第八镇，山阳太守刘遗。第九镇，济北相鲍信。第十镇，北海太守孔融。第十一镇，广陵太守张超。第十二镇，徐州刺史陶谦。第十三镇，西凉太守马腾。第十四镇，北平太守公孙瓒。第十五镇，上党太守张杨。第十六镇，乌程侯长沙太守孙坚。第十七镇，祁乡侯渤海太守袁绍。诸路军马，少不等，一有三万者，有一二万者一，各领文官武将，投洛阳来。 || Chapter 5, P005-021: 流星马探听得，报入袁绍大寨里来。绍聚众商议。操曰：「董卓屯兵虎牢，截俺诸侯中路，今可勒兵一半迎敌。」绍乃分王匡，乔瑁，鲍信，袁遗，孔融，张杨，陶谦，公孙瓒，八路诸侯，往虎牢关迎敌。操引军往来救应。八路诸侯，各自起兵。河内太守王匡，引兵先到。吕布带铁骑三千，飞奔来迎。王匡将军马列成阵势，勒马门旗下看时，见吕布出阵：头戴三叉束发紫金冠，体挂西川红锦百花袍，身披兽面吞头连环铠，腰系勒甲玲珑狮蛮带；弓箭随身，手持画戟；坐下嘶风赤兔马；果然是人中吕布，马中赤兔！ || Chapter 22, P022-020: 孔融闻之，来见操曰：「袁绍势大，不可与战，只可与和。」荀彧曰：「袁绍无用之人，何必议和？」融曰：「袁绍土广民强。其部下如许攸，郭图，审配，逢纪，皆智谋之士；田丰，沮授，皆忠臣也；颜良，文丑，勇冠三军；其余高览，张郃，淳于琼，等俱世之名将，──何谓绍为无用之人乎？」彧笑曰：「绍兵多而不整；田丰刚而犯上，许攸贪而不智，审配专而无谋，逢纪果而无用，此四人者，势不相容，必生内变。颜良，文丑，匹夫之勇，一战可擒。其余碌碌等辈，纵有百万，何足道哉！」",same_body_paragraph
孔融,赵云,4,1,11,"Chapter 11, P011-012: 不说孔融起兵。且说玄德离北海来见公孙瓒，且说欲救徐州之事。瓒曰：「曹操与君无雠，何苦替人出力？」玄德曰：「备已许人，不敢失信。」瓒曰：「我借与君马步军二千。」玄德曰：「更望借赵子龙一行。」瓒许之。玄德遂与关、张引本部三千人为前部，子龙引二千人随后，往徐州来。 || Chapter 11, P011-014: 却说刘玄德军到，见孔融。融曰：「曹兵势大，操又善于用兵，未可轻战。且观其动静，然后进兵。」玄德曰：「但恐城中无粮，难以久持。备令云长、子龙领军四千，在公部下相助；备与张飞奔曹营，迳投徐州去见陶使君商议。」融大喜，会合田楷，为犄角之势；云长、子龙领兵两边接应。 || Chapter 11, P011-021: 且说来使回徐州，入城见陶谦，呈上书札，言曹兵已退。谦大喜，差人请孔融，田楷，云长，子龙等赴城大会。饮宴既毕，谦延玄德于上座，拱手对众曰：「老夫年迈，二子不才，不堪国家重任。刘公乃帝室之胄，德广才高，可领徐州。老夫情愿乞闲养病。」玄德曰：「孔文举令备来救徐州，为义也；今无端据而有之，天下将以备为无义人矣。」糜竺曰：「今汉室陵迟，海宇颠覆，树功立业，正在此时。徐州殷富，户口百万，刘使君领此，不可辞也。」玄德曰：「此事决不敢应命。」陈登曰：「陶府君多病，不能视事，明公勿辞。」玄德曰：「袁公路四世三公，海内所归，近在寿春，何不以州让之？」孔融曰：「袁公路冢中枯骨，何足挂齿！今日之事，天与不取，悔不可追。」",same_body_paragraph
孙坚,孙策,4,4,7;15;98;120,"Chapter 7, P007-021: 坚军登岸，程普，黄盖，分兵两路，直取黄祖营寨。背后韩当驱兵大进。三面夹攻，黄祖大败，弃却樊城，退入邓城。坚令黄盖守住船只，亲自统兵追袭。黄祖引军出迎，布阵于野。坚列成阵势，出马于门旗之下。孙策也全副披挂，挺鎗立马于父侧。黄祖引二将出马：一个是江夏张虎，一个是襄阳陈生。黄祖扬鞭大骂：「江东鼠贼，安敢侵犯汉室宗亲境界！」便令张虎搦战。坚阵内韩当出迎。两骑相交，战三十余合，陈生见张虎力怯，飞马来助。孙策望见，按住手中鎗，扯弓撘箭，正射中陈生面门，应弦落马。张虎见陈生坠地，吃了一惊，措手不及，被韩当一刀，削去半个脑袋。程普纵马直来阵前捉黄祖。黄祖弃却头盔、战马，杂于步军内逃命。孙坚掩杀败军，直到汉水，命黄盖将船只进泊汉江。 || Chapter 15, P015-010: 策拜谢，遂引军马，带领朱治，吕范，旧将程普，黄盖，韩当等，择日起兵。行至历阳，见一军到。当先一人：姿质风流，仪容秀丽；见了孙策，下马便拜。策视其人，乃庐江舒城人：姓周，名瑜，字公瑾。原来孙坚讨董卓之时，移家舒城，瑜与孙策同年，交情甚密，因结为昆仲。策长瑜两月，瑜以兄事策。瑜叔周尚，为丹阳太守，今往省亲，到此与策相遇。 || Chapter 98, P098-020: 谥父孙坚为武烈皇帝。母吴氏为武烈皇后。兄孙策为长沙桓王。立子孙登为皇太子。命诸葛瑾长子诸葛恪为太子左辅，张昭次子张休为太子右弼。",same_body_paragraph
孙权,孟达,4,2,62;85,"Chapter 62, P062-030: 却说玄德令黄忠，魏延各守一寨，自回涪城，与军师庞统商议。细作报说：「东吴孙权遣人结好东川张鲁，将欲来攻葭萌关。」玄德惊曰：「若葭萌关有失，截断后路，吾进退不得，当如之何？」庞统谓孟达曰：「公乃蜀中人，多知地理，去守葭萌关，如何？」达曰：「某保一人与某同去守关，万无一失。」玄德问何人。达曰：「此人曾在荆州刘表部下为中郎将，乃南郡枝江人。姓霍，名峻，字仲邈。」玄德大喜，即时遣孟达，霍峻守葭萌关去了。 || Chapter 85, P085-021: 丕问何五路？懿曰：「可修书一封，差使往辽东鲜卑国，王轲比能，赂以金帛，令起辽西羌兵十万，先从旱路取西平关：此一路也。再修书遣使赍官诰赏赐，直入南蛮见蛮王孟获，令起兵十万，攻打益州、永昌、牂牁、越隽四郡，以击西川之南：此二路也。再遣使入吴修好，许以割地，令孙权起兵十万，攻两川夹口，径取涪城：此三路也。又可遣使至降将孟达处，起上庸兵十万，西攻汉中：此四路也。然后命大将军曹真为大都督，提兵十万，由京兆径出阳平关取西川：此五路也。共大兵五十万，五路并进。诸葛亮便有吕望之才，安能当此乎？」 || Chapter 85, P085-023: 建兴元年秋八月，忽有边报说：「魏调五路大兵，来取西川：第一路，曹真为大都督，起兵十万，取阳平关；第二路，乃反将孟达，起上庸兵十万，犯汉中；第三路，乃东吴孙权，起精兵十万，取峡口入川；第四路，乃蛮王孟获，起蛮兵十万，犯益州四郡；第五路，乃番王轲比能，起羌兵十万，犯西平关－此五路军马，甚是利害。已先报知丞相，丞相不知为何，数日不出视事。」",same_body_paragraph
孙权,张松,4,1,60,"Chapter 60, P060-003: 却说张松到了许都馆驿中住定，每日去相府伺候，求见曹操。原来曹操自破马超回，傲睨得志，每日饮宴，无事少出，国政皆在相府商议。张松候了三日，方得通过姓名。左右近侍先要贿赂，却才引入。操坐于堂上。松拜毕，操问曰：「汝主刘璋连年不进贡，何也？」松曰：「为路途艰难，贼寇窃发，不能通达。」操叱曰：「吾扫清中原，有何盗贼？」松曰：「南有孙权，北有张鲁，西有刘备，至少者亦带甲十余万，岂得谓太平耶？」 || Chapter 60, P060-017: 自此一连留张松饮宴三日，并不提起川中之事。松辞去，玄德于十里长亭，设宴送行。玄德举酒酌松曰：「甚荷大夫不弃，留叙三日；今日相别，不知何时再得听教。」言罢，潸然泪下。张松自思：「玄德如此宽仁爱士，安可舍之？不如说之，令取西川。」乃言曰：「松亦思朝暮趋侍，恨未有便耳。松观荆州，东有孙权，常怀虎踞；北有曹操，每欲鲸吞；亦非可久恋之地也。」玄德曰：「故知如此，但未有安迹之所。」松曰：「益州险塞，沃野千里，民殷国富；智能之士，久慕皇叔之德；若起荆，襄之众。长驱西指，霸业可成，汉室可兴矣。」玄德曰：「备安敢当此？刘益州亦帝室宗亲，恩泽布蜀中久矣。他人岂可得而动摇乎？」 || Chapter 60, P060-024: 璋视之，乃帐前从事官王累也。累顿首言曰：「主公今听张松之言，自取其祸。」璋曰：「不然。吾结好刘玄德，实欲拒张鲁也。」累曰：「张鲁犯界，乃癣疥之疾；刘备入川，乃心腹之大患。况刘备世之枭雄，先事曹操，便思谋害；后从孙权，便夺荆州。心术如此，安可同处乎？今若召来，西川休矣！」璋叱曰：「再休乱道！玄德是我同宗，他安肯夺我基业？」便教扶二人出。遂命法正便行。法正离益州，迳取荆州，来见玄德。参拜已毕，呈上书信。玄德拆封视之。书曰：「族弟刘璋，再拜致书于玄德宗兄将军麾下：久伏电天，蜀道崎岖，未及赍贡，甚切惶愧。璋闻『吉凶相救，患难相扶。』朋友尚然，况宗族乎？今张鲁在北，旦夕兴兵，侵犯璋界，甚不自安。专人谨奉尺书，上乞钧听。倘念同宗之情，全手足之义，即日兴师剿灭狂寇，永为唇齿，自有重酬。书不尽言，耑候车骑。」",same_body_paragraph
孙权,程昱,4,2,56;61,"Chapter 56, P056-012: 曹操连饮杯，不觉沈醉，唤左右棒过笔砚，亦欲作铜雀台诗。刚才下笔，忽报：「东吴使华歆表秦刘备为荆州牧，孙权以妹嫁刘备，汉上九郡大半已属备矣。」操闻之，手脚慌乱，投笔于地。程昱曰：「丞相在万军之中，矢石交攻之际，未尝动心；今闻刘备得了荆州，何故如此失惊？」操曰：「刘备人中之龙也，生平未尝得水。今得荆州，是困龙入大海矣。孤安得不动心哉！」程昱曰：「丞相知华歆来意否？」操曰：「未知。」昱曰：「孙权本忌刘备，欲以兵攻之；但恐丞相乘虚而击，故今华歆为使，表荐刘备。以安备之心，以塞丞相之望耳。」 || Chapter 56, P056-013: 操点头曰：「是也。」昱曰：「某有一计，使孙、刘自相吞并，丞相乘间图之，一鼓而二敌俱破。」操大喜，遂问其计。程昱曰：「东吴所倚者，周瑜也。丞相今表奏周瑜为南郡太守、程普为江夏太守，留华歆在周瑜既领南郡，愈思报雠，遂上书吴侯，乞命鲁肃去讨还荆州。孙权乃命肃曰：「汝昔保荆州与刘备，今备迁延不还，等待何时？」肃曰：「文书上明白写著，得了西川便还。」权叱曰：「只说取西川，至今又不动兵，不等老了人！」肃曰：「某愿往言之。」遂乘投荆州而来。 || Chapter 61, P061-026: 是夜三更时分，忽寨外喊声大震。操急上马，见四下里火起，却被吴兵劫入大寨。杀至天明，曹兵退五十余里下寨。操心中郁闷，闲看兵书。程昱曰：「丞相既知兵法，岂不知『兵贵神速』乎？丞相起兵，迁延日久，故孙权得以准备。夹濡须水口为坞，难于攻击。不若且退兵回许都，别作良图。」",same_body_paragraph
孙权,许褚,4,3,40;61;68,"Chapter 40, P040-002: 却说夏侯惇败回许昌，自缚见曹操，伏地请死。操释之。惇曰：「惇遭诸葛亮诡计，用火攻破我军。」操曰：「汝自幼用兵，岂不知狭处须防火攻？」惇曰：「李典、于禁曾言及此，悔之不及！」操乃赏二人。惇曰：「刘备如此猖獗，真腹心之患也，不可不急除。」操曰：「吾所虑者，刘备、孙权耳。余皆不足介意。今当乘此时扫平江南。」便传令起大兵五十万，令曹仁、曹洪，为第一队；张辽、张郃，为第二队；夏侯渊、夏侯惇，为第三队；于禁、李典，为第四队；操自领诸将为第五队。每队各引兵十万。又令许褚为折冲将军，引兵三千为先锋。选定建安十三年秋七月丙午日出师。 || Chapter 61, P061-025: 忽一声响动，南船一齐飞奔过来。濡须坞内又一军出，冲动曹兵。曹操军马退后便走，止喝不住。忽有千百骑赶到山边，为首马上一人，碧眼紫髯。众人认得正是孙权。权自引一队马军来击曹操。操大惊，急回马时，东吴大将韩当，周泰两骑马直冲将上来。操背后许褚纵马舞刀，敌住二将，曹操得脱归寨。许褚与二将战三十合方回。操回寨，重赏许褚，责骂众将：「临敌先退，挫吾锐气！后若如此，尽皆斩首！」 || Chapter 61, P061-029: 操大怒，叱诸将上山捉孙权。忽一声鼓响，山背后两彪军出：右边韩当，周泰，左边陈武，潘璋。四员将带三千弓弩手乱射，矢如雨发。操急引众将回走。背后四将赶来甚急。赶到半路，许褚引众虎卫军敌住，救回曹操。吴兵齐奏凯歌，回濡须去了。",same_body_paragraph
孟获,马超,4,3,85;86;87,"Chapter 85, P085-027: 后主听罢，又惊又喜，曰：「相父果有鬼神不测之机也！愿闻退兵之策。」孔明曰：「先帝以陛下付托与臣，臣安敢旦夕怠慢？成都众官，皆不晓兵法之妙，贵在使人不测，岂可泄漏于人？老臣先知西番国王轲比能，引兵犯西平关；臣料马超积祖西川人氏，素得羌人之心，羌人以超为神威大将军；臣已先遣一人，星夜驰檄，令马超紧守西平关，伏四路奇兵，每日交换，以兵拒之：此一路不必忧矣。又南蛮孟获，兵犯四邵，臣亦飞檄遣魏延领一军左出右入，右出左入，为疑兵之计；蛮兵惟勇力，其心多疑，若见疑兵，必不敢进：此一路又不足忧矣。又知孟达引兵出汉中；孟达与李严曾结生死之交；臣回成都时，留李严守永安宫；臣已作一书，只做李严亲笔，令人送与孟达；达必然推病不出，以慢军心：此一路又不足忧矣。又知曹真引兵犯阳平关；此地险峻，可以保守，臣已调赵云引一军守把关隘，并不出战；曹真若见我军不出，不久自退矣。」 || Chapter 86, P086-003: 权从之，乃谓魏使曰：「军需未办，择日便当起程。」使者拜辞而去。权令人探得西番兵出西平关，见了马超，不战自退；南蛮孟获起兵攻四郡，皆被魏延用疑兵计杀退回洞去了；上庸孟达兵至半路，忽然染病不能行；曹真兵出阳平关，赵子龙拒住各处险道，果然一将守关，万夫莫开---。曹真屯兵于斜谷道，不能取胜而回。 || Chapter 86, P086-025: 却说赵云吊兵杀出阳平关之次，忽报丞相有文书到，说益州耆帅雍闿结连蛮王孟获，起十万蛮兵侵掠四郡；因此宣云回车，令马超坚守阳平关，丞相欲自南征，赵云乃急收兵而回。此时孔明在成都整饬军马，亲自南征。正是：方见东吴敌北魏，又看西蜀战南蛮。未知胜负如何，且看下回分解。",same_body_paragraph
孟达,张飞,4,4,65;70;71;77,"Chapter 65, P065-027: 玄德从之，设一大宴，请刘璋收拾财物，佩领振威将军印绶，将妻子良贱，尽赴南郡公安住歇，即日起行。玄德自领益州牧，其所降文武，尽皆重赏，定拟名爵。严颜为前将军，法正为蜀郡太守，董和为掌军中郎将，许靖为左将军长史，庞义为营中司马，刘巴为左将军，黄权为右将军。其余吴懿，费观，彭羕，卓膺，李严，吴兰，雷同，李恢，张翼，秦宓，谯周，吕义，霍峻，邓芝，杨洪，周群，费袆，费诗，孟达，……文武投降官员，共六十余人，并皆擢用。诸葛亮军师，关云长为荡寇将军汉寿亭侯，张飞为征远将军新亭侯，赵云为镇远将军，黄忠为征西将军，魏延为扬武将军，马超为平西将军。孙干，简雍，糜竺、糜芳，刘封，关平，周仓，廖化，马良，马谡，蒋琬，伊籍，及旧日荆襄一班文武官员，尽皆升赏。遣使赍黄金五百斤，白银一千斤，钱五千万，蜀锦一千疋，赐与云长。其余官将，给赐有差。杀牛宰马，大饷士卒，开仓赈济百姓，军民大悦。 || Chapter 70, P070-016: 却说葭萌关守将孟达，霍峻，知张郃兵来。霍峻只要坚守，孟达定要迎敌。引军下关与张郃交锋，大败而回。霍峻急申文书到成都。玄德闻知，请军师商议。孔明聚众将于堂上，问曰：「今葭萌关紧急，必须阆中取翼德，方可退张郃也。」法正曰：「今翼德兵屯瓦口，镇守阆中，亦是紧要之地，不可取回。帐中诸将内，选一人去破张郃。」孔明笑曰：「张郃乃魏之名将，非等闲可及。除非翼德，无人可当。」忽一人厉声而出曰：「军师何轻视众人耶﹖吾虽不才，愿斩张郃首级，献于麾下。」 || Chapter 71, P071-001: 却说孔明分付黄忠：「你既要去，吾教法正助你。凡事计议而行。吾随后拨人马来接应。」黄忠应允，和法正领本部兵去了。孔明告玄德曰：「此老将不著言语激他，虽去不能成功。他今既去，须拨人马前去接应。」乃唤赵云将一枝人马，从小路出奇兵接应：「黄忠若胜，不必出战；倘忠有失，即去救应。」又遣刘封，孟达：「领三千兵于山中险要去处，多立旌旗，以壮我兵之声势，令敌人惊疑。」三人各自领兵去了。又差人往下办，授计与马超，令他如此而行。又差严颜往巴西阆中守隘，替张飞，魏延，来同取汉中。",same_body_paragraph
孟达,曹丕,4,3,79;85;94,"Chapter 79, P079-021: 达大喜，急问何计。耽曰：「吾弟兄欲投魏久矣；公可作一表，辞了汉中王，投魏王曹丕，丕必重用。吾二人亦随后来降也。」达猛然省悟，即写表一通，付与来使；当晚引五十余骑投魏去了。使命持表回成都，奏汉中王，言孟达投魏之事。先主大怒。览其表曰： || Chapter 79, P079-024: 却说曹丕正聚文武议事，忽近臣奏曰：「蜀将孟达来降。」丕召入问曰：「汝此来，莫非诈降乎？」达曰：「臣为不救关公之危，汉中王欲杀臣，因此惧罪来降，别无他意。」曹丕尚未准信，忽报刘封引五万兵来。取襄阳，单搦孟达厮杀。丕曰：「汝既是真心，便可去襄阳取刘封首级来，孤方准信。」达曰：「臣以利害说之，不必动兵，令刘封亦来降也。」 || Chapter 85, P085-026: 次日，后主车驾亲至相府。门吏见驾到，慌忙拜伏于地而迎。后主问曰；「丞相在何处？」门吏曰：「不知在何处。只有丞相钧旨，教挡住百官，勿得辄入。」后主乃下车步行，独进第三重门，见孔明独倚竹杖，在小池边观鱼。后主在后立久，乃徐徐而言曰：「丞相安乐否？」孔明回顾，见是后主，慌忙弃杖，拜伏于地曰：「臣该万死！」后主扶起，问曰；「今曹丕分兵五路，犯境甚急，相父缘何不肯出府视事？」孔明大笑，扶后主入内室坐定，奏曰：「五路兵至，臣安得不知？臣非观鱼，有所思也。」后主曰：「如之奈何？」孔明曰：「羌王轲比能，蛮王孟获，反将孟达，魏将曹真：此四路兵，臣已皆退去了也。止有孙权这一路兵，臣已有退兵之计，但须一能言之人为使。因未得其人，故熟思之。陛下何必忧乎？」",same_body_paragraph
庞统,张飞,4,2,57;60,"Chapter 57, P057-014: 统思玄德待我何薄，欲以才学动之；见孔明不在，只得勉强相辞而去。统到耒阳县，不理政事，终日饮酒为乐；一应钱粮词讼，并不理会。有人报知玄德，言庞统将耒阳县事尽废。玄德怒曰：「竖儒焉敢乱吾法度！」遂唤张飞分付：「引从人去荆南诸县巡视。如有不公不法者，就便究问。恐于事有不明处，可与孙干同去。」 || Chapter 57, P057-016: 张飞大怒，欲擒之。孙干曰：「庞士元乃高明之人，未可轻忽。且到县问之。如果于理不当，治罪未晚。」飞乃入县，正厅上坐定，教县令来见。统衣冠不整，扶醉而出。飞怒曰：「吾兄以汝为人，令作县宰，汝焉敢尽废县事？」统笑曰：「将军以吾废了县中何事？」飞曰：「汝到任百余日，终日在醉乡，安得不废政事？」统曰：「量百里小县，些许公事，何难决断？将军少坐，待我发落。」随即唤公吏，将百余日所积公务，都取来剖断，吏皆纷然赍抱案卷，上厅诉词。被告人等，环跪阶下。统手中批判，口中发落，耳内听词，曲直分明，并无分毫差错，民皆叩首拜伏。不到半日，将百余日之事，尽断毕了，投笔于地，而对张飞曰：「所废之事何在？曹操，孙权，吾视之若掌上观文，量此小县，何足介意！」 || Chapter 57, P057-018: 玄德看毕，正在嗟叹，忽报孔明回。玄德接入，礼毕。孔明先问曰：「庞军师近日无恙否？」玄德曰：「近治耒阳县，好酒废事。」孔明笑曰：「士元非百里之才，胸中之学，胜亮十倍。亮曾有荐书在士元处，曾达主公否？」玄德曰：「今日方得子敬书，却未见先生之书。」孔明曰：「大贤若处小任，往往以酒糊涂，倦于视事。」玄德曰：「若非吾弟所言，险失大贤。」随即令张飞往耒阳县请庞统到荆州，玄德下阶请罪。统方将出孔明所荐之书。玄德看书中之意，言凤雏到日，宜即重用。玄德喜曰：「昔司马德操言：『伏龙，凤雏，两人得一，可安天下。』今吾二人皆得，汉室可兴矣。」遂拜庞统为副军师中郎将，与孔明共赞方略，教练军士，听候征伐。",same_body_paragraph
张昭,诸葛瑾,4,3,66;82;98,"Chapter 66, P066-001: 却说孙权要索荆州。张昭献计曰：「刘备所倚重者，诸葛亮耳。其兄诸葛瑾今仕于吴，何不将瑾老小执下，使瑾入川告其弟，令劝刘备交割荆州？『如其不还，必累及我老小，』亮念同胞之情，必然应允。」权曰：「诸葛瑾乃诚实君子，安忍拘其老小？」昭曰：「明教知是计策，自然放心。」 || Chapter 82, P082-004: 却说张昭见孙权曰：「诸葛子瑜知蜀兵势大，故假以请使为辞，欲背吴入蜀。此去必不回矣。」权曰：「孤与子瑜，有生死不易之盟。孤不负子瑜，子瑜亦不负孤。昔子瑜在柴桑时，孔明来吴，孤欲使子瑜留之。子瑜曰：「弟己事玄德，义无二心；弟之不留，犹瑾之不往。」其言足贯神明。今日岂肯降蜀乎？孤与子瑜可谓神交，非外言所得间也。」 || Chapter 82, P082-005: 正言间，忽报诸葛瑾回。权曰：「孤言若何？」张昭满面羞惭而退。瑾见孙权，先主不肯通和之意。权大惊曰：「若如此，则江南危矣！」阶下一人进曰：「某有一计，可解此危。」视之，乃中大夫赵咨也。权曰：「德度有何良策？」咨曰：「主公可作一表，某愿为使，往见魏帝曹丕陈说利害，使袭汉中，则蜀兵自危矣。」权曰：「此计最善。但卿此去，休失了东吴气象。」咨曰：「若有些小差失，即投江而死。安有面目见江南人物乎？」",same_body_paragraph
张松,诸葛亮,4,2,60;63,"Chapter 60, P060-002: 刘璋大喜，收拾金珠锦绮，为进献之物，遣张松为使。松乃暗画四川地理图本藏之，带从人数骑，取路赴许都。早有人报入荆州孔明便使人入许都打探消息。 || Chapter 60, P060-023: 正商议间，一人自外突入，汗流满面，大叫曰：「主公若听张松之言，则四十一州郡，已属他人矣！」松大惊；视其人，乃西阆中巴人，姓黄，名权，字公衡，现为刘璋府下主簿。璋问曰：「玄德与我同宗，吾故结之为援；汝何出此言？」权曰：「某素知刘备宽以待人，柔能克刚，英雄莫敌。远得人心，近得民望。兼有诸葛亮，庞统之智谋，关，张，赵云，黄忠，魏延为羽翼。若召到蜀中，以部曲待之，刘备岂肯伏低做小？若以客礼待之，又一国不容二主。今听臣言，则西蜀有泰山之安；不听臣言，则主公有累卵之危矣。张松昨从荆州过，必与刘备同谋。可先斩张松，后绝刘备，则西川万幸也。」璋曰：「曹操，张鲁到来，何以拒之？」权曰：「不如闭境绝塞，棎沟高垒，以待时清。」璋曰：「贼兵犯界，有燃眉之急；若待时清，则是慢计也。」遂不从其言，遣法正行。又一人阻曰：「不可！不可！」 || Chapter 60, P060-026: 当日席散，孔明亲送法正归馆舍。玄德独坐沉吟。庞统进曰：「事当决而不决者，愚人也。主公高明，何多疑耶？」玄德问曰：「以公之意，当复何如？」统曰：「荆州东有孙权，北有曹操难以得志。益州户口百万，士广财富，可资大业。今幸张松、法正为内助，此天赐也。何必疑哉？」",same_body_paragraph
张辽,荀彧,4,4,23;24;25;68,"Chapter 23, P023-008: 帝览表，以付曹操。操遂使人召衡至。礼毕，操不命坐。祢衡仰天叹曰：「天地虽阔，何无一人也！」操曰：「吾手下有数十人，皆当世英雄，何谓无人？」衡曰：「愿闻。」操曰：「荀彧，荀攸，郭嘉，程昱，机深智远，虽萧何，陈平不及也。张辽[陈怡妏3]，许褚，乐进，李典，勇不可当，虽岑彭，马武不及也。吕虔，满宠，为从事；于禁，徐晃，为先锋。夏侯惇，天下奇才；曹子孝，世间福将。安得无人？」衡笑曰：「公言差矣。此等人物，吾尽识之：荀彧可使吊丧问疾，荀攸可使看坟守墓，程昱可使关门闭户，郭嘉可使白词念赋，张辽可使击鼓鸣金，许褚可使牧牛放马，乐进可使取状读诏，李典可使传书送檄，吕虔可使磨刀铸剑，满宠可使饮酒食糟，于禁可使负版筑墙，徐晃可使屠猪杀狗。夏侯惇称为『完体将军』，曹子孝呼为『要钱太守』。其余皆是衣架！饭囊！酒桶！肉袋耳！」操怒曰：「汝有何能？」衡曰：「天文地理，无一不通；三教九流，无一不晓；上可以致君为尧、舜，下可以配德于孔、颜。岂与俗子共论乎！」时止有张辽在侧，掣剑欲斩之。操曰：「吾正少一鼓吏；早晚朝贺宴享，可令祢衡充此职。」衡不推辞，应声而去。辽曰：「此人出言不逊，何不杀之？」操曰：「此人素有虚名，远近所闻。今日杀之，天下必谓我不能容物，彼自以为能，故令为鼓吏以辱之。」 || Chapter 24, P024-019: 且说曹操当夜取了小沛，随即进兵攻徐州。糜竺，简雍，守把不住，只弃城而走。陈登献了徐州。曹操大军入城，安民己毕，随唤众谋士议取下邛。荀彧曰：「云长保护玄德妻小，死守此城；若不速取，恐为袁绍所窃。」操曰：「吾素爱云长武艺人材，欲得之以为己用，不若令人说之使降。」郭嘉曰：「云长义气深重，必不肯降。若使人说之，恐被其害。」帐下一人出曰：「某与关公有一面之交，愿往说之。」众视之，乃张辽也。程昱曰：「文远虽与云长有旧，吾观此人，非可以言词说也。某有一计，使此人进退无路，然后用文远说之，彼必归丞相矣。」正是：整备窝弓射猛虎，安排香饵钓鳌鱼。未知其计若何，且看下文分解。 || Chapter 25, P025-010: 张辽再往上回报关公。关公曰：「虽然如此，暂请丞相退军，容我入城见二嫂，告知其事，然后投降。」张辽再回，以此言报曹操。操即传令，退军至十里。荀彧曰：「不可。恐有诈。」操曰：「云长义士，必不失信。」遂引军退。关公引兵入下邳，见人民安妥不动，竟到府中，来见二嫂。",same_body_paragraph
张辽,诸葛亮,4,3,40;42;85,"Chapter 40, P040-002: 却说夏侯惇败回许昌，自缚见曹操，伏地请死。操释之。惇曰：「惇遭诸葛亮诡计，用火攻破我军。」操曰：「汝自幼用兵，岂不知狭处须防火攻？」惇曰：「李典、于禁曾言及此，悔之不及！」操乃赏二人。惇曰：「刘备如此猖獗，真腹心之患也，不可不急除。」操曰：「吾所虑者，刘备、孙权耳。余皆不足介意。今当乘此时扫平江南。」便传令起大兵五十万，令曹仁、曹洪，为第一队；张辽、张郃，为第二队；夏侯渊、夏侯惇，为第三队；于禁、李典，为第四队；操自领诸将为第五队。每队各引兵十万。又令许褚为折冲将军，引兵三千为先锋。选定建安十三年秋七月丙午日出师。 || Chapter 42, P042-005: 俄而曹仁、李典、夏侯惇、夏侯渊、乐进、张辽、张郃、许褚等都至。见飞怒目横矛，立马于桥上，又恐是诸葛孔明之计，都不敢近前，扎住阵脚，一字儿摆在桥西，使人飞报曹操。操闻知，急上马，从阵后来。张飞圆睁环眼，隐隐见后军青罗伞盖、旄钺旌旗来到，料得是曹操心疑，亲自来看。飞乃厉声大喝曰：「我乃燕人张翼德也！谁敢与我决一死战？」声如巨雷。曹军闻之，尽皆股栗。曹操急令去其伞盖，回顾左右曰：「我向曾闻云长言，翼德于百万军中，取上将之首，如探囊取物。今日相逢，不可轻敌。」 || Chapter 42, P042-011: 却说曹操使张辽、许褚探长板桥消息，回报曰：「张飞已拆断桥梁而去矣。」操曰：「彼断桥而去，乃心怯也。」遂传令差一万军，速搭三座浮桥，只今夜就要过。李典曰：「此恐是诸葛亮之诈谋，不可轻进。」操曰：「张飞一勇之夫，岂有诈谋？」遂传下号令，火速进兵。",same_body_paragraph
张辽,郭嘉,4,4,23;24;33;50,"Chapter 23, P023-008: 帝览表，以付曹操。操遂使人召衡至。礼毕，操不命坐。祢衡仰天叹曰：「天地虽阔，何无一人也！」操曰：「吾手下有数十人，皆当世英雄，何谓无人？」衡曰：「愿闻。」操曰：「荀彧，荀攸，郭嘉，程昱，机深智远，虽萧何，陈平不及也。张辽[陈怡妏3]，许褚，乐进，李典，勇不可当，虽岑彭，马武不及也。吕虔，满宠，为从事；于禁，徐晃，为先锋。夏侯惇，天下奇才；曹子孝，世间福将。安得无人？」衡笑曰：「公言差矣。此等人物，吾尽识之：荀彧可使吊丧问疾，荀攸可使看坟守墓，程昱可使关门闭户，郭嘉可使白词念赋，张辽可使击鼓鸣金，许褚可使牧牛放马，乐进可使取状读诏，李典可使传书送檄，吕虔可使磨刀铸剑，满宠可使饮酒食糟，于禁可使负版筑墙，徐晃可使屠猪杀狗。夏侯惇称为『完体将军』，曹子孝呼为『要钱太守』。其余皆是衣架！饭囊！酒桶！肉袋耳！」操怒曰：「汝有何能？」衡曰：「天文地理，无一不通；三教九流，无一不晓；上可以致君为尧、舜，下可以配德于孔、颜。岂与俗子共论乎！」时止有张辽在侧，掣剑欲斩之。操曰：「吾正少一鼓吏；早晚朝贺宴享，可令祢衡充此职。」衡不推辞，应声而去。辽曰：「此人出言不逊，何不杀之？」操曰：「此人素有虚名，远近所闻。今日杀之，天下必谓我不能容物，彼自以为能，故令为鼓吏以辱之。」 || Chapter 24, P024-019: 且说曹操当夜取了小沛，随即进兵攻徐州。糜竺，简雍，守把不住，只弃城而走。陈登献了徐州。曹操大军入城，安民己毕，随唤众谋士议取下邛。荀彧曰：「云长保护玄德妻小，死守此城；若不速取，恐为袁绍所窃。」操曰：「吾素爱云长武艺人材，欲得之以为己用，不若令人说之使降。」郭嘉曰：「云长义气深重，必不肯降。若使人说之，恐被其害。」帐下一人出曰：「某与关公有一面之交，愿往说之。」众视之，乃张辽也。程昱曰：「文远虽与云长有旧，吾观此人，非可以言词说也。某有一计，使此人进退无路，然后用文远说之，彼必归丞相矣。」正是：整备窝弓射猛虎，安排香饵钓鳌鱼。未知其计若何，且看下文分解。 || Chapter 33, P033-033: 时操在易州，按兵不动。夏侯惇、张辽入禀曰：「如不下辽东，可回许都；恐刘表生心。」操曰：「待二袁首级至，即便回兵。」众皆暗笑。忽报辽东公孙康遣人送袁熙、袁尚首级至，众皆大惊。使者呈上书信。操大笑曰：「果不出奉孝之料！」重赏来使，封公孙康为襄平侯左将军。众官问曰；「何为不出奉孝之所料？」操遂出郭嘉书以示之。书略曰：",same_body_paragraph
张郃,曹叡,4,3,95;96;101,"Chapter 95, P095-001: 却说魏主曹叡令张郃为先锋，与司马懿一同征进；一面令辛毗、孙礼二人领兵五万，往助曹真。二人奉诏而去。且说司马懿引二十万军，出关下寨，请先锋张郃至帐下曰：「诸葛亮生平谨慎，未敢造次行事。若吾用兵，先从子午谷迳取长安，早得多时矣。他非无谋，但恐有失，不肯弄险。今必出军斜谷，来取郿城。若取郿城，必分兵两路，一军取箕谷矣。吾已发檄文，令子丹拒守郿城，若兵来不可出战；令孙礼、辛毗截住箕谷道口，若兵来则出奇兵击之。」郃曰：「今将军当于何处进兵？」懿曰：「吾素知秦岭之西，有一条路，地名街亭，傍有一城，名列柳城；此二处皆是汉中咽喉。诸葛亮欺子丹无备，定从此进。吾与汝迳取街亭，望阳平关不远矣。亮若知吾断其街亭要路，绝其粮道，则陇西一境，不能安守，必然连夜奔回汉中去也。彼若回动，吾提兵于小路击之，可得全胜；若不归时，吾却将诸处小路，尽皆垒断，俱以兵守之。一月无粮，蜀兵皆饿死，亮必被吾擒矣。」张郃大悟，拜伏于地曰：「都督神算也！」懿曰：「虽然如此，诸葛亮不比孟达。将军为先锋，不可轻进。当传与诸将：循山西路，远远哨探。如无伏兵，方可前进。若是怠忽，必中诸葛亮之计。」张郃受计引军而行。 || Chapter 95, P095-002: 却说孔明在祁山寨中，忽报新城探细人来到。孔明急唤入问之。细作告曰：「司马懿倍道而行，八日已到新城，孟达措手不及；又被申耽、申仪、李辅、邓贤为内应，孟达被乱军所杀。今司马懿撤兵到长安，见了魏主，同张郃引兵出关，来拒我师也。」孔明大惊曰：「孟达作事不密，死固当然。今司马懿出关，必取街亭，断吾咽喉之路。」便问：「谁敢引兵去守街亭？」言未毕，参军马谡曰：「某愿往。」孔明曰：「街亭虽小，干系甚重：倘街亭有失，吾大军皆休矣。汝虽深通谋略，此地奈无城郭，又无险阻，守之极难。」谡曰：「某自幼熟读兵书，颇知兵法。岂一街亭不能守耶？」孔明曰：「司马懿非等闲之辈；更有先锋张郃，乃魏之名将：恐汝不能敌之。」谡曰：「休道司马懿、张郃，便是曹叡亲来，有何惧哉！若有差失，乞斩全家。」孔明曰：「军中无戏言。」谡曰：「愿立军令状。」孔明从之。谡遂写了军令状呈上。 || Chapter 96, P096-001: 却说献计者,乃尚书孙资也。曹叡问曰：「卿有何妙计？」资奏曰：「昔太祖武皇帝收张鲁时,危而后济;尝对群臣曰：『南郑之地,真为天狱。』中斜谷道为五百里石穴,非用武之地。今欲尽起天下之兵伐蜀,则东吴又将入寇。不如以现在之兵,分命大将据守险要,养精蓄锐。不过数年,中国日盛,吴﹑蜀二国,必自相残害，那时图之,岂非胜算？乞陛下裁之。」叡乃问司马懿曰：「此论若何？」懿奏曰：「孙尚书所言极当。」叡从之,命司马懿分拨诸将守把险要,留郭准﹑张郃守长安，大赏三车,驾回洛阳。",same_body_paragraph
张郃,法正,4,2,70;71,"Chapter 70, P070-016: 却说葭萌关守将孟达，霍峻，知张郃兵来。霍峻只要坚守，孟达定要迎敌。引军下关与张郃交锋，大败而回。霍峻急申文书到成都。玄德闻知，请军师商议。孔明聚众将于堂上，问曰：「今葭萌关紧急，必须阆中取翼德，方可退张郃也。」法正曰：「今翼德兵屯瓦口，镇守阆中，亦是紧要之地，不可取回。帐中诸将内，选一人去破张郃。」孔明笑曰：「张郃乃魏之名将，非等闲可及。除非翼德，无人可当。」忽一人厉声而出曰：「军师何轻视众人耶﹖吾虽不才，愿斩张郃首级，献于麾下。」 || Chapter 70, P070-029: 严颜既斩夏侯德，从山后杀来。张郃，夏侯尚，前后不能相顾，只得弃天荡山，望定军山投奔夏侯渊去了。黄忠，严颜，守住天荡山，捷音飞报成都。玄德闻之，众将庆喜。法正曰：「昔曹操降张鲁，定汉中，不因此势以图巴蜀，乃留夏侯渊，张郃，二将屯守，而自引军北还，此失计也。今张郃新败，天荡失守，主公若乘此时，举大兵亲往征之，汉中可定也。既定汉中，然后练兵积粟，观衅伺隙，进可讨贼，退可自守。此天与之时，不可失也。」 || Chapter 71, P071-007: 夏侯渊览毕大喜，打发使命回讫，乃与张郃商议曰：「今魏王率大兵屯于南郑，以讨刘备。吾与汝久守此地，岂能建立功业﹖来日吾出战，务要生擒黄忠。」张郃曰：「黄忠谋勇兼备，况有法正相助，不可轻敌。此间山路险峻，只宜坚守。」渊曰：「若他人建了功劳，吾与汝有何面目见魏王耶﹖汝只守山，吾去出战。」遂下令曰：「谁敢出哨诱敌﹖」夏侯尚曰：「吾愿往。」渊曰：「汝去出哨，与黄忠交战，只宜输，不宜赢。吾有妙计，如此如此。」尚受令，引三千军离定军山大寨前行。",same_body_paragraph
张飞,曹洪,4,2,69;70,"Chapter 69, P069-026: 却说曹洪领兵到汉中，令张郃，夏侯渊各据险要。曹洪亲自进兵拒敌。时张飞自与雷同守巴西。马兵至下办，令吴兰为先锋，领军哨出，正与曹洪军相遇，吴兰欲退。牙将任夔曰：「贼兵初至，若不先挫其锐气，何颜见孟起乎﹖」于是骤马挺枪搦曹洪战。洪自提刀跃马而出。交锋三合，斩任夔于马下，乘势掩杀。吴兰大败，回见马超。超责之曰：「汝不得吾令，何故轻敌致败﹖」吴兰曰：「任夔不听吾言，故有此败。」马超曰：「可紧守隘口，勿与交锋。」一面申报成都，听候行止。 || Chapter 69, P069-027: 曹洪见马超连日不出，恐有诈谋，引军退回南郑。张郃来见曹洪，问曰：「将军既已斩将，如何退兵﹖」洪曰：「吾见马超不出，恐有别谋。且我在邺郡，闻神卜管辂有言，当于此地折一员大将。吾疑此言，故不敢轻进。」张郃大笑曰：「将军行兵半生，今奈何信卜者之言，而惑其心哉？郃虽不才，愿以本部兵取巴西。若得巴西，蜀郡易耳。」洪曰：「巴西守将张飞，非比等闲，不可轻敌。」张郃曰：「人皆怕张飞，吾视之如小儿耳！此去必擒之！」洪曰：「倘有疏失，若何﹖」郃曰：「甘当军命。」洪勒了文状，张郃进兵。正是：自古骄兵多致败，从来轻敌少成功。未知胜负如何，且看下文分解。 || Chapter 70, P070-008: 却说张郃退守瓦口关，三万军已折了二万，遣人问曹洪求救。洪大怒曰：「汝不听吾言，强要进兵，失了紧要隘口，却又来求救！」遂不肯发兵，使人催督张郃出战。郃心慌，只得定计，分两军去关口前山僻埋伏；分付曰：「我诈败，张飞必然赶来，汝等就截其归路。」",same_body_paragraph
徐庶,程昱,4,2,36;37,"Chapter 36, P036-010: 却说曹仁与李典回许都，见曹操，泣拜于地请罪，具言损将折兵之事。操曰：「胜负乃兵家之常。但不知谁为刘备画策？」曹仁言是单福之计。操曰：「单福何人也？」程昱笑曰：「此非单福也。此人幼好学击剑。中平末年，尝为人报雠杀人，披发涂面而走，为吏所获。问其姓名不答，吏乃䌸于车上，击鼓行于市，令市人识之，虽有识者不敢言。而同伴窃解救之，乃更姓名而逃，折节向学，遍访名师。尝与司马徽谈论。此人乃颍川徐庶，字元直。单福乃其托名耳。」操曰：「徐庶之才，比君何如？」昱曰：「十倍于昱。」操曰：「惜乎贤士归于刘备！羽翼成矣，奈何？」昱曰：「徐庶虽在彼，丞相要用，召来不难。」操曰：「安得彼来归？」昱曰：「徐庶为人至孝。幼丧其父，止有老母在堂。现今其弟徐康已亡，老母无人侍养。丞相可使人赚其母至许昌，令作书召其子，则徐庶必至矣。」 || Chapter 36, P036-013: 言讫，取石砚便打曹操。操大怒，叱武士执徐母出，将斩之。程昱急止之。入谏操曰：「徐母触忤丞相者，欲求死也。丞相若杀之，则招不义之名，而成徐母之德。徐母既死，徐庶必死心助刘备以报雠矣；不如留之，使徐庶身心两处，纵使助刘备，亦不尽力也。且留得徐母在，昱自有计赚徐庶至此，以辅丞相。」 || Chapter 36, P036-014: 操然其言，遂不杀徐母，送于别室养之。程昱日往问候，诈言曾与徐庶结为兄弟，待徐母如亲母；时常餽送物件，必具手启。徐母因亦作手启答之。程昱赚得徐母笔迹，乃倣其字体，诈修家书一封，差一心腹人，持书迳奔新野县，寻问单福行幕。军士引见徐庶。庶知母有家书至，急唤入问之。来人曰：「某乃馆下走卒，奉老夫人言语，有书附达。」庶拆封视之。书曰：",same_body_paragraph
徐晃,程昱,4,4,14;23;27;31,"Chapter 14, P014-022: 操自封为大将军武平侯，以荀彧为侍中尚书令；荀攸为军师；郭嘉为司马祭酒；刘晔为司空掾曹；毛玠，任峻为典农中郎将，催督钱粮；程昱为东平相，范成，董昭为洛阳令；满宠为许都令；夏侯惇，夏侯渊，曹仁，曹洪皆为将军；吕虔，李典，乐进，于禁，徐晃，皆为校尉；许褚，典韦，皆为都尉；其余将士，各各封官。自此大权皆归于曹操。朝廷大务，先禀曹操，然后方奏天子。 || Chapter 23, P023-008: 帝览表，以付曹操。操遂使人召衡至。礼毕，操不命坐。祢衡仰天叹曰：「天地虽阔，何无一人也！」操曰：「吾手下有数十人，皆当世英雄，何谓无人？」衡曰：「愿闻。」操曰：「荀彧，荀攸，郭嘉，程昱，机深智远，虽萧何，陈平不及也。张辽[陈怡妏3]，许褚，乐进，李典，勇不可当，虽岑彭，马武不及也。吕虔，满宠，为从事；于禁，徐晃，为先锋。夏侯惇，天下奇才；曹子孝，世间福将。安得无人？」衡笑曰：「公言差矣。此等人物，吾尽识之：荀彧可使吊丧问疾，荀攸可使看坟守墓，程昱可使关门闭户，郭嘉可使白词念赋，张辽可使击鼓鸣金，许褚可使牧牛放马，乐进可使取状读诏，李典可使传书送檄，吕虔可使磨刀铸剑，满宠可使饮酒食糟，于禁可使负版筑墙，徐晃可使屠猪杀狗。夏侯惇称为『完体将军』，曹子孝呼为『要钱太守』。其余皆是衣架！饭囊！酒桶！肉袋耳！」操怒曰：「汝有何能？」衡曰：「天文地理，无一不通；三教九流，无一不晓；上可以致君为尧、舜，下可以配德于孔、颜。岂与俗子共论乎！」时止有张辽在侧，掣剑欲斩之。操曰：「吾正少一鼓吏；早晚朝贺宴享，可令祢衡充此职。」衡不推辞，应声而去。辽曰：「此人出言不逊，何不杀之？」操曰：「此人素有虚名，远近所闻。今日杀之，天下必谓我不能容物，彼自以为能，故令为鼓吏以辱之。」 || Chapter 27, P027-001: 却说曹操部下诸将中，自张辽而外，只有徐晃与云长交厚，其余亦皆敬服；独蔡阳不服关公，故今日闻其去，欲住追之。操曰：「不忘故主，来去明白，真丈夫也。汝等皆当效之。」遂叱退蔡阳，不令去赶。程昱曰：「丞相待关某甚厚，今彼不辞而去，乱言片楮，冒渎钧威，其罪大矣。若纵之使归袁绍，是与虎添翼也。不若追而杀之，以绝后患。」",same_body_paragraph
徐晃,荀攸,4,3,14;23;30,"Chapter 14, P014-022: 操自封为大将军武平侯，以荀彧为侍中尚书令；荀攸为军师；郭嘉为司马祭酒；刘晔为司空掾曹；毛玠，任峻为典农中郎将，催督钱粮；程昱为东平相，范成，董昭为洛阳令；满宠为许都令；夏侯惇，夏侯渊，曹仁，曹洪皆为将军；吕虔，李典，乐进，于禁，徐晃，皆为校尉；许褚，典韦，皆为都尉；其余将士，各各封官。自此大权皆归于曹操。朝廷大务，先禀曹操，然后方奏天子。 || Chapter 23, P023-008: 帝览表，以付曹操。操遂使人召衡至。礼毕，操不命坐。祢衡仰天叹曰：「天地虽阔，何无一人也！」操曰：「吾手下有数十人，皆当世英雄，何谓无人？」衡曰：「愿闻。」操曰：「荀彧，荀攸，郭嘉，程昱，机深智远，虽萧何，陈平不及也。张辽[陈怡妏3]，许褚，乐进，李典，勇不可当，虽岑彭，马武不及也。吕虔，满宠，为从事；于禁，徐晃，为先锋。夏侯惇，天下奇才；曹子孝，世间福将。安得无人？」衡笑曰：「公言差矣。此等人物，吾尽识之：荀彧可使吊丧问疾，荀攸可使看坟守墓，程昱可使关门闭户，郭嘉可使白词念赋，张辽可使击鼓鸣金，许褚可使牧牛放马，乐进可使取状读诏，李典可使传书送檄，吕虔可使磨刀铸剑，满宠可使饮酒食糟，于禁可使负版筑墙，徐晃可使屠猪杀狗。夏侯惇称为『完体将军』，曹子孝呼为『要钱太守』。其余皆是衣架！饭囊！酒桶！肉袋耳！」操怒曰：「汝有何能？」衡曰：「天文地理，无一不通；三教九流，无一不晓；上可以致君为尧、舜，下可以配德于孔、颜。岂与俗子共论乎！」时止有张辽在侧，掣剑欲斩之。操曰：「吾正少一鼓吏；早晚朝贺宴享，可令祢衡充此职。」衡不推辞，应声而去。辽曰：「此人出言不逊，何不杀之？」操曰：「此人素有虚名，远近所闻。今日杀之，天下必谓我不能容物，彼自以为能，故令为鼓吏以辱之。」 || Chapter 30, P030-010: 曹操得书大喜，令将士效力死守。绍军约退三十余里，操遣将出营巡哨。有徐晃部将史涣获得袁军细作，解见徐晃。晃问其军中虚实。答曰：「早晚大将韩猛运粮至军前接济，先令我等探路。」徐晃便将此事报知曹操。荀攸曰：「韩猛匹夫之勇耳。若遣一人引轻骑数千，从半路击之，断其粮草，绍军自乱。」操曰：「谁人可往？」攸曰：「即遣徐晃可也。」",same_body_paragraph
徐晃,诸葛亮,4,3,71;72;94,"Chapter 71, P071-027: 操正奔走间，忽刘封，孟达，率二枝兵，从米仓山路杀来，放火烧粮草。操弃了北山粮草，忙回南郑。徐晃，张郃，扎脚不住，亦弃本寨而走。赵云占了曹寨，黄忠了粮草，汉水所得军器无数，大获胜捷，差人去报玄德。玄德遂同孔明前至汉水，问赵云的部卒曰：「子龙如何厮杀﹖」军士将子龙救黄忠拒汉水之事，细述一遍。玄德大喜，看了山前山后险峻之路，欣然谓孔明曰：「子龙一身都是胆也！」后人有诗赞曰：昔日战长阪，威风犹未减。突阵显英雄，被围施勇敢。鬼哭与神号，天惊并地惨。常山赵子龙，一身都是胆！ || Chapter 72, P072-004: 却说徐晃逃回见操，说王平反去降刘备矣。操大怒，亲统大军来夺汉水寨栅。赵云恐孤军难立，遂退于汉水之西。两军隔水相拒。玄德与孔明来观形势。孔明见汉水上流头，有一带土山，可伏千余人；乃回到营中。唤赵云吩咐：「汝可引五百人，皆带鼓角，伏于土山之下；或半夜，或黄昏，只听我营中砲响，砲响一番，擂鼓一番，只不要出战。」 || Chapter 94, P094-011: 却说司马懿在宛城闲住，闻知魏兵累败于蜀，乃仰天长叹。懿长子司马师，字子元；次子司马昭，字子尚：二人素有大志，通晓兵书。当日侍立于侧，见懿长叹，乃问曰：「父亲何为长叹？」懿曰：「汝辈岂知大事耶？」司马师曰：「莫非叹魏主不用乎？」司马昭笑曰：「早晚必来宣召父亲也。」言未已，忽报天使持节至。懿听诏毕，遂调宛城诸路军马。忽又报金城太守申仪家人，有机密事求见。懿唤入密室问之。其人细说孟达欲反之事。更有孟达心腹人李辅并达外甥邓贤，随状出首。司马懿听毕，以手加额曰：「此乃皇上齐天之洪福也！诸葛亮兵在祁山，杀得内外人胆落；今天子不得已而幸长安，若旦夕不用吾时，孟达一举，两京破矣！此贼必通谋诸葛亮；吾先摛之，诸葛亮定然心寒，自退兵也。」长子司马师曰：「父亲可急写表申奏天子。」懿曰：「若等圣旨，往复一月之间，事无及矣。」即传令教人马起程，一日要行两日之路，如迟立斩；一面令参军梁畿赍檄星夜去新城，教孟达等准备进征，使其不疑。梁畿先行，懿在后发兵。行了二日，山坡下转出一军，乃是右将军徐晃，晃下马见懿，说：「天子驾到长安，亲拒蜀兵，今都督何往？」懿低言曰：「今孟达造反，吾去擒之耳。」晃曰：「某愿为先锋。」懿大喜，合兵一处。徐晃为前部，懿在中军，二子押后。又行了二日，前军哨马捉住孟达心腹人，搜出孔明回书，来见司马懿。懿曰：「吾不杀汝。汝从头细说。」其人只得将孔明、孟达往复之事，一一告说。懿看了孔明回书，大惊曰：「世间能者所见皆同。吾机先被孔明识破。幸得天子有福，获此消息。孟达今无能为矣。」遂星夜催军前行。",same_body_paragraph
徐晃,贾诩,4,3,30;59;67,"Chapter 30, P030-020: 次日，操自选马步军士五千，准备往乌巢劫粮。张辽曰：「袁绍屯粮之所，安得无备？丞相未可轻往。恐许攸有诈。」操曰：「不然。许攸此来，天败袁绍。今吾军粮不给，难以久持；若不用许攸之计，是坐而待困也。彼若有诈，安肯留我寨中？且吾亦欲劫寨久矣。今劫粮之举，计在必行，君请勿疑。」辽曰：「亦须防袁绍乘虚来袭。」操笑曰：「吾已筹之熟矣。」便教荀攸、贾诩、曹洪同许攸守大寨，夏侯惇、夏侯渊领一军伏于左，曹仁、李典领一军伏于右，以备不虞。教张辽、许褚在前，徐晃、于禁在后，操自引诸将居中，共五千人马，打著袁军旗号，军士皆束草负薪，人衔枚，马勒口，黄昏时分，望乌巢进发。是夜星光满天。 || Chapter 59, P059-010: 超犹豫未决。杨秋，侯选，皆劝求和。于是韩遂遣杨秋为使，直往操寨下书，言割地请和之事。操曰：「汝且回寨。吾来日使人回报。」杨秋辞去。贾诩入见操曰：「丞相主意如何？」操曰：「公所见若何？」诩曰：「兵不厌诈。可伪许之，然后用反间计，令韩，马相疑，则一鼓可破也。」操抚掌大喜曰：「天下高见，多有相合。文和之谋，正吾心中之事也。」于是遣人回书，言：「待我徐徐退兵，还汝河西之地。」一面教搭起浮桥，作退军之意。马超得书，谓韩遂曰：「曹操虽然许和，奸雄难测。倘不准备，反受其制。超与叔父轮流调兵，今日叔向操，超向徐晃；明日超向操，叔向徐晃；分头隄备，以防其诈。」 || Chapter 67, P067-004: 言未已，背后一声喊起，箭如雨发。杨昂，杨任分两路杀来。操大惊。许褚大呼曰：「吾当敌贼！徐公明善保主公！」说罢，提刀纵马向前，力敌二将。杨昂，杨任不能当许褚之勇，回马退去，其余不敢向前。徐晃保著曹操奔过山坡，前面又一军到；看时，却是夏侯渊，张郃二将，听得喊声，故引军杀来接应。于是杀退杨昂，杨任，救得曹操回寨。操重赏四将。自此两边相拒，五十余日，只不交战。曹操传令退军。贾诩曰：「贼势未见强弱，主公何故自退耶﹖」操曰：「吾料贼兵每日提备，急难取胜。吾以退军为名，使贼懈而无备，然后分轻骑抄袭其后，必胜贼矣。」贾诩曰：「丞相神机，不可测也。」",same_body_paragraph
曹丕,曹叡,4,3,91;94;106,"Chapter 91, P091-008: 却说魏主曹丕在位七年，即蜀汉建兴四年也。丕先纳夫人甄氏，即袁绍次子袁熙之妇，前破邺城时所得。后生一子，名叡，字元仲，自幼聪明，丕甚爱之。后丕又纳安平广宗人郭永之女为贵妃，甚有颜色﹔其父尝曰：「吾女乃女中之王也。」故号为「女王」。自丕纳为贵妃，因甄夫人失宠，郭贵妃欲谋为后，却与幸臣张韬商议。时丕有疾，韬乃诈称于甄夫人宫中掘得桐木偶人，上书天子年月日时，为压镇之事。丕大怒，遂将甄夫人赐死，立郭贵妃为皇后。因无出，养曹叡为己子。虽甚爱之，不立为嗣。 || Chapter 91, P091-012: 早有细作飞报入川。孔明大惊曰：「曹丕已死，孺子曹叡即位，余皆不足虑，司马懿深有谋略，今督雍、凉兵马，倘训练成时，深为蜀中之大患。不如先起兵伐之。」参军马谡曰：「今丞相平南方回，军马疲敝，只宜存恤，岂可复远征？某有一计，使司马懿自死于曹叡之手，未知丞相钧意允否？」 || Chapter 94, P094-007: 却说孔明自出师以来，累获全胜，心中甚喜；正在祁山寨中，会聚议事，忽报镇守永安宫李严令子李丰来见。孔明只道东吴犯境，心甚惊疑，唤入帐中问之。丰曰：「特来报喜。」孔明曰：「有何喜？」丰曰：「昔日孟达降魏，乃不得已也。彼时曹丕爱其才，时以骏马金珠赐之，曾同辇出入，封为散骑常侍，领新城太守，镇守上庸、金城等处，委以西南之任。自丕死后，曹叡即位，朝中多人嫉（左女右石），孟达日夜不安，常谓诸将曰：『吾本蜀将，势逼于此。』今累差心腹人，持书来见家父，教早晚代禀丞相：前者五路下川之时，曾有此意；今在新城，听知丞相伐魏，欲起金城、新城、上庸三处军马，就彼举事，迳取洛阳；丞相取长安，两京大定矣。今某引来人并累次书信呈上。」孔明大喜，厚赏李丰等。忽细作入报说：「魏主曹叡，一面驾幸长安；一面诏司马懿复职，加为平西都督，起本处之兵，于长安聚会。」孔明大惊。参军马谡曰：「量曹叡何足道！若来长安，可就而擒之。丞相何故惊讶？」孔明曰：「吾岂惧曹叡耶？所患者惟司马懿一人而已。今孟达欲举大事，若遇司马懿，事必败矣。达非司马懿对手，必被所擒。孟达若死，中原不易得也。」马谡曰：「何不急修书，令孟达隄防？」孔明从之，即修书令来人星夜回报孟达。",same_body_paragraph
曹丕,诸葛瑾,4,2,81;82,"Chapter 81, P081-024: 却说范疆、张达将张飞首级，投献吴侯，细告前事。孙权听罢，收了二人，乃谓百官曰：「今刘玄德即了帝位，统精兵七十余万，御驾亲征，其势甚急，大如之奈何？」百官尽皆失色，面面相觑。诸葛瑾出曰：「某食君侯之禄久矣；无可报效，愿舍残生，去见蜀主，以利害说之，使两国相和，共讨曹丕之罪。」权大喜，即遣诸葛瑾为使，来说先主罢兵。正是：两国相争通使命，一言解难赖行人。未知诸葛瑾此去如何，且看下文分解。 || Chapter 82, P082-002: 先主从之，召谨入城。谨拜伏于地。先主问曰：「子瑜远来，有何事故？」谨曰：「臣弟久事陛下，臣故不避，斧𫓰，特来奏荆州之事。前者，关公在荆州时，侯数次求亲，关公不允。后关公取襄阳，曹操屡次致书吴侯，使袭荆州；吴侯本不肯许，因吕蒙与关公不睦，故擅自兴兵，误成大事。今吴侯悔之不及。此乃吕蒙之罪，非吴侯之过也。今吕蒙已死，冤雠已息。孙夫人一向思归。今吴侯令臣为使，愿送归夫人，缚还降将，并将荆州仍旧交还，永结盟好，共灭曹丕，以正篡逆之罪。」 || Chapter 82, P082-003: 先主怒曰：「汝东吴害了朕弟，今日敢以巧言来说乎！」谨曰：「臣请以轻重大小之事，与陛下论之。陛下乃汉朝皇叔，今汉帝已被曹丕篡夺，不思剿除，却为异姓之亲，而屈万乘之尊，是舍大义而就小义也。中原乃海内之地，两都皆大汉创业之方，陛下不取，而但争荆州，是弃重而取轻也。天下皆知陛下即位，必兴汉室，恢复山河；今陛下置魏不问，反欲伐吴，窃为陛下不取。」先主大怒曰：「杀吾弟之雠，不共戴天！欲朕罢兵，除死方休！不看丞相之面，先斩汝首！今且放汝回去，说与孙权，洗颈就戮！」诸葛瑾见先主不听，只得自回江南。",same_body_paragraph
曹操,管辂,4,2,69;71,"Chapter 69, P069-002: 曹操染病，服药无愈。适太史丞许芝，自许昌来见操。操令芝卜易。芝曰：「大王曾闻神卜管辂否﹖」操曰：「颇闲其名，未知其术。汝可详言之。」 || Chapter 69, P069-025: 时王必已被箭疮发而死，操命厚葬之。令曹休总督御林军马，钟繇为相国，华歆为御史大夫。遂定侯爵六等十八级，关西侯爵十七级，皆金印紫绶。又置关内外侯十六级，银印龟组墨绶；五大夫十五级，铜印镮组绶。定爵封官，朝廷又换一班人物。曹操方悟管辂火灾之说，遂重赏辂。辂不受。 || Chapter 71, P071-016: 郃大惊，遂与杜袭引败兵到汉水扎营；一面令人飞报曹操。操闻渊死，放声大哭，方悟管辂所言：「三八纵横，」乃建安二十四年也；「黄猪遇虎，」乃岁在己亥正月也；「定军之南，」乃定军山之南也；「伤折一股，」乃渊与操有兄弟之亲情也。",same_body_paragraph
曹真,陆逊,4,3,84;85;98,"Chapter 84, P084-031: 陆逊回寨叹曰：「孔明真『卧龙』也！吾不能及！」于是下令班师。左右曰：「刘备兵败势穷，困守一城，正好乘势击之；今见石阵而退，何也？」逊曰：「吾非惧石阵而退？吾料魏主曹丕，其奸诈与父无异，今知吾追赶蜀兵，必乘虚来袭。吾若深入西川，急难退矣。」遂令一将断后，逊率大军而回。退兵未及二日，三处人来飞报：「魏兵曹仁出濡须，曹休出洞口，曹真出南郡：三路兵马数十万，星夜至境，未知何意。」逊笑曰：「不出吾之所料。吾已令兵拒之矣。」正是：雄心方欲吞西蜀，胜算还须御北朝。未知如何退兵，且看下文分解。 || Chapter 85, P085-009: 正议之间，忽探马报：「曹真、夏侯尚围了南郡，被陆逊伏兵于内，诸葛瑾伏兵于外，内外夹攻，因此大败。」言未毕，忽探马又报：「曹休亦被吕范杀败。」丕听知三路兵败，乃喟然叹曰：「朕不听贾诩、刘晔之言，果有此败！」时值夏天，大疫流行，马步军十死六七，遂引军回洛阳。吴、魏自此不和。 || Chapter 98, P098-001: 却说司马懿奏曰：「臣尝奏陛下，言孔明必出陈仓，故以郝昭守之。今果然矣。彼若从陈仓入寇运粮甚便。今幸有郝昭、王双把守，不敢从此路运粮，其余小道，搬运艰难。臣算蜀兵行粮止有一月，利在急战。我军只宜久守。陛下可降诏，令曹真坚守诸路关隘，不要出战。不须一月，蜀兵自退。那时乘虚击之。诸葛亮可擒也。」叡欣然曰：「卿既有先见之明，何不自引一军以袭之？」懿曰：「臣非惜身重命，实欲存下此兵，以防东吴陆逊耳。孙权不久必僭号称尊，如称尊号，恐陛下伐之，定先入寇也。臣故欲以兵待之。」",same_body_paragraph
王允,袁绍,4,3,3;4;120,"Chapter 3, P003-012: 却说闵贡赶上段珪拏住，问天子何在。珪言已在半路相失，不知何往。贡遂杀段珪，悬头于马项下，分兵四散寻觅；自己却独乘一马，随路追寻。偶至崔毅庄，毅见首级，问之，贡说详细。崔毅引贡见帝，君臣痛哭。贡曰：「国不可一日无君，请陛下还都。」崔毅庄上只有瘦马一匹，备与帝乘。贡与陈留王共乘一马。离庄而行，不到三里，司徒王允，太尉杨彪，左军校尉淳于琼，右军校尉赵萌，后军校尉鲍信，中军校尉袁绍，一行人众，数百人马，接著车驾，君臣皆哭。先使人将段珪首级往京师号令。另换好马与帝及陈留王骑坐，簇帝还京。先是洛阳小儿谣曰：「帝非帝，王非王，千乘万骑走北邙。」至此果应其谶。 || Chapter 3, P003-014: 是日还宫，见何太后，俱各痛哭。检点宫中，不见了传国玉玺。董卓屯兵城外，每日带铁甲马军入城，横行街市，百姓惶惶不安。卓出入宫庭，略无忌惮。后军校尉鲍信，来见袁绍，言董卓必有异心，可速除之。绍曰：「朝廷新定，未可轻动。」鲍信见王允，亦言其事。允曰：「且容商议。」信自引本部军兵，投泰山去了。 || Chapter 4, P004-015: 董卓自此出入常带甲士护卫。时袁绍在渤海，闻知董卓弄权，乃差人赍密书来见王允。书略曰：卓贼欺天废主，人不忍言；而公恣其跋扈，如不听闻，岂报国效忠之臣哉？绍今集兵练卒，欲扫清王室，未敢轻动。公若有心，当乘间图之。若有驱使，即当奉命。",same_body_paragraph
祢衡,荀彧,4,1,23,"Chapter 23, P023-008: 帝览表，以付曹操。操遂使人召衡至。礼毕，操不命坐。祢衡仰天叹曰：「天地虽阔，何无一人也！」操曰：「吾手下有数十人，皆当世英雄，何谓无人？」衡曰：「愿闻。」操曰：「荀彧，荀攸，郭嘉，程昱，机深智远，虽萧何，陈平不及也。张辽[陈怡妏3]，许褚，乐进，李典，勇不可当，虽岑彭，马武不及也。吕虔，满宠，为从事；于禁，徐晃，为先锋。夏侯惇，天下奇才；曹子孝，世间福将。安得无人？」衡笑曰：「公言差矣。此等人物，吾尽识之：荀彧可使吊丧问疾，荀攸可使看坟守墓，程昱可使关门闭户，郭嘉可使白词念赋，张辽可使击鼓鸣金，许褚可使牧牛放马，乐进可使取状读诏，李典可使传书送檄，吕虔可使磨刀铸剑，满宠可使饮酒食糟，于禁可使负版筑墙，徐晃可使屠猪杀狗。夏侯惇称为『完体将军』，曹子孝呼为『要钱太守』。其余皆是衣架！饭囊！酒桶！肉袋耳！」操怒曰：「汝有何能？」衡曰：「天文地理，无一不通；三教九流，无一不晓；上可以致君为尧、舜，下可以配德于孔、颜。岂与俗子共论乎！」时止有张辽在侧，掣剑欲斩之。操曰：「吾正少一鼓吏；早晚朝贺宴享，可令祢衡充此职。」衡不推辞，应声而去。辽曰：「此人出言不逊，何不杀之？」操曰：「此人素有虚名，远近所闻。今日杀之，天下必谓我不能容物，彼自以为能，故令为鼓吏以辱之。」 || Chapter 23, P023-011: 时孔融在坐，恐操杀衡，乃从容进曰：「祢衡罪同胥靡，不足发明王之梦。」操指衡而言曰：「令汝往荆州为使。如刘表来降，便用汝作公卿。」衡不肯往。操备马三匹，令二人扶挟而行；却教手下文武，整酒于东门外送之。荀彧曰：「如祢衡来，不可起身。」衡至。下马入见，众皆端坐。衡放声大哭。荀彧问曰：「何为而哭？」衡曰：「行于死柩之中，如何不哭？」众皆曰：「吾等是死尸，汝乃无头狂鬼耳！」衡曰：「吾乃汉朝之臣，不作曹瞒之党，安得无头？」众欲杀之。苟彧急止之曰：「量鼠雀之辈，何足污刀！」衡曰：「吾乃鼠雀，尚有人性；汝等只可谓之蜾虫！」众恨而散。 || Chapter 23, P023-014: 嵩辞表，到许都见操。操遂拜嵩为侍中，领零陵太守。荀彧曰：「韩嵩来观动静，未有微功，重加此职。祢衡又无音耗，丞相遣而不问，何也？」操曰：「祢衡辱吾太甚，故借刘表手杀之，何必再问？」遂遣韩嵩回荆州说刘表。嵩回见表，称颂朝廷盛德，劝表遣子入侍。表大怒曰：「汝怀二心耶！」欲斩之。嵩大叫曰：「将军负嵩，嵩不负将军！」蒯良曰：「嵩未去之前，先有此言矣。」刘表遂赦之。",same_body_paragraph
荀彧,许攸,4,2,22;30,"Chapter 22, P022-020: 孔融闻之，来见操曰：「袁绍势大，不可与战，只可与和。」荀彧曰：「袁绍无用之人，何必议和？」融曰：「袁绍土广民强。其部下如许攸，郭图，审配，逢纪，皆智谋之士；田丰，沮授，皆忠臣也；颜良，文丑，勇冠三军；其余高览，张郃，淳于琼，等俱世之名将，──何谓绍为无用之人乎？」彧笑曰：「绍兵多而不整；田丰刚而犯上，许攸贪而不智，审配专而无谋，逢纪果而无用，此四人者，势不相容，必生内变。颜良，文丑，匹夫之勇，一战可擒。其余碌碌等辈，纵有百万，何足道哉！」 || Chapter 22, P022-021: 孔融默然。操大笑曰：「皆不出荀文若之料。」遂唤前军刘岱、后军王忠引军五万，打著丞相旗号，去徐州攻刘备。原来刘岱旧为衮州刺史；及操取衮州，岱降于操，操用为偏将，故今差他与王忠一同领兵。操却自引大军二十万，进黎阳，拒袁绍。程昱曰：「恐刘岱、王忠不称其使。」操曰：「吾亦知非刘备敌手，权且虚张声势。」分付：「不可轻进。待我破绍，再勒兵破备。」刘岱、王忠领兵去了。曹操自引兵至黎阳。两军隔八十里，各自深沟高垒，相持不战。自八月守至十月。原来许攸不乐审配领兵，沮授又恨绍不用其谋，各不相和，不图进取。袁绍心怀疑惑，不思进兵。操乃唤吕布手下降将臧霸把守青、徐；于禁、李典屯兵河上；曹仁总督大军，屯于官渡。操自引一军，竟回许都。 || Chapter 30, P030-014: 且说曹操军粮告竭，急发使往许昌教荀彧作速措办粮草，星夜解赴军前接济。使者赍书而往；行不上三十里，被袁军捉住，缚见谋士许攸。那许攸字子远，少时曾与曹操为友，此时却在袁绍处为谋士。当下搜得使者所赍曹操催粮书信，迳来见绍曰：「曹操屯军官渡，与我相持已久，许昌必空虚；若分一军星夜掩袭许昌，则许昌可拔，而曹操可擒也。今操粮草已尽，正可乘此机会，两路击之。」绍曰：「曹操诡计极多，此书乃诱敌之计也。」攸曰：「今若不取，后将反受其害。」",same_body_paragraph
蔡瑁,袁绍,4,3,6;7;31,"Chapter 6, P006-019: 却说荆州刺史刘表，字景升，山阳高平人也：乃汉室宗亲；幼好结纳，与名士七人为友，时号「江夏八俊」。那七人：一一汝南陈翔，字仲麟；同郡范滂，字孟博；鲁国孔昱，字世元；渤海范康，字仲真；山阳檀敷，字文友；同郡张俭，字元节；南阳岑晊，字公孝。刘表与此七人为友；有延平人蒯良、蒯越，襄阳人蔡瑁为辅。当时看了袁绍书，随令蒯越、蔡瑁引兵一万来截孙坚。 || Chapter 6, P006-020: 坚军方到，蒯越将阵摆开，当先出马。孙坚问曰：「蒯英度何故引兵截吾去路？」越曰：「汝既为汉臣，如何私匿传国之宝？可速留下，放汝归去！」坚大怒，命黄盖出战。蔡瑁舞刀来迎。斗到数合，黄盖挥鞭打瑁，正中护心镜。瑁拨回马走，孙坚乘势杀过界口。山背后金鼓齐鸣，乃刘表亲自引军来到。孙坚就马上施礼曰：「景升何故信袁绍之书，相逼邻郡！」表曰：「汝匿传国玺，将欲反耶？」坚曰：「吾若有此物，死于刀箭之下！」表曰：「汝若要我听信，将随军行李，任我搜看。」坚怒曰：「汝有何力，敢小觑我！」方欲交兵，刘表便退。坚纵马赶去，两山后伏兵齐起，背后蒯越、蔡瑁赶来，将孙坚困在垓心。正是：玉玺得来无用处，反因此宝动刀兵。毕竟孙坚怎地脱身，且听下文分解。 || Chapter 7, P007-022: 黄祖聚败军，来见刘表，备言坚势不可当。表慌请蒯良商议。良曰：「目今新败，兵无战心；只可深沟高垒，以避其锋；却潜令人求救于袁绍，此围自可解也。」蔡瑁曰：「子柔之言，直拙计也。兵临城下，将至河边，岂可束手待毙？某虽不才，愿请军出城，以决一战。」刘表许之。",same_body_paragraph
袁绍,鲁肃,4,3,29;43;44,"Chapter 29, P029-030: 权闻言大喜，披衣起谢；次日厚赠鲁肃，并将衣服帏帐等物，赐肃之母。肃又荐一人见孙权，此人博学多才，事母至孝。覆姓诸葛，名瑾，字子瑜，瑯琊南阳人也。权拜之为上宾。瑾劝权勿通袁绍，且顺曹操，然后乘便图之。权依言，乃遗陈震回，以书绝袁绍。 || Chapter 43, P043-005: 权叹曰：「诸人议论，大失孤望。子敬开说大计，正与吾见相同。此天以子敬赐我也！但操新得袁绍之众，近又得荆州之兵，恐势大难以抵敌。」肃曰：「肃至江夏，引诸葛瑾之弟诸葛亮在此，主公可问之，便知虚实。」权曰：「卧龙先生在此乎？」肃曰：「现在馆驿中安歇。」权曰：「今日天晚，且未相见。来日聚文武于帐下，先教见我江东英俊，然后升堂议事。」 || Chapter 43, P043-020: 献茶已毕，孙权曰：「多闻鲁子敬谈足下之才，今幸得相见，敢求教益。」孔明曰：「不才无学，有辱明问。」权曰：「足下近在新野，佐刘豫州与曹操决战，必深知彼军虚实。」孔明曰：「刘豫州兵微将寡，更兼新野城小无粮，安能与曹操相持？」权曰：「曹兵共有多少？」孔明曰：「马步水军，约有一百余万。」权曰：「莫非诈乎？」孔明曰：「非诈也。曹操就兖州已有青州军二十万；平了袁绍，又得五六十万；中原新招之兵三四十万；今又得荆州之军二三十万：以此计之，不下一百五十万。亮以百万言之，恐惊江东之士也。」",same_body_paragraph
袁绍,黄盖,4,2,5;6,"Chapter 5, P005-015: 华雄军于下遥月见赤帻，四面围定，不敢近前。用箭射之，方知是计，遂向前取了赤帻。祖茂于林后杀出，挥双刀欲劈华雄；雄大喝一声，将祖茂一刀砍于马下。杀至天明，雄方引兵上关。程普，黄盖，韩当都来寻见孙坚，再收拾军马屯扎。坚为折了祖茂，伤感不已，星夜遣人报知袁绍。绍大惊曰：「不想孙文台败于华雄之手！」便聚众诸侯商议。众人都到，只有公孙瓒后至，绍请入帐列坐。绍曰：「前日鲍将军之弟不遵调遣，擅自进兵，杀身丧命，折了许多军士。今者孙文台又败于华雄：挫动锐气，为之奈何？」诸侯并皆不语。 || Chapter 6, P006-001: 却说张飞拍马赶到关下，关上矢石如雨，不得进而回。八路诸侯，同请玄德、关、张贺功，使人去袁绍寨中报捷。绍遂移檄孙坚，令其进兵。坚引程普，黄盖，至袁术寨中相见。坚以杖画地曰：「董卓与我，本无雠隙。今我奋不顾身，亲冒矢石，来决死战者：上为国家讨贼，下为将军家门之私；而将军却听谗言，不发粮草，致坚败绩，将军何安！」 || Chapter 6, P006-016: 谁想数中一军，是袁绍乡人，欲假此为进身之计，连夜偷出营寨，来报袁绍。绍与之赏赐，暗留军中。次日，孙坚来辞袁绍曰：「坚抱小疾，欲归长沙，特来别公。」绍笑曰：「吾知公疾乃害传国玺耳。」坚失色曰：「此言何来？」绍曰：「今兴民讨贼，为国除害。玉玺乃朝廷之宝，公既获得，当对众留盟主处，候诛了董卓，复归朝廷。今匿之而去，意欲何为？」坚曰：「玉玺何由在吾处？」绍曰：「建章殿井中之物何在？」坚曰：「吾本无之，何强相逼？」绍曰：「作速取出，免自生祸。」坚指天为誓曰：「吾若果得此宝，私自藏匿，异日不得善终，死于刀箭之下！」众诸侯曰：「文台如此说誓，想必无之。」绍唤军士出曰：「打捞之时，有此人否？」坚大怒，拔所佩之剑，要斩那军士。绍亦拔剑曰：「汝斩军士，乃欺我也。」绍背后颜良、文丑皆拔剑出鞘。坚背后程普，黄盖，韩当，亦掣刀在手。众诸侯一齐劝住。坚随即上马，拔寨离洛阳而去。绍大怒，遂写书一封，差心腹人连夜往荆州，送与刺史刘表，教就路上截住夺之。",same_body_paragraph
许褚,贾诩,4,3,30;66;67,"Chapter 30, P030-020: 次日，操自选马步军士五千，准备往乌巢劫粮。张辽曰：「袁绍屯粮之所，安得无备？丞相未可轻往。恐许攸有诈。」操曰：「不然。许攸此来，天败袁绍。今吾军粮不给，难以久持；若不用许攸之计，是坐而待困也。彼若有诈，安肯留我寨中？且吾亦欲劫寨久矣。今劫粮之举，计在必行，君请勿疑。」辽曰：「亦须防袁绍乘虚来袭。」操笑曰：「吾已筹之熟矣。」便教荀攸、贾诩、曹洪同许攸守大寨，夏侯惇、夏侯渊领一军伏于左，曹仁、李典领一军伏于右，以备不虞。教张辽、许褚在前，徐晃、于禁在后，操自引诸将居中，共五千人马，打著袁军旗号，军士皆束草负薪，人衔枚，马勒口，黄昏时分，望乌巢进发。是夜星光满天。 || Chapter 66, P066-032: 此时曹操威势日甚，会大臣商议收吴灭蜀之事。贾诩曰：「须召夏侯惇，曹仁二人回，商议此事。」操即时发使，星夜唤回。夏侯惇未至，曹仁先到，连夜便入府中见操。操方被酒而卧，许褚仗剑立于堂门之内。曹仁欲入，被许褚当住。曹仁大怒曰：「吾乃曹氏宗族，汝何敢阻当耶﹖」许褚曰：「将军虽亲，乃外藩镇守之官；许褚虽疏，现充内侍。主公醉卧堂上，不敢放入。」曹操闻之，叹曰：「许褚真忠臣也！」 || Chapter 67, P067-004: 言未已，背后一声喊起，箭如雨发。杨昂，杨任分两路杀来。操大惊。许褚大呼曰：「吾当敌贼！徐公明善保主公！」说罢，提刀纵马向前，力敌二将。杨昂，杨任不能当许褚之勇，回马退去，其余不敢向前。徐晃保著曹操奔过山坡，前面又一军到；看时，却是夏侯渊，张郃二将，听得喊声，故引军杀来接应。于是杀退杨昂，杨任，救得曹操回寨。操重赏四将。自此两边相拒，五十余日，只不交战。曹操传令退军。贾诩曰：「贼势未见强弱，主公何故自退耶﹖」操曰：「吾料贼兵每日提备，急难取胜。吾以退军为名，使贼懈而无备，然后分轻骑抄袭其后，必胜贼矣。」贾诩曰：「丞相神机，不可测也。」",same_body_paragraph
许褚,郭嘉,4,3,14;21;23,"Chapter 14, P014-022: 操自封为大将军武平侯，以荀彧为侍中尚书令；荀攸为军师；郭嘉为司马祭酒；刘晔为司空掾曹；毛玠，任峻为典农中郎将，催督钱粮；程昱为东平相，范成，董昭为洛阳令；满宠为许都令；夏侯惇，夏侯渊，曹仁，曹洪皆为将军；吕虔，李典，乐进，于禁，徐晃，皆为校尉；许褚，典韦，皆为都尉；其余将士，各各封官。自此大权皆归于曹操。朝廷大务，先禀曹操，然后方奏天子。 || Chapter 21, P021-016: 次日，玄德面奏献帝。操令玄德总督五万人马，又差朱灵、路昭二人同行。玄德辞帝，帝泣送之。玄德到寓，星夜收拾军军器鞍马，挂了将军印，催促便行。董承赶出十里长亭来送。玄德曰：「国舅忍耐，某次行必有以报命。」承曰：「公宜留意，勿负帝心。」二人分别。关，张在马上问曰：「兄今番出征，何故如此慌速？」玄德曰：「吾乃笼中鸟，网中鱼。此一行如鱼入大海，鸟上青霁，不受笼网之羁绊也。」因命关，张催朱灵，路昭，军马速行。时郭嘉，程昱，考较钱粮方回，知曹操已遣玄德进兵徐州，慌入谏曰：「丞相何故令刘备督军？」操曰：「欲截袁术耳。」程昱曰：「昔刘备为豫州牧时，某等请杀之，丞相不听；今日又与之兵，此放龙入海，纵虎归山也。后欲治之，其可得乎？」郭嘉曰：「丞相纵不杀备，亦不当使之去。古人云：『一日纵敌，万世之患。』望丞相察之。」操然其言，遂令许褚将兵五百前往，务要追玄德转来。许褚应诺而去。 || Chapter 21, P021-017: 却说玄德正行之间，只见后面尘头骤起，谓关，张曰：「此必曹兵追至也。」遂下了营寨，令关，张各执军器，立于两边。许褚至，见严兵整甲，乃下马入营见玄德。玄德曰：「公来此何干？」褚曰：「奉丞相命，特请将军回去，别有商议。」玄德曰：「『将在外，君命有所不受。』吾面过君，又蒙丞相钧语，今别无他议，公可速回，为我禀复丞相。」许褚寻思：「丞相与他一向交好，今番又不曾教我来厮杀，只得将他言语回复，另候裁夺便了。」遂辞了玄德领兵而回；回见曹操，备述玄德之言。操犹豫未决。程昱，郭嘉曰：「备不肯回兵，可知心变。」操曰：「我有朱灵，路昭，二人在彼，料玄德未敢心变。况我既遣之，何可复悔？」遂不复追玄德。后人有诗赞玄德曰：",same_body_paragraph
贾诩,马腾,4,2,10;78,"Chapter 10, P010-004: 当下李傕，郭汜，张济，樊稠闻二军将至，一同商议御敌之策。谋士贾诩曰：「二军远来，只宜深沟高垒，坚守以拒之。不过百日，彼兵粮尽，必将自退，然后引兵追之，二将可擒矣。」李蒙、王方出曰：「此非好计。愿借精兵万人，立斩马腾、韩遂之头，献于麾下。」贾诩曰：「今若即战，必当败绩。」李蒙、王方齐声曰：「若吾二人败，情愿斩首；吾若战胜，公亦当输首级与我。」诩谓李傕、郭汜曰：「长安西二百里盩厔山，其路险崚，可使张、樊两将军屯兵于此，坚壁守之；待李蒙、王方自引兵迎敌，可也。」李傕、郭汜从其言，点一万五千人马与李蒙、王方。二人忻喜而去，离长安二百八十里下寨。西凉兵到，两个引军迎去。西凉军马拦路摆开阵势。马腾、韩遂联辔而出，指李蒙、王方骂曰：「反国之贼！谁去擒之？」 || Chapter 10, P010-007: 李傕、郭汜听知李蒙、王方皆被马超杀了，方信贾诩有先见之明，重用其计，只理会紧守关防，由他搦战，并不出迎。果然西凉军未及两月，粮草俱乏，商议回军。恰好长安城中马宇家僮出首家主与刘范、种邵，外连马腾、韩遂，欲为内应等情。李傕、郭汜大怒，尽收三家少良贱斩于市，把三颗首级，直来门前号令。 || Chapter 10, P010-008: 马腾、韩遂见军粮已尽，内应又泄，只得拔寨退军。李傕、郭汜令张济引军赶马腾，樊稠引军赶韩遂，西凉军大败。马超在后死战，杀退张济。樊稠去赶韩遂，看看赶上，相近陈仓，韩遂勒马向樊稠曰：「吾与公乃同乡之人，今日何太无情？」樊稠也勒住马答道：「上命不可违！」韩遂曰：「吾此来亦为国家耳，公何相逼之甚也？」樊稠听罢，拨转马头，收兵回寨，让韩遂去了。不隄防李傕之姪李别，见樊稠放走韩遂，回报其叔。李傕大怒，便欲兴兵讨樊稠。贾诩曰：「目今人心未宁，频动干戈，深为不便；不若设一宴，请张济、樊稠庆功，就席间擒稠斩之，毫不费力。」",same_body_paragraph
贾诩,马超,4,2,10;59,"Chapter 10, P010-007: 李傕、郭汜听知李蒙、王方皆被马超杀了，方信贾诩有先见之明，重用其计，只理会紧守关防，由他搦战，并不出迎。果然西凉军未及两月，粮草俱乏，商议回军。恰好长安城中马宇家僮出首家主与刘范、种邵，外连马腾、韩遂，欲为内应等情。李傕、郭汜大怒，尽收三家少良贱斩于市，把三颗首级，直来门前号令。 || Chapter 10, P010-008: 马腾、韩遂见军粮已尽，内应又泄，只得拔寨退军。李傕、郭汜令张济引军赶马腾，樊稠引军赶韩遂，西凉军大败。马超在后死战，杀退张济。樊稠去赶韩遂，看看赶上，相近陈仓，韩遂勒马向樊稠曰：「吾与公乃同乡之人，今日何太无情？」樊稠也勒住马答道：「上命不可违！」韩遂曰：「吾此来亦为国家耳，公何相逼之甚也？」樊稠听罢，拨转马头，收兵回寨，让韩遂去了。不隄防李傕之姪李别，见樊稠放走韩遂，回报其叔。李傕大怒，便欲兴兵讨樊稠。贾诩曰：「目今人心未宁，频动干戈，深为不便；不若设一宴，请张济、樊稠庆功，就席间擒稠斩之，毫不费力。」 || Chapter 59, P059-010: 超犹豫未决。杨秋，侯选，皆劝求和。于是韩遂遣杨秋为使，直往操寨下书，言割地请和之事。操曰：「汝且回寨。吾来日使人回报。」杨秋辞去。贾诩入见操曰：「丞相主意如何？」操曰：「公所见若何？」诩曰：「兵不厌诈。可伪许之，然后用反间计，令韩，马相疑，则一鼓可破也。」操抚掌大喜曰：「天下高见，多有相合。文和之谋，正吾心中之事也。」于是遣人回书，言：「待我徐徐退兵，还汝河西之地。」一面教搭起浮桥，作退军之意。马超得书，谓韩遂曰：「曹操虽然许和，奸雄难测。倘不准备，反受其制。超与叔父轮流调兵，今日叔向操，超向徐晃；明日超向操，叔向徐晃；分头隄备，以防其诈。」",same_body_paragraph
赵云,郭淮,4,3,93;94;95,"Chapter 93, P093-013: 却说孔明归帐，先唤赵云、魏延听令。孔明曰：「汝二人各引本部军去劫魏寨。」魏延进曰：「曹真深明兵法，必料我乘丧劫寨。他岂不隄防？」孔明笑曰：「吾正欲曹真知吾去劫寨也。彼必伏兵在祁山之后，待我兵过去，却来袭我寨；吾故令汝二人，引兵前去，过山脚后路，远下营寨，待魏兵来劫吾寨。汝看火起为号，分兵两路；文长拒住山口，子龙引兵杀回，必遇魏兵，却放彼走回，汝乘势攻之，彼必自相掩杀：可获全胜。」二将引兵受计而去。又唤关兴、张苞分付曰：「汝二人各引一军，伏于祁山要路；放过魏兵，却从魏兵来路，杀奔魏寨而去。」二人引兵受计去了。又令马岱、王平、张翼、张嶷四将，伏于寨外，四面迎击魏兵。孔明乃虚立寨栅，居中堆起柴草，以备火号；自引诸将退于寨后，以观动静。却说魏先锋曹遵、朱赞黄昏离寨，迤逦前进。二更左侧，遥望山前隐隐有兵行动。曹遵自思曰：「郭都督真神机妙算！」遂催兵急进。到蜀寨时，将及三更。曹遵先杀入寨，却是空寨，并无一人，料知中计，急撤军回，寨中火起。朱赞兵到，自相掩杀，人马大乱。曹遵与朱赞交马，方知自相践踏。急合兵时，忽四面喊声大震，王平、马岱、张嶷、张翼杀到。曹、朱二人引心腹军百余骑，望大路奔走。忽然鼓角齐鸣，一彪军截住去路；为首大将乃常山赵子龙也，大叫曰：「贼将那里去！早早受死！」曹、朱二人夺路而走。忽喊声又起，魏延又引一彪军杀到。曹、朱二人大败，夺路奔回本寨。守寨军士，只道蜀兵来劫寨，慌忙放起号火。左边曹真杀至，右边郭淮杀至，自相掩杀。背后三路蜀兵杀到：中央魏延，左边关兴，右边张苞，大杀一阵。魏兵败走十余里，魏将死者极多。孔明全获大胜，方始收兵。曹真、郭淮收拾败军回寨，商议曰：「今魏兵势孤，蜀兵势大，将何策以退之？」淮曰：「『胜负乃兵家常事』，不足为忧。某有一计，使蜀兵首尾不能相顾，定然自走矣。」正是： || Chapter 94, P094-005: 却说曹真连日望羌人消息，忽有伏路军来报说：蜀兵拔寨收拾起程。」郭淮大喜曰：「此因羌兵攻击，故尔退去。」遂分两路追赶。前面蜀兵乱走，魏兵随后追赶。先锋曹遵正赶之间，忽然鼓声大震，一彪军闪出；为首大将乃魏延也，大叫：「反贼休走！」曹遵大惊，拍马交锋；不三合，被魏延一刀斩于马下。副先锋朱赞引兵追赶，忽然一彪军闪出；为首大将乃赵云也。朱赞措手不及，被云一鎗刺死。曹真、郭淮见两路先锋有失，欲收兵回；背后喊声大震，鼓角齐鸣，关兴、张苞两路兵杀出，围了曹真、郭淮，痛杀一阵。曹、郭二人，引败兵冲路走脱。蜀兵全胜，直追到渭水，夺了魏寨。曹真折了两个先锋，哀伤不已；只得写本申朝，乞拨援兵。 || Chapter 95, P095-019: 却说郭淮提兵再回箕谷道中，唤先锋苏颙分付曰：「蜀将赵云，英勇无敌，汝可小心提防。彼军若退，必有计也。」苏颙欣然曰：「都督若肯接应，某当生擒赵云。」遂引前部三千兵，奔入箕谷。看看赶上蜀兵，只见山坡后闪出红旗白字，上书：「赵云。」苏颙急收兵退走。行不到数里，喊声大震，一彪军撞出；为首大将，挺枪跃马，大喝曰：「汝识赵子龙否！」苏颙大惊曰：「如何这里又有赵云？」措手不及，被赵云一枪刺死于马下，余军溃散。",same_body_paragraph
阚泽,鲁肃,4,3,49;66;83,"Chapter 49, P049-009: 且说周瑜请程普，鲁肃一班军官，在帐中伺侯，只等东南风起，便调兵出；一面关报孙权接应。黄盖已自准备火船二十只，船头密布大钉；船内装载芦苇干柴，灌以鱼油，上铺硫黄燄硝引火之物，各用青布油单遮盖；船头上插青龙牙旗，船尾各系走舸。在帐下听侯，只等周瑜号令。甘宁，阚泽窝盘蔡和，蔡中，在外寨中，每日饮酒，不放一卒登岸。周围尽是东吴军马，把得水泄不通。只等帐上号令下来。 || Chapter 49, P049-020: 六队军马各自分路去了。却令黄盖安排火船，使小卒驰书约曹操令夜来降。一面拨战船四只，随于黄盖船后接应。第一队领兵军官韩当，第二队领兵军官周泰，第三队领兵军官蒋钦，第四队领兵军官陈武：四队各引战船三百只，前面各摆列火船二十只。周瑜自与程普在大艨艟上督战，徐盛，丁奉为左右护卫，只留鲁肃共阚泽及众谋士守寨。程普见周瑜调军有法，甚相敬服。 || Chapter 66, P066-010: 权问何计，肃曰：「今屯兵于陆口，使人请关云长赴会。若云长肯来，以善言说之，如其不从，伏下刀斧手杀之。如彼不肯来，随即进兵，与决胜负，夺取荆州便了。」孙权曰：「正合吾意，可即行之。」阚泽进曰：「不可。关云长乃世之虎将，非等闲可及。恐事不谐，反遭其害。」孙权怒曰：「若如此，荆州何日可得！」便命鲁肃速行此计。肃乃辞孙权，至陆口，召吕蒙，甘宁商议；设宴于陆口寨外临江亭上，修下请书，选帐下能言快语一人为使，登舟渡江。江口关平问了，遂引使入荆州，叩见云长，具道鲁肃相邀赴会之意，呈上请书。云长看毕，谓来人曰：「既子敬相请，我明日便来赴宴。汝可先回。」",same_body_paragraph
公孙瓒,孙坚,3,2,5;120,"Chapter 5, P005-008: 第一镇，后将军南阳太守袁术。第二镇，冀州刺史韩馥。第三州镇，豫州刺史孔。第四镇，兖州刺史刘岱。第五镇，河内郡太守王匡。第六镇，陈留太守张邈。第七镇，东郡太守乔瑁。第八镇，山阳太守刘遗。第九镇，济北相鲍信。第十镇，北海太守孔融。第十一镇，广陵太守张超。第十二镇，徐州刺史陶谦。第十三镇，西凉太守马腾。第十四镇，北平太守公孙瓒。第十五镇，上党太守张杨。第十六镇，乌程侯长沙太守孙坚。第十七镇，祁乡侯渤海太守袁绍。诸路军马，少不等，一有三万者，有一二万者一，各领文官武将，投洛阳来。 || Chapter 5, P005-015: 华雄军于下遥月见赤帻，四面围定，不敢近前。用箭射之，方知是计，遂向前取了赤帻。祖茂于林后杀出，挥双刀欲劈华雄；雄大喝一声，将祖茂一刀砍于马下。杀至天明，雄方引兵上关。程普，黄盖，韩当都来寻见孙坚，再收拾军马屯扎。坚为折了祖茂，伤感不已，星夜遣人报知袁绍。绍大惊曰：「不想孙文台败于华雄之手！」便聚众诸侯商议。众人都到，只有公孙瓒后至，绍请入帐列坐。绍曰：「前日鲍将军之弟不遵调遣，擅自进兵，杀身丧命，折了许多军士。今者孙文台又败于华雄：挫动锐气，为之奈何？」诸侯并皆不语。 || Chapter 120, P120-047: 高祖提剑入咸阳，炎炎红日升扶桑。光武龙兴成大统，金乌飞上天中央。哀哉献帝绍海宇，红轮西坠咸池傍！何进无谋中贵乱，凉州董卓居朝堂。王允定计诛逆党，李傕郭泛兴刀枪。四方盗贼如蚁聚，六合奸雄皆鹰扬。孙坚孙策起江左，袁绍袁术兴河梁。刘焉父子据巴蜀，刘表军旅屯荆襄。张修张鲁霸南郑，马腾韩遂守西凉。陶谦张绣公孙瓒，各逞雄才占一方。曹操专权居相府，牢笼英俊用文武。威震天子令诸侯，总领貔貅镇中土。楼桑玄德本皇孙，义结关张愿扶主。东西奔走恨无家，将寡兵微作羁旅。南阳三顾情可深，卧龙一见分寰宇。先取荆州后取川，霸业王图在天府。呜呼三载逝升遐，白帝托孤堪痛楚！孔明六出祁山前，愿以只手将天补。何期历数到此终，长星半夜落山坞！姜维独凭气力高，九伐中原空劬劳。钟会邓艾分兵进，汉室江山尽属曹。丕、叡、芳、髦才及奂，司马又将天下交。受禅台前云雾起，石头城下无波涛。陈留归命与安乐，王侯公爵从根苗。纷纷世事无穷尽，天数茫茫不可逃。鼎足三分已成梦，后人凭吊空牢骚。",same_body_paragraph
公孙瓒,田丰,3,2,7;22,"Chapter 7, P007-013: 却说袁绍先使探马看时，回报曲义斩将搴旗，追赶败兵；因此不作准备，与田丰引著帐下持戟军士数百人，弓箭手数十骑，乘马出观，呵呵大笑曰：「公孙瓒无能之辈！」 || Chapter 7, P007-014: 正说之间，忽见赵云冲到面前。弓箭手急待射时，云连刺数人，众军皆走。后面瓒军团团围裹上来。田丰慌对绍曰：「主公且于空墙中躲避！」绍以兜鍪扑地，大呼曰：「大丈夫愿临阵斗死，岂可入墙而望活乎！」众军士齐心死战，赵云冲突不入，绍兵大队掩至，颜良亦引军来到，两路并杀。赵云保公孙瓒杀透重围，回到界桥。绍驱兵大进，复赶过桥，落水死者，不计其数。袁绍当先赶来，不到五里，只听得山背后喊声大起，闪出一彪人马，为首三员大将，乃是刘玄德，关云长，张翼德。因在平原探知公孙瓒与袁绍相争，特来助战。当下三匹马，三般兵器，飞奔前来，直取袁绍。绍惊得魂飞天外，手中宝刀坠于马下，忙拨马而逃，众人死救过桥。公孙瓒亦收军归寨。玄德、关、张动问毕，瓒曰：「若非玄德远来救我，几乎狼狈。」教与赵云相见。玄德甚相敬爱，便有不舍之心。 || Chapter 22, P022-004: 谋士田丰曰：「兵起连年，百姓疲弊，仓廪无积，不可复兴大军。宜先遣人献捷天子，若不得通，乃表称曹操隔我王路，然后提兵屯黎阳；更于河内增益舟楫，缮置军器，分遣精兵，屯劄边鄙。三年之中，大事可定也。」谋士审配曰：「不然：以明公之神武，抚河朔之强盛，兴兵讨曹贼，易如反掌，何必迁延日月？」谋士沮授曰：「制胜之策，不在强盛。曹操法令既行，士迕精练，比公孙瓒坐受困者不同。今弃献捷良策，而兴无名之兵，窃为明公不取。」谋士郭图曰：「非也：兵加曹操，岂曰无名？公正当及时早定大业。愿从郑尚书之言，与刘备共仗大义，剿灭曹贼；上合天意，下合民情，实为万幸甚！」",same_body_paragraph
公孙瓒,荀彧,3,1,18,"Chapter 18, P018-011: 荀彧拜服。郭嘉入。操曰：「公来何暮也？」嘉袖出一书，白操曰：「袁绍使人致书承相，言欲出兵攻公孙瓒，特来借粮借兵。」操曰：「吾闻绍欲图许都，今见吾归，又别生他议。」遂拆书观之。见其词意骄慢，乃问嘉曰：「袁绍如此无状，吾欲讨之，恨力不及，如何？」 || Chapter 18, P018-013: 操笑曰：「如公所言，孤何足以当之？」荀彧曰：「郭奉孝十胜十败之说，正与愚见相合。绍兵虽众，何足惧耶！」嘉曰：「徐州吕布，实心腹大患。今绍北征公孙瓒，我当乘其远出，先取吕布，扫除东南，然后图绍，乃为上计；否则我方攻绍，布必乘虚来犯许都，为害不浅也。」 || Chapter 18, P018-014: 操然其言，遂议东征吕布。荀彧曰：「可先使人往约刘备，待其回报，方可动兵。」操从之，一面发书与玄德，一面厚遣绍使，奏封绍为大将军太尉，兼都督冀、青、幽、并四州，密书答之云：「公可讨公孙瓒，吾当相助。」绍得书大喜，便进兵攻公孙瓒。",same_body_paragraph
关兴,刘禅,3,3,85;87;102,"Chapter 85, P085-028: 「此四路兵俱不足忧。臣尚恐不能全保，又密调关兴、张苞二将，各引兵三万，屯于紧要之处，为各路救应。此数处调遣之事，皆不曾经由成都，故无人知觉。只有东吴这一路兵，未必便动：如见四路兵胜，川中危急，必来相攻；若四路不济，安肯动乎？臣料孙权想曹丕三路侵吴之怨，必不肯从其言。虽然如此，须用一舌辩之士，迳往东吴，以利害说之，则先退东吴；其四路之兵，何足忧乎？但未得说吴之人，臣故踌躇。何劳陛下圣驾来临？」后主曰：「太后亦欲来见相父。今朕闻相父之言，如梦初觉，复何忧哉！」 || Chapter 87, P087-002: 建兴三年，益州飞报：「蛮王孟获，大起蛮兵十万，犯境侵掠。建宁太守雍闿，乃汉朝什邡侯雍齿之后，今结连孟获造反。牂牁郡太守朱褒、越隽郡太守高定，二人献了城。止有永昌郡太守王伉不肯反。现今雍闿、朱褒、高定三人部下人马，皆与孟获为乡导官，攻打永昌郡。赖王伉与功曹吕凯，会集百姓，死守此城，其势甚急。」孔明乃入朝奏后主曰：「臣观南蛮不服，实国家之大患也。臣当自领大军，前去征讨。」后主曰：「东有孙权，北有曹丕；今相父弃朕而去，倘吴、魏来攻，如之奈何？」孔明日：「东吴方与我国讲和，料无异心；若有异心，李严在白帝城，此人可当陆逊也。曹丕新败，锐气已丧，未能远图；且有马超守把汉中诸处关口，不必忧也。臣又留关兴、张苞等分两军为救应，保陛下万无一失。今臣先去扫荡蛮方，然后北伐，以图中原，报先帝三顾之恩，托孤之重。」后主曰：「朕年幼无知，惟相父斟酌行之。」言未毕，班部内一人出曰：「不可！不可！」众视之，乃南阳人也：姓王，名连，字文仪；见为谏议大夫。连谏曰：「南方不毛之地，瘴疫之乡；丞相秉钧衡之重任，而自远征，非所宜也。且雍闿等乃疥癣之疾，丞相只须遣一大将讨之，必然成功。」孔明曰：「南蛮之地，离国甚远，人多不习王化，收伏甚难，吾当亲往征之。可刚可柔，别有斟酌，非可容易托人。」 || Chapter 102, P102-003: 祭毕，拜辞后主，星夜至汉中，聚集诸将，商议出师。忽报关兴病亡。孔明放声大哭，昏倒于地，半晌方苏。众将再三劝解，孔明叹曰：「可怜忠义之人，天不与以寿！我今番出师，又少一员大将也！」后人有诗叹曰：",same_body_paragraph
关兴,张郃,3,2,99;101,"Chapter 99, P099-028: 原来司马懿亦恐中孔明之计，沿途不住的令人传报。懿正催战间，忽流星马飞报，言蜀兵两路迳取大寨去了。懿大惊失色，乃谓众将曰：「吾料孔明有计，汝等不信，勉强追来，却误了大事！」即提兵急回。军心惶惶乱走。张翼随后掩杀，魏兵大败。张郃、戴陵见势孤，亦望山僻小路而走，蜀兵大胜。背后关兴引兵接应诸路。 || Chapter 101, P101-027: 张郃领命，引兵火速追赶。行到三十余里，忽然背后喊声大震，树林内闪出一彪军，为首大将，横刀勒马大叫曰：「贼将引兵那里去！」郃回头视之：乃魏延也。郃大怒，回马交锋。不十合，延诈败而走。郃又追赶三十余里，勒马回顾，全无伏兵，又策马前追。方转过山坡，忽又喊声大起，一彪军拥出，为首大将，乃关兴也，横刀勒马大叫曰：「张郃休走！有吾在此！」郃就拍马交锋。不十合，兴拨马便走。郃随后追之。赶到一密林内，郃心疑，令人四下哨探，并无伏兵；于是放心又赶。 || Chapter 101, P101-028: 不想魏延又抄在前面；郃又与战十余合。延又败走。郃愤怒赶来，又被关兴抄在前面，截住去路。郃大怒，拨马交锋。战不十合，蜀兵尽弃衣甲物件，塞满道路。魏兵皆下马争取。延、兴二人，轮流交战。张郃奋勇追赶。看看天晚，赶到木门道口，魏延拨回马，高声大骂曰：「张郃逆贼！吾不与汝相拒！汝只顾赶来！吾今与汝决一死战！」郃十分忿怒，挺枪骤马，直取魏延。延挥刀来迎，战不十合，延大败，弃尽衣甲、头盔、匹马，引败兵望木门道中而走。",same_body_paragraph
关兴,邓芝,3,3,91;92;96,"Chapter 91, P091-023: 孔明受诏归府，唤诸将听令。前督部镇北将军领丞相司马、凉州刺史、都亭侯魏延，前军都督领伏风太守张翼，牙门将裨将军王平﹔后军领兵使安汉将军领建宁太守李恢，副将定远将军领汉中太守吕义，兼管运粮左军领兵使平北将军陈仓侯马岱，副将飞卫将军廖化，右军领兵使奋威将军博阳亭侯马忠，镇抚将军关内侯张嶷，行中军师车骑大将军都乡侯刘琰，中监军扬武将军邓芝，中参军安远将军马谡，前将军都亭侯袁琳，左将军高阳侯吴懿，右将军玄都侯高翔，后将军安乐侯吴班，领长史绥军将军杨仪，前将军征南将军刘巴，前护军偏将军、汉成亭侯许允，左护军笃信中郎将丁咸，右护军偏将军刘敏，后护军典军中郎将宫雝，行参军昭武中郎将胡济，行参军谏议将军阎晏，行参军偏将军爨习，行参军稗将军杜义，武略中郎将杜祺，绥军都尉盛敦，从事武略中郎将樊岐，典军书记樊建，丞相令史董厥，帐前左护卫使龙骧将军关兴，右护卫使虎翼将军张苞。──以上一应官员，都随著平北大都督丞相武乡侯领益州牧知内外事诸葛亮。 || Chapter 92, P092-004: 次日，夏侯楙复整金鼓旗旛，率兵而进。赵云、邓芝出迎。芝在马上谓赵云曰：「昨夜魏兵大败而走，今日复来，必有诈也，老将军防之。」子龙曰：「量此乳臭小儿，何足道哉！吾今日必当擒之！」便跃马而出，魏将潘遂出迎，战不三合，拨马便走。赵云赶去，魏阵中八员将一齐来迎。放过夏侯楙先走，八将陆续奔走。赵云乘势追杀，邓芝引兵继进。赵云深入重地，只听得四面喊声大震。邓芝急收军退回，左有董禧，右有薛则，两路兵杀到。邓芝兵少，不能解救。赵云被困在垓心，东冲西突，魏兵越厚。时云手下止有千余人，杀到山坡之下，只见夏侯楙在山上指挥三军。赵云投东则望东指，投西则望西指：因此赵云不能突围，乃引兵欲上山来。半山中擂木砲石打将下来，不能上山。赵云从辰时杀至酉时，不能得走出，只得下马少歇，且待月明再战。却才卸甲而坐，月光方出，忽四下火光冲天，鼓声大震，矢石如雨，魏兵杀到，皆叫曰：「赵云早降！」云急上马迎敌、四面军马渐渐逼近，八方弩箭交射甚急，人马皆不能向前。云仰天叹曰：「吾不服老，死于此地矣！」忽东北角上喊声大起，魏兵纷纷乱窜。一彪军杀到，为首大将持丈八点钢矛，马项下挂一颗人头，云视之，乃张苞也。苞见赵云，言曰：「丞相恐老将军有失，特遣某引军五千兵接应。闻老将军被困，故杀透重围。正遇魏将薛则，被某杀之。」云大喜，即与张苞杀出西北角来。只见魏兵弃戈奔走。一彪军从外呐喊杀入，为首大将提偃月青龙刀，手挽人头。云视之，乃关兴也。兴曰：「奉丞相之命，恐老将军有失，特引五千兵前来接应。却才阵上逢著魏将董禧，被吾一刀斩之，枭道在此。丞相随后便到也。」云曰：「二将军已建奇功，不趁今日擒住夏侯楙，以定大事？」张苞闻言，遂引兵去了。兴曰：「我也干功去。」亦引兵去了。云回顾左右曰：「他两个是吾子姪辈，尚且争先干功；吾乃国家上将，朝廷旧臣，反不如此小辈耶？吾当舍老命以报先帝之恩！」于是引兵来捉夏侯楙。当夜三路兵夹攻，大破魏军一阵。邓芝引兵接应，杀得尸横遍野，血流成河。夏侯楙乃无谋之人，更兼年幼，不曾经战；见军大乱，遂引帐下骁将百余人，望南安郡而走。众军因见无主，尽皆逃窜。兴、苞二将，闻夏侯楙望南安郡去了，连夜赶来。楙走入城中，紧闭城门，驱兵守御。兴、苞二人赶到，将城围住；赵云随后也到：三面攻打。少时，邓芝亦引兵到。一连围了十日，攻打不下。忽报丞相留后军住沔阳，左军屯阳平，右军屯石城，自引中军来到。赵云、邓芝郡关兴、张苞皆来拜问孔明，说连日攻城不下。孔明遂乘小车亲到城边周围看了一遍，回寨升帐而坐。众将环立听令。孔明曰：「此郡壕深成峻，不易攻也。吾正事不在此城，如汝等只久攻，倘魏兵分道而出，以取汉中，吾军危矣。」邓芝曰：「夏侯楙乃魏之驸马，若擒此人，胜斩百将。今困于此，岂可弃之而去？」孔明曰：「吾自有计。此处西连天水郡，北抵安定郡；二处太守，不知何人？」探卒答曰：「天水太守马遵，安定太守崔谅。」孔明大喜，乃唤魏延受计，如此如此；又唤关兴、张苞受计，如此如此；又唤心腹军士二人受计，如此行之。各将领命，引兵而去。孔明却在南安城外，令军运迆草堆于城下，口称烧城。魏兵闻知，皆大笑不惧。 || Chapter 96, P096-002: 却说孔明回到汉中,计点军士,只少赵云﹑邓芝,心中甚忧;乃令关兴﹑张苞,各引一军接应。二人正欲起身,忽报赵云﹑邓芝到来,并不曾折一人一骑;辎重等器,亦无遗失。孔明大喜，亲引诸将出迎。赵云慌忙下马伏地曰：「败军之将,何劳丞相远接？孔明急扶起,执手而言曰：「是吾不识贤愚，以致如此！各处兵将败损，惟子龙不折一人一骑，何也？」邓芝告曰：「某引兵先行，子龙独自断后，斩将立功，敌人惊怕；因此军资什物，不曾遗失。」孔明曰：「真江军也！」遂取金五十斤以赠赵云；又取绢一万疋赏云部卒。云辞曰：「三军无尺寸之功，某等俱各有罪，若反受赏，乃丞相赏罚不明也。且请寄库，候今冬赐与诸军未迟。」孔明叹曰：「先帝在日，常称子龙之德，今果如此！」乃倍加钦敬。",same_body_paragraph
关兴,黄忠,3,2,82;83,"Chapter 82, P082-024: 正言间，忽报韩当，周泰领兵到来。先主方欲遣将迎敌，近臣奏曰：「老将黄忠，引五六人投东吴去了。」先主笑曰：「黄汉升非反叛之人也；因朕失口误言老者无用，彼必不服老，故奋力去相持矣。」即召关兴、张苞曰：「黄汉升此去必然有失。贤姪休辞劳苦，可去相助。略有微功。便可令回，勿使有失。」二小将拜辞先生，引本部军来助黄忠。正是：老臣素矢忠君志，年少能成报国功。未知黄忠此去如何，且看下文分解。 || Chapter 83, P083-002: 正言问，忽报吴兵前部己，哨马临营。忠奋然而起，出帐上马。冯习等劝曰：「老将军且休轻进。」忠不听，纵马而去。吴班令冯习引兵助战。忠在吴军阵前，勒马横刀，单搦先锋潘璋交战。璋引部将史迹出马。迹欺忠年老，挺鎗出战；斗不三合，被忠一刀斩于马下。潘璋大怒，挥关公使的青龙刀，来战黄忠。交马数合，不分胜负。忠奋力恶战，璋料敌不过，拨马便走。忠乘劫追杀，全胜而回。路逢关兴、张苞。兴曰：「我等奉圣旨来助老将军；既已立了功，速请回营。」忠不听。 || Chapter 83, P083-004: 吴兵见忠中箭，一齐来攻。忽后面喊声大起，两路军杀来，吴兵溃散，救出黄忠－乃关兴、张苞也。二小将保送黄忠迳到御前营中。忠年老血衰，箭疮痛裂，病甚沉重。先主御驾自来看视，抚其背曰：「令老将军中伤，朕之过也！」忠曰：「臣乃一武夫耳，幸遇陛下。臣今年七十有五，寿亦足矣。望陛下善保龙体，以图中原！」言讫，不省人事，是夜殒于御营。后人有诗叹曰：老将说黄忠，收川立大功。重披金锁甲，双挽铁胎弓。胆气惊河北，威名镇蜀中。临亡头似雪，犹自显英雄。",same_body_paragraph
关羽,刘禅,3,3,73;80;87,"Chapter 73, P073-005: 玄德再三推迟不过，只得依允。建安二十四年秋七月，筑坛于沔阳，方圆九里，分布五方，各设旌旗仪仗。群臣皆依次序排列。许靖、法正请玄德登坛，进冠冕玺绶讫，面南而坐，受文武官员拜贺为汉中王。子刘禅立为王世子。封许靖为太傅，法正为尚书令。诸葛亮为军师，总理军国重事。封关羽、张飞、赵云、马超、黄忠为五虎大将军；魏延为汉中太守。其余各拟功勋定爵。 || Chapter 80, P080-029: 读罢祭文，孔明率众官恭上玉玺。汉中王受了，捧于坛上，再三推让曰：「备无才德，请择有才德者受之。」孔明奏曰：「王上平定四海，功德昭于天下，况是大汉宗派，宜即正位。已祭告天神，复何让焉？」文武各官，皆呼万岁。拜舞礼毕，改元章武元年。立妃吴氏为皇后，长子刘禅为太子。封次子刘永为鲁王，刘理为梁王。封诸葛亮为丞相，许靖为司徒。大小官僚，一一升赏。大赦天下。两川军民，无不欣跃。次日设朝，文武官僚拜毕，列为两班。先主降诏曰：「朕自桃园与关、张结义，誓同生死；不幸二弟云长，被东吴孙权所害。若不报雠，是负盟也。朕欲起倾国之兵，攻伐东吴，生擒逆贼，以雪此恨！」言未毕，班内一人，拜伏于阶下，谏曰：「不可。」先主视之，乃虎威将军赵云也。正是：君王未及行天讨，臣下曾闻进直言。未知子龙所谏若何，且看下文分解。 || Chapter 87, P087-003: 王连再三苦劝，孔明不从。是日，孔明辞了后主，令蒋琬为参军；费袆为长史；董厥、樊建二人为掾史；赵云、魏延为大将，总督军马；王平、张翼为副将；并川将数十员：共起川兵五十万，前望益州进发。忽有关公第三子关索，入军来见孔明曰：「自荆州失陷，逃难在鲍家庄养病。每要赴川见先帝报雠，疮痕未合，不能起行。近已安痊，打探得东吴雠人已皆诛戮，迳来西川见帝，恰在途中遇见征南之兵，特来投见。孔明闻之，嗟讶不已；面遣人申报朝廷，就令关索为前部先锋，一同征南。大队人马，各依队伍而行。饥餐渴饮，夜住晓行：所经之处，秋亳无犯。",same_body_paragraph
关羽,刘表,3,3,28;43;53,"Chapter 28, P028-025: 商议已定。次日，玄德入见袁绍，告曰：「刘景升镇守荆襄九郡，兵精粮足，宜与相约，共攻曹操。」绍曰：「吾尝遣使约之，奈彼未肯相从。」玄德曰：「此人是备同宗，备往说，必无推阻。」绍曰：「若得刘表，胜刘辟多矣。」遂命玄德行。绍又曰：「近闻关云长已离了曹操，欲来河北；吾当杀之，以雪颜良，文丑，之恨！」玄德曰：「明公前欲用之，吾故召之。今何又欲杀之耶？且颜良、文丑比之二鹿耳，云长乃一虎也。失二鹿而得一虎，何恨之有？」绍笑曰：「吾固爱之，故戏言耳。公可再使人召之，令其速来。」玄德曰：「即遣孙干往召之可也。」 || Chapter 43, P043-025: 数巡之后，权曰：「曹操平生所恶者，吕布、刘表、袁绍、袁术、豫州与孤耳。今数雄已灭，独豫州与孤尚存。孤不能以全吴之地，受制于人。吾计决矣。非刘豫州莫与当曹操者。然豫州新败之后，安能抗此难乎？」孔明曰：「豫州虽新败，然关云长犹率精兵万人；刘琦领江夏战士，亦不下万人。曹操之众，远来疲惫；近追豫州，轻骑一日夜行三百里。此所谓「强弩之末，势不能穿鲁缟」者也。且北方之人，不习水战。荆州士民附操者，迫于势耳，非本心也。今将军诚能与豫州协力同心，破曹军必矣。操军破必北还，则荆吴之势强，而鼎足之形成矣。成败之机，在于今日。惟将军裁之。」 || Chapter 53, P053-005: 玄德大喜，遂令张飞星夜去替云长守荆州，令云长来取长沙。云长既至，入见玄德、孔明。孔明曰：「子龙取桂阳，翼德取武陵，都是三千军去。今长沙太守韩玄，固不足道，只是他有一员大将，乃南阳人，姓黄，名忠，字汉升；是刘表帐下中郎将，与刘表之姪刘磐共守长沙，后事韩玄；虽今年近六旬，却有万夫不当之勇，不可轻敌。云长去，必须多带军马。」",same_body_paragraph
关羽,华佗,3,2,75;78,"Chapter 75, P075-003: 平大喜，即与众将同引华佗入帐见关公。时关公本是臂痛，恐慢军心，无可消遣，正与马良弈棋；闻有医者至，即召入。礼毕，赐坐。茶罢，佗请臂视之。公袒下衣袍，伸臂令佗看视。佗曰：「此乃弩箭所伤，其中有乌头之药，直透入骨；若不早治，此臂无用矣。」公曰：「用何物治之？」佗曰：「某自有治法。但恐君侯惧耳。」公笑曰：「吾视死如归，有何惧哉？」佗曰：「当于静处立一标柱，上钉大环，请君侯将臂穿于环中，以绳系之，然后以被蒙其首。吾用尖刀割开皮肉，直至于骨，刮去骨上箭毒，用药敷之，以线缝其口，方可无事。但恐君侯惧耳。」公笑曰：「如此容易，何用柱环？」令设酒席相待。 || Chapter 75, P075-006: 关公箭疮既愈，设席款谢华佗。佗曰：「君侯箭疮虽治，然须爱护。切勿怒气伤触。过百日后，平复如旧矣。」关公以金百两酬之。佗曰：「某闻君侯高义，特来医治，岂望报乎？」坚辞不受，留药一帖，以敷疮口，辞别而去。 || Chapter 78, P078-008: 「又有一人眉间生一瘤，痒不可当，令佗视之。佗曰：『内有飞物。』人皆笑之。佗以刀割开，一黄雀飞去，病者即愈。有一人被犬咬足指，随长肉二块，一痛一痒，俱不可忍。佗曰：『痛者内有针十个，痒者内有黑白棋子二枚。』人皆不信，佗以刀割开，果应其言。此人真扁鹊、仓公之流也。见居金城，离此不远，大王何不召之？」操即差人星夜请华佗入内，令诊脉视疾。佗曰：「大王头脑疼痛，因患风而起。病根在脑袋中，风涎不能出。枉服汤药，不可治疗。某有一法：先饮麻肺汤，然后用利斧砍开脑袋，取出风涎，方可除根。」操大怒曰：「汝要杀孤耶！」佗曰：「大王曾闻关公中毒箭，伤其右臂，某刮骨疗毒，关公略无惧色？今大王小可之疾，何多疑焉？」操曰：「臂痛可刮，脑袋安可砍开？汝必与关公情熟，乘此机会，欲报雠耳！」呼左右拏下狱中，拷问其情。贾诩谏曰：「似此良医，世罕其匹，未可废也。」操叱曰：「此人欲乘机害我，正与吉平无异！」急令追拷。",same_body_paragraph
关羽,张昭,3,3,75;77;83,"Chapter 75, P075-011: 却说孙权接得曹操书信，览毕，欣然应允，即修书发付使者先回，乃聚文武商议。张昭曰：「近闻云长擒于禁，斩庞德，威震华夏，操欲迁都以避其锋。今樊城危急，遣使求救，事定之后，恐有反复。」 || Chapter 77, P077-019: 权大惊，慌忙率大小将士，皆下拜。只见吕蒙倒于地上，七窍流血而死。众将见之，无不恐惧。权将吕蒙尸首，具棺安葬，赠南郡太守潺陵侯；命其子吕霸袭爵。孙权自此感关公之事，惊讶不已。忽报张昭自建业而来。权君入问之。昭曰：「今主公损了关公父子，江东祸不远矣。此人与刘备桃园结义之时，誓同生死。今刘备已有两川之兵；更兼诸葛亮之谋，张、黄、马、赵之勇；备若知云长父子遇害，必起倾国之兵，奋力报雠：恐东吴难与敌也。」 || Chapter 83, P083-020: 权大惊，举止失措，阚泽出班奏曰：「见有擎天之柱，如何不用耶？」权急问何人。泽曰：「昔日东吴大事，全任周郎；后鲁子敬代之；子敬亡后，决于吕子明；今子明虽丧．见有陆伯言在荆州。此人名虽儒生，实有雄才大略，以臣论之；不在周郎之下；前破关公，其谋皆出于伯言。主上若能用之，破蜀必矣。如或有失，臣愿与同罪。」权曰：「非德润之言，孤误大事。」张昭曰：「陆逊乃一书生耳，非刘备敌手；恐不可用。」顾雍亦曰：「陆逊年幼望轻，恐诸公不服；若不服则生祸乱，必误大事。」步骘亦曰：「逊才堪治郡耳；若托以大事，非其宜也。」阚泽大呼曰：「若不用陆伯言，则东吴休矣！臣愿以全家保之！」权曰：「孤亦素知陆伯言乃奇才也：孤意已决，卿等勿言。」",same_body_paragraph
关羽,法正,3,3,60;65;73,"Chapter 60, P060-019: 松于袖中取出一图，递与玄德曰：「松感明公盛德，敢献此图。便知蜀中道路矣。」玄德略展视之，上面尽写著地理行程。远近阔狭，山川险要，府库钱粮，一一俱载明白。松曰：「明公可速图之。松有心腹契友二人：法正，孟达。此二人必能相助。如二人到荆州时，可将心事共议。」玄德拱手谢曰：「青山不老，绿水长存。他日事成，必当厚报。」松曰：「松遇明主，不得不尽情相告，岂敢望报乎？」说罢作别。孔明命云长等护送数十里方回。 || Chapter 65, P065-027: 玄德从之，设一大宴，请刘璋收拾财物，佩领振威将军印绶，将妻子良贱，尽赴南郡公安住歇，即日起行。玄德自领益州牧，其所降文武，尽皆重赏，定拟名爵。严颜为前将军，法正为蜀郡太守，董和为掌军中郎将，许靖为左将军长史，庞义为营中司马，刘巴为左将军，黄权为右将军。其余吴懿，费观，彭羕，卓膺，李严，吴兰，雷同，李恢，张翼，秦宓，谯周，吕义，霍峻，邓芝，杨洪，周群，费袆，费诗，孟达，……文武投降官员，共六十余人，并皆擢用。诸葛亮军师，关云长为荡寇将军汉寿亭侯，张飞为征远将军新亭侯，赵云为镇远将军，黄忠为征西将军，魏延为扬武将军，马超为平西将军。孙干，简雍，糜竺、糜芳，刘封，关平，周仓，廖化，马良，马谡，蒋琬，伊籍，及旧日荆襄一班文武官员，尽皆升赏。遣使赍黄金五百斤，白银一千斤，钱五千万，蜀锦一千疋，赐与云长。其余官将，给赐有差。杀牛宰马，大饷士卒，开仓赈济百姓，军民大悦。 || Chapter 73, P073-005: 玄德再三推迟不过，只得依允。建安二十四年秋七月，筑坛于沔阳，方圆九里，分布五方，各设旌旗仪仗。群臣皆依次序排列。许靖、法正请玄德登坛，进冠冕玺绶讫，面南而坐，受文武官员拜贺为汉中王。子刘禅立为王世子。封许靖为太傅，法正为尚书令。诸葛亮为军师，总理军国重事。封关羽、张飞、赵云、马超、黄忠为五虎大将军；魏延为汉中太守。其余各拟功勋定爵。",same_body_paragraph
关羽,荀彧,3,3,24;25;26,"Chapter 24, P024-019: 且说曹操当夜取了小沛，随即进兵攻徐州。糜竺，简雍，守把不住，只弃城而走。陈登献了徐州。曹操大军入城，安民己毕，随唤众谋士议取下邛。荀彧曰：「云长保护玄德妻小，死守此城；若不速取，恐为袁绍所窃。」操曰：「吾素爱云长武艺人材，欲得之以为己用，不若令人说之使降。」郭嘉曰：「云长义气深重，必不肯降。若使人说之，恐被其害。」帐下一人出曰：「某与关公有一面之交，愿往说之。」众视之，乃张辽也。程昱曰：「文远虽与云长有旧，吾观此人，非可以言词说也。某有一计，使此人进退无路，然后用文远说之，彼必归丞相矣。」正是：整备窝弓射猛虎，安排香饵钓鳌鱼。未知其计若何，且看下文分解。 || Chapter 25, P025-010: 张辽再往上回报关公。关公曰：「虽然如此，暂请丞相退军，容我入城见二嫂，告知其事，然后投降。」张辽再回，以此言报曹操。操即传令，退军至十里。荀彧曰：「不可。恐有诈。」操曰：「云长义士，必不失信。」遂引军退。关公引兵入下邳，见人民安妥不动，竟到府中，来见二嫂。 || Chapter 26, P026-011: 正饮宴间，忽报「汝南有黄巾刘辟、龚都，甚是猖獗。曹洪累战不利，乞遗兵救之。」云长闻言，进曰：「关某愿施犬马之劳，破汝南贼寇。」操曰：「云长建立大功，未曾重酬，岂可复劳征进？」公曰：「关某久闲，必生疾病。」曹操壮之，点兵五万，使于禁、乐进为副将，次日便行。荀彧密谓操曰：「云长有归刘之心，倘知消息必去，不可频令出征。」操曰：「今次收功，吾不复教临敌矣。」",same_body_paragraph
关羽,董卓,3,2,2;5,"Chapter 2, P002-001: 且说董卓字仲顈，陇西临洮人也。官拜河东太守，自来骄傲。当日怠慢了玄德，张飞性发，便欲杀之。玄德与关公急止之曰：「他是朝廷命官，岂可擅杀？」飞曰：「若不杀这厮，反要在他部下听令，其实不甘！二兄要便住在此，我自投别处去也！」玄德曰：「我三人义同生死，岂可相离？不若都投别处去便了。」飞曰：「若如此，稍解吾恨。」 || Chapter 5, P005-009: 且说北平太守公孙瓒，统领精兵一万五千，路经德州平原县。正行之间，遥见桑树丛中，一面黄旗，数骑来迎。瓒视之，乃刘玄德也。瓒问曰：「贤弟何故在此？」玄德曰：「旧日蒙兄保备为平原县令，今闻大军过此，特来奉候，就请兄长入城歇马。」瓒指关、张而问曰：「此何人也？」玄德曰：「此关羽，张飞，备结义兄弟也。」瓒曰：「乃同破黄巾者乎？」玄德曰：「皆此二人之力。」瓒曰：「今居何职？」玄德答曰：「关羽为马弓手，张飞为步弓手。」瓒叹曰：「如此可谓埋没英雄！今董卓作乱，天下诸侯，共往诛之。贤弟可弃此卑官，一同讨贼，力扶汉室，若何？」玄德曰：「愿往。」张飞曰：「当时若容我杀了此贼，免有今日之事。」云长曰：「事已至此，即当收拾前去。」 || Chapter 5, P005-026: 这三个围住吕布，转灯儿般厮杀。八路人马，都看得呆了。吕布架隔遮拦不定，看著玄德面上，虚刺一戟，玄德急闪。吕布荡开阵角，倒拖画戟，飞马便回。三个那里肯舍，拍马赶来。八路军兵，喊声大震，一齐掩杀。吕布军马，望关上奔走；玄德、关、张随后赶来。古人曾有篇言语，单道著玄德、关、张三战吕布：汉朝天数当桓灵，炎炎红日将西倾。奸臣董卓废少帝，刘协懦弱魂梦惊。曹操传檄告天下，诸侯奋怒皆兴兵。议立袁绍作盟主，誓扶王室定太平。温侯吕布世无比，雄才四海夸英伟。护躯银铠砌龙鳞，束发金冠簪雉尾。参差宝带兽平吞，错落锦袍飞凤起。龙驹跳踏起天风，画戟荧煌射秋水。出关搦战谁敢当？诸侯胆裂心惶惶。踊出燕人张翼德，手持蛇矛丈八鎗。虎须倒竖翻金线，环眼圆睁起电光。酣战未能分胜败，阵前恼起关云长。青龙宝刀灿霜雪，鹦鹉战袍飞蛱蝶。马蹄到处鬼神嚎，目前一怒应流血。枭雄玄德掣双锋，抖擞天威施勇烈。三人围绕战多时，遮拦架隔无休歇。喊声震动天地翻，杀气迷漫牛斗寒。吕布力穷寻走路，遥望山塞拍马还。倒拖画杆方天戟，乱散销金五彩旛。顿断绒走赤兔，翻身飞上虎牢关。三人直赶吕布到关下，看见关上西风飘动青罗伞盖。张飞大叫：「此必董卓！追吕布有甚强处！不如先拿董贼，便是斩草除根！」拍马上关，来擒董卓。正是：擒贼定须擒贼首，奇功端的待奇人。未知胜负如何，且听下文分解。",same_body_paragraph
关羽,贾诩,3,2,78;79,"Chapter 78, P078-004: 却说曹操在洛阳，自葬关公后，每夜合眼便见关公。操甚惊惧，问于众官。众官曰：「洛阳行宫旧殿多妖，可造新殿居之。」操曰：「吾欲起一殿，名建始殿。恨无良工。」贾诩曰：「洛阳良工有苏越者，最有巧思。」操召入，令画图像。苏越画成九间大殿，前后廊庑楼阁，呈与操。操视之曰：「汝画甚合孤意，但恐无栋梁之材。」苏越曰：「此去离城三十里，有一潭，名跃龙潭。前有一祠，名跃龙祠。祠傍有一株大梨树，高十余丈，堪作建始殿之梁。」 || Chapter 78, P078-008: 「又有一人眉间生一瘤，痒不可当，令佗视之。佗曰：『内有飞物。』人皆笑之。佗以刀割开，一黄雀飞去，病者即愈。有一人被犬咬足指，随长肉二块，一痛一痒，俱不可忍。佗曰：『痛者内有针十个，痒者内有黑白棋子二枚。』人皆不信，佗以刀割开，果应其言。此人真扁鹊、仓公之流也。见居金城，离此不远，大王何不召之？」操即差人星夜请华佗入内，令诊脉视疾。佗曰：「大王头脑疼痛，因患风而起。病根在脑袋中，风涎不能出。枉服汤药，不可治疗。某有一法：先饮麻肺汤，然后用利斧砍开脑袋，取出风涎，方可除根。」操大怒曰：「汝要杀孤耶！」佗曰：「大王曾闻关公中毒箭，伤其右臂，某刮骨疗毒，关公略无惧色？今大王小可之疾，何多疑焉？」操曰：「臂痛可刮，脑袋安可砍开？汝必与关公情熟，乘此机会，欲报雠耳！」呼左右拏下狱中，拷问其情。贾诩谏曰：「似此良医，世罕其匹，未可废也。」操叱曰：「此人欲乘机害我，正与吉平无异！」急令追拷。 || Chapter 79, P079-002: 于是曹丕安居王位，改建安二十五年为延康元年。封贾诩为太尉，华歆为相国，王朗为御史大夫。大小官僚，尽皆升赏。谥曹操曰武王，葬于邺郡高陵。令于禁董治陵事。禁奉命到彼，只见陵屋中白粉壁上，图画关云长水渰七军擒获于禁之事：画云长俨然上坐，庞德愤怒不屈，于禁拜伏于地，哀求乞命之状。原来曹丕以于禁兵败被擒，不能死节，既降敌而复归，心鄙其为人，故先令人图画陵屋粉壁，故意使之往见以愧之。当下于禁见此画像，又羞又恼，气愤成病，不久而死。后人有诗叹曰：",same_body_paragraph
刘备,华歆,3,1,56,"Chapter 56, P056-003: 周谕又上书，请兴兵雪恨。张昭谏曰：「不可。曹操日夜思报赤壁之恨，因恐孙、刘同心，故未敢兴兵。今主公若以一时之忿，自相吞并，操必乘虚来攻，国势危矣。」顾雍曰：「许都岂无细作在此。若知孙、刘不睦，操必使人勾结刘备。备惧东吴，必投曹操。若此，则江南何日得安？为今之计，莫若使人赴许都，表刘备为荆州牧。曹操知之，则惧而不敢加兵于东南。且使刘备不恨于主公。然后使心腹用反间之计，令曹刘相攻，吾乘隙而图之，斯为得耳。」权曰：「元叹之言甚善。但谁可为使？」雍曰：「此间有一人，乃曹操敬慕者，可以为使。」权问何人。雍曰：「华歆在此，何不遣之？」权大喜，即遣赍表赴许都。歆领命起程，迳到许都求见曹操。闻操会群臣于邺郡，庆赏铜雀台，歆乃赴邺郡侯见。 || Chapter 56, P056-012: 曹操连饮杯，不觉沈醉，唤左右棒过笔砚，亦欲作铜雀台诗。刚才下笔，忽报：「东吴使华歆表秦刘备为荆州牧，孙权以妹嫁刘备，汉上九郡大半已属备矣。」操闻之，手脚慌乱，投笔于地。程昱曰：「丞相在万军之中，矢石交攻之际，未尝动心；今闻刘备得了荆州，何故如此失惊？」操曰：「刘备人中之龙也，生平未尝得水。今得荆州，是困龙入大海矣。孤安得不动心哉！」程昱曰：「丞相知华歆来意否？」操曰：「未知。」昱曰：「孙权本忌刘备，欲以兵攻之；但恐丞相乘虚而击，故今华歆为使，表荐刘备。以安备之心，以塞丞相之望耳。」 || Chapter 56, P056-013: 操点头曰：「是也。」昱曰：「某有一计，使孙、刘自相吞并，丞相乘间图之，一鼓而二敌俱破。」操大喜，遂问其计。程昱曰：「东吴所倚者，周瑜也。丞相今表奏周瑜为南郡太守、程普为江夏太守，留华歆在周瑜既领南郡，愈思报雠，遂上书吴侯，乞命鲁肃去讨还荆州。孙权乃命肃曰：「汝昔保荆州与刘备，今备迁延不还，等待何时？」肃曰：「文书上明白写著，得了西川便还。」权叱曰：「只说取西川，至今又不动兵，不等老了人！」肃曰：「某愿往言之。」遂乘投荆州而来。",same_body_paragraph
刘备,太史慈,3,1,11,"Chapter 11, P011-007: 当下孔融重待太史慈，赠与衣甲鞍马。慈曰：「某愿借精兵一千，出城杀贼。」融曰：「君虽英勇，然贼势甚盛，不可轻出。」慈曰：「老母感君厚德，特遣慈来；如不能解围，慈亦无颜见母矣。愿决一死战。」融曰：「吾闻刘玄德乃当世英雄，若请得他来相救此围自解；只无人可使耳。」慈曰：「府君修书，某当急往。」融喜，修书付慈。慈擐甲上马，腰带弓矢，手时铁鎗，饱食严装，城门开处，一骑飞出。近河，贼将率众来战，慈连搠死数人，透围而出。管亥知有人出城，料必是请救兵的，便自引数百骑赶来，八面围定。慈倚住鎗，拈弓搭箭，八面射之，无不应弦落马。贼众不敢来追。 || Chapter 11, P011-008: 太史慈得脱，星夜投平原来见刘玄德。施礼罢，具言孔北海被围求救之事，呈上书札。玄德看毕，问慈曰：「足下何人？」慈曰：「某太史慈，东海之鄙人也。与孔融亲非骨肉，比非乡党，特以气谊相投，有分忧共患之意。今管亥暴乱，北海被围，孤穷无告，危在旦夕。闻君仁义素著，能救人危急，故特令某冒锋突围，前来求救。」玄德敛容答曰：「孔北海知世间有刘备耶？」乃同云长、翼德点精兵三千，往北海郡进发。 || Chapter 11, P011-009: 管亥望见救军来到，亲自引兵迎敌；因见玄德兵少，不以为意。玄德与关、张、太史慈立马阵前，管亥忿怒直出。太史慈却待向前，云长早出，直取管亥。两马相交，众军大喊；量管亥怎敌得云长，数十合之间，青龙刀起，劈管亥于马下。太史慈，张飞，两骑齐出，双枪并举，杀入贼阵。玄德驱兵掩杀。城上孔融望见太史慈与关、张赶杀贼众，如虎入羊群，纵横莫当，便驱兵出城。两下夹攻，大败群贼，降者无数，余党溃散。",same_body_paragraph
刘备,黄盖,3,3,6;55;56,"Chapter 6, P006-001: 却说张飞拍马赶到关下，关上矢石如雨，不得进而回。八路诸侯，同请玄德、关、张贺功，使人去袁绍寨中报捷。绍遂移檄孙坚，令其进兵。坚引程普，黄盖，至袁术寨中相见。坚以杖画地曰：「董卓与我，本无雠隙。今我奋不顾身，亲冒矢石，来决死战者：上为国家讨贼，下为将军家门之私；而将军却听谗言，不发粮草，致坚败绩，将军何安！」 || Chapter 55, P055-022: 玄德与孔明正行间，忽然江声大振，回头视之，只见战船无数。帅字旗下，周瑜自领惯战水军，左有黄盖，右有韩当，势如飞马，疾似流星。看看赶上，孔明教棹船投北岸，弃了船尽皆上岸而走，车马登程。周瑜赶到江边，亦皆上岸追袭。大小水军，尽是步行。止有为首官军骑马。周瑜当先，黄盖、韩当、徐盛、丁奉紧随。周瑜曰：「此处是那里？」军士答曰：「前面是黄州界首。」望见玄德军马不远，瑜令并力追袭。 || Chapter 56, P056-001: 却说周瑜被诸葛亮预先埋伏关公，黄忠，魏延三枝军马，一击大败。黄盖、韩当急救下船，折却水军无数。遥观玄德，孙夫人车马仆从，都停住于山顶之上，瑜如何不气？箭疮未愈，因怒气冲激，疮口迸裂，昏绝于地；众将救醒，开船逃去。孔明教休追赶，自和玄德归荆州庆喜，赏赐众将。",same_body_paragraph
刘琦,孙权,3,2,42;43,"Chapter 42, P042-023: 却说玄德至江夏，与孔明、刘琦共议良策。孔明曰：「曹操势大，急难抵敌，不如往投东吴孙权，以为应援。使南北相持，吾等于中取利，有何不可？」玄德曰：「江东人物极多，必有远谋，安肯相容耶？」孔明笑曰：「今操引百万之众，虎踞江汉，江东安得不使人来探听虚实？」若有人到此，亮借一帆风，直至江东，凭三寸不烂之舌，说南北两军互相吞并。若南军胜，共诛曹操以取荆州之地；若北军胜，则我乘势以取江南可也。」玄德曰：「此论甚高。但如何得江东人到？」 || Chapter 42, P042-024: 正说间，人报江东孙权差鲁肃来吊丧，船已傍岸。孔明笑曰：「大事济矣！」遂问刘琦曰：「往日孙策亡时，襄阳曾遣人去吊丧否？」琦曰：「江东与我家有杀父之雠，安得通庆吊之礼？」孔明曰：「然则鲁肃之来，非为吊丧，乃来探听军情也。」遂谓玄德曰：「鲁肃至，若问曹操动静，主公只推不知。再三问时，主公只说可问诸葛亮。」 || Chapter 43, P043-001: 却说鲁肃、孔明辞了玄德、刘琦，登舟望柴桑郡来。二人在舟中共议，鲁肃谓孔明曰：「先生见孙将军，切不可实言曹操兵多将广。」孔明曰：「不须子敬叮咛，亮自有对答之语。」及船到岸，肃请孔明于馆驿中暂歇，先自往见孙权。权正聚文武于堂上议事，闻鲁肃回，急召入问曰：「子敬往江夏，体探虚实若何？」肃曰：「已知其略，尚容徐禀。」权将曹操檄文示肃曰：「操昨遣使赍文至此，孤先发遣来使，现今会众商议未定。」肃接檄文观看。其略曰：",same_body_paragraph
刘琦,张飞,3,2,41;52,"Chapter 41, P041-013: 却说玄德拥著百姓，缓缓而行。孔明曰：「追兵不久即至，可遗云长往江夏求救公子刘琦，教他速起兵乘船会于江陵。」玄德从之，即修书令云长同孙干领五百军往江夏求救；令张飞断后；赵云保护老小；其余俱管顾百姓而行。每日只走十余里便歇。 || Chapter 41, P041-021: 却说玄德引十数万百姓、三千余军马，一程程挨著往江陵进发。赵云保护老小，张飞断后。孔明曰：「云长往江夏去了，绝无回音，不知若何。」玄德曰：「敢烦军师亲自走一遭，刘琦感公昔日之教，今若见公亲至，事必谐矣。」孔明允诺，便同刘封引五百军先往江夏求救去了。 || Chapter 52, P052-009: 玄德大喜，遂问：「四郡当先取何郡？」良曰：「湘江之西，零陵最近，可先取之。次取武陵。然后湘江之东取桂阳。长沙为后。」玄德遂用马良为从事，伊籍副之；请孔明商议送刘琦回襄阳，替云长回荆州；便调兵取零陵，差张飞为先锋，赵云合后，孔明，玄德为中军，人马一万五千；留云长守荆州；糜竺，刘封守江陵。",same_body_paragraph
刘璋,袁绍,3,3,16;21;38,"Chapter 16, P016-043: 登点头允诺，回徐州见吕布。布问之，登言父赠禄，某为太守。布大怒曰：「汝不为吾求徐州牧，而乃自求爵禄！汝父教我协同曹公，绝婚公路，今吾所求，终无一获，而汝父子俱各显贵，吾为汝父子所卖耳！」遂拔剑欲斩之。登大笑曰：「将军何其不明之甚也！」布曰：「吾何不明？」登曰：「吾见曹公，言养将军譬如养虎，当饱其肉；不饱则将噬人。」曹公笑曰：「不如卿言。吾待温侯，如养鹰耳，狐兔未息，不敢先饱。饥则为用，饱则飏去。」某问：「谁为狐兔？」曹公曰：「淮南袁术、江东孙策、冀州袁绍、荆州刘表、益州刘璋、汉中张鲁，皆狐兔也。」布掷剑笑曰：「曹公知我也！」正说话间，忽报袁术军来取徐州。吕布闻言失惊。正是：秦晋未谐吴越斗，婚姻惹出甲兵来。毕竟后事如何。且看下文分解。 || Chapter 21, P021-008: 玄德曰：「备肉眼安识英雄？」操曰：「休得过谦。」玄德曰：「备叨恩庇，得仕于朝。天下英雄，实有未知。」操曰：「既不识其面，亦闻其名。」玄德曰：「淮南袁术，兵粮足备，可谓英雄。」操笑曰：「冢中枯骨，吾早晚必擒之！」玄德曰：「河北袁绍，四世三公，门多故吏；今虎踞冀州之地，部下能事者极多，可谓英雄。」操笑曰：「袁绍色厉胆薄，好谋无断；干大事而惜身，见小利而忘命：非英雄也。」玄德曰：「有一人名称八骏，威镇九州──刘景升可为英雄。」操曰：「刘表虚名无实，非英雄也。」玄德曰：「有一人血气方刚，江东领袖──孙伯苻乃英雄也。」操曰：「孙策藉父之名，非英雄也。」玄德曰：「益州刘季玉，可为英雄乎？」操曰：「刘璋虽系宗室，乃守户之犬耳，何足为英雄！」玄德曰：「如张绣、张鲁、韩遂等辈皆何如？」操鼓掌大笑曰：「此等碌碌小人，何足挂齿！」玄德曰：「舍此之外，备实不知。」操曰：「夫英雄者，胸怀大志，腹有良谋；有包藏宇宙之机，吞吐天地之志者也。」玄德曰：「谁能当之？」操以手指玄德，后自指曰：「今天下英雄，惟使君与操耳。」 || Chapter 38, P038-008: 孔明曰：「自董卓造逆以来，天下豪杰并起。曹操势不及袁绍，而竟能克绍者，非惟天时，抑亦人谋也。今操已拥百万之众，挟天子以令诸侯，此诚不可与争锋。孙权据有江东，已历三世，国险而民附，此可用为援，而不可图也。荆州北据汉沔，利尽南海，东连吴会，西通巴蜀，此用武之地，非其主不能守。是殆天所以资将军，将军岂可弃乎？益州险塞，沃野千里，天府之国，高祖因之以成帝业。今刘璋暗弱，民殷国富，而不知存恤，智能之士，思得明君。将军既帝室之胄，信义著于四海，总揽英雄，思贤如渴，若跨有荆益，保其岩阻，西和诸戎，南抚彝越，外结孙权，内修政理；待天下有变，则命一上将，将荆州之兵，以向宛洛；将军身率益州之众，以出秦川，百姓有不箪食壸浆以迎将军者乎？诚如是，则大业可成，汉室可兴矣。此亮所以为将军谋者也。惟将军图之。」言罢，命童子取出画一轴，挂于中堂，指谓玄德曰：「此西川五十四州之图也。将军欲成霸业，北让曹操占天时，南让孙权占地利，将军可占人和。先取荆州为家，后即取西川建基业，以成鼎足之势，然后可图中原也。」",same_body_paragraph
刘璋,鲁肃,3,1,56,"Chapter 56, P056-014: 却说玄德与孔明在荆州广聚粮草，调练军马，远近之士多归之。忽报鲁肃到，玄德问孔明曰：「子敬此来何意？」孔明曰：「昨者孙权表主公为荆州牧，此是惧曹操之计。操封周瑜为南郡太守，此欲令我两家自相吞并，他好于中取事也。今鲁肃此来，又是周瑜既受太守之职，要来索荆州之意。」玄德曰：「何以答之？」孔明曰：「若肃提起荆州之事，主公便放声大哭。哭到悲切之处，亮自出来解劝。」计会已定，接鲁肃入府，礼毕，叙坐。肃曰：「今日皇叔做了东吴女婿，便是鲁肃主人，如何敢坐？」玄德笑曰：「子敬与我旧交，何必太谦？」肃乃就坐。茶罢，肃曰：「今奉吴侯钧命，专为荆州一事而来。皇叔已借住多时，未蒙见还。今既两家结亲，当看亲情面上，早早交付。」玄德闻言，掩面大哭。肃惊曰：「皇叔何故如此？」玄德哭声不绝。孔明从屏后出曰：「亮听之久矣。子敬知吾主人哭的缘故么？」肃曰：「某实不知。」孔明曰：「有何难见？当初我主人借荆州时，许下取得西川便还。仔细想来：益州刘璋是我主人之弟，一般都是汉朝骨肉。若要兴兵去取他城池时，恐被外人唾骂；若要不取，还了荆州，何处安身？若不还时，于尊舅面上又不好看。事出两难，因此泪出痛肠。」孔明说罢，触动玄德衷肠，真个搥胸顿足，放声大哭。鲁肃劝曰：「皇叔且休烦恼，与孔明从长计议。」孔明曰：「有烦子敬，回见吴侯，勿惜一言之劳，将此烦恼情节，恳告吴侯，再容几时。」肃曰：「倘吴侯不从，如之奈何？」孔明曰：「吴侯既以亲妹聘嫁皇叔，安得不从乎？望子敬善言回复。」 || Chapter 56, P056-015: 鲁肃是个宽仁长者，见玄德如此哀痛，只得应允。玄德、孔明拜谢。宴毕，送鲁肃下船。迳到柴桑，见了周瑜，具言其事。周瑜顿足曰：「子敬又中诸葛亮之计也！当初刘备依刘表时，常有吞并之意，何况西川，刘璋乎？似此推调，未免累及老兄矣。吾有一计，使诸葛亮不能出吾算中。子敬便当一行。」肃曰：「愿闻妙策。」瑜曰：「子敬不必去见吴侯，再去荆州对刘备说：孙，刘两家，既结为亲，便是一家；若刘氏不忍去取西川，我东吴起兵去取；取得西川时，以作嫁资，却把荆州交还东吴。」肃曰：「西川迢递，取之非易。都督此计，莫非不可？」瑜笑曰：「子敬真长者也。你道我真个去取西川与他？我只以此为名，实欲去取荆州，且教他不做准备。东吴军马，收川路过荆州，就问他索要钱粮，刘备必然出城劳军。那时乘势杀之，夺取荆州，雪吾之恨，解足下之祸。」鲁肃大喜，便再往荆州来。玄德与孔明商议。孔明曰：「鲁肃必不曾见吴侯，只到柴桑和周瑜商量了甚计策，来诱我耳。但说的话，主公只看我点头，便满口应承。」计会已定，鲁肃入见，礼毕，曰：「吴侯甚是称赞皇叔盛德，遂与诸将商议，起兵替皇叔收川。取了西川，却换荆州，以西川权当嫁资。但军马经过，却望应些钱粮。」孔明听了，忙点头曰：「难得吴侯好心！」玄德拱手称谢曰：「此皆子敬善言之力。」孔明曰：「如雄师到日，即当远接稿劳。」鲁肃暗喜，宴罢辞回。玄德问孔明曰：「此是何意？」孔明大笑曰：「周瑜死日近矣！这等计策，小儿也瞒不过！」玄德又问如何？孔明曰：「此乃『假途灭虢』之计也。虚名收川，实取荆州。等主公出城劳军，乘势拏下，杀入城来，攻其无备，出其不意也。」玄德曰：「如之奈何？」孔明曰：「主公宽心，只顾准备窝弓以擒猛虎，安排香饵以钓鳌鱼。等周瑜到来，他便不死，也九分无气。」便唤赵云听计：「如此如此，其余我自有摆布。」玄德大喜。后人有诗叹曰： || Chapter 56, P056-017: 却说鲁肃回见周瑜，说玄德，孔明欢喜不疑，准备出城劳军。周瑜大笑曰：「原来今番也中了吾计！」便教鲁肃禀报吴侯，并遣程普引兵接应。周瑜此时箭疮已渐平愈，身躯无事，使甘宁为先锋，自与徐盛，丁奉为第二；凌统，吕蒙为后队。水陆大兵五百万，望荆州而来。周瑜在船中，时复欢笑，以为孔明中计。前军至夏口，周瑜问：「荆州有人在前面接否？」人报：「刘皇叔使糜竺来见都督。」瑜唤至，问劳军如何。糜竺曰：「主公皆准备安排下了。」瑜曰：「皇叔何在？」竺曰：「在荆州城门相等，与都督把盏。」瑜曰：「今为汝家之事，出兵远征；劳军之礼，休得轻易。」糜竺领了言语先回。战船密密排在江上，依次而进。看看至公安，并无一双军船，又无一人远接。周瑜催船速行。离荆州十余里，只见江面上静荡荡的。哨探的回报：「荆州城上，插两面白旗，并不见一人之影。」瑜心疑，教把船傍岸，亲自上岸，乘马带了甘宁，徐盛，丁奉一班军官，引亲随精军三千人，迳望荆州来。既至城下，并不见动静。瑜勒住马，令军士叫门。城上问是谁人。吴军答曰：「是东吴周都督亲自此。」言未毕，忽一声梆子响，城上一齐都竖起鎗刀。敌楼上赵云出曰：「都督此行，端的为何？」瑜曰：「吾替汝主取西川，汝岂犹未知耶？」云曰：「孔明军师已知都督『假途灭虢』之计，故留赵云在此。吾主公有言：『孤与刘璋，皆汉室宗亲，安忍背义而取西川？若汝东吴端的取蜀，吾当披发入山，不失信于天下也。』」周瑜闻之，勒马便回。只见一人打著令字旗，于马前报说：「探得四路军马，一齐杀到：关某从江陵杀来，张飞从秭归杀来，黄忠从公安杀来，魏延从彝陵小路杀来：四路正不知多少军马。喊声远近震动百余里，皆言要捉周瑜。」瑜马上大叫一声，箭鎗复裂，墬于马下。正是：一著掑高难对敌，几番算定总成空。不知周瑜性命如何，且看下文解。",same_body_paragraph
刘禅,孟获,3,2,85;87,"Chapter 85, P085-026: 次日，后主车驾亲至相府。门吏见驾到，慌忙拜伏于地而迎。后主问曰；「丞相在何处？」门吏曰：「不知在何处。只有丞相钧旨，教挡住百官，勿得辄入。」后主乃下车步行，独进第三重门，见孔明独倚竹杖，在小池边观鱼。后主在后立久，乃徐徐而言曰：「丞相安乐否？」孔明回顾，见是后主，慌忙弃杖，拜伏于地曰：「臣该万死！」后主扶起，问曰；「今曹丕分兵五路，犯境甚急，相父缘何不肯出府视事？」孔明大笑，扶后主入内室坐定，奏曰：「五路兵至，臣安得不知？臣非观鱼，有所思也。」后主曰：「如之奈何？」孔明曰：「羌王轲比能，蛮王孟获，反将孟达，魏将曹真：此四路兵，臣已皆退去了也。止有孙权这一路兵，臣已有退兵之计，但须一能言之人为使。因未得其人，故熟思之。陛下何必忧乎？」 || Chapter 85, P085-027: 后主听罢，又惊又喜，曰：「相父果有鬼神不测之机也！愿闻退兵之策。」孔明曰：「先帝以陛下付托与臣，臣安敢旦夕怠慢？成都众官，皆不晓兵法之妙，贵在使人不测，岂可泄漏于人？老臣先知西番国王轲比能，引兵犯西平关；臣料马超积祖西川人氏，素得羌人之心，羌人以超为神威大将军；臣已先遣一人，星夜驰檄，令马超紧守西平关，伏四路奇兵，每日交换，以兵拒之：此一路不必忧矣。又南蛮孟获，兵犯四邵，臣亦飞檄遣魏延领一军左出右入，右出左入，为疑兵之计；蛮兵惟勇力，其心多疑，若见疑兵，必不敢进：此一路又不足忧矣。又知孟达引兵出汉中；孟达与李严曾结生死之交；臣回成都时，留李严守永安宫；臣已作一书，只做李严亲笔，令人送与孟达；达必然推病不出，以慢军心：此一路又不足忧矣。又知曹真引兵犯阳平关；此地险峻，可以保守，臣已调赵云引一军守把关隘，并不出战；曹真若见我军不出，不久自退矣。」 || Chapter 87, P087-002: 建兴三年，益州飞报：「蛮王孟获，大起蛮兵十万，犯境侵掠。建宁太守雍闿，乃汉朝什邡侯雍齿之后，今结连孟获造反。牂牁郡太守朱褒、越隽郡太守高定，二人献了城。止有永昌郡太守王伉不肯反。现今雍闿、朱褒、高定三人部下人马，皆与孟获为乡导官，攻打永昌郡。赖王伉与功曹吕凯，会集百姓，死守此城，其势甚急。」孔明乃入朝奏后主曰：「臣观南蛮不服，实国家之大患也。臣当自领大军，前去征讨。」后主曰：「东有孙权，北有曹丕；今相父弃朕而去，倘吴、魏来攻，如之奈何？」孔明日：「东吴方与我国讲和，料无异心；若有异心，李严在白帝城，此人可当陆逊也。曹丕新败，锐气已丧，未能远图；且有马超守把汉中诸处关口，不必忧也。臣又留关兴、张苞等分两军为救应，保陛下万无一失。今臣先去扫荡蛮方，然后北伐，以图中原，报先帝三顾之恩，托孤之重。」后主曰：「朕年幼无知，惟相父斟酌行之。」言未毕，班部内一人出曰：「不可！不可！」众视之，乃南阳人也：姓王，名连，字文仪；见为谏议大夫。连谏曰：「南方不毛之地，瘴疫之乡；丞相秉钧衡之重任，而自远征，非所宜也。且雍闿等乃疥癣之疾，丞相只须遣一大将讨之，必然成功。」孔明曰：「南蛮之地，离国甚远，人多不习王化，收伏甚难，吾当亲往征之。可刚可柔，别有斟酌，非可容易托人。」",same_body_paragraph
刘禅,曹真,3,1,85,"Chapter 85, P085-022: 丕大喜，随即密遣能言官四员为使前去；又命曹真为大都督，领兵十万，迳取阳平关。此时张辽等一班旧将，皆封列侯，俱在冀、徐、青及合淝等处，据守关津隘口，故不复调用。却说蜀汉后主刘禅，自即位以来，旧臣多有病亡者，不能细说。凡一应朝廷、选法、钱粮、词讼等事，皆听诸葛丞相裁处。时后主未立皇后。孔明与群臣上言曰：「故车骑将军张飞之女甚贤，年十七岁，可纳为正宫皇后。」后主即纳之。 || Chapter 85, P085-026: 次日，后主车驾亲至相府。门吏见驾到，慌忙拜伏于地而迎。后主问曰；「丞相在何处？」门吏曰：「不知在何处。只有丞相钧旨，教挡住百官，勿得辄入。」后主乃下车步行，独进第三重门，见孔明独倚竹杖，在小池边观鱼。后主在后立久，乃徐徐而言曰：「丞相安乐否？」孔明回顾，见是后主，慌忙弃杖，拜伏于地曰：「臣该万死！」后主扶起，问曰；「今曹丕分兵五路，犯境甚急，相父缘何不肯出府视事？」孔明大笑，扶后主入内室坐定，奏曰：「五路兵至，臣安得不知？臣非观鱼，有所思也。」后主曰：「如之奈何？」孔明曰：「羌王轲比能，蛮王孟获，反将孟达，魏将曹真：此四路兵，臣已皆退去了也。止有孙权这一路兵，臣已有退兵之计，但须一能言之人为使。因未得其人，故熟思之。陛下何必忧乎？」 || Chapter 85, P085-027: 后主听罢，又惊又喜，曰：「相父果有鬼神不测之机也！愿闻退兵之策。」孔明曰：「先帝以陛下付托与臣，臣安敢旦夕怠慢？成都众官，皆不晓兵法之妙，贵在使人不测，岂可泄漏于人？老臣先知西番国王轲比能，引兵犯西平关；臣料马超积祖西川人氏，素得羌人之心，羌人以超为神威大将军；臣已先遣一人，星夜驰檄，令马超紧守西平关，伏四路奇兵，每日交换，以兵拒之：此一路不必忧矣。又南蛮孟获，兵犯四邵，臣亦飞檄遣魏延领一军左出右入，右出左入，为疑兵之计；蛮兵惟勇力，其心多疑，若见疑兵，必不敢进：此一路又不足忧矣。又知孟达引兵出汉中；孟达与李严曾结生死之交；臣回成都时，留李严守永安宫；臣已作一书，只做李严亲笔，令人送与孟达；达必然推病不出，以慢军心：此一路又不足忧矣。又知曹真引兵犯阳平关；此地险峻，可以保守，臣已调赵云引一军守把关隘，并不出战；曹真若见我军不出，不久自退矣。」",same_body_paragraph
刘禅,王平,3,3,87;104;105,"Chapter 87, P087-003: 王连再三苦劝，孔明不从。是日，孔明辞了后主，令蒋琬为参军；费袆为长史；董厥、樊建二人为掾史；赵云、魏延为大将，总督军马；王平、张翼为副将；并川将数十员：共起川兵五十万，前望益州进发。忽有关公第三子关索，入军来见孔明曰：「自荆州失陷，逃难在鲍家庄养病。每要赴川见先帝报雠，疮痕未合，不能起行。近已安痊，打探得东吴雠人已皆诛戮，迳来西川见帝，恰在途中遇见征南之兵，特来投见。孔明闻之，嗟讶不已；面遣人申报朝廷，就令关索为前部先锋，一同征南。大队人马，各依队伍而行。饥餐渴饮，夜住晓行：所经之处，秋亳无犯。 || Chapter 104, P104-006: 李福领了言语,匆匆辞去。孔明强支病体,令左右扶上小车,出寨遍观各营,自觉秋风吹面,彻骨生寒：乃长叹曰：「再不能临阵讨贼矣！悠悠苍天,曷此其极！」叹息良久。回到帐中,病转沉重,乃唤杨仪吩咐曰：「马岱、王平、廖化、张翼、张嶷等,皆忠谅死节之士,久经战阵,多负勤劳,堪可委用。我死之后,凡事俱依旧章而行。缓缓退兵,不可急骤。汝深通谋略,不必多嘱。姜伯约智勇足备,可以断后。杨仪泣拜受命。孔明令取文房四宝,于卧榻上手书遗表,以达后主。表略曰： || Chapter 105, P105-019: 却说后主回到成都，忽近臣奏曰：「边庭报来，东吴令全综引兵数万，屯于巴丘界口，未知何意。」后主惊曰：「丞相新亡，东吴负盟侵界，如之奈何？」蒋琬奏曰：「臣敢保王平、张嶷引兵数万屯于永安，以防不测。陛下再命一人去东吴报丧，以探其动静。」后主曰：「须得一舌辩之士为使。」一人应声而出曰：「微臣愿往。」众视之，乃南阳安众人，姓宗，名预，字德艳，官任参军右中郎将。后主大喜，即命宗预往东吴报丧，兼探虚实。",same_body_paragraph
刘禅,陆逊,3,3,87;97;98,"Chapter 87, P087-002: 建兴三年，益州飞报：「蛮王孟获，大起蛮兵十万，犯境侵掠。建宁太守雍闿，乃汉朝什邡侯雍齿之后，今结连孟获造反。牂牁郡太守朱褒、越隽郡太守高定，二人献了城。止有永昌郡太守王伉不肯反。现今雍闿、朱褒、高定三人部下人马，皆与孟获为乡导官，攻打永昌郡。赖王伉与功曹吕凯，会集百姓，死守此城，其势甚急。」孔明乃入朝奏后主曰：「臣观南蛮不服，实国家之大患也。臣当自领大军，前去征讨。」后主曰：「东有孙权，北有曹丕；今相父弃朕而去，倘吴、魏来攻，如之奈何？」孔明日：「东吴方与我国讲和，料无异心；若有异心，李严在白帝城，此人可当陆逊也。曹丕新败，锐气已丧，未能远图；且有马超守把汉中诸处关口，不必忧也。臣又留关兴、张苞等分两军为救应，保陛下万无一失。今臣先去扫荡蛮方，然后北伐，以图中原，报先帝三顾之恩，托孤之重。」后主曰：「朕年幼无知，惟相父斟酌行之。」言未毕，班部内一人出曰：「不可！不可！」众视之，乃南阳人也：姓王，名连，字文仪；见为谏议大夫。连谏曰：「南方不毛之地，瘴疫之乡；丞相秉钧衡之重任，而自远征，非所宜也。且雍闿等乃疥癣之疾，丞相只须遣一大将讨之，必然成功。」孔明曰：「南蛮之地，离国甚远，人多不习王化，收伏甚难，吾当亲往征之。可刚可柔，别有斟酌，非可容易托人。」 || Chapter 97, P097-001: 却说蜀汉建兴六年秋九月，,魏都督曹休被东吴陆逊大破于石亭，车仗马匹，军资器械，并皆罄尽。休惶恐之甚，气忧成病，到洛阳，疸发背而死，魏主曹叡敕令厚葬。司马懿引兵还。众将接入问曰：「曹都督兵败，即元帅之干系，何故急回耶？」懿曰：「吾料诸葛亮知吾兵败，必乘虚来取长安。倘陇西紧急，何人救之？吾故回耳。」众皆以为惧怯，晒笑而退。却说东吴遣使致书蜀中，请兵伐魏，并言大破曹休之事；一者显自己威风，二者通和会之好。后主大喜，令人持书至汉中，报知孔明。时孔明兵强马壮，粮草丰足，所用之物，一切完备，正要出师；听知此信，即设宴大会诸将，计议出师。忽一阵大风，自东北角上而起，把庭前松树吹折，众皆大惊。孔明就占一课，曰：「此风主损一大将！」诸将未信。正饮酒间，忽报镇南将军赵云长子赵统、次子赵广来见。孔明大惊，掷杯于地曰：「子龙休矣！」二子入见，拜哭曰：「某父昨夜三更病重而死。」孔明跌足而哭曰：「子龙身故，国家损一栋梁，去吾一臂也！」众将无不挥泪。孔明令二子入成都面君报丧。后主闻云死，放声大哭曰：「朕昔年幼，非子龙则死于乱军之中矣！」即下诏追赠大将军，谥顺平侯，敕葬于成都锦屏山之东；建立庙堂，四时享祭。后人有诗曰： || Chapter 98, P098-024: 权从其言，即令使命星夜入川，来见后主。礼毕，细奏其事。后主闻知，遂与群臣商议。众议皆谓孙权僭越，宜绝其盟好。蒋琬曰：「可令人问于丞相。」后主即遣使到汉中问孔明。孔明曰：「可令人赍礼物入吴作贺，乞遣陆逊兴师伐魏。魏必令司马懿拒之。懿若南拒东吴，我再出祁山，长安可图也。」后主依言，遂令太尉杨震，将名马玉带，金珠宝贝，入吴作贺。震至东吴，见了孙权，呈上国书。权大喜，设晏相待，打发回蜀。权召陆逊入，告以西蜀约会兴伐魏之事。逊曰：「此乃孔明惧司马懿之谋也。既与同谋，不得不从。今却虚作起兵之势，遥与蜀兵为应。待孔明攻魏急，吾可乘虚取中原也。」即时下令教荆、襄各处都要训练人马，择日兴师。",same_body_paragraph
刘禅,马超,3,3,73;85;87,"Chapter 73, P073-005: 玄德再三推迟不过，只得依允。建安二十四年秋七月，筑坛于沔阳，方圆九里，分布五方，各设旌旗仪仗。群臣皆依次序排列。许靖、法正请玄德登坛，进冠冕玺绶讫，面南而坐，受文武官员拜贺为汉中王。子刘禅立为王世子。封许靖为太傅，法正为尚书令。诸葛亮为军师，总理军国重事。封关羽、张飞、赵云、马超、黄忠为五虎大将军；魏延为汉中太守。其余各拟功勋定爵。 || Chapter 85, P085-027: 后主听罢，又惊又喜，曰：「相父果有鬼神不测之机也！愿闻退兵之策。」孔明曰：「先帝以陛下付托与臣，臣安敢旦夕怠慢？成都众官，皆不晓兵法之妙，贵在使人不测，岂可泄漏于人？老臣先知西番国王轲比能，引兵犯西平关；臣料马超积祖西川人氏，素得羌人之心，羌人以超为神威大将军；臣已先遣一人，星夜驰檄，令马超紧守西平关，伏四路奇兵，每日交换，以兵拒之：此一路不必忧矣。又南蛮孟获，兵犯四邵，臣亦飞檄遣魏延领一军左出右入，右出左入，为疑兵之计；蛮兵惟勇力，其心多疑，若见疑兵，必不敢进：此一路又不足忧矣。又知孟达引兵出汉中；孟达与李严曾结生死之交；臣回成都时，留李严守永安宫；臣已作一书，只做李严亲笔，令人送与孟达；达必然推病不出，以慢军心：此一路又不足忧矣。又知曹真引兵犯阳平关；此地险峻，可以保守，臣已调赵云引一军守把关隘，并不出战；曹真若见我军不出，不久自退矣。」 || Chapter 87, P087-002: 建兴三年，益州飞报：「蛮王孟获，大起蛮兵十万，犯境侵掠。建宁太守雍闿，乃汉朝什邡侯雍齿之后，今结连孟获造反。牂牁郡太守朱褒、越隽郡太守高定，二人献了城。止有永昌郡太守王伉不肯反。现今雍闿、朱褒、高定三人部下人马，皆与孟获为乡导官，攻打永昌郡。赖王伉与功曹吕凯，会集百姓，死守此城，其势甚急。」孔明乃入朝奏后主曰：「臣观南蛮不服，实国家之大患也。臣当自领大军，前去征讨。」后主曰：「东有孙权，北有曹丕；今相父弃朕而去，倘吴、魏来攻，如之奈何？」孔明日：「东吴方与我国讲和，料无异心；若有异心，李严在白帝城，此人可当陆逊也。曹丕新败，锐气已丧，未能远图；且有马超守把汉中诸处关口，不必忧也。臣又留关兴、张苞等分两军为救应，保陛下万无一失。今臣先去扫荡蛮方，然后北伐，以图中原，报先帝三顾之恩，托孤之重。」后主曰：「朕年幼无知，惟相父斟酌行之。」言未毕，班部内一人出曰：「不可！不可！」众视之，乃南阳人也：姓王，名连，字文仪；见为谏议大夫。连谏曰：「南方不毛之地，瘴疫之乡；丞相秉钧衡之重任，而自远征，非所宜也。且雍闿等乃疥癣之疾，丞相只须遣一大将讨之，必然成功。」孔明曰：「南蛮之地，离国甚远，人多不习王化，收伏甚难，吾当亲往征之。可刚可柔，别有斟酌，非可容易托人。」",same_body_paragraph
刘表,孔融,3,2,23;40,"Chapter 23, P023-001: 却说曹操欲斩刘岱、王忠。孔融谏曰：「二人本非刘备敌手，若斩之，恐失将士之心。」操乃免其死，黜罢爵禄，欲自起兵伐玄德。孔融曰：「方今隆冬盛寒，未可动兵；待来春未为晚也。可先使人招安张绣、刘表，然后再图徐州。」操然其言，先遣刘晔往说张绣。晔至襄城，先见贾诩，陈说曹公盛德。诩乃留晔于家中。 || Chapter 23, P023-011: 时孔融在坐，恐操杀衡，乃从容进曰：「祢衡罪同胥靡，不足发明王之梦。」操指衡而言曰：「令汝往荆州为使。如刘表来降，便用汝作公卿。」衡不肯往。操备马三匹，令二人扶挟而行；却教手下文武，整酒于东门外送之。荀彧曰：「如祢衡来，不可起身。」衡至。下马入见，众皆端坐。衡放声大哭。荀彧问曰：「何为而哭？」衡曰：「行于死柩之中，如何不哭？」众皆曰：「吾等是死尸，汝乃无头狂鬼耳！」衡曰：「吾乃汉朝之臣，不作曹瞒之党，安得无头？」众欲杀之。苟彧急止之曰：「量鼠雀之辈，何足污刀！」衡曰：「吾乃鼠雀，尚有人性；汝等只可谓之蜾虫！」众恨而散。 || Chapter 40, P040-003: 大中大夫孔融谏曰：「刘备、刘表皆汉室宗亲，不可轻伐。孙权虎踞六郡，且有大江之险，亦不易取。今丞相兴此无义之师，恐失天下之望。」操怒曰：「刘备、刘表、孙权皆逆命之臣，岂容不讨？」遂叱退孔融，下令如有再谏者必斩。孔融出府，仰天叹曰：「以至不仁伐至仁，安得不败乎！」",same_body_paragraph
刘表,张昭,3,3,38;39;43,"Chapter 38, P038-027: 言讫遂终。孙权哀哭，具丧葬之礼，自不必说。至来年春，孙权商议欲伐黄祖。张昭曰：「居丧未及期年，不可动兵．」周瑜曰：「报仇雪恨，何待期年？」权犹豫未决。适北平都尉吕蒙入见，告权曰：「某把龙湫水口，忽有黄祖部将甘宁来降。某细询之。宁字兴霸，巴郡临江人也；颇通书史，有气力，好游侠；尝招合亡命，纵横于江湖之中；腰悬铜铃，人听铃声，尽皆避之。又尝以西川锦作帆幔，时人皆称为『锦帆贼』。后悔前非，改行从善，引众投刘表。见表不能成事，即欲来投东吴，却被黄祖留住在夏口。 || Chapter 39, P039-002: 黄祖自知难免，拨马而走。甘宁冲开士卒，直赶将来，只听得后面喊声起处，又有数骑赶来。宁视之，乃程普也。宁恐普来争功，慌忙拈弓搭箭，背射黄祖，祖中箭翻身落马，宁枭其首级，回马与程普合兵一处，回见孙权，献黄祖首级。权命以木匣盛贮，待回江东祭献于亡父灵前。重赏三军，升甘宁为都尉。商议欲分兵守江夏。张昭曰：「孤城不可守，不如且回江东。刘表知我破黄祖，必来报雠。我以逸待劳，必败刘表。表败而后乘势攻之，荆襄可得也。」权从其言，遂弃江夏，班师回江东。 || Chapter 43, P043-010: 这一篇言语，说得张昭并无一言回答。座上忽一人抗声问曰：「今曹公兵屯百万，将列千员，龙骧虎视，平吞江夏，公以为何如？」孔明视之，乃虞翻也。孔明曰：「曹操收袁绍蚁聚之兵，劫刘表乌合之众，虽数百万不足惧也。」虞翻冷笑曰：「军败于当阳，计穷于夏口，区区求救于人，而犹言不惧，此真大言欺人也！」孔明曰：「刘豫州以数千仁义之师，安能敌百万残暴之众，退守夏口，所以待时也。今江东兵精粮足，且有长江之险，犹欲使其主屈膝降贼，不顾天下耻笑；由此论之，刘豫州真不惧操贼者矣！」",same_body_paragraph
刘表,荀攸,3,3,18;23;32,"Chapter 18, P018-022: 却说简雍至许都见曹操，具言前事。操即聚众谋士议曰：「吾欲攻吕布，不忧袁绍掣肘，只恐刘表、张绣扰其后耳。」荀攸曰：「二人新破，未敢轻动。吕布骁勇，若更结连袁术，纵横淮、泗，急难图矣。」郭嘉曰：「今可乘其初叛，众心未附疾往击之。」 || Chapter 23, P023-004: 绣从其言，请刘晔相见。晔盛称操德，且曰：「丞相若记旧怨，安肯使某来结好将军乎？」绣大喜，即同贾诩等赴许都投降。绣见操，拜于阶下。操忙扶起，执其手曰：「有小过失，勿记于心。」遂封绣为扬武将军，封贾诩为执金吾使。操即命绣作书招安刘表。贾诩进曰：「刘景升好结纳名流，今必得一有文名之士往说之，方可降耳。」操问荀攸曰：「谁人可去？」攸曰：「孔文举可当其任。」 || Chapter 32, P032-012: 操看书毕，留辛毗于寨中，聚文武计议。程昱曰：「袁谭被袁尚攻击太急，不得已而来降，不可准信。」吕虔、满宠亦曰：「丞相既引兵至此，安可复舍表而助谭？」荀攸曰：「三公之言未善。以愚意度之，天下方有事，而刘表坐保江、汉之间，不敢展足，其无四方之志可知矣；袁氏据四州之地，带甲数十万，若二子和睦，共守成业，天下事未可知也。今其兄弟相攻，势穷而投我，我提兵先除袁尚，后观其变。并灭袁谭，天下定矣。此机会不可失也。」",same_body_paragraph
刘表,黄忠,3,2,53;62,"Chapter 53, P053-005: 玄德大喜，遂令张飞星夜去替云长守荆州，令云长来取长沙。云长既至，入见玄德、孔明。孔明曰：「子龙取桂阳，翼德取武陵，都是三千军去。今长沙太守韩玄，固不足道，只是他有一员大将，乃南阳人，姓黄，名忠，字汉升；是刘表帐下中郎将，与刘表之姪刘磐共守长沙，后事韩玄；虽今年近六旬，却有万夫不当之勇，不可轻敌。云长去，必须多带军马。」 || Chapter 53, P053-019: 魏延喏喏连声而退。黄忠荐刘表姪刘磐，——现在攸县闲居。——玄德取回，教掌长沙郡。四郡己平，玄德班师回荆州，改油江口为公安。自此钱粮广盛，贤士归之；将军马四散屯于隘口。 || Chapter 62, P062-030: 却说玄德令黄忠，魏延各守一寨，自回涪城，与军师庞统商议。细作报说：「东吴孙权遣人结好东川张鲁，将欲来攻葭萌关。」玄德惊曰：「若葭萌关有失，截断后路，吾进退不得，当如之何？」庞统谓孟达曰：「公乃蜀中人，多知地理，去守葭萌关，如何？」达曰：「某保一人与某同去守关，万无一失。」玄德问何人。达曰：「此人曾在荆州刘表部下为中郎将，乃南郡枝江人。姓霍，名峻，字仲邈。」玄德大喜，即时遣孟达，霍峻守葭萌关去了。",same_body_paragraph
华歆,孙权,3,2,56;66,"Chapter 56, P056-012: 曹操连饮杯，不觉沈醉，唤左右棒过笔砚，亦欲作铜雀台诗。刚才下笔，忽报：「东吴使华歆表秦刘备为荆州牧，孙权以妹嫁刘备，汉上九郡大半已属备矣。」操闻之，手脚慌乱，投笔于地。程昱曰：「丞相在万军之中，矢石交攻之际，未尝动心；今闻刘备得了荆州，何故如此失惊？」操曰：「刘备人中之龙也，生平未尝得水。今得荆州，是困龙入大海矣。孤安得不动心哉！」程昱曰：「丞相知华歆来意否？」操曰：「未知。」昱曰：「孙权本忌刘备，欲以兵攻之；但恐丞相乘虚而击，故今华歆为使，表荐刘备。以安备之心，以塞丞相之望耳。」 || Chapter 56, P056-013: 操点头曰：「是也。」昱曰：「某有一计，使孙、刘自相吞并，丞相乘间图之，一鼓而二敌俱破。」操大喜，遂问其计。程昱曰：「东吴所倚者，周瑜也。丞相今表奏周瑜为南郡太守、程普为江夏太守，留华歆在周瑜既领南郡，愈思报雠，遂上书吴侯，乞命鲁肃去讨还荆州。孙权乃命肃曰：「汝昔保荆州与刘备，今备迁延不还，等待何时？」肃曰：「文书上明白写著，得了西川便还。」权叱曰：「只说取西川，至今又不动兵，不等老了人！」肃曰：「某愿往言之。」遂乘投荆州而来。 || Chapter 66, P066-027: 原来华歆素有文名，向与邴原，管宁相友善。时人称三人为一龙：华歆为龙头，原为龙腹，管宁为龙尾。一日，宁与歆共种园蔬，锄地见金。宁挥锄不顾；歆拾而视之，然后掷下。又一日，宁与歆同坐观书，闻户外传呼之声，有贵人乘轩而过。宁端坐不动，歆弃书往观。宁自此鄙歆之为人，遂割席分坐，不复与之为友。后来管宁避居辽东，常带白帽，坐卧一楼，足不履地，终身不肯仕魏，而歆乃先事孙权，后归曹操，至此乃有收捕伏皇后一事。后人有诗叹华歆曰：华歆当日逞凶谋，破壁生将母后收。助虐一朝添虎翼，骂名千载笑龙头。",same_body_paragraph
华歆,曹真,3,3,91;94;99,"Chapter 91, P091-011: 正言间，内侍奏征东大将军曹休入宫问安。丕召入谓曰：「卿等皆国家柱石之臣也，若能同心辅朕之子，朕死亦瞑目矣！」言讫，堕泪而薨。时年四十岁，在位七年。于是曹真、陈群、司马懿、曹休等，一面举哀，一面拥立曹叡为大魏皇帝。谥父丕为文皇帝，谥母甄氏为文昭皇后。封钟繇为太傅，曹真为大将军，曹休为大司马，华歆为太尉，王朗为司徒，陈群为司空，司马懿为骠骑大将军。其余文武官僚，各各封赠。大赦天下。时雍，凉，二州缺人守把，司马懿上表乞守西凉等处。曹叡从之，遂封懿提督雍，凉等处兵马。领诏去讫。 || Chapter 94, P094-006: 却说魏主曹叡设朝，近臣奏曰：「大都督曹真，数败于蜀，折了两个先锋，羌兵又折了无数，其势甚急。今上表求救，请陛下裁处。」叡大惊，急问退军之策。华歆奏曰：「须是陛下御驾亲征，大会诸侯，人皆用命，方可退也。不然，长安有失，关中危矣。」太傅钟繇奏曰：「凡为将者，知过于人，则能制人。孙子云：『知彼知己，百战百胜。』臣量曹真虽久用兵，非诸葛亮对手。臣以全家良贱保举一人，可退蜀兵。未知圣意准否？」叡曰：「卿乃大老元臣；有何贤士，可退蜀兵，早召来与朕分忧。」钟繇奏曰：「向者，诸葛亮欲兴师犯境，但惧此人，故散流言，使陛下疑而去之，方敢长驱大进。今若复用之，则亮自退矣。」叡问何人。繇曰：「骠骑大将军司马懿也。」叡叹曰：「此事朕亦悔之。今仲达现在何地？」繇曰：「近闻仲达在宛城闲住。」叡即降诏，遣使持节，复司马懿官职，加为平西都督，就起南阳诸路军马，前赴长安。叡御驾亲征，令司马懿克日到彼聚会。使命星夜到宛城去了。 || Chapter 99, P099-044: 魏主览表，正在犹豫，杨阜、华歆亦上疏谏。魏主即下诏，遣使诏曹真、司马懿还朝。",same_body_paragraph
司马师,邓艾,3,1,110,"Chapter 110, P110-008: 司马师见毋丘俭军退，聚多官商议。尚书傅嘏曰：「今俭兵退者，忧吴人袭寿春也，必回项城分兵拒守。将军可令一军取乐嘉城，一军取项城，一军取寿春：则淮南之卒必退矣。兖州刺史邓艾，足智多谋；若领兵迳取乐嘉，更以重兵应之，破贼不难也。」师从之，急遣使持檄文，教邓艾起兖州之兵破乐嘉城，师随后引兵到彼会合。 || Chapter 110, P110-010: 时文鸯悬鞭立于父侧，闻知此语，乃告父曰：「趁彼营寨未成，可分兵两路，左右击之，可全胜也。」钦曰：「何时可去？」鸯曰：今夜黄昏，父引二千五百兵，从城南杀来；儿引二千五百兵，从城北杀来。三更时分，要在魏寨会合。」钦从之，当晚分兵两路。且说文鸯年方十八岁：身长八尺，全装贯甲，腰悬钢鞭，绰枪上马，遥望魏寨而进。是夜司马师兵到乐嘉，立下营寨，等邓艾未至。师为眼下新割肉瘤，疮口疼痛，卧于帐中，令数百甲士环立护卫。三更时分，忽然寨内喊声大震，人马大乱。师急问之，人报曰：「一军从寨北斩围直入，为首一将，勇不可当。」师大惊，心如火烈，眼珠从肉瘤疮口内迸出，血流遍地，疼痛难当；又恐有乱军心，只咬被头而忍，被皆咬烂。 || Chapter 110, P110-014: 却说魏殿中校尉尹大目，乃曹爽心腹之人；因爽被司马懿谋杀，故事司马师，常有杀师报爽之心；又素与文钦交厚；今见师眼瘤突出，不能动止，乃入帐告曰：「文钦本无反心，今被毋丘俭逼迫，以致如此。某去说之，必然来降。」师从之。大目顶盔贯甲，乘马来赶文钦；看看赶上，乃高声大叫曰：「文刺史见尹大目么？」钦回头视之，大目除盔放于鞍★（左革右乔）之前，以鞭指曰：「文刺史何不忍耐数日也？」此是大目知师将亡，故来留钦。钦不解其意，厉声大骂，便欲开弓射之。大目大哭而回。钦收聚人马奔寿春时，已被诸葛诞引兵取了；却复回项城时，胡遵、王基、邓艾三路兵皆到。钦见势危，遂投东吴孙峻去了。",same_body_paragraph
司马徽,庞统,3,3,35;36;57,"Chapter 35, P035-005: 玄德曰：「汝师何人也？」牧童曰：「吾师覆姓司马，名徽，字德操，颍川人也．道号水镜先生。」玄德曰：「汝师与谁为友？」小童曰：「与襄阳庞德公、庞统为友。」玄德曰：「庞德公乃庞统何人？」童子曰：「叔姪也。庞德公字山民，长俺师父十岁；庞统字士元，小俺师父五岁。一日，吾师父在树上采桑，适庞统来相访，坐于树下，共相议论，终日不倦。吾师甚爱庞统，呼之为弟。」玄德曰：「汝师今居何处？」牧童遥指曰：「前面林中，便是庄院。」玄德曰：「吾正是刘玄德，汝可引我去拜见你师父。」 || Chapter 36, P036-021: 玄德喜曰：「愿闻此人姓名。」庶曰：「此人乃瑯琊阳都人，覆姓诸葛，名亮，字孔明。乃汉司隶校尉诸葛丰之后其父名珪，字子贡，为泰山郡丞，早卒。亮从其叔玄。玄与荆州刘景升有旧，因往依之，遂家于襄阳。后玄卒，亮与弟诸葛均躬耕于南阳尝好为梁父吟。所居之地，有一冈，名卧龙冈，因自号为卧龙先生。此人乃绝代奇才，使君急宜枉驾见之。若此人肯相辅佐，何愁天下不定乎？」玄德曰：「昔水镜先生曾为备言：『伏龙、凤雏，两人得一，可安天下。』今所云莫非即伏龙、凤雏乎？」庶曰：「凤雏乃襄阳庞统也。伏龙正是诸葛孔明。」玄德踊跃曰：「今日方知伏龙、凤雏之语。何期大贤只在目前。非先生言，备有眼如盲也！」后人有赞徐庶走马荐诸葛诗曰： || Chapter 57, P057-018: 玄德看毕，正在嗟叹，忽报孔明回。玄德接入，礼毕。孔明先问曰：「庞军师近日无恙否？」玄德曰：「近治耒阳县，好酒废事。」孔明笑曰：「士元非百里之才，胸中之学，胜亮十倍。亮曾有荐书在士元处，曾达主公否？」玄德曰：「今日方得子敬书，却未见先生之书。」孔明曰：「大贤若处小任，往往以酒糊涂，倦于视事。」玄德曰：「若非吾弟所言，险失大贤。」随即令张飞往耒阳县请庞统到荆州，玄德下阶请罪。统方将出孔明所荐之书。玄德看书中之意，言凤雏到日，宜即重用。玄德喜曰：「昔司马德操言：『伏龙，凤雏，两人得一，可安天下。』今吾二人皆得，汉室可兴矣。」遂拜庞统为副军师中郎将，与孔明共赞方略，教练军士，听候征伐。",same_body_paragraph
司马徽,曹操,3,2,36;37,"Chapter 36, P036-010: 却说曹仁与李典回许都，见曹操，泣拜于地请罪，具言损将折兵之事。操曰：「胜负乃兵家之常。但不知谁为刘备画策？」曹仁言是单福之计。操曰：「单福何人也？」程昱笑曰：「此非单福也。此人幼好学击剑。中平末年，尝为人报雠杀人，披发涂面而走，为吏所获。问其姓名不答，吏乃䌸于车上，击鼓行于市，令市人识之，虽有识者不敢言。而同伴窃解救之，乃更姓名而逃，折节向学，遍访名师。尝与司马徽谈论。此人乃颍川徐庶，字元直。单福乃其托名耳。」操曰：「徐庶之才，比君何如？」昱曰：「十倍于昱。」操曰：「惜乎贤士归于刘备！羽翼成矣，奈何？」昱曰：「徐庶虽在彼，丞相要用，召来不难。」操曰：「安得彼来归？」昱曰：「徐庶为人至孝。幼丧其父，止有老母在堂。现今其弟徐康已亡，老母无人侍养。丞相可使人赚其母至许昌，令作书召其子，则徐庶必至矣。」 || Chapter 36, P036-016: 徐庶览毕，泪如泉涌，持书来见玄德曰：「某本颍川徐庶，字元直；为因逃难，更名单福。前闻刘景升招贤纳士，特往见之。及与论事，方知是无用之人；作书别之，夤夜至司马水镜庄上，诉说其事。水镜深责庶不识主，因说：刘豫州在此，何不事之？庶故作狂歌于市，以动使君。幸蒙不弃，即赐重用。争奈老母，今被曹操奸计，赚至许昌囚禁，将欲加害。老母手书来唤，庶不容不去。非不欲效犬马之劳，以报使君；奈慈亲被执，不得尽力。今当告归，容图后会。」 || Chapter 37, P037-006: 却说玄德正安排礼物，欲往隆中谒诸葛亮，忽人报：「门外有一先生，峨冠博带，道貌非常，特来相探。」玄德曰：「此莫非即孔明否？」遂整衣出迎。视之，乃司马徽也。玄德大喜，请入后堂高坐，拜问曰：「备自别仙颜，日因军务倥偬，有失拜访。今得光降，大慰仰慕之私。」徽曰：「闻徐元直在此，特来一会。」玄德曰：「近因曹操囚其母，徐母遣人驰书唤回许昌去矣。」徽曰：「此中曹操之计矣！吾素闻徐母最贤，虽为操所囚，必不肯驰书召其子。此书必诈也。元直不去，其母尚存；今若去，母必死矣。」",same_body_paragraph
司马懿,夏侯惇,3,3,39;69;78,"Chapter 39, P039-017: 却说曹操罢三公之职，自以丞相兼之，以毛玠为东曹掾；崔琰为西曹掾；司马懿为文学掾。懿字仲达，河内温人也：颍川太守司马隽之孙，京兆尹司马防之子，主簿司马朗之弟也。自是文官大备，乃聚武将商议南征。夏侯惇进曰：「近闻刘备在新野，每日教演士卒，必为后患，可早图之。」 || Chapter 69, P069-014: 操见辂言累验，故不敢轻动，留居邺郡，使曹洪领兵五万，往助夏侯渊，张郃同守东川；又差夏侯惇领兵三万，于许都来往巡警，以备不虞；又教长史王必总督御林军马。主簿司马懿曰：「王必嗜酒性宽，恐不堪任此职。」操曰：「王必是孤披荆棘历艰难时相随之人，忠而且勤，心如铁石，最足相当。」遂委王必领御林军马屯于许都东华门外。时有一人姓耿，名纪，字季行，洛阳人也；旧为丞相府掾，后迁侍中少府，与司直韦晃甚厚；见曹操进封王爵，出入用天子车服，心甚不平。建安二十三年春正月，耿纪与韦晃密议曰：「操贼奸恶日甚，将来必为篡逆之事。吾等为汉臣，岂可同恶相济﹖」韦晃曰：「吾有心复人，姓金，名袆，乃汉相金日碑之后，素有讨操之心；更兼与王必甚厚。若得得同谋，大事济矣。」耿纪曰：「他既与王必交厚。岂肯与我同谋乎﹖」韦晃曰：「且往说之，看是如何。」 || Chapter 78, P078-018: 次日，觉气冲上焦，目不见物，急召夏侯惇商议。惇至殿门前，忽见伏皇后、董贵人、二皇子、伏完、董承等，立在阴云之中。惇大惊昏倒，左右扶出，自此得病。操召曹洪、陈群、贾诩、司马懿等，同至卧榻前，嘱以后事。曹洪等顿首曰：「大王善保玉体，不日定当霍然。」操曰：「孤纵横天下三十余年，群雄皆灭，止有江东孙权，西蜀刘备，未曾剿除。孤今病危，不能再与卿等相叙，特以家事相托：孤长子曹昂，刘氏所生，不幸早年殁于宛城。今卞氏生四子：丕、彰、植、熊。孤平生所爱第三子植，为人虚华少诚实，嗜酒放纵，因此不立；次子曹彰，勇而无谋；四子曹熊，多病难保；惟长子曹丕，笃厚恭谨，可继我业。卿等宜辅佐之。」",same_body_paragraph
吕布,孔融,3,2,5;22,"Chapter 5, P005-021: 流星马探听得，报入袁绍大寨里来。绍聚众商议。操曰：「董卓屯兵虎牢，截俺诸侯中路，今可勒兵一半迎敌。」绍乃分王匡，乔瑁，鲍信，袁遗，孔融，张杨，陶谦，公孙瓒，八路诸侯，往虎牢关迎敌。操引军往来救应。八路诸侯，各自起兵。河内太守王匡，引兵先到。吕布带铁骑三千，飞奔来迎。王匡将军马列成阵势，勒马门旗下看时，见吕布出阵：头戴三叉束发紫金冠，体挂西川红锦百花袍，身披兽面吞头连环铠，腰系勒甲玲珑狮蛮带；弓箭随身，手持画戟；坐下嘶风赤兔马；果然是人中吕布，马中赤兔！ || Chapter 5, P005-023: 正虑间，小校报来：「吕布搦战。」八路诸侯，一齐上马．军分八队，布在高冈。遥望吕布一簇军马，绣旗招飐，先来冲阵。上党太守张杨部将穆顺，出马挺鎗迎战，被吕布手起一戟，刺于马下。众大惊。北海太守孔融部将武安国，使铁锤飞马而出。吕布挥戟拍马来迎。战到十余合，一戟砍断安国手腕，弃锤于地而走。八路军兵齐出，救了武安国。吕布退回去了。众诸侯回寨商议。曹操曰：「吕布英勇无敌，可会十八路诸侯，共议良策。若擒了吕布，董卓易诛耳。」 || Chapter 22, P022-021: 孔融默然。操大笑曰：「皆不出荀文若之料。」遂唤前军刘岱、后军王忠引军五万，打著丞相旗号，去徐州攻刘备。原来刘岱旧为衮州刺史；及操取衮州，岱降于操，操用为偏将，故今差他与王忠一同领兵。操却自引大军二十万，进黎阳，拒袁绍。程昱曰：「恐刘岱、王忠不称其使。」操曰：「吾亦知非刘备敌手，权且虚张声势。」分付：「不可轻进。待我破绍，再勒兵破备。」刘岱、王忠领兵去了。曹操自引兵至黎阳。两军隔八十里，各自深沟高垒，相持不战。自八月守至十月。原来许攸不乐审配领兵，沮授又恨绍不用其谋，各不相和，不图进取。袁绍心怀疑惑，不思进兵。操乃唤吕布手下降将臧霸把守青、徐；于禁、李典屯兵河上；曹仁总督大军，屯于官渡。操自引一军，竟回许都。",same_body_paragraph
吕布,曹洪,3,2,11;17,"Chapter 11, P011-029: 曹操输了一阵，回寨与诸将商议。于禁曰：「某今日上山观望，濮阳之西，吕布有一寨，约无多军。今夜彼将谓我军败走，必不准备，可引兵击之；若得寨，布军必惧：此为上策。」操从其言，带曹洪，李典，毛玠，吕虔，于禁，典韦六将，选马步二万人，连夜从小路进发。 || Chapter 11, P011-030: 却说吕布于寨中劳军。陈宫曰：「西寨是个要紧去处，倘或曹操袭之，奈何？」布曰：「他今日输了一阵，如何敢来？」宫曰：「曹操是极能用兵之人，须防他攻我不备。」布乃拨高顺并魏续、侯成引兵往守西寨。却说曹操于黄昏时分，引军至西寨，四面突入。寨兵不能抵挡，四散奔走，曹操夺了寨。将及四更，高顺方引军到，杀将入来。曹操自引军马来迎，正逢高顺，三军混战。将及天明，正西鼓声大震，人报吕布自引军来了。操弃寨而走。背后高顺，魏续，侯成赶来，当头吕布亲自引军来到。于禁，乐进，双战吕布不住，操望北而行。山后一彪军出：左有张辽，右有臧霸。操使吕虔、曹洪战之，不利，操望西而走。忽又喊声大震，一彪军至：郝萌，曹性，成廉，宋宪四将拦住去路。众将死战，操当先冲阵。梆子响处，箭如骤雨射将来。操不能前进，无计可脱，大叫：「谁人救我！」 || Chapter 17, P017-020: 操踌躇未决。忽报马到，报说：「张绣依托刘表，复肆猖獗；南阳诸县复反；曹洪拒敌不住，连输数阵，今特来告急。」操乃驰书与孙策，令其跨江布阵，以为刘表疑兵，使不敢妄动；自己即日班师，别议征张绣之事。临行，令玄德仍屯兵小沛，与吕布结为兄弟，互相救助，再无相侵。吕布引兵自回徐州。操密谓玄德曰：「吾令汝屯兵小沛，是『掘坑待虎』之计也。公但与陈珪父子商议，勿致有失。某当为公外援。」话毕而别。",same_body_paragraph
吕布,诸葛亮,3,3,43;44;93,"Chapter 43, P043-025: 数巡之后，权曰：「曹操平生所恶者，吕布、刘表、袁绍、袁术、豫州与孤耳。今数雄已灭，独豫州与孤尚存。孤不能以全吴之地，受制于人。吾计决矣。非刘豫州莫与当曹操者。然豫州新败之后，安能抗此难乎？」孔明曰：「豫州虽新败，然关云长犹率精兵万人；刘琦领江夏战士，亦不下万人。曹操之众，远来疲惫；近追豫州，轻骑一日夜行三百里。此所谓「强弩之末，势不能穿鲁缟」者也。且北方之人，不习水战。荆州士民附操者，迫于势耳，非本心也。今将军诚能与豫州协力同心，破曹军必矣。操军破必北还，则荆吴之势强，而鼎足之形成矣。成败之机，在于今日。惟将军裁之。」 || Chapter 44, P044-008: 二人互相争辩，孔明只袖手冷笑。瑜曰：「先生何故哂笑？」孔明曰：「亮不笑别人，笑子敬不识时务耳。肃曰：「先生如何反笑我不识时务？」孔明曰：「公瑾主意欲降操，甚为合理。」瑜曰：「孔明乃识时务之士，必与吾有同心。」肃曰：「孔明，你也如何说此？」孔明曰：「操极善用兵，天下莫敢当。向只有吕布、袁绍、袁术、刘表敢与对敌。今数人皆被操灭，天下无人矣。独有刘豫州不识时务，强与争衡。今孤身江夏，存亡未保。将军决计降曹，可以保妻子，可以全富贵。国祚迁移，付之天命，何足惜哉！」 || Chapter 93, P093-010: 三军鼓角己罢，司徒王朗乘马而出。上首乃都督曹真，下首乃副都督郭淮：两个先锋压住阵角。探子马出军前，大叫曰：「请对阵主将答话！」只见蜀兵门旗开处，关兴、张苞，分左右而出，立马于两边；次后一队队骁将分列；门旗影下，中央一辆四轮车，孔明端坐车中，纶巾羽扇，素衣皂（左糸右条），飘然而出。孔明举目见魏阵前三个麾盖，旗上大书姓名，中央白髯老者，乃军师司徒王朗。孔明暗忖曰：「王朗必不说词，吾当随机应之。」遂教推车出阵外，令护军小校传曰：「汉丞相与司徒会话。」王朗纵马而出。孔明于车上拱手，王朗在马上欠身答礼。朗曰：「久闻公之大名，今幸一会。公既知天命、识时务，何故兴无名之师？」孔明曰：「吾奉诏讨贼，何谓无名？」朗曰：「天数有变，神器更易，而归有德之人，此自然之理也。曩自桓、灵以来，黄巾倡乱，天下争横。降至初平、建安之岁，董卓造逆，傕、汜继虐；袁术僭号于寿春，袁绍称雄于邺上；刘表占据荆州，吕布虎吞徐郡：盗贼蜂起，奸雄鹰扬，社稷有累卵之危，生灵有倒悬之急。我太祖武皇帝，扫清六合，席卷八荒；万姓倾心，四方迎德：非以权势取之，实天命所归也。世祖文帝，神圣文武，以膺大统，应天合人，法尧禅舜，处中国以治万邦，岂非天心人意乎？今公蕴大才，报大器，欲自比于管乐，何乃强欲逆天理，背人情而行事耶？岂不闻古人云：『顺天者昌，逆天者亡。」今我大魏带甲百万，良将千员。谅腐草之萤光，怎及天心之皓月？公可倒戈卸甲，以礼来降，不失封侯之位。国安民乐，岂不美哉！」孔明在车上大笑曰：「吾以为汉朝大老元臣，必有高论，岂期出此鄙言！吾有一言，诸军静听：昔桓、灵之世，汉统陵替，宦官酿祸；国乱岁凶，四方扰攘。黄巾之后，董卓、傕、汜等接踵而起，迁劫汉帝，残暴生灵。因庙堂之上，朽木为官；殿陛之间，禽兽食禄。狼心狗行之辈，滚滚当朝；奴颜婢膝之徒，纷纷秉政。以致社稷邱墟，苍生涂炭。吾素知汝所行！世居东海之滨，初举孝廉入仕。理合匡君辅国，安汉兴刘；何期反助逆贼，同谋篡位！罪恶深重，天地不容！天下之人，愿食汝肉！」「今幸天意不绝炎汉，昭烈皇帝继统西川。吾今奉嗣君之旨，兴师讨贼。汝既为谄谀之臣，只可潜身缩首，苟图衣食；安敢在行伍之前，妄称天数耶！皓首匹夫！苍髯老贼！汝即日将归于九泉之下，何面目见二十四帝乎！老贼速退！可叫反臣与吾共决胜负！」王朗听罢，气满胸膛，大叫一声，撞死于马下。后人有诗赞孔明曰：",same_body_paragraph
吕布,马超,3,2,59;60,"Chapter 59, P059-005: 许褚曰：「某来日必擒马超。」操曰：「马超英勇，不可轻敌。」褚曰：「某誓与死战！」即使人下战书，说虎侯单搦马超来日决战。超接书大怒曰：「何敢如此相欺耶！」即批次日誓杀虎痴。次日，两军出营，布成阵势。超分庞德为左翼，马岱为右翼，韩遂押中军。超挺鎗纵马，立于阵前，高叫：「虎痴快出！」曹操在门旗下回顾众将曰：「马超不减吕布之勇。」 || Chapter 59, P059-022: 曹操亲自追至安定，知马超去远，方收兵回长安。众将毕集。韩遂已无左手，做了残疾之人，操教就于长安歇马，授韩遂西凉侯之职。杨秋，侯选，皆封列侯，令守渭口。下令班师回许都。凉州参军杨阜，字义山，迳来长安见操。操问之。杨阜曰：「马超有吕布之勇，深得羌人之心。今丞相若不乘势剿绝，他日养成气力，陇上诸郡，非复国家之有也。望丞相且休回兵。」操曰：「吾本欲留兵征之，奈中原多事，南方末定，不可久留。君当为孤保之。」 || Chapter 60, P060-001: 却说那进计于刘璋者，乃益州别驾，姓张，名松，字永年。其人生得额镢头尖，鼻偃齿露，身短不满五尺，言语有若铜钟。刘璋问曰：「别驾有何高见，可解张鲁之危？」松曰：「某闻许都曹操，扫荡中原。吕布，二袁，皆为所灭；近又破马超；天下无敌矣。主公可备进献之物，松亲往许都，说曹操兴兵取汉中，以图张鲁。则鲁拒敌不暇，何敢复窥蜀中耶？」",same_body_paragraph
吕蒙,张昭,3,3,38;67;77,"Chapter 38, P038-027: 言讫遂终。孙权哀哭，具丧葬之礼，自不必说。至来年春，孙权商议欲伐黄祖。张昭曰：「居丧未及期年，不可动兵．」周瑜曰：「报仇雪恨，何待期年？」权犹豫未决。适北平都尉吕蒙入见，告权曰：「某把龙湫水口，忽有黄祖部将甘宁来降。某细询之。宁字兴霸，巴郡临江人也；颇通书史，有气力，好游侠；尝招合亡命，纵横于江湖之中；腰悬铜铃，人听铃声，尽皆避之。又尝以西川锦作帆幔，时人皆称为『锦帆贼』。后悔前非，改行从善，引众投刘表。见表不能成事，即欲来投东吴，却被黄祖留住在夏口。 || Chapter 67, P067-021: 伊籍退出，权问计于众谋士。张昭曰：「此是刘备恐曹操取西川，故为此谋。虽然如此，今因操在汉中，乘势取合淝，亦是上计。」权从之，发付伊籍回蜀去讫，便议起兵攻操今鲁肃收取长沙，江夏，桂杨三郡，屯兵于陆口；取吕蒙，甘宁回；又去余杭取凌统回。 || Chapter 77, P077-019: 权大惊，慌忙率大小将士，皆下拜。只见吕蒙倒于地上，七窍流血而死。众将见之，无不恐惧。权将吕蒙尸首，具棺安葬，赠南郡太守潺陵侯；命其子吕霸袭爵。孙权自此感关公之事，惊讶不已。忽报张昭自建业而来。权君入问之。昭曰：「今主公损了关公父子，江东祸不远矣。此人与刘备桃园结义之时，誓同生死。今刘备已有两川之兵；更兼诸葛亮之谋，张、黄、马、赵之勇；备若知云长父子遇害，必起倾国之兵，奋力报雠：恐东吴难与敌也。」",same_body_paragraph
周瑜,张飞,3,3,45;51;56,"Chapter 45, P045-010: 却说糜竺回见玄德，具言周瑜欲请主公到彼面会，别有商护。玄德便教收拾快船一只，只今便行。云长谏曰：「周瑜多谋之士，又无孔明书信，恐其中有诈，不可轻去。」玄德曰：「我今结东吴以共破曹操，周郎欲见我，我若不往，非同盟之意。两相猜忌，事不谐矣。」云长曰：「兄长若坚意要去，弟愿同往。」张飞曰：「我也跟去。」玄德曰：「只云长随我去。翼德与子龙守寨，简雍固守鄂县。我去便回。」 || Chapter 51, P051-033: 正分拨间，忽然探马飞来报说：「诸葛亮自得了南郡，遂用兵符，星夜诈调荆州守城军马来救，却教张飞袭了荆州。」又一探马飞来报说：「夏侯惇在襄阳，被诸葛亮差人赍兵符，诈称曹仁求救，诱惇引兵出，却教云长袭取了襄阳。」二处城池，全不费力，皆属刘玄德矣。」周瑜曰：「诸葛亮怎得兵符？」程普曰：「他拏住陈矫，兵符自然尽属之矣。」周瑜大叫一声，金疮迸裂。正是：几郡城池无我分，一场辛苦为谁忙。未知性命如何，且看下文分解。 || Chapter 56, P056-017: 却说鲁肃回见周瑜，说玄德，孔明欢喜不疑，准备出城劳军。周瑜大笑曰：「原来今番也中了吾计！」便教鲁肃禀报吴侯，并遣程普引兵接应。周瑜此时箭疮已渐平愈，身躯无事，使甘宁为先锋，自与徐盛，丁奉为第二；凌统，吕蒙为后队。水陆大兵五百万，望荆州而来。周瑜在船中，时复欢笑，以为孔明中计。前军至夏口，周瑜问：「荆州有人在前面接否？」人报：「刘皇叔使糜竺来见都督。」瑜唤至，问劳军如何。糜竺曰：「主公皆准备安排下了。」瑜曰：「皇叔何在？」竺曰：「在荆州城门相等，与都督把盏。」瑜曰：「今为汝家之事，出兵远征；劳军之礼，休得轻易。」糜竺领了言语先回。战船密密排在江上，依次而进。看看至公安，并无一双军船，又无一人远接。周瑜催船速行。离荆州十余里，只见江面上静荡荡的。哨探的回报：「荆州城上，插两面白旗，并不见一人之影。」瑜心疑，教把船傍岸，亲自上岸，乘马带了甘宁，徐盛，丁奉一班军官，引亲随精军三千人，迳望荆州来。既至城下，并不见动静。瑜勒住马，令军士叫门。城上问是谁人。吴军答曰：「是东吴周都督亲自此。」言未毕，忽一声梆子响，城上一齐都竖起鎗刀。敌楼上赵云出曰：「都督此行，端的为何？」瑜曰：「吾替汝主取西川，汝岂犹未知耶？」云曰：「孔明军师已知都督『假途灭虢』之计，故留赵云在此。吾主公有言：『孤与刘璋，皆汉室宗亲，安忍背义而取西川？若汝东吴端的取蜀，吾当披发入山，不失信于天下也。』」周瑜闻之，勒马便回。只见一人打著令字旗，于马前报说：「探得四路军马，一齐杀到：关某从江陵杀来，张飞从秭归杀来，黄忠从公安杀来，魏延从彝陵小路杀来：四路正不知多少军马。喊声远近震动百余里，皆言要捉周瑜。」瑜马上大叫一声，箭鎗复裂，墬于马下。正是：一著掑高难对敌，几番算定总成空。不知周瑜性命如何，且看下文解。",same_body_paragraph
周瑜,荀攸,3,3,46;48;57,"Chapter 46, P046-016: 却说曹操平白折了十五六万箭，心中气闷。荀攸进计曰：「江东有周瑜、诸葛亮二人用计，急切难破；可差人去东吴诈降，为奸细内应，以通消息，方可图也。」操曰：「此言正合吾意。汝料军中谁可行此计？」攸曰：「蔡瑁被诛，蔡氏宗族，皆在军中。瑁之族弟蔡中，蔡和，现为副将。丞相可以恩结之，差往诈降，东吴必不见疑。」 || Chapter 48, P048-006: 饮至半夜，操酒酣，遥指南岸曰：「周瑜，鲁肃，不识天时。今幸有投降之人，为彼心腹之患，此天助吾也。」荀攸曰：「丞相勿言，恐有泄漏。」操大笑曰：「座上诸公，与近侍左右，皆吾心腹之人也，，言之何碍？」又指夏口曰：「刘备，诸葛亮，汝不料蝼蚁之力，欲撼泰山，何其愚耶！」顾谓诸将曰：「吾今年五十四岁矣。如得江南，窃有所喜。昔日乔公与吾至契，吾知其二女皆有国色。后不料为孙策，周瑜，所娶。吾今新构铜雀台于漳水之上，如得江南，当娶二乔，置之台上，以娱暮年，吾愿足矣。」言罢大笑。唐人杜牧之有诗曰：折戟沈沙铁未消，自将磨洗认前朝。东风不与周郎便，铜雀春深锁二乔。 || Chapter 57, P057-019: 早有人报到许昌，言刘备有诸葛亮，庞统为谋士，招军买马，积草屯粮，连结东吴，早晚必兴兵北伐。曹操闻之，遂聚谋士商议南征。荀攸进曰：「周瑜新死，可先取孙权，次攻刘备。」操曰：「我若远征，恐马腾来袭许都。前在赤壁之时，军中有讹言，亦传西凉入寇之事，今不可不防也。」荀攸曰：「以愚所见，不若降诏，加马腾为征南将军，使讨孙权；诱入京师，先除此人，则南征无患矣。」操大喜，即日遣人赍诏至西凉召马腾。",same_body_paragraph
周瑜,袁绍,3,3,38;44;45,"Chapter 38, P038-018: 建安七年，曹操破袁绍，遣使往江东，命孙权遣子入朝随驾。权犹豫未决。吴太夫人命周瑜、张昭等面议。张昭曰：「操欲令我遣子入朝，是牵制诸侯之法也。然若不令去，恐其兴兵下江东，势必危矣。」周瑜曰：「将军承父兄遣业，兼六郡之众，兵精粮足，将士用命，有何逼迫而欲送质于人？质一入，不得不与曹氏连和；彼有命召，不得不往；如此则见制于人也。不如勿遣，徐观其变，别以良策御之。」吴太夫人曰：「公瑾之言是也。」权遂从其言，谢使者，不遣子。自此曹操有下江南之意。但正值北方未宁，无暇南征。 || Chapter 44, P044-008: 二人互相争辩，孔明只袖手冷笑。瑜曰：「先生何故哂笑？」孔明曰：「亮不笑别人，笑子敬不识时务耳。肃曰：「先生如何反笑我不识时务？」孔明曰：「公瑾主意欲降操，甚为合理。」瑜曰：「孔明乃识时务之士，必与吾有同心。」肃曰：「孔明，你也如何说此？」孔明曰：「操极善用兵，天下莫敢当。向只有吕布、袁绍、袁术、刘表敢与对敌。今数人皆被操灭，天下无人矣。独有刘豫州不识时务，强与争衡。今孤身江夏，存亡未保。将军决计降曹，可以保妻子，可以全富贵。国祚迁移，付之天命，何足惜哉！」 || Chapter 45, P045-002: 周瑜分拨已定，使人请孔明议事。孔明至中军帐，叙礼毕。瑜曰：「昔曹操兵少，袁绍兵多，而操反胜绍者，因用许攸之谋，先断乌巢之粮也。今操兵八十三万，我兵只五六万，安能拒之？亦必须先断操之粮，然后可破。我已探知操军粮草，俱屯于聚铁山。先生久居汉上，熟知地理。敢烦先生与关，张，子龙，辈－吾亦助兵千人－星夜往聚铁山断操粮道。彼此各为主人之事，幸勿推调。」",same_body_paragraph
周瑜,诸葛瑾,3,2,44;45,"Chapter 44, P044-004: 程普等别去。又未几，诸葛瑾、吕范等一班儿文官相候。瑜迎入，讲礼毕。诸葛瑾曰：「舍弟诸葛亮自汉上来，言刘豫州欲结东吴，共伐曹操，文武商议未定。因舍弟为使，瑾不敢多言，专候都督来决此事。」瑜曰：「以公论之若何？」瑾曰：「降者易安，战者难保。」周瑜笑曰：「瑜自有主张。来日同至府下定议。」 || Chapter 44, P044-022: 周瑜谢出，暗忖曰：「孔明早已料著吴侯之心。其计划又高我一头。久必为江东之患，不如杀之。」乃令人连夜请鲁肃入帐，言欲杀孔明之事。肃曰：「不可。今操贼未破，先杀贤士，是自去其助也。」瑜曰：「此人助刘备，必为江东之患。」肃曰：「诸葛瑾乃其亲兄，可令招此人同事东吴，岂不妙哉？」 || Chapter 45, P045-001: 却说周瑜闻诸葛瑾之言，转恨孔明，存心欲谋杀之。次日点齐军将，入辞孙权。权曰：「卿先行，孤即起兵继后。」瑜辞出，与程普，鲁肃，领兵起行，便邀孔明同往。孔明欣然从之，一同登舟，驾起帆樯，迤逦望夏口而进。离三江口五六十里，船依次第歇定。周瑜在中央下寨，岸上依西山结营，周围屯住。孔明只在一叶小舟内安身。",same_body_paragraph
周瑜,魏延,3,2,55;56,"Chapter 55, P055-023: 正赶之间，一声鼓响，山谷内一队刀手拥出，为首一员大将，乃关云长也。周瑜举止失措，急拨马便走。云长赶来，周瑜纵马逃命。正奔走间，左边黄忠，右边魏延，两军杀出。吴兵大败。周瑜急急下得船时，岸上军士齐声大叫曰：「周郎妙计安天下，陪了夫人又折兵！」瑜怒曰：「可再登岸决一死战！」黄盖、韩当力阻。瑜自思曰：「吾计不成，有何面目去见吴侯！」大叫一声，金疮迸裂，倒于船上。众将急救，却早不省人事。正是：两番弄巧翻成拙，此日含嗔却带羞。未知周郎性命如何，且看下文分解。 || Chapter 56, P056-001: 却说周瑜被诸葛亮预先埋伏关公，黄忠，魏延三枝军马，一击大败。黄盖、韩当急救下船，折却水军无数。遥观玄德，孙夫人车马仆从，都停住于山顶之上，瑜如何不气？箭疮未愈，因怒气冲激，疮口迸裂，昏绝于地；众将救醒，开船逃去。孔明教休追赶，自和玄德归荆州庆喜，赏赐众将。 || Chapter 56, P056-017: 却说鲁肃回见周瑜，说玄德，孔明欢喜不疑，准备出城劳军。周瑜大笑曰：「原来今番也中了吾计！」便教鲁肃禀报吴侯，并遣程普引兵接应。周瑜此时箭疮已渐平愈，身躯无事，使甘宁为先锋，自与徐盛，丁奉为第二；凌统，吕蒙为后队。水陆大兵五百万，望荆州而来。周瑜在船中，时复欢笑，以为孔明中计。前军至夏口，周瑜问：「荆州有人在前面接否？」人报：「刘皇叔使糜竺来见都督。」瑜唤至，问劳军如何。糜竺曰：「主公皆准备安排下了。」瑜曰：「皇叔何在？」竺曰：「在荆州城门相等，与都督把盏。」瑜曰：「今为汝家之事，出兵远征；劳军之礼，休得轻易。」糜竺领了言语先回。战船密密排在江上，依次而进。看看至公安，并无一双军船，又无一人远接。周瑜催船速行。离荆州十余里，只见江面上静荡荡的。哨探的回报：「荆州城上，插两面白旗，并不见一人之影。」瑜心疑，教把船傍岸，亲自上岸，乘马带了甘宁，徐盛，丁奉一班军官，引亲随精军三千人，迳望荆州来。既至城下，并不见动静。瑜勒住马，令军士叫门。城上问是谁人。吴军答曰：「是东吴周都督亲自此。」言未毕，忽一声梆子响，城上一齐都竖起鎗刀。敌楼上赵云出曰：「都督此行，端的为何？」瑜曰：「吾替汝主取西川，汝岂犹未知耶？」云曰：「孔明军师已知都督『假途灭虢』之计，故留赵云在此。吾主公有言：『孤与刘璋，皆汉室宗亲，安忍背义而取西川？若汝东吴端的取蜀，吾当披发入山，不失信于天下也。』」周瑜闻之，勒马便回。只见一人打著令字旗，于马前报说：「探得四路军马，一齐杀到：关某从江陵杀来，张飞从秭归杀来，黄忠从公安杀来，魏延从彝陵小路杀来：四路正不知多少军马。喊声远近震动百余里，皆言要捉周瑜。」瑜马上大叫一声，箭鎗复裂，墬于马下。正是：一著掑高难对敌，几番算定总成空。不知周瑜性命如何，且看下文解。",same_body_paragraph
周瑜,黄忠,3,2,55;56,"Chapter 55, P055-023: 正赶之间，一声鼓响，山谷内一队刀手拥出，为首一员大将，乃关云长也。周瑜举止失措，急拨马便走。云长赶来，周瑜纵马逃命。正奔走间，左边黄忠，右边魏延，两军杀出。吴兵大败。周瑜急急下得船时，岸上军士齐声大叫曰：「周郎妙计安天下，陪了夫人又折兵！」瑜怒曰：「可再登岸决一死战！」黄盖、韩当力阻。瑜自思曰：「吾计不成，有何面目去见吴侯！」大叫一声，金疮迸裂，倒于船上。众将急救，却早不省人事。正是：两番弄巧翻成拙，此日含嗔却带羞。未知周郎性命如何，且看下文分解。 || Chapter 56, P056-001: 却说周瑜被诸葛亮预先埋伏关公，黄忠，魏延三枝军马，一击大败。黄盖、韩当急救下船，折却水军无数。遥观玄德，孙夫人车马仆从，都停住于山顶之上，瑜如何不气？箭疮未愈，因怒气冲激，疮口迸裂，昏绝于地；众将救醒，开船逃去。孔明教休追赶，自和玄德归荆州庆喜，赏赐众将。 || Chapter 56, P056-017: 却说鲁肃回见周瑜，说玄德，孔明欢喜不疑，准备出城劳军。周瑜大笑曰：「原来今番也中了吾计！」便教鲁肃禀报吴侯，并遣程普引兵接应。周瑜此时箭疮已渐平愈，身躯无事，使甘宁为先锋，自与徐盛，丁奉为第二；凌统，吕蒙为后队。水陆大兵五百万，望荆州而来。周瑜在船中，时复欢笑，以为孔明中计。前军至夏口，周瑜问：「荆州有人在前面接否？」人报：「刘皇叔使糜竺来见都督。」瑜唤至，问劳军如何。糜竺曰：「主公皆准备安排下了。」瑜曰：「皇叔何在？」竺曰：「在荆州城门相等，与都督把盏。」瑜曰：「今为汝家之事，出兵远征；劳军之礼，休得轻易。」糜竺领了言语先回。战船密密排在江上，依次而进。看看至公安，并无一双军船，又无一人远接。周瑜催船速行。离荆州十余里，只见江面上静荡荡的。哨探的回报：「荆州城上，插两面白旗，并不见一人之影。」瑜心疑，教把船傍岸，亲自上岸，乘马带了甘宁，徐盛，丁奉一班军官，引亲随精军三千人，迳望荆州来。既至城下，并不见动静。瑜勒住马，令军士叫门。城上问是谁人。吴军答曰：「是东吴周都督亲自此。」言未毕，忽一声梆子响，城上一齐都竖起鎗刀。敌楼上赵云出曰：「都督此行，端的为何？」瑜曰：「吾替汝主取西川，汝岂犹未知耶？」云曰：「孔明军师已知都督『假途灭虢』之计，故留赵云在此。吾主公有言：『孤与刘璋，皆汉室宗亲，安忍背义而取西川？若汝东吴端的取蜀，吾当披发入山，不失信于天下也。』」周瑜闻之，勒马便回。只见一人打著令字旗，于马前报说：「探得四路军马，一齐杀到：关某从江陵杀来，张飞从秭归杀来，黄忠从公安杀来，魏延从彝陵小路杀来：四路正不知多少军马。喊声远近震动百余里，皆言要捉周瑜。」瑜马上大叫一声，箭鎗复裂，墬于马下。正是：一著掑高难对敌，几番算定总成空。不知周瑜性命如何，且看下文解。",same_body_paragraph
夏侯惇,杨修,3,1,72,"Chapter 72, P072-018: 正沈吟间，夏侯惇入帐，禀请夜间口号。操随口曰：「鸡肋！鸡肋！」惇传令众官，都称「鸡肋」。行军主簿杨修，见传「鸡肋」二字，便教随行军士，各收拾行装，准备归程。有人报知夏侯惇。惇大惊，遂请杨修至帐中问曰：「公何收拾行装？」修曰：「以今夜号令，便知魏王不日将退兵归也。鸡肋者，食之无味，弃之可惜。今进不能胜，退恐人笑，在此无益，不如早归。来日魏王必班师矣，故先收拾行装，免得临行慌乱。」夏侯惇曰：「公真知魏王肺腑也！」遂亦收拾行装。 || Chapter 72, P072-019: 于是寨中诸将，无不准备归计。当夜曹操心乱，不能稳睡，遂手提钢斧，遶寨私行。只见夏侯惇寨内军士，各准备行装。操大惊，急回帐召惇问其故。惇曰：「主簿杨德祖，先知大王欲归之意。」操唤杨修问之，修以鸡肋之意对。操大怒曰：「汝怎敢造谣，乱我军心！」喝刀斧手推出斩之，将首级号令于辕门外。 || Chapter 72, P072-026: 曹操既杀杨修，佯怒夏侯惇，亦欲斩之。众官告免。操乃叱退夏侯惇，下令来日进兵。次日，兵出斜谷界口，前面一军相迎，为首大将乃魏延也。操招魏延归降，魏延大骂。操令庞德出战。",same_body_paragraph
夏侯惇,荀攸,3,3,14;23;30,"Chapter 14, P014-022: 操自封为大将军武平侯，以荀彧为侍中尚书令；荀攸为军师；郭嘉为司马祭酒；刘晔为司空掾曹；毛玠，任峻为典农中郎将，催督钱粮；程昱为东平相，范成，董昭为洛阳令；满宠为许都令；夏侯惇，夏侯渊，曹仁，曹洪皆为将军；吕虔，李典，乐进，于禁，徐晃，皆为校尉；许褚，典韦，皆为都尉；其余将士，各各封官。自此大权皆归于曹操。朝廷大务，先禀曹操，然后方奏天子。 || Chapter 23, P023-008: 帝览表，以付曹操。操遂使人召衡至。礼毕，操不命坐。祢衡仰天叹曰：「天地虽阔，何无一人也！」操曰：「吾手下有数十人，皆当世英雄，何谓无人？」衡曰：「愿闻。」操曰：「荀彧，荀攸，郭嘉，程昱，机深智远，虽萧何，陈平不及也。张辽[陈怡妏3]，许褚，乐进，李典，勇不可当，虽岑彭，马武不及也。吕虔，满宠，为从事；于禁，徐晃，为先锋。夏侯惇，天下奇才；曹子孝，世间福将。安得无人？」衡笑曰：「公言差矣。此等人物，吾尽识之：荀彧可使吊丧问疾，荀攸可使看坟守墓，程昱可使关门闭户，郭嘉可使白词念赋，张辽可使击鼓鸣金，许褚可使牧牛放马，乐进可使取状读诏，李典可使传书送檄，吕虔可使磨刀铸剑，满宠可使饮酒食糟，于禁可使负版筑墙，徐晃可使屠猪杀狗。夏侯惇称为『完体将军』，曹子孝呼为『要钱太守』。其余皆是衣架！饭囊！酒桶！肉袋耳！」操怒曰：「汝有何能？」衡曰：「天文地理，无一不通；三教九流，无一不晓；上可以致君为尧、舜，下可以配德于孔、颜。岂与俗子共论乎！」时止有张辽在侧，掣剑欲斩之。操曰：「吾正少一鼓吏；早晚朝贺宴享，可令祢衡充此职。」衡不推辞，应声而去。辽曰：「此人出言不逊，何不杀之？」操曰：「此人素有虚名，远近所闻。今日杀之，天下必谓我不能容物，彼自以为能，故令为鼓吏以辱之。」 || Chapter 30, P030-020: 次日，操自选马步军士五千，准备往乌巢劫粮。张辽曰：「袁绍屯粮之所，安得无备？丞相未可轻往。恐许攸有诈。」操曰：「不然。许攸此来，天败袁绍。今吾军粮不给，难以久持；若不用许攸之计，是坐而待困也。彼若有诈，安肯留我寨中？且吾亦欲劫寨久矣。今劫粮之举，计在必行，君请勿疑。」辽曰：「亦须防袁绍乘虚来袭。」操笑曰：「吾已筹之熟矣。」便教荀攸、贾诩、曹洪同许攸守大寨，夏侯惇、夏侯渊领一军伏于左，曹仁、李典领一军伏于右，以备不虞。教张辽、许褚在前，徐晃、于禁在后，操自引诸将居中，共五千人马，打著袁军旗号，军士皆束草负薪，人衔枚，马勒口，黄昏时分，望乌巢进发。是夜星光满天。",same_body_paragraph
夏侯惇,郭嘉,3,3,14;23;33,"Chapter 14, P014-022: 操自封为大将军武平侯，以荀彧为侍中尚书令；荀攸为军师；郭嘉为司马祭酒；刘晔为司空掾曹；毛玠，任峻为典农中郎将，催督钱粮；程昱为东平相，范成，董昭为洛阳令；满宠为许都令；夏侯惇，夏侯渊，曹仁，曹洪皆为将军；吕虔，李典，乐进，于禁，徐晃，皆为校尉；许褚，典韦，皆为都尉；其余将士，各各封官。自此大权皆归于曹操。朝廷大务，先禀曹操，然后方奏天子。 || Chapter 23, P023-008: 帝览表，以付曹操。操遂使人召衡至。礼毕，操不命坐。祢衡仰天叹曰：「天地虽阔，何无一人也！」操曰：「吾手下有数十人，皆当世英雄，何谓无人？」衡曰：「愿闻。」操曰：「荀彧，荀攸，郭嘉，程昱，机深智远，虽萧何，陈平不及也。张辽[陈怡妏3]，许褚，乐进，李典，勇不可当，虽岑彭，马武不及也。吕虔，满宠，为从事；于禁，徐晃，为先锋。夏侯惇，天下奇才；曹子孝，世间福将。安得无人？」衡笑曰：「公言差矣。此等人物，吾尽识之：荀彧可使吊丧问疾，荀攸可使看坟守墓，程昱可使关门闭户，郭嘉可使白词念赋，张辽可使击鼓鸣金，许褚可使牧牛放马，乐进可使取状读诏，李典可使传书送檄，吕虔可使磨刀铸剑，满宠可使饮酒食糟，于禁可使负版筑墙，徐晃可使屠猪杀狗。夏侯惇称为『完体将军』，曹子孝呼为『要钱太守』。其余皆是衣架！饭囊！酒桶！肉袋耳！」操怒曰：「汝有何能？」衡曰：「天文地理，无一不通；三教九流，无一不晓；上可以致君为尧、舜，下可以配德于孔、颜。岂与俗子共论乎！」时止有张辽在侧，掣剑欲斩之。操曰：「吾正少一鼓吏；早晚朝贺宴享，可令祢衡充此职。」衡不推辞，应声而去。辽曰：「此人出言不逊，何不杀之？」操曰：「此人素有虚名，远近所闻。今日杀之，天下必谓我不能容物，彼自以为能，故令为鼓吏以辱之。」 || Chapter 33, P033-033: 时操在易州，按兵不动。夏侯惇、张辽入禀曰：「如不下辽东，可回许都；恐刘表生心。」操曰：「待二袁首级至，即便回兵。」众皆暗笑。忽报辽东公孙康遣人送袁熙、袁尚首级至，众皆大惊。使者呈上书信。操大笑曰：「果不出奉孝之料！」重赏来使，封公孙康为襄平侯左将军。众官问曰；「何为不出奉孝之所料？」操遂出郭嘉书以示之。书略曰：",same_body_paragraph
夏侯惇,郭汜,3,2,6;14,"Chapter 6, P006-010: 且说董卓行至荥阳地方，太守徐荣出接。李儒曰：「丞相新弃洛阳，防有追兵。可教徐荣伏军荥阳城外山坞之旁：若有兵追来，可竟放过；待我这里杀败，然后截住掩杀。令后来者不敢复追。」卓从其计，又令吕布引精兵遏后。布正行间，曹操一军赶上。吕布大笑曰：「不出李儒所料也」！将军马摆开。曹操出马，大叫：「逆贼！劫迁天子，流徙百姓，将欲何往？」吕布骂曰：「背主懦夫，何得妄言！」夏侯惇挺鎗跃马，直取吕布。战不数合，李傕引一军，从左边杀来，操急令夏侯渊迎敌。右边喊声又起，郭汜引军杀到，操急令曹仁迎敌。三路军马，势不可当。夏侯惇抵敌吕布不住，飞马回阵。布引铁骑掩杀，操军大败，回望荥阳而走。走至一荒山脚下，时约二更，月明如昼。方才聚集残兵。 || Chapter 14, P014-008: 出了洛阳，行无一箭之地，但见尘头蔽日，金鼓喧天，无限人马到来，帝、后战栗不能言。忽见一骑飞来，乃前差往山东之使命也；至车前拜启曰：「曹将军尽起山东之兵，应诏前来。闻李傕、郭汜犯洛阳，先差夏侯惇为先锋，引上将十员，精兵五万，前来保驾。」帝心方安。少顷，夏侯惇引许褚，典韦等，至驾前面君，俱以军礼见。帝慰谕方毕，忽报正东又有一路军到。帝即命夏侯惇往探之，回奏曰：「乃曹操步军也。」 || Chapter 14, P014-009: 须臾，曹洪，李典，乐进，来见驾。通名毕，洪奏曰：「臣兄知贼兵至近，恐夏侯惇孤力难为，故又差臣等倍道而来协助。」帝曰：「曹将军真社稷臣也！」遂命护驾前行。探马来报：「李傕，郭汜，领兵长驱而来。」帝令夏侯惇分两路迎之。惇乃与曹洪分为两翼，马军先出，步军后随，尽力攻击。傕、汜贼兵大败，斩首万余。于是还洛阳故宫。夏侯惇屯兵于城外。",same_body_paragraph
夏侯惇,陈宫,3,2,12;19,"Chapter 12, P012-020: 曹操复得兖州，程昱便请进兵取濮阳。操令许褚、典韦为先锋，夏侯惇、夏侯渊为左军，李典、乐进为右军，操自领中军，于禁、吕虔为合后。兵至濮阳，吕布欲自将出迎，陈宫谏：「不可出战。待众将聚会后方可。」吕布曰：「吾怕谁来？」遂不听宫言，引兵出阵，横戟大骂。许褚便出。斗二十合，不分胜负。操曰：「吕布非一人可胜。」便差典韦助战，两将夹攻。左边夏侯惇、夏侯渊，右边李典、乐进齐到，六员将共攻吕布。布遮拦不住，拨马回城。城上田氏，见布败回，急令人拽起吊桥。布大叫：「开门！」田氏曰：「吾已降曹将军。」 || Chapter 12, P012-023: 却说吕布回报陈宫。宫曰：「操多诡计，不可轻敌。」布曰：「吾用火攻，可破伏兵。」乃留陈宫、高顺守城。布次日引大军来，遥见林中有旗，驱兵大进，四面于火，竟无一人；欲投寨中，却闻鼓声大震。正自疑惑不定，忽然寨后一彪军出，吕布纵马赶来。砲声响处，堤内伏兵尽出：夏侯惇，夏侯渊，许褚，典韦，李典，乐进，骤马杀来。吕布料敌不过，落荒而走。从将成廉，被乐进一箭射死。布军三停去了一停，，败卒回报陈宫。宫曰：「空城难守，不若急去。」遂与高顺保著吕布老小，弃定陶而走。曹操将得胜之兵，杀入城中，势如破竹。张超自焚，张邈投袁术去了。山东一境，尽被曹操所得。安民修城，不在话下。 || Chapter 19, P019-006: 军行至济北，夏侯渊等迎接入寨，备言兄夏侯惇损其一目，卧病未痊。操临卧处视之，令先回许都调理；一面使人打探吕布现在何处。采马回报云：「吕布与陈宫，臧霸结连泰山贼寇，共攻兖州诸郡。」操即令曹仁引三千兵打沛城。操亲提大军，与玄德来战吕布。前至山东，路近萧关，正遇泰山寇孙观，吴敦，尹礼，昌豨，领兵三万余拦去路。操令许褚迎战，四将一齐出马。许褚奋力死战，四将抵敌不住，各自败走。操乘势掩杀，追至萧关，探马飞报吕布。",same_body_paragraph
太史慈,陆逊,3,3,44;50;53,"Chapter 44, P044-024: 令毕，即差韩当、黄盖，为前部先锋，领本部战船，即日起行，前至三江口下寨，别听将令；蒋钦、周泰，为第二队；凌统、潘璋，为第三队；太史慈、吕蒙，为第四队；陆逊、董袭为第五队；吕范、朱治为四方巡警使。催督六队官军，水陆并进，克期取齐。 || Chapter 50, P050-006: 操此时指望合淝有兵救应，不想孙权在合淝路口，望见江中火光，知是我军得胜，便教陆逊举火为号；太史慈见了，与陆逊合兵一处，冲杀将来。操只得望彝陵而走。路上撞见张郃，操令断后。纵马加鞭，走至五更，回望火光渐远，操心方定，问曰：「此是何处？」左右曰：「此是乌林之西，宜都之北。」 || Chapter 53, P053-029: 太史慈见城门大开，只道内变，挺枪纵马先入。城上一声﹝左石中马右交﹞，乱箭射下，太史慈急退，身中数箭。背后李典、乐进杀出。吴兵折其大半，乘势直赶到寨前。陆逊、董袭杀出，救了太史慈，曹兵自回。孙权见太史慈身带重伤，愈加伤感。张昭请权罢兵。权从之，遂收兵下船，回南徐、润州。比及屯住军马，太史慈病重。权使张昭等问安，太史慈大叫曰：「大丈夫生于乱世，当带三尺剑立不世之功；今所志未遂，奈何死乎！」言讫而亡，年四十一岁。后人有诗赞曰：",same_body_paragraph
太史慈,黄盖,3,2,15;44,"Chapter 15, P015-035: 策进兵追袭，黄盖攻取嘉兴，太史慈攻取乌程，数州皆平。白虎奔余杭，于路劫掠，被土人凌操领乡人杀败，望会稽而走。凌操父子二人来接孙策，策使为从征校尉，遂同引兵渡江。严白虎聚寇，分布于西津渡口。程普与战，复大败之，连夜赶到会稽。 || Chapter 15, P015-037: 孙策大怒，正待交战，太史慈早出。王朗拍马舞刀，与慈战。不数合朗将周昕，杀出助战；孙策阵中黄盖，飞马接住周昕交锋。两下鼓声大震，互相鏖战。忽王朗阵后先乱，一彪军从背后抄来。朗大惊，急回马来迎：原来是周瑜与程普引军刺斜杀来，前后来攻。王朗寡不敌众，与白虎，周昕，杀条血路，走入城中；拽起吊桥，坚闭城门。 || Chapter 44, P044-024: 令毕，即差韩当、黄盖，为前部先锋，领本部战船，即日起行，前至三江口下寨，别听将令；蒋钦、周泰，为第二队；凌统、潘璋，为第三队；太史慈、吕蒙，为第四队；陆逊、董袭为第五队；吕范、朱治为四方巡警使。催督六队官军，水陆并进，克期取齐。",same_body_paragraph
孔融,祢衡,3,2,23;40,"Chapter 23, P023-005: 操然之。攸出见孔融曰：「丞相欲得一有文名之士，以备行人之选。公可当此任否？」融曰：「吾友祢衡，字正平，其才十倍于我。此人宜在帝左右，不但可备行人而已。我当荐之天子。」于是遂上表奏帝。其文曰： || Chapter 23, P023-011: 时孔融在坐，恐操杀衡，乃从容进曰：「祢衡罪同胥靡，不足发明王之梦。」操指衡而言曰：「令汝往荆州为使。如刘表来降，便用汝作公卿。」衡不肯往。操备马三匹，令二人扶挟而行；却教手下文武，整酒于东门外送之。荀彧曰：「如祢衡来，不可起身。」衡至。下马入见，众皆端坐。衡放声大哭。荀彧问曰：「何为而哭？」衡曰：「行于死柩之中，如何不哭？」众皆曰：「吾等是死尸，汝乃无头狂鬼耳！」衡曰：「吾乃汉朝之臣，不作曹瞒之党，安得无头？」众欲杀之。苟彧急止之曰：「量鼠雀之辈，何足污刀！」衡曰：「吾乃鼠雀，尚有人性；汝等只可谓之蜾虫！」众恨而散。 || Chapter 40, P040-004: 时御史大夫郗虑家客闻此言，报知郗虑。虑常被孔融侮慢，心正恨之，乃以此言入告曹操；且曰：「融平日每每狎侮丞相，又与祢衡相善。衡赞融曰：「仲尼不死。」融赞衡曰：「颜回复生。」向者祢衡之辱丞相，乃融使之也。」操大怒，遂命廷尉捕捉孔融。融有二子，年尚少，时方在家，对坐奕棋。左右急报曰：「尊君被廷尉执去，将斩矣。二公子何不急避？」二子曰：「覆巢之下，安有完卵乎？」",same_body_paragraph
孙乾,孙权,3,2,54;57,"Chapter 54, P054-014: 玄德怀疑未决。孔明竟教孙干往江南说合亲事。孙干领了言语，与吕范同到江南，来见孙权。权曰「吾愿将小妹招赘玄德，并无异心。」孙干拜谢，回荆州见玄德，言吴侯专候主公去结亲。玄德怀疑不敢往。孔明曰：「吾已定下三条计策，非子龙不可行也。」遂唤赵云近前，附耳言曰：「汝保主公入吴，当领此三个锦囊。囊中有三条妙计，依次而行。」即将三个锦囊，与云贴肉收藏。孔明先使人往东吴纳了聘，一切完备。 || Chapter 54, P054-029: 二人弃剑，相携入席。又饮数巡，孙干目视玄德。玄德辞曰：「备不胜酒力，告退。」孙权送出寺前，二人并立，观江山之景。玄德曰：「此乃天下第一江山也！」至今甘露寺碑上云：「天下第一江山」。后人有诗赞曰：江山雨霁拥青螺，境界无忧乐最多。昔日英雄凝目处，岩崖依旧抵风波。 || Chapter 57, P057-016: 张飞大怒，欲擒之。孙干曰：「庞士元乃高明之人，未可轻忽。且到县问之。如果于理不当，治罪未晚。」飞乃入县，正厅上坐定，教县令来见。统衣冠不整，扶醉而出。飞怒曰：「吾兄以汝为人，令作县宰，汝焉敢尽废县事？」统笑曰：「将军以吾废了县中何事？」飞曰：「汝到任百余日，终日在醉乡，安得不废政事？」统曰：「量百里小县，些许公事，何难决断？将军少坐，待我发落。」随即唤公吏，将百余日所积公务，都取来剖断，吏皆纷然赍抱案卷，上厅诉词。被告人等，环跪阶下。统手中批判，口中发落，耳内听词，曲直分明，并无分毫差错，民皆叩首拜伏。不到半日，将百余日之事，尽断毕了，投笔于地，而对张飞曰：「所废之事何在？曹操，孙权，吾视之若掌上观文，量此小县，何足介意！」",same_body_paragraph
孙乾,庞统,3,1,57,"Chapter 57, P057-014: 统思玄德待我何薄，欲以才学动之；见孔明不在，只得勉强相辞而去。统到耒阳县，不理政事，终日饮酒为乐；一应钱粮词讼，并不理会。有人报知玄德，言庞统将耒阳县事尽废。玄德怒曰：「竖儒焉敢乱吾法度！」遂唤张飞分付：「引从人去荆南诸县巡视。如有不公不法者，就便究问。恐于事有不明处，可与孙干同去。」 || Chapter 57, P057-016: 张飞大怒，欲擒之。孙干曰：「庞士元乃高明之人，未可轻忽。且到县问之。如果于理不当，治罪未晚。」飞乃入县，正厅上坐定，教县令来见。统衣冠不整，扶醉而出。飞怒曰：「吾兄以汝为人，令作县宰，汝焉敢尽废县事？」统笑曰：「将军以吾废了县中何事？」飞曰：「汝到任百余日，终日在醉乡，安得不废政事？」统曰：「量百里小县，些许公事，何难决断？将军少坐，待我发落。」随即唤公吏，将百余日所积公务，都取来剖断，吏皆纷然赍抱案卷，上厅诉词。被告人等，环跪阶下。统手中批判，口中发落，耳内听词，曲直分明，并无分毫差错，民皆叩首拜伏。不到半日，将百余日之事，尽断毕了，投笔于地，而对张飞曰：「所废之事何在？曹操，孙权，吾视之若掌上观文，量此小县，何足介意！」 || Chapter 57, P057-017: 飞大惊，下席谢曰：「先生大才，小子失敬。吾当于兄长处极力举荐。」统乃将出鲁肃荐书。飞曰：「先生初见吾兄，何不将出？」统曰：「若便将出，似乎专藉荐书来干谒矣。」飞顾谓孙干曰：「非公则失一大贤也。」遂辞统回荆州，见玄德，具说庞统之才。玄德大惊曰：「屈待大贤，吾之过也！」飞将鲁肃荐书呈上。玄德拆视之。书略曰：「庞士元非百里之才，使处治中别驾之任，始当展其骥足。如以貌取之，恐负所学，终为他人所用，实可惜也。」",same_body_paragraph
孙乾,张辽,3,3,16;19;28,"Chapter 16, P016-025: 布听之，不从所请，攻城愈急。玄德与麋竺、孙干商议。孙干曰：「曹操所恨者，吕布也。不若弃城走许都，投奔曹操，借军破布，此为上策。」玄德曰：「谁可当先破围而出？」飞曰：「小弟情愿死战。」玄德令飞在前；云长在后；自居其中，保护老少。当夜三更，乘著月明出北门而走，正遇宋宪、魏续，被翼德一阵杀退，得出重围。后面张辽赶来，关公敌住。吕布见玄德去了，也不来赶，随即入城安民，令高顺守小沛，自己仍回徐州去了。 || Chapter 19, P019-002: 吕布赶到玄德家中，糜竺出迎，告布曰：「吾闻大丈夫不废人之妻子。今与将军争天下者，曹公耳。玄德常念辕门射戟之恩，不敢背将军也。今不得已而投曹公，惟将军怜之。」布曰：「吾与玄德旧交，岂忍害他妻子？」便令糜竺引玄德妻小，去徐州安置。布自引军投山东兖州境上，留高顺、张辽守小沛。此时孙干已逃出城外。关、张二人亦各自收得些人马，往山中住劄。 || Chapter 28, P028-005: 于是张辽与夏侯惇领兵自回。关公赶上车仗，与孙干说知此事。二人并马而行。行了数日，忽值大雨滂沱，行装尽湿。遥望山冈边有一所庄院，关公引著车仗，到彼借宿。庄内一老人出迎。关公具言来意。老人曰：「某姓郭，名常，世居于此。久闻大名，幸得瞻拜。」遂宰羊置酒相待，请二夫人于后堂暂歇。郭常陪关公，孙干于草堂饮酒。一边烘焙行李，一边喂养马匹。",same_body_paragraph
孙乾,田丰,3,2,22;24,"Chapter 22, P022-005: 四人争论未定，绍踌躇不决。忽许攸、荀谌自外而入。绍曰：「二人多有见识，且看如何主张。」二人施礼毕，绍曰：「郑尚书有书来，令我起兵助刘备，攻曹操。起兵是乎？不起兵是乎？」二人齐声应曰：「明公以众克寡，以强攻弱，讨汉贼以扶王室：起兵是心。」绍曰：「二人所见，正合我心。」便商议兴兵。先令孙干回报郑玄，并约玄德准备接应；一面令审配、逢纪为统军，田丰、荀谌、许攸为谋士，颜良、文丑为将军，起马军一十五万，步兵一十五万，共精兵三十万，望黎阳进发。 || Chapter 24, P024-009: 细作探知，报入徐州。孙干先往下邳报知关公，随至小沛报知玄德。玄德与孙干计议曰：「此必求救于袁绍，方可解危。」于是玄德修书一封，遣孙干至河北。干乃先见田丰，具言其事，求其引进。 || Chapter 24, P024-011: 绍曰：「吾亦知此最好，奈我心中恍惚，恐有不利。」丰曰：「何恍惚之有？」绍曰：「五子中惟此子生得最异，倘有疏虞，吾命休矣。」遂决意不肯发兵，乃谓孙干曰：「汝回见玄德，可言其故。倘有不如意，可来相投，吾自有相助之处。」田丰以杖击地曰：「遭此难遇之时，乃以婴儿之病，失此机会，大事去矣！可痛惜哉！」跌足长叹而出。",same_body_paragraph
孙乾,蔡瑁,3,2,31;35,"Chapter 31, P031-026: 表大喜曰：「玄德，吾弟也。久欲相会，而不可得。今肯惠顾，实为幸甚。」蔡瑁谮曰：「不可。刘备先从吕布，后事曹操，近投袁绍，皆不克终，足可见其为人。今若纳之，曹操必加兵于我，枉动干戈；不如斩孙干之首，以献曹操，操必重待主公也。」孙干正色曰：「干非惧死之人也。刘使君忠心为国，非曹操、袁绍、吕布等比。前此相从，不得已也。今闻刘将军汉朝苗裔，谊切同宗，故千里相投。尔何献谗而妒贤如此耶！」 || Chapter 31, P031-027: 刘表闻言，乃叱蔡瑁曰：「吾主意已定，汝勿多言。」蔡瑁惭恨而出。刘表遂命孙干先往报玄德，一面亲自出郭三十里迎接。玄德见表，执礼甚恭。表亦相待甚厚。玄德引关、张等拜见刘表，表遂与玄德同入荆州，分拨院宅居住。 || Chapter 35, P035-013: 玄德从其言，即令孙干赍书至荆州。刘表唤入问曰：「吾请玄德襄阳赴会，缘何逃席而去？」孙干呈上书札，具言蔡瑁设谋相害，赖跃马檀溪得脱。表大怒，急唤蔡瑁责骂曰：「汝焉敢害吾弟！」命推出斩之。蔡夫人出，哭求免死，表怒犹未息。孙干告曰：「若杀蔡瑁，恐皇叔不能安居于此矣。」表乃责而释之，使长子刘琦同孙干至玄德处请罪。",same_body_paragraph
孙乾,马超,3,1,65,"Chapter 65, P065-014: 玄德大喜，即时修书，差孙干赍金珠从小路迳至汉中，托来见杨松，说知此事，送了金珠。松大喜，先引孙干见张鲁，陈言方便。鲁曰：「玄德只是左将军，如何保得我为汉宁王？」杨松曰：「备是大汉皇叔，正合保奏。」张鲁大喜，便差人教马超罢兵。孙干只在杨松家听回信。 || Chapter 65, P065-021: 时孙干已回。玄德复命霍峻，孟达守关，便撤兵来取成都。赵云，黄忠接入绵竹。人报「蜀将刘晙，马汉引军到。」赵云曰：「某愿往擒此二人！」言讫，上马引军出。玄德在城上款待马超吃酒。未曾安席，子龙已斩二人之头，献于筵前。马超亦惊，倍加敬重。超曰：「不须主公厮杀，超自唤出刘璋来降。如不肯降，超自与弟马岱取成都，双手奉献。」玄德大喜。是日尽欢。 || Chapter 65, P065-027: 玄德从之，设一大宴，请刘璋收拾财物，佩领振威将军印绶，将妻子良贱，尽赴南郡公安住歇，即日起行。玄德自领益州牧，其所降文武，尽皆重赏，定拟名爵。严颜为前将军，法正为蜀郡太守，董和为掌军中郎将，许靖为左将军长史，庞义为营中司马，刘巴为左将军，黄权为右将军。其余吴懿，费观，彭羕，卓膺，李严，吴兰，雷同，李恢，张翼，秦宓，谯周，吕义，霍峻，邓芝，杨洪，周群，费袆，费诗，孟达，……文武投降官员，共六十余人，并皆擢用。诸葛亮军师，关云长为荡寇将军汉寿亭侯，张飞为征远将军新亭侯，赵云为镇远将军，黄忠为征西将军，魏延为扬武将军，马超为平西将军。孙干，简雍，糜竺、糜芳，刘封，关平，周仓，廖化，马良，马谡，蒋琬，伊籍，及旧日荆襄一班文武官员，尽皆升赏。遣使赍黄金五百斤，白银一千斤，钱五千万，蜀锦一千疋，赐与云长。其余官将，给赐有差。杀牛宰马，大饷士卒，开仓赈济百姓，军民大悦。",same_body_paragraph
孙坚,李肃,3,1,5,"Chapter 5, P005-011: 读毕，歃血。众因其辞气慷慨，皆涕泗横流。歃血已罢，下坛。众扶绍升帐而坐，两行依爵位年齿分列坐定。操行酒数巡，言曰：「今日既立盟主，各听调遣，同扶国家，勿以强弱计较。」袁绍曰：「绍虽不才，既承公等推为盟主，有功必赏，有罪必罚。国有常刑，军有纪律；各宜遵守，勿得违犯。」众皆曰：「惟命是听。」绍曰：「吾弟袁术总督粮草，应付诸营，无使有缺。更须一人为先锋，直抵汜水关挑战。余各据险要，以为接应。」长沙太守孙坚出曰：「坚愿为前部。」绍曰：「文台勇烈，可当此任。」坚遂引本部人马杀奔汜水关来。守关将士，差流星马往洛阳丞相府告急。董卓自专大权之后，每日饮宴。李儒接得告急文书，迳来禀卓。卓大惊，急聚众将商议。温侯吕布挺身出曰：「父亲勿虑：关外诸侯，布视之如草芥。愿提虎狼之师，尽斩其首，悬于都门。」卓大喜曰：「吾有奉先，高枕无忧矣！」言未绝，吕布背后一人高声出曰：「『割鸡焉用牛刀？』不劳温侯亲往。吾斩众诸侯首级，如探囊取物耳。」卓视之，其人身长九尺，虎体狼腰，豹头猿臂：关西人也；姓华，名雄。卓闻言大喜，加为骁骑校尉，拨马步军五万，同李肃，胡轸，赵岑星夜赴关迎敌。众诸侯内有济北相鲍信，寻思孙坚既为前部，怕他夺了头功，暗拨其弟鲍忠，先将马步军三千，迳抄小路，直到关下搦战。华雄引铁骑五百，飞下关来，大喝：「贼将休走！」鲍忠急待退，被华雄手起刀落，斩于马下，生擒将校极多。华雄遣人将鲍忠首级来相府报捷，卓加雄为都督。 || Chapter 5, P005-013: 华雄副将胡轸引兵五千出关迎战。程普飞马挺矛，直取胡轸。斗不数合，程普刺中胡轸咽喉，死于马下。坚挥军直杀至关前，关上矢石如雨。孙坚引兵回至梁东屯住，使人于袁绍处报捷，就于袁术处催粮。或说术曰：「孙坚乃江东猛虎；若打破洛阳，杀了董卓，正是除狼而得虎也。今不与粮，彼军必散。」术听之，不发粮草。孙坚军缺食，军中自乱，细作报上关来。李肃为华雄谋曰：「今夜我引一军从小路下关，袭孙坚寨后，将军挥其前寨，坚可擒矣。」 || Chapter 5, P005-014: 雄从之，传令军士饱餐，乘夜下关。是夜月白风清。到坚寨时，已是半夜，鼓噪直进。坚慌忙披挂上马，正遇华雄。两马相交，斗不数合，后面李肃军到，令军士放起火来。坚军乱窜。众将各自混战，止有祖茂跟定孙坚，突围而走。背后华雄追来。坚取箭，连放两箭，皆被华雄躲过。再放第三箭时，因用力太猛，拽折了鹊画弓，只得弃弓纵马而奔。祖茂曰：「主公头上赤帻射目，为贼所识认。可脱帻与某戴之。」坚就脱帻换茂盔，分两路而走。雄军只望赤帻者追赶，坚乃从小路得脱。祖茂被华雄追急，将赤帻挂于人家烧不尽的庭柱上，却入树林潜躲。",same_body_paragraph
孙坚,蔡瑁,3,2,6;7,"Chapter 6, P006-019: 却说荆州刺史刘表，字景升，山阳高平人也：乃汉室宗亲；幼好结纳，与名士七人为友，时号「江夏八俊」。那七人：一一汝南陈翔，字仲麟；同郡范滂，字孟博；鲁国孔昱，字世元；渤海范康，字仲真；山阳檀敷，字文友；同郡张俭，字元节；南阳岑晊，字公孝。刘表与此七人为友；有延平人蒯良、蒯越，襄阳人蔡瑁为辅。当时看了袁绍书，随令蒯越、蔡瑁引兵一万来截孙坚。 || Chapter 6, P006-020: 坚军方到，蒯越将阵摆开，当先出马。孙坚问曰：「蒯英度何故引兵截吾去路？」越曰：「汝既为汉臣，如何私匿传国之宝？可速留下，放汝归去！」坚大怒，命黄盖出战。蔡瑁舞刀来迎。斗到数合，黄盖挥鞭打瑁，正中护心镜。瑁拨回马走，孙坚乘势杀过界口。山背后金鼓齐鸣，乃刘表亲自引军来到。孙坚就马上施礼曰：「景升何故信袁绍之书，相逼邻郡！」表曰：「汝匿传国玺，将欲反耶？」坚曰：「吾若有此物，死于刀箭之下！」表曰：「汝若要我听信，将随军行李，任我搜看。」坚怒曰：「汝有何力，敢小觑我！」方欲交兵，刘表便退。坚纵马赶去，两山后伏兵齐起，背后蒯越、蔡瑁赶来，将孙坚困在垓心。正是：玉玺得来无用处，反因此宝动刀兵。毕竟孙坚怎地脱身，且听下文分解。 || Chapter 7, P007-023: 蔡瑁引军万余，出襄阳城外，于岘山布阵。孙坚将得胜之兵，长驱大进。蔡瑁出马。坚曰：「此人是刘表后妻之兄也，谁与吾擒之？」程普挺铁脊矛出马，与蔡瑁交战。不到数合，蔡瑁败走。坚驱大军，杀得尸横遍野。蔡瑁逃入襄阳。蒯良言瑁不听良策，以致大败，按军法当斩。刘表以新娶其妹，不肯加刑。",same_body_paragraph
孙权,曹洪,3,3,40;61;78,"Chapter 40, P040-002: 却说夏侯惇败回许昌，自缚见曹操，伏地请死。操释之。惇曰：「惇遭诸葛亮诡计，用火攻破我军。」操曰：「汝自幼用兵，岂不知狭处须防火攻？」惇曰：「李典、于禁曾言及此，悔之不及！」操乃赏二人。惇曰：「刘备如此猖獗，真腹心之患也，不可不急除。」操曰：「吾所虑者，刘备、孙权耳。余皆不足介意。今当乘此时扫平江南。」便传令起大兵五十万，令曹仁、曹洪，为第一队；张辽、张郃，为第二队；夏侯渊、夏侯惇，为第三队；于禁、李典，为第四队；操自领诸将为第五队。每队各引兵十万。又令许褚为折冲将军，引兵三千为先锋。选定建安十三年秋七月丙午日出师。 || Chapter 61, P061-024: 且说曹操大军至濡须，先差曹洪领三万铁甲马军，哨至江边。回报云：「遥望沿江一带，旗旛无数，不知兵聚何处。」操放心不下，自领兵前进，就濡须口排开军阵。操领百余人上山坡，遥望战船，各分队伍，依次排列。旗分五色，兵器鲜明。当中大船上青罗伞下，坐著孙权。左右文武，侍立两傍。操以鞭指曰：「生子当如孙仲谋！若刘景升儿子豚犬耳！」 || Chapter 78, P078-018: 次日，觉气冲上焦，目不见物，急召夏侯惇商议。惇至殿门前，忽见伏皇后、董贵人、二皇子、伏完、董承等，立在阴云之中。惇大惊昏倒，左右扶出，自此得病。操召曹洪、陈群、贾诩、司马懿等，同至卧榻前，嘱以后事。曹洪等顿首曰：「大王善保玉体，不日定当霍然。」操曰：「孤纵横天下三十余年，群雄皆灭，止有江东孙权，西蜀刘备，未曾剿除。孤今病危，不能再与卿等相叙，特以家事相托：孤长子曹昂，刘氏所生，不幸早年殁于宛城。今卞氏生四子：丕、彰、植、熊。孤平生所爱第三子植，为人虚华少诚实，嗜酒放纵，因此不立；次子曹彰，勇而无谋；四子曹熊，多病难保；惟长子曹丕，笃厚恭谨，可继我业。卿等宜辅佐之。」",same_body_paragraph
孙权,法正,3,2,60;65,"Chapter 60, P060-024: 璋视之，乃帐前从事官王累也。累顿首言曰：「主公今听张松之言，自取其祸。」璋曰：「不然。吾结好刘玄德，实欲拒张鲁也。」累曰：「张鲁犯界，乃癣疥之疾；刘备入川，乃心腹之大患。况刘备世之枭雄，先事曹操，便思谋害；后从孙权，便夺荆州。心术如此，安可同处乎？今若召来，西川休矣！」璋叱曰：「再休乱道！玄德是我同宗，他安肯夺我基业？」便教扶二人出。遂命法正便行。法正离益州，迳取荆州，来见玄德。参拜已毕，呈上书信。玄德拆封视之。书曰：「族弟刘璋，再拜致书于玄德宗兄将军麾下：久伏电天，蜀道崎岖，未及赍贡，甚切惶愧。璋闻『吉凶相救，患难相扶。』朋友尚然，况宗族乎？今张鲁在北，旦夕兴兵，侵犯璋界，甚不自安。专人谨奉尺书，上乞钧听。倘念同宗之情，全手足之义，即日兴师剿灭狂寇，永为唇齿，自有重酬。书不尽言，耑候车骑。」 || Chapter 60, P060-026: 当日席散，孔明亲送法正归馆舍。玄德独坐沉吟。庞统进曰：「事当决而不决者，愚人也。主公高明，何多疑耶？」玄德问曰：「以公之意，当复何如？」统曰：「荆州东有孙权，北有曹操难以得志。益州户口百万，士广财富，可资大业。今幸张松、法正为内助，此天赐也。何必疑哉？」 || Chapter 65, P065-030: 法正拜服。自此军民安靖。四十一州地面，分兵镇抚，并皆平定。法正为蜀郡太守，凡平日一餐之德，睚★（左目右此）之怨，无不报复。或告孔明曰；「孝直太横，宜稍斥之。」孔明曰：「昔主公困守荆州，北畏曹操，东惮孙权，赖孝直为之辅翼，遂翻然翱翔，不可复制。今奈何禁止孝直，使不得少行其意耶？」因竟不问。法正闻之，亦自敛戢。",same_body_paragraph
孙权,阚泽,3,3,38;49;66,"Chapter 38, P038-017: 却说孙权自孙策死后，据住江东，承父兄基业，广纳贤士，开宾馆于吴会，命顾雍、张纮延接四方宾客。连年以来，你我相荐。时有会稽阚泽，字德润；彭城严畯，字曼才；沛县薛综，字敬文；汝南程秉，字德枢；吴郡朱桓，字休穆；陆绩，字公纪；吴人张温，字惠恕；会稽凌统，字公续；乌程吴粲，字孔休：此数人皆至江东。孙权敬礼甚厚。又得良将数人，乃汝阳吕蒙，字子明，吴郡陆逊，字伯言，瑯琊徐盛，字文向，东郡潘璋，字文珪，庐江丁奉，字承渊。文武诸人，共相辅佐。由此江东称得人之盛。 || Chapter 49, P049-009: 且说周瑜请程普，鲁肃一班军官，在帐中伺侯，只等东南风起，便调兵出；一面关报孙权接应。黄盖已自准备火船二十只，船头密布大钉；船内装载芦苇干柴，灌以鱼油，上铺硫黄燄硝引火之物，各用青布油单遮盖；船头上插青龙牙旗，船尾各系走舸。在帐下听侯，只等周瑜号令。甘宁，阚泽窝盘蔡和，蔡中，在外寨中，每日饮酒，不放一卒登岸。周围尽是东吴军马，把得水泄不通。只等帐上号令下来。 || Chapter 66, P066-010: 权问何计，肃曰：「今屯兵于陆口，使人请关云长赴会。若云长肯来，以善言说之，如其不从，伏下刀斧手杀之。如彼不肯来，随即进兵，与决胜负，夺取荆州便了。」孙权曰：「正合吾意，可即行之。」阚泽进曰：「不可。关云长乃世之虎将，非等闲可及。恐事不谐，反遭其害。」孙权怒曰：「若如此，荆州何日可得！」便命鲁肃速行此计。肃乃辞孙权，至陆口，召吕蒙，甘宁商议；设宴于陆口寨外临江亭上，修下请书，选帐下能言快语一人为使，登舟渡江。江口关平问了，遂引使入荆州，叩见云长，具道鲁肃相邀赴会之意，呈上请书。云长看毕，谓来人曰：「既子敬相请，我明日便来赴宴。汝可先回。」",same_body_paragraph
孙权,黄盖,3,3,44;47;49,"Chapter 44, P044-015: 孔明与鲁肃辞出，相别而去。次日清晨，孙权升堂。左边文官张昭、顾雍等三十余人；右边武官程普、黄盖等三十余人。衣冠济济，剑佩锵锵，分班侍立。 || Chapter 47, P047-001: 却说阙泽字德润，会稽山阴人也。家贫好学，与人佣工，尝借人书来看。看过一遍，便不遗忘。口才辨给，少有胆气。孙权召为参谋，与黄盖最相善。盖知其能言有胆，故欲使献诈降书。泽欣然应诺曰：「大丈夫处世，不能立功建业，不几与草木同腐乎？公既捐躯报主，泽又何惜微生！」黄盖滚下床来拜而谢之。泽曰：「事不可缓，即今便行。」盖曰：「书已修下了。」 || Chapter 49, P049-009: 且说周瑜请程普，鲁肃一班军官，在帐中伺侯，只等东南风起，便调兵出；一面关报孙权接应。黄盖已自准备火船二十只，船头密布大钉；船内装载芦苇干柴，灌以鱼油，上铺硫黄燄硝引火之物，各用青布油单遮盖；船头上插青龙牙旗，船尾各系走舸。在帐下听侯，只等周瑜号令。甘宁，阚泽窝盘蔡和，蔡中，在外寨中，每日饮酒，不放一卒登岸。周围尽是东吴军马，把得水泄不通。只等帐上号令下来。",same_body_paragraph
孙策,董卓,3,3,7;15;120,"Chapter 7, P007-019: 坚临行，静引诸子列拜于马前而谏曰：「今董卓专权，天子懦弱，海内大乱，各霸一方；江东方稍宁，以一小恨而起重兵，非所宜也：愿兄详之。」坚曰：「弟勿多言。吾将纵横天下，有雠岂可不报！」长子孙策曰：「如父亲必欲往，儿愿随行。」坚许之，遂与策登舟，杀奔樊城。 || Chapter 15, P015-010: 策拜谢，遂引军马，带领朱治，吕范，旧将程普，黄盖，韩当等，择日起兵。行至历阳，见一军到。当先一人：姿质风流，仪容秀丽；见了孙策，下马便拜。策视其人，乃庐江舒城人：姓周，名瑜，字公瑾。原来孙坚讨董卓之时，移家舒城，瑜与孙策同年，交情甚密，因结为昆仲。策长瑜两月，瑜以兄事策。瑜叔周尚，为丹阳太守，今往省亲，到此与策相遇。 || Chapter 120, P120-047: 高祖提剑入咸阳，炎炎红日升扶桑。光武龙兴成大统，金乌飞上天中央。哀哉献帝绍海宇，红轮西坠咸池傍！何进无谋中贵乱，凉州董卓居朝堂。王允定计诛逆党，李傕郭泛兴刀枪。四方盗贼如蚁聚，六合奸雄皆鹰扬。孙坚孙策起江左，袁绍袁术兴河梁。刘焉父子据巴蜀，刘表军旅屯荆襄。张修张鲁霸南郑，马腾韩遂守西凉。陶谦张绣公孙瓒，各逞雄才占一方。曹操专权居相府，牢笼英俊用文武。威震天子令诸侯，总领貔貅镇中土。楼桑玄德本皇孙，义结关张愿扶主。东西奔走恨无家，将寡兵微作羁旅。南阳三顾情可深，卧龙一见分寰宇。先取荆州后取川，霸业王图在天府。呜呼三载逝升遐，白帝托孤堪痛楚！孔明六出祁山前，愿以只手将天补。何期历数到此终，长星半夜落山坞！姜维独凭气力高，九伐中原空劬劳。钟会邓艾分兵进，汉室江山尽属曹。丕、叡、芳、髦才及奂，司马又将天下交。受禅台前云雾起，石头城下无波涛。陈留归命与安乐，王侯公爵从根苗。纷纷世事无穷尽，天数茫茫不可逃。鼎足三分已成梦，后人凭吊空牢骚。",same_body_paragraph
孙策,诸葛亮,3,3,42;48;120,"Chapter 42, P042-024: 正说间，人报江东孙权差鲁肃来吊丧，船已傍岸。孔明笑曰：「大事济矣！」遂问刘琦曰：「往日孙策亡时，襄阳曾遣人去吊丧否？」琦曰：「江东与我家有杀父之雠，安得通庆吊之礼？」孔明曰：「然则鲁肃之来，非为吊丧，乃来探听军情也。」遂谓玄德曰：「鲁肃至，若问曹操动静，主公只推不知。再三问时，主公只说可问诸葛亮。」 || Chapter 48, P048-006: 饮至半夜，操酒酣，遥指南岸曰：「周瑜，鲁肃，不识天时。今幸有投降之人，为彼心腹之患，此天助吾也。」荀攸曰：「丞相勿言，恐有泄漏。」操大笑曰：「座上诸公，与近侍左右，皆吾心腹之人也，，言之何碍？」又指夏口曰：「刘备，诸葛亮，汝不料蝼蚁之力，欲撼泰山，何其愚耶！」顾谓诸将曰：「吾今年五十四岁矣。如得江南，窃有所喜。昔日乔公与吾至契，吾知其二女皆有国色。后不料为孙策，周瑜，所娶。吾今新构铜雀台于漳水之上，如得江南，当娶二乔，置之台上，以娱暮年，吾愿足矣。」言罢大笑。唐人杜牧之有诗曰：折戟沈沙铁未消，自将磨洗认前朝。东风不与周郎便，铜雀春深锁二乔。 || Chapter 120, P120-047: 高祖提剑入咸阳，炎炎红日升扶桑。光武龙兴成大统，金乌飞上天中央。哀哉献帝绍海宇，红轮西坠咸池傍！何进无谋中贵乱，凉州董卓居朝堂。王允定计诛逆党，李傕郭泛兴刀枪。四方盗贼如蚁聚，六合奸雄皆鹰扬。孙坚孙策起江左，袁绍袁术兴河梁。刘焉父子据巴蜀，刘表军旅屯荆襄。张修张鲁霸南郑，马腾韩遂守西凉。陶谦张绣公孙瓒，各逞雄才占一方。曹操专权居相府，牢笼英俊用文武。威震天子令诸侯，总领貔貅镇中土。楼桑玄德本皇孙，义结关张愿扶主。东西奔走恨无家，将寡兵微作羁旅。南阳三顾情可深，卧龙一见分寰宇。先取荆州后取川，霸业王图在天府。呜呼三载逝升遐，白帝托孤堪痛楚！孔明六出祁山前，愿以只手将天补。何期历数到此终，长星半夜落山坞！姜维独凭气力高，九伐中原空劬劳。钟会邓艾分兵进，汉室江山尽属曹。丕、叡、芳、髦才及奂，司马又将天下交。受禅台前云雾起，石头城下无波涛。陈留归命与安乐，王侯公爵从根苗。纷纷世事无穷尽，天数茫茫不可逃。鼎足三分已成梦，后人凭吊空牢骚。",same_body_paragraph
庞统,徐庶,3,2,36;48,"Chapter 36, P036-021: 玄德喜曰：「愿闻此人姓名。」庶曰：「此人乃瑯琊阳都人，覆姓诸葛，名亮，字孔明。乃汉司隶校尉诸葛丰之后其父名珪，字子贡，为泰山郡丞，早卒。亮从其叔玄。玄与荆州刘景升有旧，因往依之，遂家于襄阳。后玄卒，亮与弟诸葛均躬耕于南阳尝好为梁父吟。所居之地，有一冈，名卧龙冈，因自号为卧龙先生。此人乃绝代奇才，使君急宜枉驾见之。若此人肯相辅佐，何愁天下不定乎？」玄德曰：「昔水镜先生曾为备言：『伏龙、凤雏，两人得一，可安天下。』今所云莫非即伏龙、凤雏乎？」庶曰：「凤雏乃襄阳庞统也。伏龙正是诸葛孔明。」玄德踊跃曰：「今日方知伏龙、凤雏之语。何期大贤只在目前。非先生言，备有眼如盲也！」后人有赞徐庶走马荐诸葛诗曰： || Chapter 48, P048-001: 却说庞统闻言，吃了一惊;急回视其人，原来却是徐庶。统见是故人，心下方定；回顾左右无人，乃曰：「你若说破我计，可惜江南八十一州百姓，皆是你送了也！」庶笑曰：「此间八十三万人马，性命如何？」统曰：「元直真欲破我计耶？」庶曰：「吾感刘皇叔厚恩，未尝忘报。曹操逼死吾母，吾已说过终身不设一谋，今安肯破兄良策？只是我亦随军在此，兵败之后，玉石不分，岂能免难？君当教我脱身之术，我即缄口远避矣。」统笑曰：「元直如此高见远识，谅此有何难哉！」庶曰：「愿先生赐教。」统去徐庶耳边略说数句。庶大喜，拜谢。庞统别却徐庶下船，自回江东。 || Chapter 48, P048-003: 言未毕，徐庶进曰：「庶蒙丞相收录，恨无寸功报效。请得三千人马，星夜往散关把住隘口。如有紧急，再行告报。」操喜曰：「若得元直去，吾无忧矣。散关之上，亦有军兵，公统领之。目下拨三千军步军，命臧霸为先锋，星夜前去，不可稽迟。」徐庶辞了曹操，与臧霸便行。……此便是庞统救徐庶之计。后人有诗曰：曹操征南日日忧，马腾韩遂起戈矛。凤雏一语教徐庶，正似游鱼脱钓钩。",same_body_paragraph
张昭,袁绍,3,2,38;43,"Chapter 38, P038-018: 建安七年，曹操破袁绍，遣使往江东，命孙权遣子入朝随驾。权犹豫未决。吴太夫人命周瑜、张昭等面议。张昭曰：「操欲令我遣子入朝，是牵制诸侯之法也。然若不令去，恐其兴兵下江东，势必危矣。」周瑜曰：「将军承父兄遣业，兼六郡之众，兵精粮足，将士用命，有何逼迫而欲送质于人？质一入，不得不与曹氏连和；彼有命召，不得不往；如此则见制于人也。不如勿遣，徐观其变，别以良策御之。」吴太夫人曰：「公瑾之言是也。」权遂从其言，谢使者，不遣子。自此曹操有下江南之意。但正值北方未宁，无暇南征。 || Chapter 43, P043-010: 这一篇言语，说得张昭并无一言回答。座上忽一人抗声问曰：「今曹公兵屯百万，将列千员，龙骧虎视，平吞江夏，公以为何如？」孔明视之，乃虞翻也。孔明曰：「曹操收袁绍蚁聚之兵，劫刘表乌合之众，虽数百万不足惧也。」虞翻冷笑曰：「军败于当阳，计穷于夏口，区区求救于人，而犹言不惧，此真大言欺人也！」孔明曰：「刘豫州以数千仁义之师，安能敌百万残暴之众，退守夏口，所以待时也。今江东兵精粮足，且有长江之险，犹欲使其主屈膝降贼，不顾天下耻笑；由此论之，刘豫州真不惧操贼者矣！」 || Chapter 43, P043-027: 张昭知孙权欲兴兵，遂与众议曰：「中了孔明之计也！」急入见权曰：「昭等闻主公将兴兵与曹操争锋。主公自思比袁绍若何？曹操向日兵微将寡，尚能一鼓克袁绍，何况今日拥百万之众南征，岂可轻敌？若听诸葛亮之言，妄动甲兵，此所谓负薪救火也。」孙权只低头不语。顾雍曰：「刘备因为曹操所败，故欲借我江东之兵以拒之，主公奈何为其所用乎？愿听子布之言。」",same_body_paragraph
张辽,程昱,3,3,23;24;27,"Chapter 23, P023-008: 帝览表，以付曹操。操遂使人召衡至。礼毕，操不命坐。祢衡仰天叹曰：「天地虽阔，何无一人也！」操曰：「吾手下有数十人，皆当世英雄，何谓无人？」衡曰：「愿闻。」操曰：「荀彧，荀攸，郭嘉，程昱，机深智远，虽萧何，陈平不及也。张辽[陈怡妏3]，许褚，乐进，李典，勇不可当，虽岑彭，马武不及也。吕虔，满宠，为从事；于禁，徐晃，为先锋。夏侯惇，天下奇才；曹子孝，世间福将。安得无人？」衡笑曰：「公言差矣。此等人物，吾尽识之：荀彧可使吊丧问疾，荀攸可使看坟守墓，程昱可使关门闭户，郭嘉可使白词念赋，张辽可使击鼓鸣金，许褚可使牧牛放马，乐进可使取状读诏，李典可使传书送檄，吕虔可使磨刀铸剑，满宠可使饮酒食糟，于禁可使负版筑墙，徐晃可使屠猪杀狗。夏侯惇称为『完体将军』，曹子孝呼为『要钱太守』。其余皆是衣架！饭囊！酒桶！肉袋耳！」操怒曰：「汝有何能？」衡曰：「天文地理，无一不通；三教九流，无一不晓；上可以致君为尧、舜，下可以配德于孔、颜。岂与俗子共论乎！」时止有张辽在侧，掣剑欲斩之。操曰：「吾正少一鼓吏；早晚朝贺宴享，可令祢衡充此职。」衡不推辞，应声而去。辽曰：「此人出言不逊，何不杀之？」操曰：「此人素有虚名，远近所闻。今日杀之，天下必谓我不能容物，彼自以为能，故令为鼓吏以辱之。」 || Chapter 24, P024-019: 且说曹操当夜取了小沛，随即进兵攻徐州。糜竺，简雍，守把不住，只弃城而走。陈登献了徐州。曹操大军入城，安民己毕，随唤众谋士议取下邛。荀彧曰：「云长保护玄德妻小，死守此城；若不速取，恐为袁绍所窃。」操曰：「吾素爱云长武艺人材，欲得之以为己用，不若令人说之使降。」郭嘉曰：「云长义气深重，必不肯降。若使人说之，恐被其害。」帐下一人出曰：「某与关公有一面之交，愿往说之。」众视之，乃张辽也。程昱曰：「文远虽与云长有旧，吾观此人，非可以言词说也。某有一计，使此人进退无路，然后用文远说之，彼必归丞相矣。」正是：整备窝弓射猛虎，安排香饵钓鳌鱼。未知其计若何，且看下文分解。 || Chapter 27, P027-001: 却说曹操部下诸将中，自张辽而外，只有徐晃与云长交厚，其余亦皆敬服；独蔡阳不服关公，故今日闻其去，欲住追之。操曰：「不忘故主，来去明白，真丈夫也。汝等皆当效之。」遂叱退蔡阳，不令去赶。程昱曰：「丞相待关某甚厚，今彼不辞而去，乱言片楮，冒渎钧威，其罪大矣。若纵之使归袁绍，是与虎添翼也。不若追而杀之，以绝后患。」",same_body_paragraph
张辽,许攸,3,2,30;32,"Chapter 30, P030-020: 次日，操自选马步军士五千，准备往乌巢劫粮。张辽曰：「袁绍屯粮之所，安得无备？丞相未可轻往。恐许攸有诈。」操曰：「不然。许攸此来，天败袁绍。今吾军粮不给，难以久持；若不用许攸之计，是坐而待困也。彼若有诈，安肯留我寨中？且吾亦欲劫寨久矣。今劫粮之举，计在必行，君请勿疑。」辽曰：「亦须防袁绍乘虚来袭。」操笑曰：「吾已筹之熟矣。」便教荀攸、贾诩、曹洪同许攸守大寨，夏侯惇、夏侯渊领一军伏于左，曹仁、李典领一军伏于右，以备不虞。教张辽、许褚在前，徐晃、于禁在后，操自引诸将居中，共五千人马，打著袁军旗号，军士皆束草负薪，人衔枚，马勒口，黄昏时分，望乌巢进发。是夜星光满天。 || Chapter 32, P032-018: 正说间，适许攸自许昌来；闻尚又攻谭，入见操曰：「丞相坐守于此，岂欲待天雷击杀二袁乎？」操笑曰：「吾已料定矣。」遂令曹洪先进兵攻邺，操自引一军来攻尹楷。兵临本境，楷引军来迎。楷出马，操曰：「许仲康安在？」许褚应声而出，纵马直取尹楷。楷措手不及，被许褚一刀斩于马下，余众奔溃。操尽招降之，即勒兵取邯郸。沮鹄进兵来迎。张辽出马，与鹄交锋，战不三合，鹄大败，辽从后追赶。两马相离不远，辽急取弓射之，应弦落马。操指挥军马掩杀，众皆奔散。 || Chapter 32, P032-025: 尚情知西山守不住，夜走溢口。安营未定，四下火光并起，伏兵齐出，人不及甲，马不及鞍。尚军大溃，退走五十里，势穷力极，只得遣豫州刺史阴夔至操营请降。操佯许之，却连夜使张辽、徐晃去劫寨。尚尽弃印绶节钺，衣甲辎重，望中山而逃。操回军攻冀州。许攸献计曰：「何不决漳河之水以渰之？」",same_body_paragraph
张郃,马超,3,2,58;69,"Chapter 58, P058-018: 说罢，挺鎗直杀过来。曹操背后于禁出迎。两马交战，斗得八九合，于禁败走。张郃出迎，战二十合亦败走。李通出迎，超奋威交战，数合之中，一鎗刺李通于马下。超把鎗望后一招，西凉兵一齐冲杀过来。操兵大败。西凉兵来得势猛，左右将佐，皆抵挡不住。马超，庞德，马岱，引百余骑，直入中军来捉曹操。操在乱军中，只听得西凉军大叫：「穿红袍的是曹操！」操就马上急脱下红袍，又听得大叫：「长髯者是曹操！」操惊慌，掣所佩剑断其髯。军中有人将曹操割髯之事，告知马超。超遂令人叫拏短髯者是曹操。操闻知，即扯旗角包颈而逃。后人有诗曰：潼关战败望风逃，孟德怆惶脱锦袍。剑割髭髯应丧胆，马超声价盖天高。 || Chapter 69, P069-026: 却说曹洪领兵到汉中，令张郃，夏侯渊各据险要。曹洪亲自进兵拒敌。时张飞自与雷同守巴西。马兵至下办，令吴兰为先锋，领军哨出，正与曹洪军相遇，吴兰欲退。牙将任夔曰：「贼兵初至，若不先挫其锐气，何颜见孟起乎﹖」于是骤马挺枪搦曹洪战。洪自提刀跃马而出。交锋三合，斩任夔于马下，乘势掩杀。吴兰大败，回见马超。超责之曰：「汝不得吾令，何故轻敌致败﹖」吴兰曰：「任夔不听吾言，故有此败。」马超曰：「可紧守隘口，勿与交锋。」一面申报成都，听候行止。 || Chapter 69, P069-027: 曹洪见马超连日不出，恐有诈谋，引军退回南郑。张郃来见曹洪，问曰：「将军既已斩将，如何退兵﹖」洪曰：「吾见马超不出，恐有别谋。且我在邺郡，闻神卜管辂有言，当于此地折一员大将。吾疑此言，故不敢轻进。」张郃大笑曰：「将军行兵半生，今奈何信卜者之言，而惑其心哉？郃虽不才，愿以本部兵取巴西。若得巴西，蜀郡易耳。」洪曰：「巴西守将张飞，非比等闲，不可轻敌。」张郃曰：「人皆怕张飞，吾视之如小儿耳！此去必擒之！」洪曰：「倘有疏失，若何﹖」郃曰：「甘当军命。」洪勒了文状，张郃进兵。正是：自古骄兵多致败，从来轻敌少成功。未知胜负如何，且看下文分解。",same_body_paragraph
张飞,陈宫,3,3,14;16;19,"Chapter 14, P014-036: 席散，曹豹回去，深恨张飞，连夜差人赍书一封，迳投小沛见吕布，备说张飞无礼；且云：玄德已往淮南，今夜可乘飞醉，引兵来袭徐州，不可错此机会。吕布见书，便请陈宫来议。宫曰：「小沛原非久居之地。今徐州既有可乘之隙，失此不取，悔之晚矣。」 || Chapter 16, P016-024: 布挺戟出马来战张飞，飞亦挺鎗来迎。两个酣战一百余合，未见胜负。玄德恐有疏失，急鸣金收军入城。吕布分军四面围定。玄德唤张飞责之曰：「都是你夺他马匹，惹起事端！如今马匹在何处？」飞曰：「都寄在各寺院内。」玄德随令人出城，至吕布营中说情，愿送还马匹，两相罢兵。布欲从之。陈宫曰：「今不杀刘备，久后必为所害。」 || Chapter 19, P019-012: 布料难抵敌，引军东走。曹兵随后追赶。吕布走得人困马乏。忽大闪出一彪军拦住去路，为道一将，立马横刀，大喝：「吕布休走！关云长在此！」吕布慌忙接战。背后张飞赶来。布无心恋战，与陈宫等杀开条路，迳奔下邳。侯成引兵接应去了。关、张相见，各洒泪言失散之事。云长曰：「我在海州路上住扎，探得消息，故来至此。」张飞曰：「弟在芒砀山住了这几时，今日幸得相遇。」",same_body_paragraph
张飞,鲁肃,3,3,56;57;69,"Chapter 56, P056-017: 却说鲁肃回见周瑜，说玄德，孔明欢喜不疑，准备出城劳军。周瑜大笑曰：「原来今番也中了吾计！」便教鲁肃禀报吴侯，并遣程普引兵接应。周瑜此时箭疮已渐平愈，身躯无事，使甘宁为先锋，自与徐盛，丁奉为第二；凌统，吕蒙为后队。水陆大兵五百万，望荆州而来。周瑜在船中，时复欢笑，以为孔明中计。前军至夏口，周瑜问：「荆州有人在前面接否？」人报：「刘皇叔使糜竺来见都督。」瑜唤至，问劳军如何。糜竺曰：「主公皆准备安排下了。」瑜曰：「皇叔何在？」竺曰：「在荆州城门相等，与都督把盏。」瑜曰：「今为汝家之事，出兵远征；劳军之礼，休得轻易。」糜竺领了言语先回。战船密密排在江上，依次而进。看看至公安，并无一双军船，又无一人远接。周瑜催船速行。离荆州十余里，只见江面上静荡荡的。哨探的回报：「荆州城上，插两面白旗，并不见一人之影。」瑜心疑，教把船傍岸，亲自上岸，乘马带了甘宁，徐盛，丁奉一班军官，引亲随精军三千人，迳望荆州来。既至城下，并不见动静。瑜勒住马，令军士叫门。城上问是谁人。吴军答曰：「是东吴周都督亲自此。」言未毕，忽一声梆子响，城上一齐都竖起鎗刀。敌楼上赵云出曰：「都督此行，端的为何？」瑜曰：「吾替汝主取西川，汝岂犹未知耶？」云曰：「孔明军师已知都督『假途灭虢』之计，故留赵云在此。吾主公有言：『孤与刘璋，皆汉室宗亲，安忍背义而取西川？若汝东吴端的取蜀，吾当披发入山，不失信于天下也。』」周瑜闻之，勒马便回。只见一人打著令字旗，于马前报说：「探得四路军马，一齐杀到：关某从江陵杀来，张飞从秭归杀来，黄忠从公安杀来，魏延从彝陵小路杀来：四路正不知多少军马。喊声远近震动百余里，皆言要捉周瑜。」瑜马上大叫一声，箭鎗复裂，墬于马下。正是：一著掑高难对敌，几番算定总成空。不知周瑜性命如何，且看下文解。 || Chapter 57, P057-018: 玄德看毕，正在嗟叹，忽报孔明回。玄德接入，礼毕。孔明先问曰：「庞军师近日无恙否？」玄德曰：「近治耒阳县，好酒废事。」孔明笑曰：「士元非百里之才，胸中之学，胜亮十倍。亮曾有荐书在士元处，曾达主公否？」玄德曰：「今日方得子敬书，却未见先生之书。」孔明曰：「大贤若处小任，往往以酒糊涂，倦于视事。」玄德曰：「若非吾弟所言，险失大贤。」随即令张飞往耒阳县请庞统到荆州，玄德下阶请罪。统方将出孔明所荐之书。玄德看书中之意，言凤雏到日，宜即重用。玄德喜曰：「昔司马德操言：『伏龙，凤雏，两人得一，可安天下。』今吾二人皆得，汉室可兴矣。」遂拜庞统为副军师中郎将，与孔明共赞方略，教练军士，听候征伐。 || Chapter 69, P069-013: 操欲封辂为太吏。辂曰：「命薄相穷，不称此职，不敢受也。」操问其故。答曰；「辂额无主骨，眼无守睛；鼻无梁柱，脚无天根；背无三甲，腹无三壬。只可泰山治鬼，不能治生人也。」操曰：「汝相吾若何﹖」辂曰：「位极人臣，又何必相﹖」再三问之，辂但笑而不答。操令辂遍相文武官僚。辂曰：「皆治世之臣也。」操问休咎，皆不肯尽言。后人有诗赞管辂曰：平明神卜管公明，能算南辰北斗星。八卦幽微通鬼窍，六爻玄奥究天庭。预知相法应无寿，」自觉心源极有灵。可惜当年奇异术，后人无复授遗经。操令卜东吴，西蜀二处。辂设卦云：「东吴主亡一大将，西蜀有兵犯界。」操不信。忽合淝报来：「东吴陆口守将鲁肃身故。」操大惊，便差人往汉中探听消息。不数日，飞报：「刘玄德遣张飞，马超屯兵下办取关。」操大怒，便欲自领兵再入汉中，令管辂卜之，辂曰：「大王未可妄动。来春许都必有火灾。」",same_body_paragraph
徐庶,荀彧,3,2,37;39,"Chapter 37, P037-001: 却说徐庶趱程赴许昌，曹操知徐庶已到，遂命荀彧、程昱等一班谋士往迎之。庶入相府拜见曹操。操曰：「公乃高明之士，何故屈身而事刘备乎？」庶曰：「某幼逃难，流落江湖，偶至新野，遂与玄德交厚。老母在堂，幸蒙顾念，不胜愧感。」操曰：「公今至此，正可晨昏侍奉令堂，吾亦得听清诲矣。」 || Chapter 37, P037-005: 徐庶见母已死，哭绝于地，良久方苏。曹操使人赍礼吊问，又亲往祭奠。徐庶葬母柩于许昌之南原，居丧守墓。凡曹操所赐，庶俱不受。时操欲商议南征，荀彧谏曰：「天寒未可用兵。姑待春暖，方可长驱大进。一操从之，乃引漳河之水作一池，名玄武池，于内教练水军，准备南征。 || Chapter 39, P039-018: 操即命夏侯惇为都督；于禁、李典、夏侯兰、韩浩为副将；领兵十万，直抵博望城，以窥新野。荀彧谏曰：「刘备英雄，今更兼诸葛亮为军师，不可轻敌。」惇曰：「刘备鼠辈耳，吾必擒之。」徐庶曰：「将军勿轻视刘玄德。今玄德得诸葛亮为辅，如虎生翼矣。」操曰：「诸葛亮何人也？」庶曰：「亮字孔明，道号卧龙先生。有经天纬地之才，出鬼入神之计，真当世奇士，非可小觑。」",same_body_paragraph
曹丕,曹真,3,3,84;85;86,"Chapter 84, P084-031: 陆逊回寨叹曰：「孔明真『卧龙』也！吾不能及！」于是下令班师。左右曰：「刘备兵败势穷，困守一城，正好乘势击之；今见石阵而退，何也？」逊曰：「吾非惧石阵而退？吾料魏主曹丕，其奸诈与父无异，今知吾追赶蜀兵，必乘虚来袭。吾若深入西川，急难退矣。」遂令一将断后，逊率大军而回。退兵未及二日，三处人来飞报：「魏兵曹仁出濡须，曹休出洞口，曹真出南郡：三路兵马数十万，星夜至境，未知何意。」逊笑曰：「不出吾之所料。吾已令兵拒之矣。」正是：雄心方欲吞西蜀，胜算还须御北朝。未知如何退兵，且看下文分解。 || Chapter 85, P085-026: 次日，后主车驾亲至相府。门吏见驾到，慌忙拜伏于地而迎。后主问曰；「丞相在何处？」门吏曰：「不知在何处。只有丞相钧旨，教挡住百官，勿得辄入。」后主乃下车步行，独进第三重门，见孔明独倚竹杖，在小池边观鱼。后主在后立久，乃徐徐而言曰：「丞相安乐否？」孔明回顾，见是后主，慌忙弃杖，拜伏于地曰：「臣该万死！」后主扶起，问曰；「今曹丕分兵五路，犯境甚急，相父缘何不肯出府视事？」孔明大笑，扶后主入内室坐定，奏曰：「五路兵至，臣安得不知？臣非观鱼，有所思也。」后主曰：「如之奈何？」孔明曰：「羌王轲比能，蛮王孟获，反将孟达，魏将曹真：此四路兵，臣已皆退去了也。止有孙权这一路兵，臣已有退兵之计，但须一能言之人为使。因未得其人，故熟思之。陛下何必忧乎？」 || Chapter 86, P086-023: 却说魏王驾龙舟至广陵，前部曹真已领兵列于大江之岸。曹丕问曰：「江岸有多少兵？」真曰：「隔岸远望，并不见一人，亦无旌旗营寨。」丕曰：「此必诡计也。朕自往观其虚实。」于是大开江道，放龙舟直至大江，泊于江岸。船上建龙凤日月五色旌旗，銮仪簇拥，光耀射目。曹丕端坐舟中，遥望江南，不见一人，回顾刘晔、蒋济曰：「可渡江否？」晔曰：「兵法实实虚虚。彼见大军至，如何不作整备？陛下未可造次。且待三五日，看其动静，然后发先锋渡江以探之。」丕曰：「卿言正合朕意。」是日天晚，宿于江中。当夜月黑。军士皆执灯火，明耀天地，恰如白昼。遥望江南，并不见半点儿火光。丕问左右曰：「此何故也？」近臣奏曰：「想闻陛下天兵来到，故望风逃窜耳。」丕暗笑。及至天晓，大雾迷漫，对面不见。须臾风起，雾散云收，望见江南一带皆是连城；城楼上鎗刀耀日，遍城尽插旌旗号带。顷刻数次人来报：「南徐沿江一带，直至石头城：一连数百里，城郭舟车，连绵不绝，一夜成就。」曹丕大惊。原来徐盛束缚芦苇为人，尽穿青衣，执旌旗，立于假城疑楼之上。魏兵见城上许多人马，如何不胆寒？丕叹曰：「魏虽有武士千群，无所用之。江南人物，未可图也！」正惊讶间，忽然狂风大作，白浪滔天，江水溅湿龙袍，大船将覆。曹真慌令文聘撑小舟急来救驾。龙舟上人站立不住。文聘跳上龙舟，负丕下得小舟，奔入河港。忽流星马报道：「赵云引兵出阳平关，迳取长安。」丕听得，大惊失色，便教收军。众军各自奔走。背后吴兵追至。丕传旨教尽弃御用之物而走。龙舟将次入淮，忽然鼓角齐鸣，喊声大震，刺斜里一彪军杀到；为首大将，乃孙韶也。魏兵不能抵当，折其大半，渰死者无数。",same_body_paragraph
曹丕,袁绍,3,3,32;34;91,"Chapter 32, P032-032: 却说操长子曹丕，字子桓，时年十八岁。丕初生时，有云气一片，其色青紫，圆如车盖，覆于其室，终日不散。有望气者，密谓操曰：「此天子气也。令嗣贵不可言。」丕八岁能属文，有逸才，博古通今，善骑射，好击剑。时操破冀州，丕随父在军中，先领随身军，迳投袁绍家，下马拔剑而入。有一将当之曰：「丞相有命，诸人不许入绍府。」丕叱退，提剑入后堂。见两个妇人相抱而哭，向前欲杀之。正是： || Chapter 34, P034-002: 于是留曹植与曹丕在邺郡造台，使张燕守北寨。操将所得袁绍之兵，共五六十万，班师回许都，大封功臣；又表赠郭嘉为贞侯，养其子奕于府中。复聚众谋士商议，欲南征刘表。荀彧曰：「大军方北征而回，未可复动。且待半年，养精蓄锐，刘表、孙权，可一鼓而下也。」操从之，遂分兵屯田，以候调用。 || Chapter 91, P091-008: 却说魏主曹丕在位七年，即蜀汉建兴四年也。丕先纳夫人甄氏，即袁绍次子袁熙之妇，前破邺城时所得。后生一子，名叡，字元仲，自幼聪明，丕甚爱之。后丕又纳安平广宗人郭永之女为贵妃，甚有颜色﹔其父尝曰：「吾女乃女中之王也。」故号为「女王」。自丕纳为贵妃，因甄夫人失宠，郭贵妃欲谋为后，却与幸臣张韬商议。时丕有疾，韬乃诈称于甄夫人宫中掘得桐木偶人，上书天子年月日时，为压镇之事。丕大怒，遂将甄夫人赐死，立郭贵妃为皇后。因无出，养曹叡为己子。虽甚爱之，不立为嗣。",same_body_paragraph
曹叡,赵云,3,3,91;92;97,"Chapter 91, P091-026: 却说边庭探知此事，报入洛阳。是日曹叡设朝，近臣奏曰：「边官报称：诸葛亮率大兵三十余万，出屯汉中，令赵云、邓芝为前部先锋，引兵入境。」叡大惊，问群臣曰：「谁可为将，以退蜀兵？」忽一人应声而出曰：「臣父死于汉中，切齿之恨，未尝得报。今蜀兵犯境，臣愿引本部猛将，更乞陛下赐关西之兵，前往破蜀。上为国家效力，下报父雠，臣万死不恨！」 || Chapter 92, P092-001: 却说孔明率兵前至沔县，经过马超坟墓，乃令其弟马岱挂孝，孔明亲自祭之。祭毕，回到寨中，商议进兵。忽哨马报道：「魏主曹叡遣驸马夏侯楙，调关中诸路军马，前来拒敌。」魏延上帐献策曰：「夏侯楙乃膏粱子弟，懦弱无谋。延愿得精兵五千，取路出褒中，循秦岭以东，当子午谷而投北，不过十日，可到长安。夏侯楙若闻某骤至，必然弃城望邸阁横门而走。某却从东方而来，丞相可大驱士马，自斜谷而进：如此行之，则咸阳以西，一举可定也。」孔明笑曰：「此非万全之计也：汝欺中原无好人物，倘有人进言，于山僻中以兵截杀，非惟五千人受害，亦大伤锐气。决不可用。」魏延又曰：「丞相兵从大路进言，彼必尽起关中之兵，于路迎敌；则旷日持久，何时而得中原？」孔明曰：「吾从陇右居平坦大路，依法进兵，何忧不胜？」遂不用魏延之计。魏延怏怏不悦。孔明差人令赵云进兵。 || Chapter 97, P097-001: 却说蜀汉建兴六年秋九月，,魏都督曹休被东吴陆逊大破于石亭，车仗马匹，军资器械，并皆罄尽。休惶恐之甚，气忧成病，到洛阳，疸发背而死，魏主曹叡敕令厚葬。司马懿引兵还。众将接入问曰：「曹都督兵败，即元帅之干系，何故急回耶？」懿曰：「吾料诸葛亮知吾兵败，必乘虚来取长安。倘陇西紧急，何人救之？吾故回耳。」众皆以为惧怯，晒笑而退。却说东吴遣使致书蜀中，请兵伐魏，并言大破曹休之事；一者显自己威风，二者通和会之好。后主大喜，令人持书至汉中，报知孔明。时孔明兵强马壮，粮草丰足，所用之物，一切完备，正要出师；听知此信，即设宴大会诸将，计议出师。忽一阵大风，自东北角上而起，把庭前松树吹折，众皆大惊。孔明就占一课，曰：「此风主损一大将！」诸将未信。正饮酒间，忽报镇南将军赵云长子赵统、次子赵广来见。孔明大惊，掷杯于地曰：「子龙休矣！」二子入见，拜哭曰：「某父昨夜三更病重而死。」孔明跌足而哭曰：「子龙身故，国家损一栋梁，去吾一臂也！」众将无不挥泪。孔明令二子入成都面君报丧。后主闻云死，放声大哭曰：「朕昔年幼，非子龙则死于乱军之中矣！」即下诏追赠大将军，谥顺平侯，敕葬于成都锦屏山之东；建立庙堂，四时享祭。后人有诗曰：",same_body_paragraph
曹操,李儒,3,3,4;5;6,"Chapter 4, P004-019: 正说话间，适李儒至，卓以其事告之。儒曰：「操无妻小在京，只独居寓所。今差人往召，如彼无疑而便来，则是献刀；如推托不来，则必是行刺，便可擒而问也。」卓然其说，即差狱卒四人往唤操。去了良久，回报曰：「操不曾回寓，乘马飞出东门。门吏问之，操曰：『丞相差我有紧急公事』，纵马而去矣。」儒曰：「操贼心逃窜，行刺无疑矣。」卓大怒曰：「我如此重用，反欲害我！」儒曰：「此必有同谋者，待拏住曹操便可知矣。」卓遂令遍行文书，画影图形，捉拏曹操。擒献者，赏千金，封万户侯；窝藏者同罪。 || Chapter 5, P005-019: 曹操大喜。只见玄德背后转出张飞，高声大叫：「俺哥哥斩了华雄，不就这里杀入关去，活拏董卓，更待何时！」袁术大怒，喝曰：「俺大臣尚自谦让，量一县令手下小卒，安敢在此耀武扬威！都与赶出帐去！」曹操曰：「得功者赏，何计贵贱乎？」袁术曰：「既然公等只重一县令，我当告退。」操曰：「岂可因一言而误大事耶？」命公孙瓒且带玄德、关、张回寨。众官皆散。曹操暗使人赍牛酒抚慰三人。却说华雄手下败军，报上关来。李肃慌忙写告急文书，申闻董卓。卓急聚李儒、吕布等商议。儒曰：「今失了上将华雄，贼势浩大。袁绍为盟主，绍叔袁隗，现为太傅；倘或里应外合，深为不便，可先除之。请丞相亲领大军，分拨剿捕。」 || Chapter 6, P006-010: 且说董卓行至荥阳地方，太守徐荣出接。李儒曰：「丞相新弃洛阳，防有追兵。可教徐荣伏军荥阳城外山坞之旁：若有兵追来，可竟放过；待我这里杀败，然后截住掩杀。令后来者不敢复追。」卓从其计，又令吕布引精兵遏后。布正行间，曹操一军赶上。吕布大笑曰：「不出李儒所料也」！将军马摆开。曹操出马，大叫：「逆贼！劫迁天子，流徙百姓，将欲何往？」吕布骂曰：「背主懦夫，何得妄言！」夏侯惇挺鎗跃马，直取吕布。战不数合，李傕引一军，从左边杀来，操急令夏侯渊迎敌。右边喊声又起，郭汜引军杀到，操急令曹仁迎敌。三路军马，势不可当。夏侯惇抵敌吕布不住，飞马回阵。布引铁骑掩杀，操军大败，回望荥阳而走。走至一荒山脚下，时约二更，月明如昼。方才聚集残兵。",same_body_paragraph
曹操,陆逊,3,3,68;75;76,"Chapter 68, P068-012: 却说陈武与庞德大战，后面又无应兵，被庞德赶到谷口，树林丛密陈武再欲回身交战，被树株抓住袍袖，不能迎敌，为庞德所杀。曹操见孙权走脱了，自策马驱兵，赶到江边对射。吕蒙箭尽。正慌间，忽对江一队船到，为首一员大将，乃孙策女婿陆逊，自引十万兵到；一阵射退曹兵，乘势登岸追杀曹兵，复夺战马数千匹，------曹兵伤者，不计其数？大败而回。--于乱军中寻见陈武尸首。 || Chapter 75, P075-020: 权大悟，遂拜吕蒙为大都督，总制江东诸路军马；令孙皎在后接应粮草。蒙拜谢，点兵三万，快船八十余只，选会水者扮作商人，皆穿白衣，在船上摇橹，却将精兵伏于★（左舟右冓）★（左舟右鹿）船中。次调韩当、蒋钦、朱然、潘璋、周泰、徐盛、丁奉等七员大将，相继而进。其余皆随吴侯为合后救应。一面遣使致书曹操，令进兵以袭云长之后；一面先传报陆逊，然后发白衣人，驾快船往浔阳江去。昼夜趱行，直抵北岸。江边烽火台上守台军盘问时，吴人答曰：「我等皆是客商；因江中阻风，到此一避。」随将财物送与守台军士。军士信之，遂任其停泊江边。 || Chapter 76, P076-009: 是夜，关平引一枝兵杀入魏寨，不见一人。平知是计，火速退时，左边徐商，右边吕建，两下夹攻。平大败回营，魏兵乘势追杀前来，四面围住。关平、廖化支持不住，弃了第一屯，迳投四冢寨来。早望见寨中火起。急到寨前，只见皆是魏兵旗号。关平等退兵，忙奔樊城大路而走。前面一军拦住，为首大将，乃徐晃也。平、化二人奋力死战，夺路而走，回到大寨，来见关公曰：「今徐晃夺了偃城等处；又兼曹操自引大军，分三路来救樊城；多有人言荆州已被吕蒙袭了。」关公喝曰：「此敌人讹言，以乱我军心耳！东吴吕蒙病危，孺子陆逊代之，不足为虑！」",same_body_paragraph
曹洪,荀彧,3,3,14;26;31,"Chapter 14, P014-022: 操自封为大将军武平侯，以荀彧为侍中尚书令；荀攸为军师；郭嘉为司马祭酒；刘晔为司空掾曹；毛玠，任峻为典农中郎将，催督钱粮；程昱为东平相，范成，董昭为洛阳令；满宠为许都令；夏侯惇，夏侯渊，曹仁，曹洪皆为将军；吕虔，李典，乐进，于禁，徐晃，皆为校尉；许褚，典韦，皆为都尉；其余将士，各各封官。自此大权皆归于曹操。朝廷大务，先禀曹操，然后方奏天子。 || Chapter 26, P026-011: 正饮宴间，忽报「汝南有黄巾刘辟、龚都，甚是猖獗。曹洪累战不利，乞遗兵救之。」云长闻言，进曰：「关某愿施犬马之劳，破汝南贼寇。」操曰：「云长建立大功，未曾重酬，岂可复劳征进？」公曰：「关某久闲，必生疾病。」曹操壮之，点兵五万，使于禁、乐进为副将，次日便行。荀彧密谓操曰：「云长有归刘之心，倘知消息必去，不可频令出征。」操曰：「今次收功，吾不复教临敌矣。」 || Chapter 31, P031-014: 却说曹操自仓亭大胜，重赏三军，令人探察冀州虚实。细作回报：「绍卧病在。袁尚、审配紧守城池。袁谭、袁熙、高干皆回本州。」众皆劝操急攻之。操曰：「冀州粮食极广，审配又有机谋，未可急拔。见今禾稼在田，恐废民业，姑待秋成后取之未晚。」正议间，忽荀彧有书到，报说：「刘备在汝南得刘辟、龚都数万之众。闻丞相提军出征河北，乃令刘辟守汝南，备亲自引兵乘虚来攻许昌。丞相可速回军御之。」操大惊，留曹洪屯兵河上，虚张声势。操自提大兵往汝南来迎刘备。",same_body_paragraph
曹洪,贾诩,3,3,30;32;78,"Chapter 30, P030-020: 次日，操自选马步军士五千，准备往乌巢劫粮。张辽曰：「袁绍屯粮之所，安得无备？丞相未可轻往。恐许攸有诈。」操曰：「不然。许攸此来，天败袁绍。今吾军粮不给，难以久持；若不用许攸之计，是坐而待困也。彼若有诈，安肯留我寨中？且吾亦欲劫寨久矣。今劫粮之举，计在必行，君请勿疑。」辽曰：「亦须防袁绍乘虚来袭。」操笑曰：「吾已筹之熟矣。」便教荀攸、贾诩、曹洪同许攸守大寨，夏侯惇、夏侯渊领一军伏于左，曹仁、李典领一军伏于右，以备不虞。教张辽、许褚在前，徐晃、于禁在后，操自引诸将居中，共五千人马，打著袁军旗号，军士皆束草负薪，人衔枚，马勒口，黄昏时分，望乌巢进发。是夜星光满天。 || Chapter 32, P032-008: 操善其言，命贾诩为太守，守黎阳；曹洪引兵守官渡。操引大军向荆州进兵。谭、尚听知曹军自退，遂相庆贺。袁熙、高干各自辞去。袁谭与郭图、辛评议曰：「我为长子，反不能承父业；尚乃继母所生，反承大爵；心实不甘。」图曰：「主公可勒兵城外，只做请显甫、审配饮酒，伏刀斧手杀之，大事定矣。」谭从其言。适别驾王修自青州来，谭将此计告之。修曰：「兄弟者，左右手也。今与他人争斗，自断其手，而曰我必胜，安可得乎？夫弃兄弟而不亲，天下其谁亲之？彼谗人离间骨肉，以求一朝之利，愿塞耳勿听也。」 || Chapter 78, P078-018: 次日，觉气冲上焦，目不见物，急召夏侯惇商议。惇至殿门前，忽见伏皇后、董贵人、二皇子、伏完、董承等，立在阴云之中。惇大惊昏倒，左右扶出，自此得病。操召曹洪、陈群、贾诩、司马懿等，同至卧榻前，嘱以后事。曹洪等顿首曰：「大王善保玉体，不日定当霍然。」操曰：「孤纵横天下三十余年，群雄皆灭，止有江东孙权，西蜀刘备，未曾剿除。孤今病危，不能再与卿等相叙，特以家事相托：孤长子曹昂，刘氏所生，不幸早年殁于宛城。今卞氏生四子：丕、彰、植、熊。孤平生所爱第三子植，为人虚华少诚实，嗜酒放纵，因此不立；次子曹彰，勇而无谋；四子曹熊，多病难保；惟长子曹丕，笃厚恭谨，可继我业。卿等宜辅佐之。」",same_body_paragraph
曹洪,黄忠,3,2,70;71,"Chapter 70, P070-019: 两个商议定了，黄忠引军下关，与张郃对阵：张郃出马，见了黄忠，笑曰：「你许大年纪，犹不识羞，尚欲出战耶！」忠怒曰：「竖子欺我年老！吾手中宝刀却不老！」遂拍马向前与郃决战。二马相交，约战二十余合，忽然背后喊声起。原来是严颜从小路抄在张郃军后。两军夹攻，张郃大败。连夜赶去，张郃兵退八九十里。黄忠，严颜，收兵入寨，俱各按兵不动。曹洪听知张郃轮了一阵，又欲见罪。郭淮曰：「张郃被逼，必投西蜀；今可遣将助之，就近监督，使不生外心。」 || Chapter 70, P070-020: 曹洪从之，即遣夏侯惇之姪夏侯尚，并降将韩玄之弟韩浩，二人引五千兵，前来助战。二将即时起行，到张郃寨中，问及军情。郃言：「老将黄忠，甚是英雄；更有严颜相助，不可轻敌。」韩浩曰：「我在长沙知此老贼利害。他和魏延献了城池，害吾亲兄，今既相遇，必当报雠。」遂与夏侯尚，引新军离寨前进。 || Chapter 71, P071-006: 不一日，军至南郑。曹洪接著，备言张郃之事。操曰：「非郃之罪『胜负乃兵家常事』耳。」洪曰：「目今刘备使黄忠攻打定军山，夏侯渊知大王兵至，固守未曾出战。」操曰：「若不出战，是示懦也。」便差人持节到定军山，教夏侯渊进兵。刘瞱谏曰：「渊性太刚，恐中奸计。」操乃手书与之。使命持节到渊营。渊接入。使者出书，渊拆视之。略曰：「凡为将者，当以刚柔相济，不可徒恃其勇。若但任勇，则是一夫之敌耳。吾今屯大军于南郑，欲观卿之『妙才，』勿辱二字可也。」",same_body_paragraph
李儒,郭汜,3,3,3;5;6,"Chapter 3, P003-002: 却说前将军鳌乡侯西凉刺史董卓，先为破黄巾无功，朝廷将治其罪，因贿赂十常侍幸免；后又结托朝贵，遂任显官，统西州大军二十万，常有不臣之心。是时得诏大喜，点起军马，陆续便行；使其婿中郎将牛辅，守住陕西，自己却带李傕、郭汜、张济、樊稠等提兵望洛阳进发。卓婿谋士李儒曰：「今虽奉诏，中间多有暗昧。何不差人上表，名正言顺，大事可图。」卓大喜，遂上表。其略曰：窃闻天下所以乱逆不止者，皆由黄门常侍张让等侮慢天常之故。臣闻扬汤止沸，不如去薪；溃痈虽痛，胜于养毒。臣敢鸣钟鼓入洛阳，请除让等。社稷幸甚！天下幸甚！ || Chapter 5, P005-020: 卓然其说，唤李催，郭汜，领兵五百，围住太傅袁隗家，不分老幼，尽皆诛绝，先将袁隗首级去关前号令。卓遂起兵二十万，分为两路而来：一路先令李催，郭汜，引兵五万，把住汜水关，不要厮杀；卓自将十五万，同李儒，吕布，樊稠，张济，等守虎牢关。这关离洛阳五十里。军马到关，卓令吕布领三万大军，去关前扎住大寨。卓自在关上屯住。 || Chapter 6, P006-010: 且说董卓行至荥阳地方，太守徐荣出接。李儒曰：「丞相新弃洛阳，防有追兵。可教徐荣伏军荥阳城外山坞之旁：若有兵追来，可竟放过；待我这里杀败，然后截住掩杀。令后来者不敢复追。」卓从其计，又令吕布引精兵遏后。布正行间，曹操一军赶上。吕布大笑曰：「不出李儒所料也」！将军马摆开。曹操出马，大叫：「逆贼！劫迁天子，流徙百姓，将欲何往？」吕布骂曰：「背主懦夫，何得妄言！」夏侯惇挺鎗跃马，直取吕布。战不数合，李傕引一军，从左边杀来，操急令夏侯渊迎敌。右边喊声又起，郭汜引军杀到，操急令曹仁迎敌。三路军马，势不可当。夏侯惇抵敌吕布不住，飞马回阵。布引铁骑掩杀，操军大败，回望荥阳而走。走至一荒山脚下，时约二更，月明如昼。方才聚集残兵。",same_body_paragraph
李肃,袁绍,3,1,5,"Chapter 5, P005-011: 读毕，歃血。众因其辞气慷慨，皆涕泗横流。歃血已罢，下坛。众扶绍升帐而坐，两行依爵位年齿分列坐定。操行酒数巡，言曰：「今日既立盟主，各听调遣，同扶国家，勿以强弱计较。」袁绍曰：「绍虽不才，既承公等推为盟主，有功必赏，有罪必罚。国有常刑，军有纪律；各宜遵守，勿得违犯。」众皆曰：「惟命是听。」绍曰：「吾弟袁术总督粮草，应付诸营，无使有缺。更须一人为先锋，直抵汜水关挑战。余各据险要，以为接应。」长沙太守孙坚出曰：「坚愿为前部。」绍曰：「文台勇烈，可当此任。」坚遂引本部人马杀奔汜水关来。守关将士，差流星马往洛阳丞相府告急。董卓自专大权之后，每日饮宴。李儒接得告急文书，迳来禀卓。卓大惊，急聚众将商议。温侯吕布挺身出曰：「父亲勿虑：关外诸侯，布视之如草芥。愿提虎狼之师，尽斩其首，悬于都门。」卓大喜曰：「吾有奉先，高枕无忧矣！」言未绝，吕布背后一人高声出曰：「『割鸡焉用牛刀？』不劳温侯亲往。吾斩众诸侯首级，如探囊取物耳。」卓视之，其人身长九尺，虎体狼腰，豹头猿臂：关西人也；姓华，名雄。卓闻言大喜，加为骁骑校尉，拨马步军五万，同李肃，胡轸，赵岑星夜赴关迎敌。众诸侯内有济北相鲍信，寻思孙坚既为前部，怕他夺了头功，暗拨其弟鲍忠，先将马步军三千，迳抄小路，直到关下搦战。华雄引铁骑五百，飞下关来，大喝：「贼将休走！」鲍忠急待退，被华雄手起刀落，斩于马下，生擒将校极多。华雄遣人将鲍忠首级来相府报捷，卓加雄为都督。 || Chapter 5, P005-013: 华雄副将胡轸引兵五千出关迎战。程普飞马挺矛，直取胡轸。斗不数合，程普刺中胡轸咽喉，死于马下。坚挥军直杀至关前，关上矢石如雨。孙坚引兵回至梁东屯住，使人于袁绍处报捷，就于袁术处催粮。或说术曰：「孙坚乃江东猛虎；若打破洛阳，杀了董卓，正是除狼而得虎也。今不与粮，彼军必散。」术听之，不发粮草。孙坚军缺食，军中自乱，细作报上关来。李肃为华雄谋曰：「今夜我引一军从小路下关，袭孙坚寨后，将军挥其前寨，坚可擒矣。」 || Chapter 5, P005-019: 曹操大喜。只见玄德背后转出张飞，高声大叫：「俺哥哥斩了华雄，不就这里杀入关去，活拏董卓，更待何时！」袁术大怒，喝曰：「俺大臣尚自谦让，量一县令手下小卒，安敢在此耀武扬威！都与赶出帐去！」曹操曰：「得功者赏，何计贵贱乎？」袁术曰：「既然公等只重一县令，我当告退。」操曰：「岂可因一言而误大事耶？」命公孙瓒且带玄德、关、张回寨。众官皆散。曹操暗使人赍牛酒抚慰三人。却说华雄手下败军，报上关来。李肃慌忙写告急文书，申闻董卓。卓急聚李儒、吕布等商议。儒曰：「今失了上将华雄，贼势浩大。袁绍为盟主，绍叔袁隗，现为太傅；倘或里应外合，深为不便，可先除之。请丞相亲领大军，分拨剿捕。」",same_body_paragraph
法正,马超,3,3,65;71;73,"Chapter 65, P065-027: 玄德从之，设一大宴，请刘璋收拾财物，佩领振威将军印绶，将妻子良贱，尽赴南郡公安住歇，即日起行。玄德自领益州牧，其所降文武，尽皆重赏，定拟名爵。严颜为前将军，法正为蜀郡太守，董和为掌军中郎将，许靖为左将军长史，庞义为营中司马，刘巴为左将军，黄权为右将军。其余吴懿，费观，彭羕，卓膺，李严，吴兰，雷同，李恢，张翼，秦宓，谯周，吕义，霍峻，邓芝，杨洪，周群，费袆，费诗，孟达，……文武投降官员，共六十余人，并皆擢用。诸葛亮军师，关云长为荡寇将军汉寿亭侯，张飞为征远将军新亭侯，赵云为镇远将军，黄忠为征西将军，魏延为扬武将军，马超为平西将军。孙干，简雍，糜竺、糜芳，刘封，关平，周仓，廖化，马良，马谡，蒋琬，伊籍，及旧日荆襄一班文武官员，尽皆升赏。遣使赍黄金五百斤，白银一千斤，钱五千万，蜀锦一千疋，赐与云长。其余官将，给赐有差。杀牛宰马，大饷士卒，开仓赈济百姓，军民大悦。 || Chapter 71, P071-001: 却说孔明分付黄忠：「你既要去，吾教法正助你。凡事计议而行。吾随后拨人马来接应。」黄忠应允，和法正领本部兵去了。孔明告玄德曰：「此老将不著言语激他，虽去不能成功。他今既去，须拨人马前去接应。」乃唤赵云将一枝人马，从小路出奇兵接应：「黄忠若胜，不必出战；倘忠有失，即去救应。」又遣刘封，孟达：「领三千兵于山中险要去处，多立旌旗，以壮我兵之声势，令敌人惊疑。」三人各自领兵去了。又差人往下办，授计与马超，令他如此而行。又差严颜往巴西阆中守隘，替张飞，魏延，来同取汉中。 || Chapter 73, P073-005: 玄德再三推迟不过，只得依允。建安二十四年秋七月，筑坛于沔阳，方圆九里，分布五方，各设旌旗仪仗。群臣皆依次序排列。许靖、法正请玄德登坛，进冠冕玺绶讫，面南而坐，受文武官员拜贺为汉中王。子刘禅立为王世子。封许靖为太傅，法正为尚书令。诸葛亮为军师，总理军国重事。封关羽、张飞、赵云、马超、黄忠为五虎大将军；魏延为汉中太守。其余各拟功勋定爵。",same_body_paragraph
王平,邓芝,3,3,91;95;100,"Chapter 91, P091-023: 孔明受诏归府，唤诸将听令。前督部镇北将军领丞相司马、凉州刺史、都亭侯魏延，前军都督领伏风太守张翼，牙门将裨将军王平﹔后军领兵使安汉将军领建宁太守李恢，副将定远将军领汉中太守吕义，兼管运粮左军领兵使平北将军陈仓侯马岱，副将飞卫将军廖化，右军领兵使奋威将军博阳亭侯马忠，镇抚将军关内侯张嶷，行中军师车骑大将军都乡侯刘琰，中监军扬武将军邓芝，中参军安远将军马谡，前将军都亭侯袁琳，左将军高阳侯吴懿，右将军玄都侯高翔，后将军安乐侯吴班，领长史绥军将军杨仪，前将军征南将军刘巴，前护军偏将军、汉成亭侯许允，左护军笃信中郎将丁咸，右护军偏将军刘敏，后护军典军中郎将宫雝，行参军昭武中郎将胡济，行参军谏议将军阎晏，行参军偏将军爨习，行参军稗将军杜义，武略中郎将杜祺，绥军都尉盛敦，从事武略中郎将樊岐，典军书记樊建，丞相令史董厥，帐前左护卫使龙骧将军关兴，右护卫使虎翼将军张苞。──以上一应官员，都随著平北大都督丞相武乡侯领益州牧知内外事诸葛亮。 || Chapter 95, P095-003: 孔明曰：「吾与汝二万五千精兵，再拨一员上将，相助你去。」即唤王平分付曰：「吾素知汝平生谨慎，故特以此重任相托。汝可小心谨慎此地下寨必当要道之处，使贼兵急切不能偷过。安营既毕，便画四至八道地理形状图本来我看。凡事商议停当而行，不可轻易。如所守无危，则是取长安第一功也。戒之！戒之！」二人拜辞引兵而去。孔明寻思，恐二人有失，又唤高翔曰：「街亭东北上有一城，名列柳城，乃山僻小路：此可以屯兵扎寨。与汝一万兵，去此城屯扎。但街亭危，可引兵救之。」高翔引兵而去。孔明又思高翔非张郃对手，必得一员大将，屯兵于街亭之右，方可防之！遂唤魏延引本部兵去街亭之后屯扎。延曰：「某为前部，理合当先破敌，何故置某于安闲之地？」孔明曰：「前锋破敌，乃偏裨之事耳。今令汝接应街亭，当阳平关冲要道路，总守汉中咽喉，此乃大任也。何为安闲乎？汝勿以等闲视之，失吾大事。切宜小心在意！」魏延大喜，引兵而去。孔明恰才心安，如乃唤赵云、邓芝分付曰：「今司马懿出兵，与往日不同。汝二人各引一军出箕谷，以为疑兵。如逢魏兵，或战、或不战，以惊其心。吾自统大军，由斜谷迳取郿城：若得郿城，长安可破矣。」二人受命而去。孔明令姜维作先锋，兵出斜谷。 || Chapter 100, P100-012: 正言间，忽流星马报到，说陈式折了四千余人，止有四五百带伤人马，屯在谷中。孔明令邓芝再来箕谷抚慰陈式，防其生变；一面唤马岱、王平分付曰：「斜谷若有魏兵把守，汝二人引本部军越山岭，夜行昼伏，速出祈山之左，举火为号。」又唤马忠、张翼分付曰：「汝等亦从山僻小路，昼伏夜行，迳出祈山之右，举火为号。与马岱、王平会合，共劫曹真营寨。吾自从谷中三面攻之，魏兵可破也。」",same_body_paragraph
王平,黄忠,3,2,71;72,"Chapter 71, P071-029: 操视之，乃巴西，岩渠人也：姓王，名平，字子均；见充牙门将军。操大喜，遂命王平为副先锋，相助徐晃。操屯兵于定军山北。徐晃，王平，引军至汉水，晃令前军渡水列阵。平曰：「军若渡水，傥要急退，如之奈何﹖」晃曰：「昔韩信背水为阵，所谓『置之死地而后生』也。」平曰：「不然。昔者韩信料敌人无谋而用此计。今将军能料赵云，黄忠之意否﹖」晃曰：「汝可引步军拒敌，看我引马军破之。」遂令搭起浮桥，随即过河来战蜀兵。正是：魏人妄意宗韩信，蜀相那知是子房？未知胜负如何，且看下文分解。 || Chapter 72, P072-001: 却说徐晃引军渡汉水，王平苦谏不听，渡过汉水扎营。黄忠，赵云，告玄德曰：「某等各引本部兵去迎曹兵。」玄德应允。二人引兵而行。忠谓云曰：「今徐晃恃勇而来，且休与敌；待日暮兵疲，你我分兵两路击之，可也。」云然之，各引一军据住寨栅。徐晃引兵从辰时搦战，直至申时，蜀兵不动。晃尽教弓弩手向前，望蜀营射去。黄忠谓赵云曰：「徐晃令弓弩射者，其军必将退也；可乘时击之。」 || Chapter 72, P072-002: 言未已，忽报曹兵后队，果然退动。于是蜀营鼓声大震，黄忠领兵左出，赵云领兵右出。两下夹攻，徐晃大败。军士逼入汉水，死者无数。晃死战得脱，回营责王平曰：「汝见吾军势将危，如何不救？」平曰：「我若来救，此寨亦不能保。我曾谏公休去，公不肯听，以致此败。」",same_body_paragraph
田丰,许攸,3,2,7;22,"Chapter 7, P007-005: 数日后，绍引兵至。耿武、关纯拔刀而出，欲刺杀绍。绍将颜良立斩耿武，文丑砍死关纯。绍入冀州，以馥为奋威将军，以田丰，沮授，许攸，逢纪分掌州事，尽夺韩馥之权。馥懊悔无及，遂弃下家小，匹马往投陈留太守张邈去了。 || Chapter 22, P022-005: 四人争论未定，绍踌躇不决。忽许攸、荀谌自外而入。绍曰：「二人多有见识，且看如何主张。」二人施礼毕，绍曰：「郑尚书有书来，令我起兵助刘备，攻曹操。起兵是乎？不起兵是乎？」二人齐声应曰：「明公以众克寡，以强攻弱，讨汉贼以扶王室：起兵是心。」绍曰：「二人所见，正合我心。」便商议兴兵。先令孙干回报郑玄，并约玄德准备接应；一面令审配、逢纪为统军，田丰、荀谌、许攸为谋士，颜良、文丑为将军，起马军一十五万，步兵一十五万，共精兵三十万，望黎阳进发。 || Chapter 22, P022-020: 孔融闻之，来见操曰：「袁绍势大，不可与战，只可与和。」荀彧曰：「袁绍无用之人，何必议和？」融曰：「袁绍土广民强。其部下如许攸，郭图，审配，逢纪，皆智谋之士；田丰，沮授，皆忠臣也；颜良，文丑，勇冠三军；其余高览，张郃，淳于琼，等俱世之名将，──何谓绍为无用之人乎？」彧笑曰：「绍兵多而不整；田丰刚而犯上，许攸贪而不智，审配专而无谋，逢纪果而无用，此四人者，势不相容，必生内变。颜良，文丑，匹夫之勇，一战可擒。其余碌碌等辈，纵有百万，何足道哉！」",same_body_paragraph
程昱,董承,3,2,21;24,"Chapter 21, P021-016: 次日，玄德面奏献帝。操令玄德总督五万人马，又差朱灵、路昭二人同行。玄德辞帝，帝泣送之。玄德到寓，星夜收拾军军器鞍马，挂了将军印，催促便行。董承赶出十里长亭来送。玄德曰：「国舅忍耐，某次行必有以报命。」承曰：「公宜留意，勿负帝心。」二人分别。关，张在马上问曰：「兄今番出征，何故如此慌速？」玄德曰：「吾乃笼中鸟，网中鱼。此一行如鱼入大海，鸟上青霁，不受笼网之羁绊也。」因命关，张催朱灵，路昭，军马速行。时郭嘉，程昱，考较钱粮方回，知曹操已遣玄德进兵徐州，慌入谏曰：「丞相何故令刘备督军？」操曰：「欲截袁术耳。」程昱曰：「昔刘备为豫州牧时，某等请杀之，丞相不听；今日又与之兵，此放龙入海，纵虎归山也。后欲治之，其可得乎？」郭嘉曰：「丞相纵不杀备，亦不当使之去。古人云：『一日纵敌，万世之患。』望丞相察之。」操然其言，遂令许褚将兵五百前往，务要追玄德转来。许褚应诺而去。 || Chapter 24, P024-001: 却说曹操见了衣带诏，与众谋士商议，欲废却献帝，更择有德者立之。程昱谏曰：「明公所以能威震四方，号令天下者，以奉汉家名号故也。今诸侯未平，遽行废立之事，必起兵端矣」操乃止。只将董承等五人，并其全家老小，押送各门处斩。死者共七百余人。城中官民见者，无不下泪。后人有诗叹董承曰： || Chapter 24, P024-007: 操谕监宫官曰：「今后但有外戚宗族，不奉吾旨，辄入宫门者斩。守御不严，与同罪。」又拨心腹人三千充御林军，令曹洪统领，以为防察。操谓程昱曰：「今董承等虽诛，尚有马腾，刘备，亦在此数，不可不除。」昱曰：「马腾屯军西凉，未可轻取；但当以书慰劳，勿使生疑，诱入京师图之，可也。刘备现在徐州，分布掎角之势，亦不可轻敌。况今袁绍屯兵官渡，常有图许都之心。若我一旦东征，刘备势必求救于绍。绍趁虚来袭，何以当之？」操曰：「非也，备乃人杰也。今若不击，待其羽翼既成，急难图矣。袁绍虽强，事多怀疑不决，何足忧乎？」",same_body_paragraph
程昱,陈宫,3,2,11;12,"Chapter 11, P011-019: 正商议间，忽流星马飞报「祸事！」。操问其故，报说吕布已袭破兖州，进据濮阳。原来吕布自遭李、郭之乱，逃出武关，去投袁术；术怪吕布反复不定，拒而不纳。投袁绍，绍纳之，与布共破张燕于常山；布自以为得志，傲慢袁绍手下将士。绍欲杀之，布乃去投张扬，扬纳之。时庞舒在长安城中，私藏吕布妻小，送还吕布。李傕、郭汜知之，遂斩庞舒，写书与张扬，教杀吕布；布因弃张扬去投张邈。恰好张邈弟张超引陈宫来见张邈。宫说邈曰：「今天下分崩，英雄并起，君以千里之众，而反受制于人，不亦鄙乎！今曹操征东，兖州空虚，而吕布乃当世勇士，若与之共取兖州，伯业可图也。」张邈大喜，便令吕布袭破兖州，随据濮阳。止有鄄城，东阿，范县三处，被荀彧、程昱设计死守得全，其余俱破。曹仁屡战，皆不能胜，特此告急。 || Chapter 11, P011-023: 却说曹操回军，曹仁接著，言吕布势大，更有陈宫为辅，兖州、濮阳已失，其鄄城，东阿，范县三处，赖荀彧、程昱二人设计相连，死守城郭。操曰：「吾料吕布有勇无谋，不足虑也。」教且安营下寨，再作商议。吕布知曹操回兵，已过滕县，召副将薛兰、李封曰：「吾欲用汝二人久矣。汝可引军一万，坚守兖州。吾亲自率兵，前去破曹。」 || Chapter 12, P012-020: 曹操复得兖州，程昱便请进兵取濮阳。操令许褚、典韦为先锋，夏侯惇、夏侯渊为左军，李典、乐进为右军，操自领中军，于禁、吕虔为合后。兵至濮阳，吕布欲自将出迎，陈宫谏：「不可出战。待众将聚会后方可。」吕布曰：「吾怕谁来？」遂不听宫言，引兵出阵，横戟大骂。许褚便出。斗二十合，不分胜负。操曰：「吕布非一人可胜。」便差典韦助战，两将夹攻。左边夏侯惇、夏侯渊，右边李典、乐进齐到，六员将共攻吕布。布遮拦不住，拨马回城。城上田氏，见布败回，急令人拽起吊桥。布大叫：「开门！」田氏曰：「吾已降曹将军。」",same_body_paragraph
荀彧,许褚,3,2,14;23,"Chapter 14, P014-022: 操自封为大将军武平侯，以荀彧为侍中尚书令；荀攸为军师；郭嘉为司马祭酒；刘晔为司空掾曹；毛玠，任峻为典农中郎将，催督钱粮；程昱为东平相，范成，董昭为洛阳令；满宠为许都令；夏侯惇，夏侯渊，曹仁，曹洪皆为将军；吕虔，李典，乐进，于禁，徐晃，皆为校尉；许褚，典韦，皆为都尉；其余将士，各各封官。自此大权皆归于曹操。朝廷大务，先禀曹操，然后方奏天子。 || Chapter 14, P014-023: 操既定大事，乃设宴后堂，聚众谋士共议曰：「刘备屯兵徐州，自领州事；近吕布以兵败投之，备使居于小沛，若二人同心引兵来犯，乃心腹之患也。公等有何妙计可图之？」许褚曰：「愿借精兵五万，斩刘备、吕布之头，献于丞相。」荀彧曰：「将军勇则勇矣，不知用谋。今许都新定，未可造次用兵。彧有一计，名曰：『二虎竞食之计』。今刘备虽领徐州，未得诏命。明公可奏请诏命实授备为徐州牧，因密与一书，教杀吕布。事成则备无猛士为辅，亦渐可图；事不成，则吕布必杀备矣；此乃『二虎竞食之计』也。」操从其言，即时奏请诏命，遣使赍往徐州，封刘备为征东将军宜城亭侯，领徐州牧；并附密书一封。 || Chapter 23, P023-008: 帝览表，以付曹操。操遂使人召衡至。礼毕，操不命坐。祢衡仰天叹曰：「天地虽阔，何无一人也！」操曰：「吾手下有数十人，皆当世英雄，何谓无人？」衡曰：「愿闻。」操曰：「荀彧，荀攸，郭嘉，程昱，机深智远，虽萧何，陈平不及也。张辽[陈怡妏3]，许褚，乐进，李典，勇不可当，虽岑彭，马武不及也。吕虔，满宠，为从事；于禁，徐晃，为先锋。夏侯惇，天下奇才；曹子孝，世间福将。安得无人？」衡笑曰：「公言差矣。此等人物，吾尽识之：荀彧可使吊丧问疾，荀攸可使看坟守墓，程昱可使关门闭户，郭嘉可使白词念赋，张辽可使击鼓鸣金，许褚可使牧牛放马，乐进可使取状读诏，李典可使传书送檄，吕虔可使磨刀铸剑，满宠可使饮酒食糟，于禁可使负版筑墙，徐晃可使屠猪杀狗。夏侯惇称为『完体将军』，曹子孝呼为『要钱太守』。其余皆是衣架！饭囊！酒桶！肉袋耳！」操怒曰：「汝有何能？」衡曰：「天文地理，无一不通；三教九流，无一不晓；上可以致君为尧、舜，下可以配德于孔、颜。岂与俗子共论乎！」时止有张辽在侧，掣剑欲斩之。操曰：「吾正少一鼓吏；早晚朝贺宴享，可令祢衡充此职。」衡不推辞，应声而去。辽曰：「此人出言不逊，何不杀之？」操曰：「此人素有虚名，远近所闻。今日杀之，天下必谓我不能容物，彼自以为能，故令为鼓吏以辱之。」",same_body_paragraph
荀彧,陈宫,3,2,11;19,"Chapter 11, P011-019: 正商议间，忽流星马飞报「祸事！」。操问其故，报说吕布已袭破兖州，进据濮阳。原来吕布自遭李、郭之乱，逃出武关，去投袁术；术怪吕布反复不定，拒而不纳。投袁绍，绍纳之，与布共破张燕于常山；布自以为得志，傲慢袁绍手下将士。绍欲杀之，布乃去投张扬，扬纳之。时庞舒在长安城中，私藏吕布妻小，送还吕布。李傕、郭汜知之，遂斩庞舒，写书与张扬，教杀吕布；布因弃张扬去投张邈。恰好张邈弟张超引陈宫来见张邈。宫说邈曰：「今天下分崩，英雄并起，君以千里之众，而反受制于人，不亦鄙乎！今曹操征东，兖州空虚，而吕布乃当世勇士，若与之共取兖州，伯业可图也。」张邈大喜，便令吕布袭破兖州，随据濮阳。止有鄄城，东阿，范县三处，被荀彧、程昱设计死守得全，其余俱破。曹仁屡战，皆不能胜，特此告急。 || Chapter 11, P011-023: 却说曹操回军，曹仁接著，言吕布势大，更有陈宫为辅，兖州、濮阳已失，其鄄城，东阿，范县三处，赖荀彧、程昱二人设计相连，死守城郭。操曰：「吾料吕布有勇无谋，不足虑也。」教且安营下寨，再作商议。吕布知曹操回兵，已过滕县，召副将薛兰、李封曰：「吾欲用汝二人久矣。汝可引军一万，坚守兖州。吾亲自率兵，前去破曹。」 || Chapter 19, P019-030: 却说曹操攻城，两月不下，忽报：「河内太守张扬出兵东市，欲救吕布；部将杨丑杀之，欲将头献丞相，欲被张扬心腹将眭固所杀，反投大城去了。」操闻报，即遣史涣追斩眭固。因聚众将曰：「张扬虽幸自灭，然北有袁绍之忧，东有表、绣之患，下邳久围不克。吾欲舍布还都，暂且息战，何如？」荀攸急止曰：「不可，吕布屡败，锐气已堕。军以将为主，将衰则军无战心。彼陈宫虽有谋而迟，今布之气未复，宫之谋未定，作速政之，布可擒也。」郭嘉曰：「某有一计，下邳城可立破，胜于二十万师。」荀彧曰：「莫非决沂、泗之水乎？」嘉笑曰：「正是此意。」",same_body_paragraph
荀攸,许褚,3,3,14;23;30,"Chapter 14, P014-022: 操自封为大将军武平侯，以荀彧为侍中尚书令；荀攸为军师；郭嘉为司马祭酒；刘晔为司空掾曹；毛玠，任峻为典农中郎将，催督钱粮；程昱为东平相，范成，董昭为洛阳令；满宠为许都令；夏侯惇，夏侯渊，曹仁，曹洪皆为将军；吕虔，李典，乐进，于禁，徐晃，皆为校尉；许褚，典韦，皆为都尉；其余将士，各各封官。自此大权皆归于曹操。朝廷大务，先禀曹操，然后方奏天子。 || Chapter 23, P023-008: 帝览表，以付曹操。操遂使人召衡至。礼毕，操不命坐。祢衡仰天叹曰：「天地虽阔，何无一人也！」操曰：「吾手下有数十人，皆当世英雄，何谓无人？」衡曰：「愿闻。」操曰：「荀彧，荀攸，郭嘉，程昱，机深智远，虽萧何，陈平不及也。张辽[陈怡妏3]，许褚，乐进，李典，勇不可当，虽岑彭，马武不及也。吕虔，满宠，为从事；于禁，徐晃，为先锋。夏侯惇，天下奇才；曹子孝，世间福将。安得无人？」衡笑曰：「公言差矣。此等人物，吾尽识之：荀彧可使吊丧问疾，荀攸可使看坟守墓，程昱可使关门闭户，郭嘉可使白词念赋，张辽可使击鼓鸣金，许褚可使牧牛放马，乐进可使取状读诏，李典可使传书送檄，吕虔可使磨刀铸剑，满宠可使饮酒食糟，于禁可使负版筑墙，徐晃可使屠猪杀狗。夏侯惇称为『完体将军』，曹子孝呼为『要钱太守』。其余皆是衣架！饭囊！酒桶！肉袋耳！」操怒曰：「汝有何能？」衡曰：「天文地理，无一不通；三教九流，无一不晓；上可以致君为尧、舜，下可以配德于孔、颜。岂与俗子共论乎！」时止有张辽在侧，掣剑欲斩之。操曰：「吾正少一鼓吏；早晚朝贺宴享，可令祢衡充此职。」衡不推辞，应声而去。辽曰：「此人出言不逊，何不杀之？」操曰：「此人素有虚名，远近所闻。今日杀之，天下必谓我不能容物，彼自以为能，故令为鼓吏以辱之。」 || Chapter 30, P030-020: 次日，操自选马步军士五千，准备往乌巢劫粮。张辽曰：「袁绍屯粮之所，安得无备？丞相未可轻往。恐许攸有诈。」操曰：「不然。许攸此来，天败袁绍。今吾军粮不给，难以久持；若不用许攸之计，是坐而待困也。彼若有诈，安肯留我寨中？且吾亦欲劫寨久矣。今劫粮之举，计在必行，君请勿疑。」辽曰：「亦须防袁绍乘虚来袭。」操笑曰：「吾已筹之熟矣。」便教荀攸、贾诩、曹洪同许攸守大寨，夏侯惇、夏侯渊领一军伏于左，曹仁、李典领一军伏于右，以备不虞。教张辽、许褚在前，徐晃、于禁在后，操自引诸将居中，共五千人马，打著袁军旗号，军士皆束草负薪，人衔枚，马勒口，黄昏时分，望乌巢进发。是夜星光满天。",same_body_paragraph
荀攸,诸葛亮,3,3,46;48;57,"Chapter 46, P046-016: 却说曹操平白折了十五六万箭，心中气闷。荀攸进计曰：「江东有周瑜、诸葛亮二人用计，急切难破；可差人去东吴诈降，为奸细内应，以通消息，方可图也。」操曰：「此言正合吾意。汝料军中谁可行此计？」攸曰：「蔡瑁被诛，蔡氏宗族，皆在军中。瑁之族弟蔡中，蔡和，现为副将。丞相可以恩结之，差往诈降，东吴必不见疑。」 || Chapter 48, P048-006: 饮至半夜，操酒酣，遥指南岸曰：「周瑜，鲁肃，不识天时。今幸有投降之人，为彼心腹之患，此天助吾也。」荀攸曰：「丞相勿言，恐有泄漏。」操大笑曰：「座上诸公，与近侍左右，皆吾心腹之人也，，言之何碍？」又指夏口曰：「刘备，诸葛亮，汝不料蝼蚁之力，欲撼泰山，何其愚耶！」顾谓诸将曰：「吾今年五十四岁矣。如得江南，窃有所喜。昔日乔公与吾至契，吾知其二女皆有国色。后不料为孙策，周瑜，所娶。吾今新构铜雀台于漳水之上，如得江南，当娶二乔，置之台上，以娱暮年，吾愿足矣。」言罢大笑。唐人杜牧之有诗曰：折戟沈沙铁未消，自将磨洗认前朝。东风不与周郎便，铜雀春深锁二乔。 || Chapter 57, P057-019: 早有人报到许昌，言刘备有诸葛亮，庞统为谋士，招军买马，积草屯粮，连结东吴，早晚必兴兵北伐。曹操闻之，遂聚谋士商议南征。荀攸进曰：「周瑜新死，可先取孙权，次攻刘备。」操曰：「我若远征，恐马腾来袭许都。前在赤壁之时，军中有讹言，亦传西凉入寇之事，今不可不防也。」荀攸曰：「以愚所见，不若降诏，加马腾为征南将军，使讨孙权；诱入京师，先除此人，则南征无患矣。」操大喜，即日遣人赍诏至西凉召马腾。",same_body_paragraph
董卓,董承,3,3,24;73;109,"Chapter 24, P024-005: 且说曹操既杀了董承等众人，怒气未消，遂带剑入宫，来弑董贵妃。贵妃乃董承之妹，帝幸之，已怀孕五月。当日帝在后宫，正与伏皇后私论董承之事，至今尚无音耗。忽见曹操带剑入宫，面有怒容，帝大惊失色。操曰：「董承谋反，陛下知否？」帝曰：「董卓已诛矣。」操大声曰：「不是董卓！是董承！」帝战栗曰：「朕实不知。」操曰：「忘了破指修诏耶？」帝不能答。操叱武士擒董妃至。帝告曰：「董妃有五月身孕，望丞相相怜。」操曰：「若非天败，吾已被害。岂得复留此女，为吾后患？」伏后告曰：「贬于冷宫，待分娩了，杀之未迟。」操曰：「欲留此逆种，为母报雠乎？」董妃泣告曰：「乞全尸而死，勿令彰露。」操令取白练至面前。帝泣谓妃曰：「卿于九泉之下，勿怨朕躬！」言讫，泪下如雨。伏后亦大哭。操怒曰：「犹作女儿态耶！」叱武士牵出，勒死于宫门之外。后人有诗叹董妃曰： || Chapter 73, P073-008: 曩者，董卓造为乱阶，自是之后，群凶纵横，残剥海内。赖陛下圣德威临，人臣同应，或忠义奋讨，或上天降罚，暴逆并殪，以渐冰消。惟独曹操，久未枭除，侵擅国权，恣心极乱。臣昔与车骑将军董承图谋讨操，事机不密，承见陷害。臣播越失据，忠义不果，遂使操穷凶极逆。主后戮杀，皇子鸩害。虽纠合同盟，念在奋力；懦弱不武。历年未效。常恐殒越，辜负国恩；寤寐永叹，夕惕若厉。 || Chapter 109, P109-019: 芳脱下龙凤汗衫，咬破指尖，写了血诏，授与张缉，乃嘱曰：「朕祖武皇帝诛董承，盖为机事不密也。卿等须谨慎，勿泄于外。」丰曰：「陛下何出此不利之言？臣等非董承之辈，司马师安比武祖也？陛下忽疑。」三人辞出，至东华门左侧，正见司马师带剑而来，从者数百人，皆持兵器。三人立于道旁。师问曰：「汝三人退朝何迟？」李丰曰：「圣上在内廷观书，我三人侍读故耳。」师曰：「所看何书？」丰曰：「乃夏、商、周三代之书也。」师曰：「上见此书，问何故事？」丰曰：「天子所问：伊尹扶商、周公摄政之事；我等皆奏曰：『今司马大将军，即伊尹、周公也。』」师冷笑曰：「汝等岂将吾比伊尹、周公！其心实指吾为王莽、董卓！」三人皆曰：「我等三人皆将军门下之人，安敢如此？」师大怒曰：「汝等乃口谀之人！适间与天子在密室中所哭何事？」三人曰：「实无此状。」师叱曰：「汝三人泪眼尚红，如何抵赖！」",same_body_paragraph
董卓,诸葛亮,3,3,38;93;120,"Chapter 38, P038-008: 孔明曰：「自董卓造逆以来，天下豪杰并起。曹操势不及袁绍，而竟能克绍者，非惟天时，抑亦人谋也。今操已拥百万之众，挟天子以令诸侯，此诚不可与争锋。孙权据有江东，已历三世，国险而民附，此可用为援，而不可图也。荆州北据汉沔，利尽南海，东连吴会，西通巴蜀，此用武之地，非其主不能守。是殆天所以资将军，将军岂可弃乎？益州险塞，沃野千里，天府之国，高祖因之以成帝业。今刘璋暗弱，民殷国富，而不知存恤，智能之士，思得明君。将军既帝室之胄，信义著于四海，总揽英雄，思贤如渴，若跨有荆益，保其岩阻，西和诸戎，南抚彝越，外结孙权，内修政理；待天下有变，则命一上将，将荆州之兵，以向宛洛；将军身率益州之众，以出秦川，百姓有不箪食壸浆以迎将军者乎？诚如是，则大业可成，汉室可兴矣。此亮所以为将军谋者也。惟将军图之。」言罢，命童子取出画一轴，挂于中堂，指谓玄德曰：「此西川五十四州之图也。将军欲成霸业，北让曹操占天时，南让孙权占地利，将军可占人和。先取荆州为家，后即取西川建基业，以成鼎足之势，然后可图中原也。」 || Chapter 93, P093-010: 三军鼓角己罢，司徒王朗乘马而出。上首乃都督曹真，下首乃副都督郭淮：两个先锋压住阵角。探子马出军前，大叫曰：「请对阵主将答话！」只见蜀兵门旗开处，关兴、张苞，分左右而出，立马于两边；次后一队队骁将分列；门旗影下，中央一辆四轮车，孔明端坐车中，纶巾羽扇，素衣皂（左糸右条），飘然而出。孔明举目见魏阵前三个麾盖，旗上大书姓名，中央白髯老者，乃军师司徒王朗。孔明暗忖曰：「王朗必不说词，吾当随机应之。」遂教推车出阵外，令护军小校传曰：「汉丞相与司徒会话。」王朗纵马而出。孔明于车上拱手，王朗在马上欠身答礼。朗曰：「久闻公之大名，今幸一会。公既知天命、识时务，何故兴无名之师？」孔明曰：「吾奉诏讨贼，何谓无名？」朗曰：「天数有变，神器更易，而归有德之人，此自然之理也。曩自桓、灵以来，黄巾倡乱，天下争横。降至初平、建安之岁，董卓造逆，傕、汜继虐；袁术僭号于寿春，袁绍称雄于邺上；刘表占据荆州，吕布虎吞徐郡：盗贼蜂起，奸雄鹰扬，社稷有累卵之危，生灵有倒悬之急。我太祖武皇帝，扫清六合，席卷八荒；万姓倾心，四方迎德：非以权势取之，实天命所归也。世祖文帝，神圣文武，以膺大统，应天合人，法尧禅舜，处中国以治万邦，岂非天心人意乎？今公蕴大才，报大器，欲自比于管乐，何乃强欲逆天理，背人情而行事耶？岂不闻古人云：『顺天者昌，逆天者亡。」今我大魏带甲百万，良将千员。谅腐草之萤光，怎及天心之皓月？公可倒戈卸甲，以礼来降，不失封侯之位。国安民乐，岂不美哉！」孔明在车上大笑曰：「吾以为汉朝大老元臣，必有高论，岂期出此鄙言！吾有一言，诸军静听：昔桓、灵之世，汉统陵替，宦官酿祸；国乱岁凶，四方扰攘。黄巾之后，董卓、傕、汜等接踵而起，迁劫汉帝，残暴生灵。因庙堂之上，朽木为官；殿陛之间，禽兽食禄。狼心狗行之辈，滚滚当朝；奴颜婢膝之徒，纷纷秉政。以致社稷邱墟，苍生涂炭。吾素知汝所行！世居东海之滨，初举孝廉入仕。理合匡君辅国，安汉兴刘；何期反助逆贼，同谋篡位！罪恶深重，天地不容！天下之人，愿食汝肉！」「今幸天意不绝炎汉，昭烈皇帝继统西川。吾今奉嗣君之旨，兴师讨贼。汝既为谄谀之臣，只可潜身缩首，苟图衣食；安敢在行伍之前，妄称天数耶！皓首匹夫！苍髯老贼！汝即日将归于九泉之下，何面目见二十四帝乎！老贼速退！可叫反臣与吾共决胜负！」王朗听罢，气满胸膛，大叫一声，撞死于马下。后人有诗赞孔明曰： || Chapter 120, P120-047: 高祖提剑入咸阳，炎炎红日升扶桑。光武龙兴成大统，金乌飞上天中央。哀哉献帝绍海宇，红轮西坠咸池傍！何进无谋中贵乱，凉州董卓居朝堂。王允定计诛逆党，李傕郭泛兴刀枪。四方盗贼如蚁聚，六合奸雄皆鹰扬。孙坚孙策起江左，袁绍袁术兴河梁。刘焉父子据巴蜀，刘表军旅屯荆襄。张修张鲁霸南郑，马腾韩遂守西凉。陶谦张绣公孙瓒，各逞雄才占一方。曹操专权居相府，牢笼英俊用文武。威震天子令诸侯，总领貔貅镇中土。楼桑玄德本皇孙，义结关张愿扶主。东西奔走恨无家，将寡兵微作羁旅。南阳三顾情可深，卧龙一见分寰宇。先取荆州后取川，霸业王图在天府。呜呼三载逝升遐，白帝托孤堪痛楚！孔明六出祁山前，愿以只手将天补。何期历数到此终，长星半夜落山坞！姜维独凭气力高，九伐中原空劬劳。钟会邓艾分兵进，汉室江山尽属曹。丕、叡、芳、髦才及奂，司马又将天下交。受禅台前云雾起，石头城下无波涛。陈留归命与安乐，王侯公爵从根苗。纷纷世事无穷尽，天数茫茫不可逃。鼎足三分已成梦，后人凭吊空牢骚。",same_body_paragraph
董卓,黄盖,3,2,6;15,"Chapter 6, P006-001: 却说张飞拍马赶到关下，关上矢石如雨，不得进而回。八路诸侯，同请玄德、关、张贺功，使人去袁绍寨中报捷。绍遂移檄孙坚，令其进兵。坚引程普，黄盖，至袁术寨中相见。坚以杖画地曰：「董卓与我，本无雠隙。今我奋不顾身，亲冒矢石，来决死战者：上为国家讨贼，下为将军家门之私；而将军却听谗言，不发粮草，致坚败绩，将军何安！」 || Chapter 6, P006-016: 谁想数中一军，是袁绍乡人，欲假此为进身之计，连夜偷出营寨，来报袁绍。绍与之赏赐，暗留军中。次日，孙坚来辞袁绍曰：「坚抱小疾，欲归长沙，特来别公。」绍笑曰：「吾知公疾乃害传国玺耳。」坚失色曰：「此言何来？」绍曰：「今兴民讨贼，为国除害。玉玺乃朝廷之宝，公既获得，当对众留盟主处，候诛了董卓，复归朝廷。今匿之而去，意欲何为？」坚曰：「玉玺何由在吾处？」绍曰：「建章殿井中之物何在？」坚曰：「吾本无之，何强相逼？」绍曰：「作速取出，免自生祸。」坚指天为誓曰：「吾若果得此宝，私自藏匿，异日不得善终，死于刀箭之下！」众诸侯曰：「文台如此说誓，想必无之。」绍唤军士出曰：「打捞之时，有此人否？」坚大怒，拔所佩之剑，要斩那军士。绍亦拔剑曰：「汝斩军士，乃欺我也。」绍背后颜良、文丑皆拔剑出鞘。坚背后程普，黄盖，韩当，亦掣刀在手。众诸侯一齐劝住。坚随即上马，拔寨离洛阳而去。绍大怒，遂写书一封，差心腹人连夜往荆州，送与刺史刘表，教就路上截住夺之。 || Chapter 15, P015-010: 策拜谢，遂引军马，带领朱治，吕范，旧将程普，黄盖，韩当等，择日起兵。行至历阳，见一军到。当先一人：姿质风流，仪容秀丽；见了孙策，下马便拜。策视其人，乃庐江舒城人：姓周，名瑜，字公瑾。原来孙坚讨董卓之时，移家舒城，瑜与孙策同年，交情甚密，因结为昆仲。策长瑜两月，瑜以兄事策。瑜叔周尚，为丹阳太守，今往省亲，到此与策相遇。",same_body_paragraph
董承,马腾,3,2,21;24,"Chapter 21, P021-001: 却说董承等问马腾曰：「公却用何人？」马腾曰：「见有豫州牧刘玄德在此，何不求之？」承曰：「此人虽系皇叔，今正依附曹操，安肯行此事耶？」腾曰：「吾观前日围场之中，曹操迎受众贺之时，云长在玄德背后，挺刀欲杀操，玄德以目视之而止。玄德非不欲图操，恨操爪牙多，恐力不及耳。公试求之，当必应允。」吴硕曰：「此事不宜太速，当从容商议。」众皆散去。 || Chapter 21, P021-004: 于是董承取衣带诏令观之。玄德不胜悲愤。又将义状出示，上止有六位：一，车骑将军董承；二，工部侍郎王子服；三，长水校尉种辑；四，议郎吴硕；五，昭信将军吴子兰；六，西凉太守马腾。玄德曰：「公既奉诏讨贼，备敢不犬马之劳。」承拜谢，便请书名。玄德亦书「左将军刘备」，押了字，付承收讫。承曰：「尚容再请三人，共聚十义，以图国贼。」玄德曰：「切宜缓缓而行，不可轻泄。」 || Chapter 24, P024-007: 操谕监宫官曰：「今后但有外戚宗族，不奉吾旨，辄入宫门者斩。守御不严，与同罪。」又拨心腹人三千充御林军，令曹洪统领，以为防察。操谓程昱曰：「今董承等虽诛，尚有马腾，刘备，亦在此数，不可不除。」昱曰：「马腾屯军西凉，未可轻取；但当以书慰劳，勿使生疑，诱入京师图之，可也。刘备现在徐州，分布掎角之势，亦不可轻敌。况今袁绍屯兵官渡，常有图许都之心。若我一旦东征，刘备势必求救于绍。绍趁虚来袭，何以当之？」操曰：「非也，备乃人杰也。今若不击，待其羽翼既成，急难图矣。袁绍虽强，事多怀疑不决，何足忧乎？」",same_body_paragraph
袁绍,陈登,3,2,22;24,"Chapter 22, P022-001: 却说陈登献计于玄德曰：「曹操所惧者袁绍。绍虎踞冀、青、幽、并诸郡，带甲百万，文官武将极多，今何不写书遣人到彼求救？」玄德曰：「绍向与我未通往来，今又新破其弟，安肯相助？」登曰：「此间有一人与袁绍三世通家。若得其一书致绍，绍必来相助。」玄德问何人。登曰：「此人乃公平日所折节敬礼者，何故忘之？」玄德猛省曰：「莫非郑康成先生？」登笑曰：「然也。」 || Chapter 22, P022-003: 当下玄德想出此人，大喜，便同陈登亲至郑玄家中，求其作书。玄慨然依允，写书一封，付与玄德。玄德便差孙干星夜赍往袁绍处投递。绍览毕，自忖曰：「玄德攻灭吾弟，本不当相助；但重以郑尚书之命，不得不往救之。」遂聚文武官，商议兴兵伐曹操。 || Chapter 24, P024-019: 且说曹操当夜取了小沛，随即进兵攻徐州。糜竺，简雍，守把不住，只弃城而走。陈登献了徐州。曹操大军入城，安民己毕，随唤众谋士议取下邛。荀彧曰：「云长保护玄德妻小，死守此城；若不速取，恐为袁绍所窃。」操曰：「吾素爱云长武艺人材，欲得之以为己用，不若令人说之使降。」郭嘉曰：「云长义气深重，必不肯降。若使人说之，恐被其害。」帐下一人出曰：「某与关公有一面之交，愿往说之。」众视之，乃张辽也。程昱曰：「文远虽与云长有旧，吾观此人，非可以言词说也。某有一计，使此人进退无路，然后用文远说之，彼必归丞相矣。」正是：整备窝弓射猛虎，安排香饵钓鳌鱼。未知其计若何，且看下文分解。",same_body_paragraph
许攸,许褚,3,3,30;32;33,"Chapter 30, P030-020: 次日，操自选马步军士五千，准备往乌巢劫粮。张辽曰：「袁绍屯粮之所，安得无备？丞相未可轻往。恐许攸有诈。」操曰：「不然。许攸此来，天败袁绍。今吾军粮不给，难以久持；若不用许攸之计，是坐而待困也。彼若有诈，安肯留我寨中？且吾亦欲劫寨久矣。今劫粮之举，计在必行，君请勿疑。」辽曰：「亦须防袁绍乘虚来袭。」操笑曰：「吾已筹之熟矣。」便教荀攸、贾诩、曹洪同许攸守大寨，夏侯惇、夏侯渊领一军伏于左，曹仁、李典领一军伏于右，以备不虞。教张辽、许褚在前，徐晃、于禁在后，操自引诸将居中，共五千人马，打著袁军旗号，军士皆束草负薪，人衔枚，马勒口，黄昏时分，望乌巢进发。是夜星光满天。 || Chapter 32, P032-018: 正说间，适许攸自许昌来；闻尚又攻谭，入见操曰：「丞相坐守于此，岂欲待天雷击杀二袁乎？」操笑曰：「吾已料定矣。」遂令曹洪先进兵攻邺，操自引一军来攻尹楷。兵临本境，楷引军来迎。楷出马，操曰：「许仲康安在？」许褚应声而出，纵马直取尹楷。楷措手不及，被许褚一刀斩于马下，余众奔溃。操尽招降之，即勒兵取邯郸。沮鹄进兵来迎。张辽出马，与鹄交锋，战不三合，鹄大败，辽从后追赶。两马相离不远，辽急取弓射之，应弦落马。操指挥军马掩杀，众皆奔散。 || Chapter 33, P033-005: 一日，许褚走马入东门，正迎许攸。攸唤褚曰：「汝等无我，安能出入此门乎？」褚怒曰：「吾等千生万死，身冒血战，夺得城池，汝安敢夸口！」攸骂曰：「汝等皆匹夫耳，何足道哉！」褚大怒，拔剑杀攸，提头来见曹操，说许攸如此无礼，某杀之矣。操曰：「子远与吾旧交，故相戏耳。何故杀之？」深责许褚，令厚葬许攸。乃令人遍访冀州贤士。冀民曰：「骑都尉崔琰，字季珪，清河东武城人也。数曾献计于袁绍，绍不从，因此托疾在家。」",same_body_paragraph
许褚,赵云,3,1,31,"Chapter 31, P031-016: 操大怒，教许褚出战。玄德背后赵云，挺枪出马。二将相交，三十合不分胜负。忽然喊声大震，东南角上，云长冲突而来；西南角上，张飞引军冲突而来。三处一齐掩杀。曹军远来疲困，不能抵当，大败而走。玄德得胜回营。 || Chapter 31, P031-018: 不一日，飞马来报夏侯惇已打破汝南，刘辟弃城而走，云长现今被围。玄德大惊。又报张飞去救龚都，也被围住了。玄德急欲回兵，又恐操兵后袭。忽报寨外许褚搦战，玄德不敢出马。候至天明，教军士饱餐，步军先起，马军后随，寨中虚传更点。玄德等离寨约行数里，转过土山，火把齐明，山头上大呼曰：「休教走了刘备！丞相在此专等！」玄德慌寻路走。赵云曰：「主公勿忧，但跟某来。」赵云挺枪跃马，杀开条路，玄德掣双股剑后随。 || Chapter 31, P031-019: 正战间，许褚追至，与赵云力战。背后于禁、李典又到。玄德见势危，落荒而走。听得背后喊声渐远，玄德望深山僻路，单马逃生。挨到天明，侧首一彪军冲出。玄德大惊，视之，乃刘辟引败军千余骑，护送玄德家小前来；孙干、简雍、糜芳亦至，诉说：「夏侯惇军势甚锐，因此弃城而走。曹兵赶来，幸得云长当住，因此得脱。玄德曰：「不知云长今在何处？」刘辟曰：「将军且行，却再理会。」",same_body_paragraph
许褚,陈宫,3,2,12;19,"Chapter 12, P012-020: 曹操复得兖州，程昱便请进兵取濮阳。操令许褚、典韦为先锋，夏侯惇、夏侯渊为左军，李典、乐进为右军，操自领中军，于禁、吕虔为合后。兵至濮阳，吕布欲自将出迎，陈宫谏：「不可出战。待众将聚会后方可。」吕布曰：「吾怕谁来？」遂不听宫言，引兵出阵，横戟大骂。许褚便出。斗二十合，不分胜负。操曰：「吕布非一人可胜。」便差典韦助战，两将夹攻。左边夏侯惇、夏侯渊，右边李典、乐进齐到，六员将共攻吕布。布遮拦不住，拨马回城。城上田氏，见布败回，急令人拽起吊桥。布大叫：「开门！」田氏曰：「吾已降曹将军。」 || Chapter 12, P012-023: 却说吕布回报陈宫。宫曰：「操多诡计，不可轻敌。」布曰：「吾用火攻，可破伏兵。」乃留陈宫、高顺守城。布次日引大军来，遥见林中有旗，驱兵大进，四面于火，竟无一人；欲投寨中，却闻鼓声大震。正自疑惑不定，忽然寨后一彪军出，吕布纵马赶来。砲声响处，堤内伏兵尽出：夏侯惇，夏侯渊，许褚，典韦，李典，乐进，骤马杀来。吕布料敌不过，落荒而走。从将成廉，被乐进一箭射死。布军三停去了一停，，败卒回报陈宫。宫曰：「空城难守，不若急去。」遂与高顺保著吕布老小，弃定陶而走。曹操将得胜之兵，杀入城中，势如破竹。张超自焚，张邈投袁术去了。山东一境，尽被曹操所得。安民修城，不在话下。 || Chapter 19, P019-006: 军行至济北，夏侯渊等迎接入寨，备言兄夏侯惇损其一目，卧病未痊。操临卧处视之，令先回许都调理；一面使人打探吕布现在何处。采马回报云：「吕布与陈宫，臧霸结连泰山贼寇，共攻兖州诸郡。」操即令曹仁引三千兵打沛城。操亲提大军，与玄德来战吕布。前至山东，路近萧关，正遇泰山寇孙观，吴敦，尹礼，昌豨，领兵三万余拦去路。操令许褚迎战，四将一齐出马。许褚奋力死战，四将抵敌不住，各自败走。操乘势掩杀，追至萧关，探马飞报吕布。",same_body_paragraph
诸葛亮,贾诩,3,2,85;86,"Chapter 85, P085-003: 曹丕问贾诩曰：「朕欲一统天下：先取蜀乎？先取吴乎？」诩曰：「刘备雄才，更兼诸葛亮善能治国；东吴孙权，能识虚实，陆逊见屯兵于险要隔江泛湖，皆难卒谋。以臣观之，诸将之中，皆无孙权、刘备敌手。虽以陛下天威临之，亦未见万全之势也。只可持守，以待二国之变。」 || Chapter 85, P085-019: 早有魏军探知此事，报入中原。近臣奏知魏主。曹丕大喜曰：「刘备已亡，朕无忧矣。何不乘其国中无主，起兵伐之？」贾诩谏曰：「刘备亡，必托孤于诸葛亮。亮感备知遇之恩，必倾心竭力，扶持嗣主。陛下不可仓卒伐之。」 || Chapter 86, P086-016: 却说吴王见张温入蜀未还，乃聚文武商议。忽近臣奏曰；「蜀遣邓芝同张温入国答礼。」权召入。张温拜于殿前，备称后主、孔明之德，愿求永结盟好，特遣邓尚书又来答礼。权大喜，乃设宴待之。权问邓芝曰：「若吴、蜀二国同心灭魏，得天下太平，二主分治，岂不乐乎？」芝答曰：「『天无二日，民无二王』。如灭魏之后，未识天命所归何人。但为君者，各修其德；为臣者，各尽其忠，则战争方息耳。」权大笑曰：「君之诚款，乃如是耶！」遂厚赠邓芝还蜀。自此吴、蜀通好。却说魏国细作人探知此事，火速报入中原。魏主曹丕听知，大怒曰：「吴、蜀连和，必有图中原之意也。不若朕先伐之。」于是大集文武，商议起兵伐吴。此时大司马曹仁、太尉贾诩已亡。侍中辛毗出班奏曰：「中原之地，土阔民稀，而欲用兵，未见其利。今日之计，莫若养兵屯田十年，足食足兵，然后用之，则吴、蜀方可破也。」丕怒曰：「此迂儒之论也！今吴、蜀连和，早晚必来侵境，何暇等待十年？」即传旨起兵伐吴。司马懿奏曰：「吴有长江之险，非船莫渡。陛下必御驾亲征，可选大小战船，从蔡颍而入淮，取寿春，至广陵，渡江口，迳取南徐：此为上策。」",same_body_paragraph
诸葛亮,马腾,3,3,57;58;120,"Chapter 57, P057-019: 早有人报到许昌，言刘备有诸葛亮，庞统为谋士，招军买马，积草屯粮，连结东吴，早晚必兴兵北伐。曹操闻之，遂聚谋士商议南征。荀攸进曰：「周瑜新死，可先取孙权，次攻刘备。」操曰：「我若远征，恐马腾来袭许都。前在赤壁之时，军中有讹言，亦传西凉入寇之事，今不可不防也。」荀攸曰：「以愚所见，不若降诏，加马腾为征南将军，使讨孙权；诱入京师，先除此人，则南征无患矣。」操大喜，即日遣人赍诏至西凉召马腾。 || Chapter 58, P058-004: 使者去了。玄德问曰：「今操起三十万大军，会合淝之众，一拥而来，先生有何妙计，可以退之？」孔明曰：「操平生所虑者，乃西凉之兵也。今操杀马腾，其子马超，现统西凉之众，必切齿操贼。主公可作一书，往结马超，使超兴兵入关，则操又无暇下江南矣。」玄德大喜，即时作书，遣一心腹人，迳往西凉州投下。 || Chapter 120, P120-047: 高祖提剑入咸阳，炎炎红日升扶桑。光武龙兴成大统，金乌飞上天中央。哀哉献帝绍海宇，红轮西坠咸池傍！何进无谋中贵乱，凉州董卓居朝堂。王允定计诛逆党，李傕郭泛兴刀枪。四方盗贼如蚁聚，六合奸雄皆鹰扬。孙坚孙策起江左，袁绍袁术兴河梁。刘焉父子据巴蜀，刘表军旅屯荆襄。张修张鲁霸南郑，马腾韩遂守西凉。陶谦张绣公孙瓒，各逞雄才占一方。曹操专权居相府，牢笼英俊用文武。威震天子令诸侯，总领貔貅镇中土。楼桑玄德本皇孙，义结关张愿扶主。东西奔走恨无家，将寡兵微作羁旅。南阳三顾情可深，卧龙一见分寰宇。先取荆州后取川，霸业王图在天府。呜呼三载逝升遐，白帝托孤堪痛楚！孔明六出祁山前，愿以只手将天补。何期历数到此终，长星半夜落山坞！姜维独凭气力高，九伐中原空劬劳。钟会邓艾分兵进，汉室江山尽属曹。丕、叡、芳、髦才及奂，司马又将天下交。受禅台前云雾起，石头城下无波涛。陈留归命与安乐，王侯公爵从根苗。纷纷世事无穷尽，天数茫茫不可逃。鼎足三分已成梦，后人凭吊空牢骚。",same_body_paragraph
赵云,陆逊,3,3,84;85;97,"Chapter 84, P084-021: 先主正慌急之间－此时天色已微明－只见前面喊声震天，朱然军纷纷落涧，滚滚投岩，一彪军杀入，前来救驾。先主大喜；视之，乃常山赵子龙也。时赵云在川中江州，闻吴、蜀交兵，遂引军出；忽见东南一带火光冲天，云心惊，远远探视：不想先主被困，云奋勇冲杀而来。陆逊闻是赵云，忽令军退。 || Chapter 85, P085-001: 却说章武二年夏六月，东吴陆逊，大破蜀兵于猇亭彝陵之地；先主奔回白帝城，赵云引兵据守。忽马良至，见大军已败，懊悔不及，将孔明之言，奏知先主。先主叹曰：「朕早听丞相之言，不致今日之败！今有何面目复回成都见群臣乎！」遂传旨就白帝城驻扎，将馆驿改为永安宫。人报冯习、张南、傅彤、程畿、沙摩柯等皆殁于王事，先主伤感不已。又近臣奏称：「黄权引江北之兵，降魏去了。陛下可将彼家属送有司问罪。」先主曰：「黄权被吴兵隔断在江北岸，欲归无路，不得已降魏：是朕负权，非权负朕也。何必罪其家属？」仍给禄米以养之。 || Chapter 97, P097-001: 却说蜀汉建兴六年秋九月，,魏都督曹休被东吴陆逊大破于石亭，车仗马匹，军资器械，并皆罄尽。休惶恐之甚，气忧成病，到洛阳，疸发背而死，魏主曹叡敕令厚葬。司马懿引兵还。众将接入问曰：「曹都督兵败，即元帅之干系，何故急回耶？」懿曰：「吾料诸葛亮知吾兵败，必乘虚来取长安。倘陇西紧急，何人救之？吾故回耳。」众皆以为惧怯，晒笑而退。却说东吴遣使致书蜀中，请兵伐魏，并言大破曹休之事；一者显自己威风，二者通和会之好。后主大喜，令人持书至汉中，报知孔明。时孔明兵强马壮，粮草丰足，所用之物，一切完备，正要出师；听知此信，即设宴大会诸将，计议出师。忽一阵大风，自东北角上而起，把庭前松树吹折，众皆大惊。孔明就占一课，曰：「此风主损一大将！」诸将未信。正饮酒间，忽报镇南将军赵云长子赵统、次子赵广来见。孔明大惊，掷杯于地曰：「子龙休矣！」二子入见，拜哭曰：「某父昨夜三更病重而死。」孔明跌足而哭曰：「子龙身故，国家损一栋梁，去吾一臂也！」众将无不挥泪。孔明令二子入成都面君报丧。后主闻云死，放声大哭曰：「朕昔年幼，非子龙则死于乱军之中矣！」即下诏追赠大将军，谥顺平侯，敕葬于成都锦屏山之东；建立庙堂，四时享祭。后人有诗曰：",same_body_paragraph
陈宫,陈登,3,1,19,"Chapter 19, P019-008: 布许之，登乃先到关上。陈宫等接见。登曰：「温侯深怪公等不肯向前，要来责罚。」宫曰：「今曹兵势大，未可轻敌。吾等紧守关隘，可劝主公深保沛城，乃为上策。」陈登唯唯。至晚上关而望，见曹兵直逼关下，乃乘夜连写三封书，拴在箭上，射下关去。次日辞了陈宫，飞马来见吕布曰：「关上孙观等皆欲献关，某已留下陈宫守把，将军可于黄昏时杀去救应。」 || Chapter 19, P019-009: 布曰：「非公则此关休矣。」便教陈登飞骑先至关，约陈宫为内应，举火为号。登迳往报宫曰：「曹兵已抄小路到关内，恐徐州有失。公等宜急回。」宫遂引众弃关而走。登就关上放起火来。吕布乘黑杀至，陈宫军和吕布军在黑暗里自相掩杀。 || Chapter 19, P019-010: 曹兵望见号火，一齐杀到，乘势攻击。孙观等各自四散逃避去了。吕布直杀到天明，方知是计；急与陈宫回徐州。到得城边叫门时，城上乱箭射下。糜竺在敌楼上喝曰：「汝夺吾主城池，今当仍还吾主，汝不得复入此城也。」布大怒曰：「陈珪何在？」竺曰：「吾已杀之矣。」布回顾宫曰：「陈登安在？」宫曰：「将军尚执迷而问此佞贼乎？」",same_body_paragraph
顾雍,鲁肃,3,2,44;83,"Chapter 44, P044-002: 鲁肃上马去了。周瑜方才歇息。忽报张昭、顾雍、张纮、步骘四人来相探。瑜接入堂中坐定，叙寒温毕。张昭曰：「都督知江东之利害否？」瑜曰：「未知也。」昭曰：「曹操拥众百万，屯于汉上，昨传檄文至此，欲请主公会猎于江夏。虽有相吞之意，尚未露其形。昭等劝主公且降之，庶免江东之祸。不想鲁子敬从江夏带刘备军师诸葛亮至此，彼因自欲雪愤，特下说词以激主公。子敬却执迷不悟。正欲待都督一决。」瑜曰：「公等之见皆同否？」顾雍等曰：「所议皆同。」瑜曰：「吾亦欲降久矣。公等请回。明早见主公，自有定议。」 || Chapter 44, P044-015: 孔明与鲁肃辞出，相别而去。次日清晨，孙权升堂。左边文官张昭、顾雍等三十余人；右边武官程普、黄盖等三十余人。衣冠济济，剑佩锵锵，分班侍立。 || Chapter 83, P083-020: 权大惊，举止失措，阚泽出班奏曰：「见有擎天之柱，如何不用耶？」权急问何人。泽曰：「昔日东吴大事，全任周郎；后鲁子敬代之；子敬亡后，决于吕子明；今子明虽丧．见有陆伯言在荆州。此人名虽儒生，实有雄才大略，以臣论之；不在周郎之下；前破关公，其谋皆出于伯言。主上若能用之，破蜀必矣。如或有失，臣愿与同罪。」权曰：「非德润之言，孤误大事。」张昭曰：「陆逊乃一书生耳，非刘备敌手；恐不可用。」顾雍亦曰：「陆逊年幼望轻，恐诸公不服；若不服则生祸乱，必误大事。」步骘亦曰：「逊才堪治郡耳；若托以大事，非其宜也。」阚泽大呼曰：「若不用陆伯言，则东吴休矣！臣愿以全家保之！」权曰：「孤亦素知陆伯言乃奇才也：孤意已决，卿等勿言。」",same_body_paragraph
公孙瓒,李儒,2,2,5;7,"Chapter 5, P005-019: 曹操大喜。只见玄德背后转出张飞，高声大叫：「俺哥哥斩了华雄，不就这里杀入关去，活拏董卓，更待何时！」袁术大怒，喝曰：「俺大臣尚自谦让，量一县令手下小卒，安敢在此耀武扬威！都与赶出帐去！」曹操曰：「得功者赏，何计贵贱乎？」袁术曰：「既然公等只重一县令，我当告退。」操曰：「岂可因一言而误大事耶？」命公孙瓒且带玄德、关、张回寨。众官皆散。曹操暗使人赍牛酒抚慰三人。却说华雄手下败军，报上关来。李肃慌忙写告急文书，申闻董卓。卓急聚李儒、吕布等商议。儒曰：「今失了上将华雄，贼势浩大。袁绍为盟主，绍叔袁隗，现为太傅；倘或里应外合，深为不便，可先除之。请丞相亲领大军，分拨剿捕。」 || Chapter 7, P007-015: 却说袁绍输了一阵，坚守不出。两军相拒月余，有人来长安报知董卓。李儒对卓曰：「袁绍与公孙瓒，亦当今豪杰。见在磐河厮杀，宜假天子之诏，差人往和解之。二人感德，必顺太师矣。」卓大喜。次日便使太傅马日䃅、太仆赵岐，赍诏前去。二人来至河北，绍出迎于百里之外，再拜奉诏。次日二人至瓒营宣谕，瓒乃遣使致书于绍，互相讲和；二人自回京复命。瓒即日班师，又表荐刘玄德为平原相。玄德与赵云分别，执手垂泪，不忍相离。云叹曰：「某日误认公孙瓒为英雄；今观所为，亦袁绍等辈耳！」玄德曰：「公且屈身事之，相见有日。」洒泪而别。",same_body_paragraph
公孙瓒,郭嘉,2,1,18,"Chapter 18, P018-011: 荀彧拜服。郭嘉入。操曰：「公来何暮也？」嘉袖出一书，白操曰：「袁绍使人致书承相，言欲出兵攻公孙瓒，特来借粮借兵。」操曰：「吾闻绍欲图许都，今见吾归，又别生他议。」遂拆书观之。见其词意骄慢，乃问嘉曰：「袁绍如此无状，吾欲讨之，恨力不及，如何？」 || Chapter 18, P018-013: 操笑曰：「如公所言，孤何足以当之？」荀彧曰：「郭奉孝十胜十败之说，正与愚见相合。绍兵虽众，何足惧耶！」嘉曰：「徐州吕布，实心腹大患。今绍北征公孙瓒，我当乘其远出，先取吕布，扫除东南，然后图绍，乃为上计；否则我方攻绍，布必乘虚来犯许都，为害不浅也。」",same_body_paragraph
公孙瓒,马腾,2,2,5;120,"Chapter 5, P005-008: 第一镇，后将军南阳太守袁术。第二镇，冀州刺史韩馥。第三州镇，豫州刺史孔。第四镇，兖州刺史刘岱。第五镇，河内郡太守王匡。第六镇，陈留太守张邈。第七镇，东郡太守乔瑁。第八镇，山阳太守刘遗。第九镇，济北相鲍信。第十镇，北海太守孔融。第十一镇，广陵太守张超。第十二镇，徐州刺史陶谦。第十三镇，西凉太守马腾。第十四镇，北平太守公孙瓒。第十五镇，上党太守张杨。第十六镇，乌程侯长沙太守孙坚。第十七镇，祁乡侯渤海太守袁绍。诸路军马，少不等，一有三万者，有一二万者一，各领文官武将，投洛阳来。 || Chapter 120, P120-047: 高祖提剑入咸阳，炎炎红日升扶桑。光武龙兴成大统，金乌飞上天中央。哀哉献帝绍海宇，红轮西坠咸池傍！何进无谋中贵乱，凉州董卓居朝堂。王允定计诛逆党，李傕郭泛兴刀枪。四方盗贼如蚁聚，六合奸雄皆鹰扬。孙坚孙策起江左，袁绍袁术兴河梁。刘焉父子据巴蜀，刘表军旅屯荆襄。张修张鲁霸南郑，马腾韩遂守西凉。陶谦张绣公孙瓒，各逞雄才占一方。曹操专权居相府，牢笼英俊用文武。威震天子令诸侯，总领貔貅镇中土。楼桑玄德本皇孙，义结关张愿扶主。东西奔走恨无家，将寡兵微作羁旅。南阳三顾情可深，卧龙一见分寰宇。先取荆州后取川，霸业王图在天府。呜呼三载逝升遐，白帝托孤堪痛楚！孔明六出祁山前，愿以只手将天补。何期历数到此终，长星半夜落山坞！姜维独凭气力高，九伐中原空劬劳。钟会邓艾分兵进，汉室江山尽属曹。丕、叡、芳、髦才及奂，司马又将天下交。受禅台前云雾起，石头城下无波涛。陈留归命与安乐，王侯公爵从根苗。纷纷世事无穷尽，天数茫茫不可逃。鼎足三分已成梦，后人凭吊空牢骚。",same_body_paragraph
关兴,曹丕,2,2,85;87,"Chapter 85, P085-028: 「此四路兵俱不足忧。臣尚恐不能全保，又密调关兴、张苞二将，各引兵三万，屯于紧要之处，为各路救应。此数处调遣之事，皆不曾经由成都，故无人知觉。只有东吴这一路兵，未必便动：如见四路兵胜，川中危急，必来相攻；若四路不济，安肯动乎？臣料孙权想曹丕三路侵吴之怨，必不肯从其言。虽然如此，须用一舌辩之士，迳往东吴，以利害说之，则先退东吴；其四路之兵，何足忧乎？但未得说吴之人，臣故踌躇。何劳陛下圣驾来临？」后主曰：「太后亦欲来见相父。今朕闻相父之言，如梦初觉，复何忧哉！」 || Chapter 87, P087-002: 建兴三年，益州飞报：「蛮王孟获，大起蛮兵十万，犯境侵掠。建宁太守雍闿，乃汉朝什邡侯雍齿之后，今结连孟获造反。牂牁郡太守朱褒、越隽郡太守高定，二人献了城。止有永昌郡太守王伉不肯反。现今雍闿、朱褒、高定三人部下人马，皆与孟获为乡导官，攻打永昌郡。赖王伉与功曹吕凯，会集百姓，死守此城，其势甚急。」孔明乃入朝奏后主曰：「臣观南蛮不服，实国家之大患也。臣当自领大军，前去征讨。」后主曰：「东有孙权，北有曹丕；今相父弃朕而去，倘吴、魏来攻，如之奈何？」孔明日：「东吴方与我国讲和，料无异心；若有异心，李严在白帝城，此人可当陆逊也。曹丕新败，锐气已丧，未能远图；且有马超守把汉中诸处关口，不必忧也。臣又留关兴、张苞等分两军为救应，保陛下万无一失。今臣先去扫荡蛮方，然后北伐，以图中原，报先帝三顾之恩，托孤之重。」后主曰：「朕年幼无知，惟相父斟酌行之。」言未毕，班部内一人出曰：「不可！不可！」众视之，乃南阳人也：姓王，名连，字文仪；见为谏议大夫。连谏曰：「南方不毛之地，瘴疫之乡；丞相秉钧衡之重任，而自远征，非所宜也。且雍闿等乃疥癣之疾，丞相只须遣一大将讨之，必然成功。」孔明曰：「南蛮之地，离国甚远，人多不习王化，收伏甚难，吾当亲往征之。可刚可柔，别有斟酌，非可容易托人。」",same_body_paragraph
关兴,曹操,2,2,78;94,"Chapter 78, P078-002: 言未毕，只见关兴号恸而来。玄德见了，大叫一声，又哭绝于地。众官救醒。一日哭绝三五次，三日水浆不进，只是痛哭；泪湿衣襟，斑斑成血。孔明与众官再三劝解。玄德曰：「孤与东吴，誓不同日月也！」孔明曰：「闻东吴将关公首级献与曹操，操以王侯礼祭葬之。」玄德曰：「此何意也？」孔明曰：「此是东吴欲移祸于曹操，操知其谋，故以厚礼葬关公，令主上归怨于吴也。」玄德曰：「吾今即提兵问罪于吴，以雪吾恨！」孔明谏曰：「不可。吴欲令我伐魏，魏亦欲令我伐吴；各怀谲计，伺隙而乘。主上只宜按兵不动，且与关公发丧。待吴、魏不和，乘时而伐之，可也。」 || Chapter 94, P094-002: 却说西羌国王彻里吉，自曹操时年年入贡；手下有一文一武：文乃雅丹丞相，武乃越吉元师。时魏使赍金珠并书到国，先来见雅丹丞相；送了礼物，具言求救之意。雅丹引见国王，呈上书礼。彻里吉览了书，兴众商议。雅丹曰：「我与魏国素相往来，今曹都督求救，且许和亲，理合依允。」彻里吉从其言，即命雅丹与越吉元帅起羌兵一十五万，皆惯使弓弩、鎗刀、蒺藜、飞锤等器；又有战车，用铁叶里钉，装载粮食军器什物：或用骆驼驾车，或用骡马驾车，号为「铁车兵」。二人辞了国王，领兵直扣西平关。守关蜀将韩祯，急差人赍文报知孔明。孔明闻报，问众将曰：「谁敢去退羌兵？」张苞、关兴应曰：「某等愿往。」孔明曰：「汝二人要去，奈路途不熟。」遂唤马岱曰：「汝素知羌人之性，久居彼处，可作乡导。」便起精兵五万，与兴、苞二人同往。兴、苞等引兵而去。行有数日，早遇羌兵。关兴先引百余骑，登山坡看时，只见羌兵把铁车首尾相连，随处结寨；车上遍排兵器，就似城池一般。兴睹之良久，无破敌之策，回寨与张苞、马岱商议。岱曰：「且待来日见阵，观看虚实，另作计议。」次早，分兵三路：关兴在中，张苞在左，马岱在右，三路兵齐进。羌兵阵里，越吉元帅手挽铁锤，腰悬宝雕弓，跃马奋勇而出。关兴招三路兵迳进。忽见羌兵在两边，中央放出铁车，如潮涌一般，弓弩一齐骤发。蜀兵大败。马岱、张苞两军先退；关兴一军，被羌兵一裹，直围入西北角上去了。",same_body_paragraph
关兴,陆逊,2,2,84;87,"Chapter 84, P084-020: 次日，吴兵又四下放火烧山，军士乱窜，先主惊慌。忽然火光中一将引数骑杀上山来，视之乃关兴也。兴伏地请曰：「四下火光逼近，不可久停。陛下速奔白帝城，再收军马可也。」先主曰：「谁敢断后？」傅彤奏曰：「臣愿以死当之！」当日黄昏，关兴在前，张苞在中，留傅彤断后，保著先主，杀下山来。吴兵见先主奔走，皆要争功，各引大军，遮天盖地，往西追赶。先主令军士尽脱袍铠，塞道而焚，以断后军，正奔走间，喊声大震，吴将朱然引一军从江岸边杀来，截住去路。先主叫曰：「朕死于此矣！」关兴、张苞纵马冲突，被乱箭射回，各带重伤，不能杀出。背后喊声又起：陆逊引大军从山谷中杀来。 || Chapter 87, P087-002: 建兴三年，益州飞报：「蛮王孟获，大起蛮兵十万，犯境侵掠。建宁太守雍闿，乃汉朝什邡侯雍齿之后，今结连孟获造反。牂牁郡太守朱褒、越隽郡太守高定，二人献了城。止有永昌郡太守王伉不肯反。现今雍闿、朱褒、高定三人部下人马，皆与孟获为乡导官，攻打永昌郡。赖王伉与功曹吕凯，会集百姓，死守此城，其势甚急。」孔明乃入朝奏后主曰：「臣观南蛮不服，实国家之大患也。臣当自领大军，前去征讨。」后主曰：「东有孙权，北有曹丕；今相父弃朕而去，倘吴、魏来攻，如之奈何？」孔明日：「东吴方与我国讲和，料无异心；若有异心，李严在白帝城，此人可当陆逊也。曹丕新败，锐气已丧，未能远图；且有马超守把汉中诸处关口，不必忧也。臣又留关兴、张苞等分两军为救应，保陛下万无一失。今臣先去扫荡蛮方，然后北伐，以图中原，报先帝三顾之恩，托孤之重。」后主曰：「朕年幼无知，惟相父斟酌行之。」言未毕，班部内一人出曰：「不可！不可！」众视之，乃南阳人也：姓王，名连，字文仪；见为谏议大夫。连谏曰：「南方不毛之地，瘴疫之乡；丞相秉钧衡之重任，而自远征，非所宜也。且雍闿等乃疥癣之疾，丞相只须遣一大将讨之，必然成功。」孔明曰：「南蛮之地，离国甚远，人多不习王化，收伏甚难，吾当亲往征之。可刚可柔，别有斟酌，非可容易托人。」",same_body_paragraph
关羽,刘璋,2,2,60;65,"Chapter 60, P060-029: 临行时，忽廖化引一军来降。玄德便教廖化辅佐云长，以拒曹操。是年冬月，引兵望西川进发。行不数程，孟达接著，拜见玄德，说刘益州令某领兵五千远来迎接。玄德使人入益州，先报刘璋。璋便发书告报沿途州郡，供给钱粮。璋欲自出涪城亲接玄德，即下令准备车乘帐幔，旌旗铠甲，务要鲜明。主簿黄权入谏曰：「主公此去，必被刘备所害。某食禄多年，不忍主公中他人奸计，望三思之。」张松曰：「黄权此言，疏间宗族之义，滋长寇盗之威，实无益于主公。」璋乃叱权曰：「吾意已决，汝何逆吾！」 || Chapter 65, P065-027: 玄德从之，设一大宴，请刘璋收拾财物，佩领振威将军印绶，将妻子良贱，尽赴南郡公安住歇，即日起行。玄德自领益州牧，其所降文武，尽皆重赏，定拟名爵。严颜为前将军，法正为蜀郡太守，董和为掌军中郎将，许靖为左将军长史，庞义为营中司马，刘巴为左将军，黄权为右将军。其余吴懿，费观，彭羕，卓膺，李严，吴兰，雷同，李恢，张翼，秦宓，谯周，吕义，霍峻，邓芝，杨洪，周群，费袆，费诗，孟达，……文武投降官员，共六十余人，并皆擢用。诸葛亮军师，关云长为荡寇将军汉寿亭侯，张飞为征远将军新亭侯，赵云为镇远将军，黄忠为征西将军，魏延为扬武将军，马超为平西将军。孙干，简雍，糜竺、糜芳，刘封，关平，周仓，廖化，马良，马谡，蒋琬，伊籍，及旧日荆襄一班文武官员，尽皆升赏。遣使赍黄金五百斤，白银一千斤，钱五千万，蜀锦一千疋，赐与云长。其余官将，给赐有差。杀牛宰马，大饷士卒，开仓赈济百姓，军民大悦。",same_body_paragraph
关羽,司马懿,2,2,75;77,"Chapter 75, P075-008: 司马懿谏曰：「不可。于禁等被水所渰，非战之故，于国家大计，本无所损。今孙，刘失好，云长得志，孙权必不喜。大王可遣使去东吴陈说利害，令孙权暗暗起兵蹑云长之后，许事平之日，割江南之地以封孙权，则樊城之危自解矣。」主簿蒋济曰：「仲达之言是也。今可即发使往东吴，不必迁都动众。」 || Chapter 77, P077-021: 权从其言，随遣使者以木匣盛关公首级，星夜送与曹操。时操从摩陂班师回洛阳，闻东吴送关公首级至，喜曰：「云长已死，吾夜眠贴席矣。」阶下一人出曰：「此乃东吴移祸之计也。」操视之：乃主簿司马懿也。操问其故，懿曰：「昔刘、关、张三人桃园结义之时，誓同生死。今东吴害了关公，惧其复雠，故将首级献与大王，使刘备迁怒大王，不攻吴而攻魏，他却于中乘便而图事耳。」",same_body_paragraph
关羽,太史慈,2,1,11,"Chapter 11, P011-008: 太史慈得脱，星夜投平原来见刘玄德。施礼罢，具言孔北海被围求救之事，呈上书札。玄德看毕，问慈曰：「足下何人？」慈曰：「某太史慈，东海之鄙人也。与孔融亲非骨肉，比非乡党，特以气谊相投，有分忧共患之意。今管亥暴乱，北海被围，孤穷无告，危在旦夕。闻君仁义素著，能救人危急，故特令某冒锋突围，前来求救。」玄德敛容答曰：「孔北海知世间有刘备耶？」乃同云长、翼德点精兵三千，往北海郡进发。 || Chapter 11, P011-009: 管亥望见救军来到，亲自引兵迎敌；因见玄德兵少，不以为意。玄德与关、张、太史慈立马阵前，管亥忿怒直出。太史慈却待向前，云长早出，直取管亥。两马相交，众军大喊；量管亥怎敌得云长，数十合之间，青龙刀起，劈管亥于马下。太史慈，张飞，两骑齐出，双枪并举，杀入贼阵。玄德驱兵掩杀。城上孔融望见太史慈与关、张赶杀贼众，如虎入羊群，纵横莫当，便驱兵出城。两下夹攻，大败群贼，降者无数，余党溃散。",same_body_paragraph
关羽,张郃,2,2,31;42,"Chapter 31, P031-022: 正夺路间，只见云长、关平、周仓引三百军到。两下夹攻，杀退张郃。各出隘口，占住山险下寨。玄德使云长寻觅张飞。原来张飞去救龚都，龚都已被夏侯渊所杀。飞奋力杀退夏侯渊，迤逦赶去，却被乐进引军围住。云长路逢败军，寻踪而去，杀退乐进，与飞同回见玄德。 || Chapter 42, P042-005: 俄而曹仁、李典、夏侯惇、夏侯渊、乐进、张辽、张郃、许褚等都至。见飞怒目横矛，立马于桥上，又恐是诸葛孔明之计，都不敢近前，扎住阵脚，一字儿摆在桥西，使人飞报曹操。操闻知，急上马，从阵后来。张飞圆睁环眼，隐隐见后军青罗伞盖、旄钺旌旗来到，料得是曹操心疑，亲自来看。飞乃厉声大喝曰：「我乃燕人张翼德也！谁敢与我决一死战？」声如巨雷。曹军闻之，尽皆股栗。曹操急令去其伞盖，回顾左右曰：「我向曾闻云长言，翼德于百万军中，取上将之首，如探囊取物。今日相逢，不可轻敌。」",same_body_paragraph
关羽,田丰,2,2,7;24,"Chapter 7, P007-014: 正说之间，忽见赵云冲到面前。弓箭手急待射时，云连刺数人，众军皆走。后面瓒军团团围裹上来。田丰慌对绍曰：「主公且于空墙中躲避！」绍以兜鍪扑地，大呼曰：「大丈夫愿临阵斗死，岂可入墙而望活乎！」众军士齐心死战，赵云冲突不入，绍兵大队掩至，颜良亦引军来到，两路并杀。赵云保公孙瓒杀透重围，回到界桥。绍驱兵大进，复赶过桥，落水死者，不计其数。袁绍当先赶来，不到五里，只听得山背后喊声大起，闪出一彪人马，为首三员大将，乃是刘玄德，关云长，张翼德。因在平原探知公孙瓒与袁绍相争，特来助战。当下三匹马，三般兵器，飞奔前来，直取袁绍。绍惊得魂飞天外，手中宝刀坠于马下，忙拨马而逃，众人死救过桥。公孙瓒亦收军归寨。玄德、关、张动问毕，瓒曰：「若非玄德远来救我，几乎狼狈。」教与赵云相见。玄德甚相敬爱，便有不舍之心。 || Chapter 24, P024-009: 细作探知，报入徐州。孙干先往下邳报知关公，随至小沛报知玄德。玄德与孙干计议曰：「此必求救于袁绍，方可解危。」于是玄德修书一封，遣孙干至河北。干乃先见田丰，具言其事，求其引进。",same_body_paragraph
关羽,董承,2,1,21,"Chapter 21, P021-001: 却说董承等问马腾曰：「公却用何人？」马腾曰：「见有豫州牧刘玄德在此，何不求之？」承曰：「此人虽系皇叔，今正依附曹操，安肯行此事耶？」腾曰：「吾观前日围场之中，曹操迎受众贺之时，云长在玄德背后，挺刀欲杀操，玄德以目视之而止。玄德非不欲图操，恨操爪牙多，恐力不及耳。公试求之，当必应允。」吴硕曰：「此事不宜太速，当从容商议。」众皆散去。 || Chapter 21, P021-002: 次日黑夜里，董承怀诏，迳往玄德馆中来。门吏入报，玄德迎出，请入小阁坐定。关、张侍立于侧。玄德曰：「国舅夜至此，必有事故。」承曰：「白日乘马相访，恐操见疑，故黑夜相见。」玄德命取酒相待。承曰：「前日围场之中，云长欲杀曹操，将军动目摇头而退之，何也？」玄德失惊曰：「公何以知之？」承曰：「人皆不见，某独见之。」",same_body_paragraph
关羽,郭嘉,2,2,24;50,"Chapter 24, P024-019: 且说曹操当夜取了小沛，随即进兵攻徐州。糜竺，简雍，守把不住，只弃城而走。陈登献了徐州。曹操大军入城，安民己毕，随唤众谋士议取下邛。荀彧曰：「云长保护玄德妻小，死守此城；若不速取，恐为袁绍所窃。」操曰：「吾素爱云长武艺人材，欲得之以为己用，不若令人说之使降。」郭嘉曰：「云长义气深重，必不肯降。若使人说之，恐被其害。」帐下一人出曰：「某与关公有一面之交，愿往说之。」众视之，乃张辽也。程昱曰：「文远虽与云长有旧，吾观此人，非可以言词说也。某有一计，使此人进退无路，然后用文远说之，彼必归丞相矣。」正是：整备窝弓射猛虎，安排香饵钓鳌鱼。未知其计若何，且看下文分解。 || Chapter 50, P050-021: 于是引众入南郡安歇。随后张辽也到，说云长之德。操点将校中伤者极多，操皆令将息。曹仁置酒与操解闷。众谋士俱在座。操忽仰天大恸。众谋士曰：「丞相于虎窟中逃难之时，全无惧怯；今到城中，人已得食，马已得料，正须整顿军马复仇，何反痛哭？」操曰：「吾哭郭奉孝耳！若奉孝在，决不使吾有此大失也！」遂搥胸大哭曰：「哀哉，奉孝！痛哉，奉孝！惜哉，奉孝！」众谋士皆默然自惭。",same_body_paragraph
关羽,阚泽,2,2,66;83,"Chapter 66, P066-010: 权问何计，肃曰：「今屯兵于陆口，使人请关云长赴会。若云长肯来，以善言说之，如其不从，伏下刀斧手杀之。如彼不肯来，随即进兵，与决胜负，夺取荆州便了。」孙权曰：「正合吾意，可即行之。」阚泽进曰：「不可。关云长乃世之虎将，非等闲可及。恐事不谐，反遭其害。」孙权怒曰：「若如此，荆州何日可得！」便命鲁肃速行此计。肃乃辞孙权，至陆口，召吕蒙，甘宁商议；设宴于陆口寨外临江亭上，修下请书，选帐下能言快语一人为使，登舟渡江。江口关平问了，遂引使入荆州，叩见云长，具道鲁肃相邀赴会之意，呈上请书。云长看毕，谓来人曰：「既子敬相请，我明日便来赴宴。汝可先回。」 || Chapter 83, P083-020: 权大惊，举止失措，阚泽出班奏曰：「见有擎天之柱，如何不用耶？」权急问何人。泽曰：「昔日东吴大事，全任周郎；后鲁子敬代之；子敬亡后，决于吕子明；今子明虽丧．见有陆伯言在荆州。此人名虽儒生，实有雄才大略，以臣论之；不在周郎之下；前破关公，其谋皆出于伯言。主上若能用之，破蜀必矣。如或有失，臣愿与同罪。」权曰：「非德润之言，孤误大事。」张昭曰：「陆逊乃一书生耳，非刘备敌手；恐不可用。」顾雍亦曰：「陆逊年幼望轻，恐诸公不服；若不服则生祸乱，必误大事。」步骘亦曰：「逊才堪治郡耳；若托以大事，非其宜也。」阚泽大呼曰：「若不用陆伯言，则东吴休矣！臣愿以全家保之！」权曰：「孤亦素知陆伯言乃奇才也：孤意已决，卿等勿言。」",same_body_paragraph
关羽,黄盖,2,2,55;56,"Chapter 55, P055-023: 正赶之间，一声鼓响，山谷内一队刀手拥出，为首一员大将，乃关云长也。周瑜举止失措，急拨马便走。云长赶来，周瑜纵马逃命。正奔走间，左边黄忠，右边魏延，两军杀出。吴兵大败。周瑜急急下得船时，岸上军士齐声大叫曰：「周郎妙计安天下，陪了夫人又折兵！」瑜怒曰：「可再登岸决一死战！」黄盖、韩当力阻。瑜自思曰：「吾计不成，有何面目去见吴侯！」大叫一声，金疮迸裂，倒于船上。众将急救，却早不省人事。正是：两番弄巧翻成拙，此日含嗔却带羞。未知周郎性命如何，且看下文分解。 || Chapter 56, P056-001: 却说周瑜被诸葛亮预先埋伏关公，黄忠，魏延三枝军马，一击大败。黄盖、韩当急救下船，折却水军无数。遥观玄德，孙夫人车马仆从，都停住于山顶之上，瑜如何不气？箭疮未愈，因怒气冲激，疮口迸裂，昏绝于地；众将救醒，开船逃去。孔明教休追赶，自和玄德归荆州庆喜，赏赐众将。",same_body_paragraph
刘备,姜维,2,2,119;120,"Chapter 119, P119-008: 遂与姜维计议。维曰：「君疑臣则臣必死，岂不见邓艾乎？」会曰：「吾意决矣。事成则得天下，不成则退西蜀，亦不失作刘备也。」维曰：「近闻郭太后新亡，可诈称太后有遗诏，教讨司马昭，以正弑君之罪。据明公之才，中原可席卷而定。」会曰：「伯约当作先锋。成事之后，同享富贵。」维曰：「愿效犬马微劳。但恐诸将不服耳。」会曰：「来日元宵佳节，故宫大张灯火，请诸将饮宴。如不从者尽斩之。」维暗喜。 || Chapter 120, P120-047: 高祖提剑入咸阳，炎炎红日升扶桑。光武龙兴成大统，金乌飞上天中央。哀哉献帝绍海宇，红轮西坠咸池傍！何进无谋中贵乱，凉州董卓居朝堂。王允定计诛逆党，李傕郭泛兴刀枪。四方盗贼如蚁聚，六合奸雄皆鹰扬。孙坚孙策起江左，袁绍袁术兴河梁。刘焉父子据巴蜀，刘表军旅屯荆襄。张修张鲁霸南郑，马腾韩遂守西凉。陶谦张绣公孙瓒，各逞雄才占一方。曹操专权居相府，牢笼英俊用文武。威震天子令诸侯，总领貔貅镇中土。楼桑玄德本皇孙，义结关张愿扶主。东西奔走恨无家，将寡兵微作羁旅。南阳三顾情可深，卧龙一见分寰宇。先取荆州后取川，霸业王图在天府。呜呼三载逝升遐，白帝托孤堪痛楚！孔明六出祁山前，愿以只手将天补。何期历数到此终，长星半夜落山坞！姜维独凭气力高，九伐中原空劬劳。钟会邓艾分兵进，汉室江山尽属曹。丕、叡、芳、髦才及奂，司马又将天下交。受禅台前云雾起，石头城下无波涛。陈留归命与安乐，王侯公爵从根苗。纷纷世事无穷尽，天数茫茫不可逃。鼎足三分已成梦，后人凭吊空牢骚。",same_body_paragraph
刘备,李儒,2,2,5;7,"Chapter 5, P005-019: 曹操大喜。只见玄德背后转出张飞，高声大叫：「俺哥哥斩了华雄，不就这里杀入关去，活拏董卓，更待何时！」袁术大怒，喝曰：「俺大臣尚自谦让，量一县令手下小卒，安敢在此耀武扬威！都与赶出帐去！」曹操曰：「得功者赏，何计贵贱乎？」袁术曰：「既然公等只重一县令，我当告退。」操曰：「岂可因一言而误大事耶？」命公孙瓒且带玄德、关、张回寨。众官皆散。曹操暗使人赍牛酒抚慰三人。却说华雄手下败军，报上关来。李肃慌忙写告急文书，申闻董卓。卓急聚李儒、吕布等商议。儒曰：「今失了上将华雄，贼势浩大。袁绍为盟主，绍叔袁隗，现为太傅；倘或里应外合，深为不便，可先除之。请丞相亲领大军，分拨剿捕。」 || Chapter 7, P007-015: 却说袁绍输了一阵，坚守不出。两军相拒月余，有人来长安报知董卓。李儒对卓曰：「袁绍与公孙瓒，亦当今豪杰。见在磐河厮杀，宜假天子之诏，差人往和解之。二人感德，必顺太师矣。」卓大喜。次日便使太傅马日䃅、太仆赵岐，赍诏前去。二人来至河北，绍出迎于百里之外，再拜奉诏。次日二人至瓒营宣谕，瓒乃遣使致书于绍，互相讲和；二人自回京复命。瓒即日班师，又表荐刘玄德为平原相。玄德与赵云分别，执手垂泪，不忍相离。云叹曰：「某日误认公孙瓒为英雄；今观所为，亦袁绍等辈耳！」玄德曰：「公且屈身事之，相见有日。」洒泪而别。",same_body_paragraph
刘备,许攸,2,1,22,"Chapter 22, P022-005: 四人争论未定，绍踌躇不决。忽许攸、荀谌自外而入。绍曰：「二人多有见识，且看如何主张。」二人施礼毕，绍曰：「郑尚书有书来，令我起兵助刘备，攻曹操。起兵是乎？不起兵是乎？」二人齐声应曰：「明公以众克寡，以强攻弱，讨汉贼以扶王室：起兵是心。」绍曰：「二人所见，正合我心。」便商议兴兵。先令孙干回报郑玄，并约玄德准备接应；一面令审配、逢纪为统军，田丰、荀谌、许攸为谋士，颜良、文丑为将军，起马军一十五万，步兵一十五万，共精兵三十万，望黎阳进发。 || Chapter 22, P022-021: 孔融默然。操大笑曰：「皆不出荀文若之料。」遂唤前军刘岱、后军王忠引军五万，打著丞相旗号，去徐州攻刘备。原来刘岱旧为衮州刺史；及操取衮州，岱降于操，操用为偏将，故今差他与王忠一同领兵。操却自引大军二十万，进黎阳，拒袁绍。程昱曰：「恐刘岱、王忠不称其使。」操曰：「吾亦知非刘备敌手，权且虚张声势。」分付：「不可轻进。待我破绍，再勒兵破备。」刘岱、王忠领兵去了。曹操自引兵至黎阳。两军隔八十里，各自深沟高垒，相持不战。自八月守至十月。原来许攸不乐审配领兵，沮授又恨绍不用其谋，各不相和，不图进取。袁绍心怀疑惑，不思进兵。操乃唤吕布手下降将臧霸把守青、徐；于禁、李典屯兵河上；曹仁总督大军，屯于官渡。操自引一军，竟回许都。",same_body_paragraph
刘备,邓艾,2,2,119;120,"Chapter 119, P119-008: 遂与姜维计议。维曰：「君疑臣则臣必死，岂不见邓艾乎？」会曰：「吾意决矣。事成则得天下，不成则退西蜀，亦不失作刘备也。」维曰：「近闻郭太后新亡，可诈称太后有遗诏，教讨司马昭，以正弑君之罪。据明公之才，中原可席卷而定。」会曰：「伯约当作先锋。成事之后，同享富贵。」维曰：「愿效犬马微劳。但恐诸将不服耳。」会曰：「来日元宵佳节，故宫大张灯火，请诸将饮宴。如不从者尽斩之。」维暗喜。 || Chapter 120, P120-047: 高祖提剑入咸阳，炎炎红日升扶桑。光武龙兴成大统，金乌飞上天中央。哀哉献帝绍海宇，红轮西坠咸池傍！何进无谋中贵乱，凉州董卓居朝堂。王允定计诛逆党，李傕郭泛兴刀枪。四方盗贼如蚁聚，六合奸雄皆鹰扬。孙坚孙策起江左，袁绍袁术兴河梁。刘焉父子据巴蜀，刘表军旅屯荆襄。张修张鲁霸南郑，马腾韩遂守西凉。陶谦张绣公孙瓒，各逞雄才占一方。曹操专权居相府，牢笼英俊用文武。威震天子令诸侯，总领貔貅镇中土。楼桑玄德本皇孙，义结关张愿扶主。东西奔走恨无家，将寡兵微作羁旅。南阳三顾情可深，卧龙一见分寰宇。先取荆州后取川，霸业王图在天府。呜呼三载逝升遐，白帝托孤堪痛楚！孔明六出祁山前，愿以只手将天补。何期历数到此终，长星半夜落山坞！姜维独凭气力高，九伐中原空劬劳。钟会邓艾分兵进，汉室江山尽属曹。丕、叡、芳、髦才及奂，司马又将天下交。受禅台前云雾起，石头城下无波涛。陈留归命与安乐，王侯公爵从根苗。纷纷世事无穷尽，天数茫茫不可逃。鼎足三分已成梦，后人凭吊空牢骚。",same_body_paragraph
刘琦,孙乾,2,2,35;41,"Chapter 35, P035-013: 玄德从其言，即令孙干赍书至荆州。刘表唤入问曰：「吾请玄德襄阳赴会，缘何逃席而去？」孙干呈上书札，具言蔡瑁设谋相害，赖跃马檀溪得脱。表大怒，急唤蔡瑁责骂曰：「汝焉敢害吾弟！」命推出斩之。蔡夫人出，哭求免死，表怒犹未息。孙干告曰：「若杀蔡瑁，恐皇叔不能安居于此矣。」表乃责而释之，使长子刘琦同孙干至玄德处请罪。 || Chapter 41, P041-013: 却说玄德拥著百姓，缓缓而行。孔明曰：「追兵不久即至，可遗云长往江夏求救公子刘琦，教他速起兵乘船会于江陵。」玄德从之，即修书令云长同孙干领五百军往江夏求救；令张飞断后；赵云保护老小；其余俱管顾百姓而行。每日只走十余里便歇。",same_body_paragraph
刘璋,吕布,2,2,16;60,"Chapter 16, P016-043: 登点头允诺，回徐州见吕布。布问之，登言父赠禄，某为太守。布大怒曰：「汝不为吾求徐州牧，而乃自求爵禄！汝父教我协同曹公，绝婚公路，今吾所求，终无一获，而汝父子俱各显贵，吾为汝父子所卖耳！」遂拔剑欲斩之。登大笑曰：「将军何其不明之甚也！」布曰：「吾何不明？」登曰：「吾见曹公，言养将军譬如养虎，当饱其肉；不饱则将噬人。」曹公笑曰：「不如卿言。吾待温侯，如养鹰耳，狐兔未息，不敢先饱。饥则为用，饱则飏去。」某问：「谁为狐兔？」曹公曰：「淮南袁术、江东孙策、冀州袁绍、荆州刘表、益州刘璋、汉中张鲁，皆狐兔也。」布掷剑笑曰：「曹公知我也！」正说话间，忽报袁术军来取徐州。吕布闻言失惊。正是：秦晋未谐吴越斗，婚姻惹出甲兵来。毕竟后事如何。且看下文分解。 || Chapter 60, P060-001: 却说那进计于刘璋者，乃益州别驾，姓张，名松，字永年。其人生得额镢头尖，鼻偃齿露，身短不满五尺，言语有若铜钟。刘璋问曰：「别驾有何高见，可解张鲁之危？」松曰：「某闻许都曹操，扫荡中原。吕布，二袁，皆为所灭；近又破马超；天下无敌矣。主公可备进献之物，松亲往许都，说曹操兴兵取汉中，以图张鲁。则鲁拒敌不暇，何敢复窥蜀中耶？」",same_body_paragraph
刘璋,孙乾,2,1,65,"Chapter 65, P065-021: 时孙干已回。玄德复命霍峻，孟达守关，便撤兵来取成都。赵云，黄忠接入绵竹。人报「蜀将刘晙，马汉引军到。」赵云曰：「某愿往擒此二人！」言讫，上马引军出。玄德在城上款待马超吃酒。未曾安席，子龙已斩二人之头，献于筵前。马超亦惊，倍加敬重。超曰：「不须主公厮杀，超自唤出刘璋来降。如不肯降，超自与弟马岱取成都，双手奉献。」玄德大喜。是日尽欢。 || Chapter 65, P065-027: 玄德从之，设一大宴，请刘璋收拾财物，佩领振威将军印绶，将妻子良贱，尽赴南郡公安住歇，即日起行。玄德自领益州牧，其所降文武，尽皆重赏，定拟名爵。严颜为前将军，法正为蜀郡太守，董和为掌军中郎将，许靖为左将军长史，庞义为营中司马，刘巴为左将军，黄权为右将军。其余吴懿，费观，彭羕，卓膺，李严，吴兰，雷同，李恢，张翼，秦宓，谯周，吕义，霍峻，邓芝，杨洪，周群，费袆，费诗，孟达，……文武投降官员，共六十余人，并皆擢用。诸葛亮军师，关云长为荡寇将军汉寿亭侯，张飞为征远将军新亭侯，赵云为镇远将军，黄忠为征西将军，魏延为扬武将军，马超为平西将军。孙干，简雍，糜竺、糜芳，刘封，关平，周仓，廖化，马良，马谡，蒋琬，伊籍，及旧日荆襄一班文武官员，尽皆升赏。遣使赍黄金五百斤，白银一千斤，钱五千万，蜀锦一千疋，赐与云长。其余官将，给赐有差。杀牛宰马，大饷士卒，开仓赈济百姓，军民大悦。",same_body_paragraph
刘璋,孙策,2,2,16;21,"Chapter 16, P016-043: 登点头允诺，回徐州见吕布。布问之，登言父赠禄，某为太守。布大怒曰：「汝不为吾求徐州牧，而乃自求爵禄！汝父教我协同曹公，绝婚公路，今吾所求，终无一获，而汝父子俱各显贵，吾为汝父子所卖耳！」遂拔剑欲斩之。登大笑曰：「将军何其不明之甚也！」布曰：「吾何不明？」登曰：「吾见曹公，言养将军譬如养虎，当饱其肉；不饱则将噬人。」曹公笑曰：「不如卿言。吾待温侯，如养鹰耳，狐兔未息，不敢先饱。饥则为用，饱则飏去。」某问：「谁为狐兔？」曹公曰：「淮南袁术、江东孙策、冀州袁绍、荆州刘表、益州刘璋、汉中张鲁，皆狐兔也。」布掷剑笑曰：「曹公知我也！」正说话间，忽报袁术军来取徐州。吕布闻言失惊。正是：秦晋未谐吴越斗，婚姻惹出甲兵来。毕竟后事如何。且看下文分解。 || Chapter 21, P021-008: 玄德曰：「备肉眼安识英雄？」操曰：「休得过谦。」玄德曰：「备叨恩庇，得仕于朝。天下英雄，实有未知。」操曰：「既不识其面，亦闻其名。」玄德曰：「淮南袁术，兵粮足备，可谓英雄。」操笑曰：「冢中枯骨，吾早晚必擒之！」玄德曰：「河北袁绍，四世三公，门多故吏；今虎踞冀州之地，部下能事者极多，可谓英雄。」操笑曰：「袁绍色厉胆薄，好谋无断；干大事而惜身，见小利而忘命：非英雄也。」玄德曰：「有一人名称八骏，威镇九州──刘景升可为英雄。」操曰：「刘表虚名无实，非英雄也。」玄德曰：「有一人血气方刚，江东领袖──孙伯苻乃英雄也。」操曰：「孙策藉父之名，非英雄也。」玄德曰：「益州刘季玉，可为英雄乎？」操曰：「刘璋虽系宗室，乃守户之犬耳，何足为英雄！」玄德曰：「如张绣、张鲁、韩遂等辈皆何如？」操鼓掌大笑曰：「此等碌碌小人，何足挂齿！」玄德曰：「舍此之外，备实不知。」操曰：「夫英雄者，胸怀大志，腹有良谋；有包藏宇宙之机，吞吐天地之志者也。」玄德曰：「谁能当之？」操以手指玄德，后自指曰：「今天下英雄，惟使君与操耳。」",same_body_paragraph
刘璋,张昭,2,2,62;65,"Chapter 62, P062-001: 却说张昭献计曰：「且休要动兵。若一兴师，曹操必复至。不如修书二封：一封与刘璋，言刘备结连东吴，共取西川，使刘璋心疑而攻刘备，一封与张鲁，教进兵向荆州来，著刘备首尾不能救应。我然后起兵取之，事可谐矣。」权从之，即发使二处去讫。 || Chapter 65, P065-033: 却说东吴，孙权，知玄德并吞西川，将刘璋逐于公安，遂召张昭，顾雍商议曰：「当刘备借我荆州时，说取了西川，便还荆州。今已得巴，蜀四十一州，须用取索汉上诸郡。如其不还，即动干戈。」张昭曰：「吴中方宁，不可动兵。昭有一计，使刘备将荆州双手奉还主公。」正是：西蜀方开新日月，东吴又索旧山川。未知其计如何，且看下文分解。",same_body_paragraph
刘禅,孟达,2,1,85,"Chapter 85, P085-026: 次日，后主车驾亲至相府。门吏见驾到，慌忙拜伏于地而迎。后主问曰；「丞相在何处？」门吏曰：「不知在何处。只有丞相钧旨，教挡住百官，勿得辄入。」后主乃下车步行，独进第三重门，见孔明独倚竹杖，在小池边观鱼。后主在后立久，乃徐徐而言曰：「丞相安乐否？」孔明回顾，见是后主，慌忙弃杖，拜伏于地曰：「臣该万死！」后主扶起，问曰；「今曹丕分兵五路，犯境甚急，相父缘何不肯出府视事？」孔明大笑，扶后主入内室坐定，奏曰：「五路兵至，臣安得不知？臣非观鱼，有所思也。」后主曰：「如之奈何？」孔明曰：「羌王轲比能，蛮王孟获，反将孟达，魏将曹真：此四路兵，臣已皆退去了也。止有孙权这一路兵，臣已有退兵之计，但须一能言之人为使。因未得其人，故熟思之。陛下何必忧乎？」 || Chapter 85, P085-027: 后主听罢，又惊又喜，曰：「相父果有鬼神不测之机也！愿闻退兵之策。」孔明曰：「先帝以陛下付托与臣，臣安敢旦夕怠慢？成都众官，皆不晓兵法之妙，贵在使人不测，岂可泄漏于人？老臣先知西番国王轲比能，引兵犯西平关；臣料马超积祖西川人氏，素得羌人之心，羌人以超为神威大将军；臣已先遣一人，星夜驰檄，令马超紧守西平关，伏四路奇兵，每日交换，以兵拒之：此一路不必忧矣。又南蛮孟获，兵犯四邵，臣亦飞檄遣魏延领一军左出右入，右出左入，为疑兵之计；蛮兵惟勇力，其心多疑，若见疑兵，必不敢进：此一路又不足忧矣。又知孟达引兵出汉中；孟达与李严曾结生死之交；臣回成都时，留李严守永安宫；臣已作一书，只做李严亲笔，令人送与孟达；达必然推病不出，以慢军心：此一路又不足忧矣。又知曹真引兵犯阳平关；此地险峻，可以保守，臣已调赵云引一军守把关隘，并不出战；曹真若见我军不出，不久自退矣。」",same_body_paragraph
刘禅,张飞,2,2,73;85,"Chapter 73, P073-005: 玄德再三推迟不过，只得依允。建安二十四年秋七月，筑坛于沔阳，方圆九里，分布五方，各设旌旗仪仗。群臣皆依次序排列。许靖、法正请玄德登坛，进冠冕玺绶讫，面南而坐，受文武官员拜贺为汉中王。子刘禅立为王世子。封许靖为太傅，法正为尚书令。诸葛亮为军师，总理军国重事。封关羽、张飞、赵云、马超、黄忠为五虎大将军；魏延为汉中太守。其余各拟功勋定爵。 || Chapter 85, P085-022: 丕大喜，随即密遣能言官四员为使前去；又命曹真为大都督，领兵十万，迳取阳平关。此时张辽等一班旧将，皆封列侯，俱在冀、徐、青及合淝等处，据守关津隘口，故不复调用。却说蜀汉后主刘禅，自即位以来，旧臣多有病亡者，不能细说。凡一应朝廷、选法、钱粮、词讼等事，皆听诸葛丞相裁处。时后主未立皇后。孔明与群臣上言曰：「故车骑将军张飞之女甚贤，年十七岁，可纳为正宫皇后。」后主即纳之。",same_body_paragraph
刘表,吕蒙,2,1,38,"Chapter 38, P038-027: 言讫遂终。孙权哀哭，具丧葬之礼，自不必说。至来年春，孙权商议欲伐黄祖。张昭曰：「居丧未及期年，不可动兵．」周瑜曰：「报仇雪恨，何待期年？」权犹豫未决。适北平都尉吕蒙入见，告权曰：「某把龙湫水口，忽有黄祖部将甘宁来降。某细询之。宁字兴霸，巴郡临江人也；颇通书史，有气力，好游侠；尝招合亡命，纵横于江湖之中；腰悬铜铃，人听铃声，尽皆避之。又尝以西川锦作帆幔，时人皆称为『锦帆贼』。后悔前非，改行从善，引众投刘表。见表不能成事，即欲来投东吴，却被黄祖留住在夏口。 || Chapter 38, P038-029: 孙权大喜曰：「吾得兴霸，破黄祖必矣。」遂命吕蒙引甘宁入见。参拜已毕，权曰：「兴霸来此，大获我心，岂有记恨之理？请无怀疑。愿教我以破黄祖之策。」宁曰：「今汉祚日危，曹操终必纂窃。荆南之地，操所必争也。刘表无远虑，其子又愚劣，不能承业传基。明公宜早图之。若迟，则操先图之矣。今宜先取黄祖。祖今年老昏迈，务于货利；侵刻吏民，人心皆怨；战具不修，军无法律。明公若往攻之，其势必破。既破祖军，鼓行而西，据楚关而图巴蜀，霸业可定也。」",same_body_paragraph
刘表,张飞,2,2,39;53,"Chapter 39, P039-009: 玄德依言，来到荆州，馆驿安下，留张飞屯兵城外。玄德与孔明入城见刘表。礼毕，玄德请罪于阶下。表曰：「吾已悉知贤弟被害之事。当时即欲斩蔡瑁之首，以献贤弟。因众人告免，故姑恕之。弟幸勿见罪。」玄德曰：「非干蔡将军之事，想皆下人所为耳。」表曰：「今江夏失守，黄祖遇害，故请贤弟共议报复之策。」玄德曰：「黄祖性暴，不能用人，故致此祸。今若兴兵南征，倘曹操北来，又将奈何？」表曰：「吾今年老多病，不能理事，贤弟可来助我。我死之后，弟便为荆州之主也。」玄德曰：「兄何出此言？量备安敢当此重任？」 || Chapter 53, P053-005: 玄德大喜，遂令张飞星夜去替云长守荆州，令云长来取长沙。云长既至，入见玄德、孔明。孔明曰：「子龙取桂阳，翼德取武陵，都是三千军去。今长沙太守韩玄，固不足道，只是他有一员大将，乃南阳人，姓黄，名忠，字汉升；是刘表帐下中郎将，与刘表之姪刘磐共守长沙，后事韩玄；虽今年近六旬，却有万夫不当之勇，不可轻敌。云长去，必须多带军马。」",same_body_paragraph
刘表,曹洪,2,2,17;33,"Chapter 17, P017-020: 操踌躇未决。忽报马到，报说：「张绣依托刘表，复肆猖獗；南阳诸县复反；曹洪拒敌不住，连输数阵，今特来告急。」操乃驰书与孙策，令其跨江布阵，以为刘表疑兵，使不敢妄动；自己即日班师，别议征张绣之事。临行，令玄德仍屯兵小沛，与吕布结为兄弟，互相救助，再无相侵。吕布引兵自回徐州。操密谓玄德曰：「吾令汝屯兵小沛，是『掘坑待虎』之计也。公但与陈珪父子商议，勿致有失。某当为公外援。」话毕而别。 || Chapter 33, P033-023: 并州既定，操商议西击乌桓。曹洪等曰：「袁熙、袁尚兵败将亡，势穷力尽。远投沙漠。我今引兵西击，倘刘备、刘表乘虚袭许都，我救应不及，为祸不浅矣。请回师勿进为上。」郭嘉曰：「诸公所言差矣：主公虽威震天下，沙漠之人，恃其边远，必不设备；乘其无备，卒然击之，必可破也。且袁绍与乌桓有恩，而尚与熙兄弟犹存，不可不除。刘表坐谈之客耳，自知才不足以御刘备，重任之，则恐不能制；轻任之，则备不为用。虽虚国远征，公无忧也。」操曰：「奉孝之言极是。」",same_body_paragraph
刘表,程昱,2,2,31;32,"Chapter 31, P031-028: 却说曹操探知玄德已往荆州，投奔刘表，便欲引兵攻之。程昱曰：「袁绍未除，而遽攻荆、襄，倘袁绍从北而起，胜负未可知矣。不如还兵许都，养军蓄锐，待来年春煖，然后引兵先破袁绍，后取荆、襄。南北之利，一举可收也。」 || Chapter 32, P032-012: 操看书毕，留辛毗于寨中，聚文武计议。程昱曰：「袁谭被袁尚攻击太急，不得已而来降，不可准信。」吕虔、满宠亦曰：「丞相既引兵至此，安可复舍表而助谭？」荀攸曰：「三公之言未善。以愚意度之，天下方有事，而刘表坐保江、汉之间，不敢展足，其无四方之志可知矣；袁氏据四州之地，带甲数十万，若二子和睦，共守成业，天下事未可知也。今其兄弟相攻，势穷而投我，我提兵先除袁尚，后观其变。并灭袁谭，天下定矣。此机会不可失也。」",same_body_paragraph
刘表,马腾,2,2,23;120,"Chapter 23, P023-019: 时值元宵，吉平辞去，承留住，二人共饮。饮至更余，承觉困倦，就和衣而睡。忽报王子服等四人至，承出接入。服曰：「大事谐矣！」承曰：「愿闻其说。」服曰：「刘表结连袁绍，起兵五十万，共分十路杀来。马腾结连韩遂，起西凉军七十二万，从北杀来。曹操尽起许昌兵马，分头迎敌，城中空虚。若聚五家僮仆，可得千余人。乘今夜府中大宴，庆赏元宵，将府围住，突入杀之。不可失此机会！」 || Chapter 120, P120-047: 高祖提剑入咸阳，炎炎红日升扶桑。光武龙兴成大统，金乌飞上天中央。哀哉献帝绍海宇，红轮西坠咸池傍！何进无谋中贵乱，凉州董卓居朝堂。王允定计诛逆党，李傕郭泛兴刀枪。四方盗贼如蚁聚，六合奸雄皆鹰扬。孙坚孙策起江左，袁绍袁术兴河梁。刘焉父子据巴蜀，刘表军旅屯荆襄。张修张鲁霸南郑，马腾韩遂守西凉。陶谦张绣公孙瓒，各逞雄才占一方。曹操专权居相府，牢笼英俊用文武。威震天子令诸侯，总领貔貅镇中土。楼桑玄德本皇孙，义结关张愿扶主。东西奔走恨无家，将寡兵微作羁旅。南阳三顾情可深，卧龙一见分寰宇。先取荆州后取川，霸业王图在天府。呜呼三载逝升遐，白帝托孤堪痛楚！孔明六出祁山前，愿以只手将天补。何期历数到此终，长星半夜落山坞！姜维独凭气力高，九伐中原空劬劳。钟会邓艾分兵进，汉室江山尽属曹。丕、叡、芳、髦才及奂，司马又将天下交。受禅台前云雾起，石头城下无波涛。陈留归命与安乐，王侯公爵从根苗。纷纷世事无穷尽，天数茫茫不可逃。鼎足三分已成梦，后人凭吊空牢骚。",same_body_paragraph
刘表,魏延,2,2,53;62,"Chapter 53, P053-019: 魏延喏喏连声而退。黄忠荐刘表姪刘磐，——现在攸县闲居。——玄德取回，教掌长沙郡。四郡己平，玄德班师回荆州，改油江口为公安。自此钱粮广盛，贤士归之；将军马四散屯于隘口。 || Chapter 62, P062-030: 却说玄德令黄忠，魏延各守一寨，自回涪城，与军师庞统商议。细作报说：「东吴孙权遣人结好东川张鲁，将欲来攻葭萌关。」玄德惊曰：「若葭萌关有失，截断后路，吾进退不得，当如之何？」庞统谓孟达曰：「公乃蜀中人，多知地理，去守葭萌关，如何？」达曰：「某保一人与某同去守关，万无一失。」玄德问何人。达曰：「此人曾在荆州刘表部下为中郎将，乃南郡枝江人。姓霍，名峻，字仲邈。」玄德大喜，即时遣孟达，霍峻守葭萌关去了。",same_body_paragraph
华佗,孙策,2,2,15;29,"Chapter 15, P015-044: 不一日引至。策见其人：童颜鹤发，飘然有出世之姿；乃待为上宾，请视周泰疮。佗曰：「此易事耳。」投之以药，一月而愈。策大喜，厚谢华佗。遂进兵杀除山贼。江南皆平。孙策分拨将士，守把各处隘口；一面写表申奏朝廷；一面结交曹操；一面使人致书与袁术取玉玺。 || Chapter 29, P029-006: 却说孙策受伤而回，使人寻请华佗医治。不想华佗已往中原去了，止有徒弟在吴，命其治疗。其徒曰：「箭头有药，毒已入骨。须静养百日，方可无虞。若怒气冲激，其疮难治。」",same_body_paragraph
华佗,曹操,2,2,15;78,"Chapter 15, P015-044: 不一日引至。策见其人：童颜鹤发，飘然有出世之姿；乃待为上宾，请视周泰疮。佗曰：「此易事耳。」投之以药，一月而愈。策大喜，厚谢华佗。遂进兵杀除山贼。江南皆平。孙策分拨将士，守把各处隘口；一面写表申奏朝廷；一面结交曹操；一面使人致书与袁术取玉玺。 || Chapter 78, P078-012: 却说曹操自杀华佗之后，病势愈重，又忧吴、蜀之事。正虑间，近臣忽奏东吴遣使上书。操取书拆视之。略曰：",same_body_paragraph
华歆,曹洪,2,1,80,"Chapter 80, P080-008: 曹洪、曹休力请献帝出殿。帝被逼不过，只得更衣出前殿。华歆奏曰：「陛下可依臣等昨日之议，免遭大祸。」帝痛哭曰：「卿等皆食汉禄久矣；中间多有汉朝功臣子孙，何忍作此不臣之事？」歆曰：「陛下若不从众议，恐旦夕萧墙祸起，非臣等不忠于陛下也。」帝曰：「谁敢弑朕耶？」歆厉声曰：「天下之人，皆知陛下无人君之福，以致四方大乱！若非魏王在朝，弑陛下者，何止一人？陛下尚不知恩报本，直欲令天下人共伐陛下耶？」 || Chapter 80, P080-009: 帝大惊，拂袖而起。王朗以目视华歆。歆纵步向前，扯住龙袍，变色而言曰：「许与不许，早发一言！」帝战栗不能答。曹洪、曹休拔剑大呼曰：「符宝郎何在？」祖弼应声出曰：「符宝郎在此！」曹洪索要玉玺。祖弼叱曰：「玉玺乃天子之宝，安得擅索！」洪喝令武士推出斩之。祖弼大骂不绝口而死。后人有诗赞曰：奸宄专权汉室亡，诈称禅位效虞唐。满朝百辟皆尊魏，仅见忠臣符宝郎。",same_body_paragraph
华歆,程昱,2,1,56,"Chapter 56, P056-012: 曹操连饮杯，不觉沈醉，唤左右棒过笔砚，亦欲作铜雀台诗。刚才下笔，忽报：「东吴使华歆表秦刘备为荆州牧，孙权以妹嫁刘备，汉上九郡大半已属备矣。」操闻之，手脚慌乱，投笔于地。程昱曰：「丞相在万军之中，矢石交攻之际，未尝动心；今闻刘备得了荆州，何故如此失惊？」操曰：「刘备人中之龙也，生平未尝得水。今得荆州，是困龙入大海矣。孤安得不动心哉！」程昱曰：「丞相知华歆来意否？」操曰：「未知。」昱曰：「孙权本忌刘备，欲以兵攻之；但恐丞相乘虚而击，故今华歆为使，表荐刘备。以安备之心，以塞丞相之望耳。」 || Chapter 56, P056-013: 操点头曰：「是也。」昱曰：「某有一计，使孙、刘自相吞并，丞相乘间图之，一鼓而二敌俱破。」操大喜，遂问其计。程昱曰：「东吴所倚者，周瑜也。丞相今表奏周瑜为南郡太守、程普为江夏太守，留华歆在周瑜既领南郡，愈思报雠，遂上书吴侯，乞命鲁肃去讨还荆州。孙权乃命肃曰：「汝昔保荆州与刘备，今备迁延不还，等待何时？」肃曰：「文书上明白写著，得了西川便还。」权叱曰：「只说取西川，至今又不动兵，不等老了人！」肃曰：「某愿往言之。」遂乘投荆州而来。",same_body_paragraph
司马师,孙权,2,2,108;110,"Chapter 108, P108-005: 孙权既亡，诸葛恪立孙亮为帝，大赦天下，改元大兴元年；谥权曰大皇帝，葬于蒋陵。早有细作探知其事，报入洛阳。司马师闻孙权已死，遂议起兵伐吴。尚书傅嘏曰：「吴有长江之险，先帝屡次征伐，皆不遂意；不如各守边疆，乃为上策。」师曰：「天道三十年一变，岂皇帝为鼎峙乎？吾欲伐吴。」昭曰：「今孙权新亡，孙亮幼懦，其隙正可乘也。」遂令征南大将军王昶，引兵十万攻东兴；镇南都督毋丘俭，引兵十万攻武昌；三路进发。又遣弟司马昭为大都督，总领三路军马。 || Chapter 110, P110-003: 却说司马师左眼肉瘤，不时痛痒，乃命医官割之，以药封闭，连日在府养病；必闻淮南告急，乃请太尉王肃商议，肃曰：「昔关云长威震华夏，孙权令吕蒙袭取荆州，抚恤将士家属，因此关公军势瓦解。今淮南将士家属，皆在中原，可急抚恤，更以兵断其归路，必有土崩之势矣。」师曰：「公言极是。但吾新割目瘤，不能自往；若使他人，心又不稳。」",same_body_paragraph
司马徽,孙乾,2,1,35,"Chapter 35, P035-007: 水镜请入草堂，分宾主坐定。玄德见架上满堆书卷，窗外盛栽松竹，棋琴于石床之上，清气飘然。水镜问曰：「明公何来？」玄德曰：「偶尔经由此地，因小童相指，得拜尊颜，不胜欣幸。」水镜笑曰：「公不必隐讳，公今必逃难至此。」玄德遂以襄阳一事告之。水镜曰：「吾观公气色，已知之矣。」因问玄德曰：「吾久闻明公大名，何故至今犹落魄不偶耶？」玄德曰：「命途多蹇，所以至此。」水镜曰：「不然；盖因将军左右不得其人耳。」玄德曰：「备虽不才，文有孙干、糜竺、简雍之辈，武有关、张、赵云之流，竭忠辅相，颇赖其力。」水镜曰：「关、张、赵云，皆万人敌，惜无善用之人。若孙干、糜竺辈，乃白面书生耳，非经纶济世之才也。」 || Chapter 35, P035-012: 正谈论间，忽闻庄外人喊马嘶，小童来报：「有一将军，引数百人到庄来也。」玄德大惊，急出视之，乃赵云也。玄德大喜。云下马入见曰：「某夜来回县，寻不见主公，连夜跟问到此，主公作速回县。只恐有人来县中厮杀。」玄德辞了水镜，与赵云上马，投新野来。行不数里，一彪人马来到，视之，乃云长、翼德也，相见大喜。玄德诉说跃马檀溪之事，共相嗟讶。到县中，与孙干等商议。干曰：「可先致书于景升，诉告此事。」",same_body_paragraph
司马徽,张飞,2,2,35;57,"Chapter 35, P035-012: 正谈论间，忽闻庄外人喊马嘶，小童来报：「有一将军，引数百人到庄来也。」玄德大惊，急出视之，乃赵云也。玄德大喜。云下马入见曰：「某夜来回县，寻不见主公，连夜跟问到此，主公作速回县。只恐有人来县中厮杀。」玄德辞了水镜，与赵云上马，投新野来。行不数里，一彪人马来到，视之，乃云长、翼德也，相见大喜。玄德诉说跃马檀溪之事，共相嗟讶。到县中，与孙干等商议。干曰：「可先致书于景升，诉告此事。」 || Chapter 57, P057-018: 玄德看毕，正在嗟叹，忽报孔明回。玄德接入，礼毕。孔明先问曰：「庞军师近日无恙否？」玄德曰：「近治耒阳县，好酒废事。」孔明笑曰：「士元非百里之才，胸中之学，胜亮十倍。亮曾有荐书在士元处，曾达主公否？」玄德曰：「今日方得子敬书，却未见先生之书。」孔明曰：「大贤若处小任，往往以酒糊涂，倦于视事。」玄德曰：「若非吾弟所言，险失大贤。」随即令张飞往耒阳县请庞统到荆州，玄德下阶请罪。统方将出孔明所荐之书。玄德看书中之意，言凤雏到日，宜即重用。玄德喜曰：「昔司马德操言：『伏龙，凤雏，两人得一，可安天下。』今吾二人皆得，汉室可兴矣。」遂拜庞统为副军师中郎将，与孔明共赞方略，教练军士，听候征伐。",same_body_paragraph
司马徽,赵云,2,1,35,"Chapter 35, P035-007: 水镜请入草堂，分宾主坐定。玄德见架上满堆书卷，窗外盛栽松竹，棋琴于石床之上，清气飘然。水镜问曰：「明公何来？」玄德曰：「偶尔经由此地，因小童相指，得拜尊颜，不胜欣幸。」水镜笑曰：「公不必隐讳，公今必逃难至此。」玄德遂以襄阳一事告之。水镜曰：「吾观公气色，已知之矣。」因问玄德曰：「吾久闻明公大名，何故至今犹落魄不偶耶？」玄德曰：「命途多蹇，所以至此。」水镜曰：「不然；盖因将军左右不得其人耳。」玄德曰：「备虽不才，文有孙干、糜竺、简雍之辈，武有关、张、赵云之流，竭忠辅相，颇赖其力。」水镜曰：「关、张、赵云，皆万人敌，惜无善用之人。若孙干、糜竺辈，乃白面书生耳，非经纶济世之才也。」 || Chapter 35, P035-012: 正谈论间，忽闻庄外人喊马嘶，小童来报：「有一将军，引数百人到庄来也。」玄德大惊，急出视之，乃赵云也。玄德大喜。云下马入见曰：「某夜来回县，寻不见主公，连夜跟问到此，主公作速回县。只恐有人来县中厮杀。」玄德辞了水镜，与赵云上马，投新野来。行不数里，一彪人马来到，视之，乃云长、翼德也，相见大喜。玄德诉说跃马檀溪之事，共相嗟讶。到县中，与孙干等商议。干曰：「可先致书于景升，诉告此事。」",same_body_paragraph
司马懿,曹洪,2,2,69;78,"Chapter 69, P069-014: 操见辂言累验，故不敢轻动，留居邺郡，使曹洪领兵五万，往助夏侯渊，张郃同守东川；又差夏侯惇领兵三万，于许都来往巡警，以备不虞；又教长史王必总督御林军马。主簿司马懿曰：「王必嗜酒性宽，恐不堪任此职。」操曰：「王必是孤披荆棘历艰难时相随之人，忠而且勤，心如铁石，最足相当。」遂委王必领御林军马屯于许都东华门外。时有一人姓耿，名纪，字季行，洛阳人也；旧为丞相府掾，后迁侍中少府，与司直韦晃甚厚；见曹操进封王爵，出入用天子车服，心甚不平。建安二十三年春正月，耿纪与韦晃密议曰：「操贼奸恶日甚，将来必为篡逆之事。吾等为汉臣，岂可同恶相济﹖」韦晃曰：「吾有心复人，姓金，名袆，乃汉相金日碑之后，素有讨操之心；更兼与王必甚厚。若得得同谋，大事济矣。」耿纪曰：「他既与王必交厚。岂肯与我同谋乎﹖」韦晃曰：「且往说之，看是如何。」 || Chapter 78, P078-018: 次日，觉气冲上焦，目不见物，急召夏侯惇商议。惇至殿门前，忽见伏皇后、董贵人、二皇子、伏完、董承等，立在阴云之中。惇大惊昏倒，左右扶出，自此得病。操召曹洪、陈群、贾诩、司马懿等，同至卧榻前，嘱以后事。曹洪等顿首曰：「大王善保玉体，不日定当霍然。」操曰：「孤纵横天下三十余年，群雄皆灭，止有江东孙权，西蜀刘备，未曾剿除。孤今病危，不能再与卿等相叙，特以家事相托：孤长子曹昂，刘氏所生，不幸早年殁于宛城。今卞氏生四子：丕、彰、植、熊。孤平生所爱第三子植，为人虚华少诚实，嗜酒放纵，因此不立；次子曹彰，勇而无谋；四子曹熊，多病难保；惟长子曹丕，笃厚恭谨，可继我业。卿等宜辅佐之。」",same_body_paragraph
司马懿,贾诩,2,2,78;86,"Chapter 78, P078-018: 次日，觉气冲上焦，目不见物，急召夏侯惇商议。惇至殿门前，忽见伏皇后、董贵人、二皇子、伏完、董承等，立在阴云之中。惇大惊昏倒，左右扶出，自此得病。操召曹洪、陈群、贾诩、司马懿等，同至卧榻前，嘱以后事。曹洪等顿首曰：「大王善保玉体，不日定当霍然。」操曰：「孤纵横天下三十余年，群雄皆灭，止有江东孙权，西蜀刘备，未曾剿除。孤今病危，不能再与卿等相叙，特以家事相托：孤长子曹昂，刘氏所生，不幸早年殁于宛城。今卞氏生四子：丕、彰、植、熊。孤平生所爱第三子植，为人虚华少诚实，嗜酒放纵，因此不立；次子曹彰，勇而无谋；四子曹熊，多病难保；惟长子曹丕，笃厚恭谨，可继我业。卿等宜辅佐之。」 || Chapter 86, P086-016: 却说吴王见张温入蜀未还，乃聚文武商议。忽近臣奏曰；「蜀遣邓芝同张温入国答礼。」权召入。张温拜于殿前，备称后主、孔明之德，愿求永结盟好，特遣邓尚书又来答礼。权大喜，乃设宴待之。权问邓芝曰：「若吴、蜀二国同心灭魏，得天下太平，二主分治，岂不乐乎？」芝答曰：「『天无二日，民无二王』。如灭魏之后，未识天命所归何人。但为君者，各修其德；为臣者，各尽其忠，则战争方息耳。」权大笑曰：「君之诚款，乃如是耶！」遂厚赠邓芝还蜀。自此吴、蜀通好。却说魏国细作人探知此事，火速报入中原。魏主曹丕听知，大怒曰：「吴、蜀连和，必有图中原之意也。不若朕先伐之。」于是大集文武，商议起兵伐吴。此时大司马曹仁、太尉贾诩已亡。侍中辛毗出班奏曰：「中原之地，土阔民稀，而欲用兵，未见其利。今日之计，莫若养兵屯田十年，足食足兵，然后用之，则吴、蜀方可破也。」丕怒曰：「此迂儒之论也！今吴、蜀连和，早晚必来侵境，何暇等待十年？」即传旨起兵伐吴。司马懿奏曰：「吴有长江之险，非船莫渡。陛下必御驾亲征，可选大小战船，从蔡颍而入淮，取寿春，至广陵，渡江口，迳取南徐：此为上策。」",same_body_paragraph
司马懿,赵云,2,2,95;97,"Chapter 95, P095-003: 孔明曰：「吾与汝二万五千精兵，再拨一员上将，相助你去。」即唤王平分付曰：「吾素知汝平生谨慎，故特以此重任相托。汝可小心谨慎此地下寨必当要道之处，使贼兵急切不能偷过。安营既毕，便画四至八道地理形状图本来我看。凡事商议停当而行，不可轻易。如所守无危，则是取长安第一功也。戒之！戒之！」二人拜辞引兵而去。孔明寻思，恐二人有失，又唤高翔曰：「街亭东北上有一城，名列柳城，乃山僻小路：此可以屯兵扎寨。与汝一万兵，去此城屯扎。但街亭危，可引兵救之。」高翔引兵而去。孔明又思高翔非张郃对手，必得一员大将，屯兵于街亭之右，方可防之！遂唤魏延引本部兵去街亭之后屯扎。延曰：「某为前部，理合当先破敌，何故置某于安闲之地？」孔明曰：「前锋破敌，乃偏裨之事耳。今令汝接应街亭，当阳平关冲要道路，总守汉中咽喉，此乃大任也。何为安闲乎？汝勿以等闲视之，失吾大事。切宜小心在意！」魏延大喜，引兵而去。孔明恰才心安，如乃唤赵云、邓芝分付曰：「今司马懿出兵，与往日不同。汝二人各引一军出箕谷，以为疑兵。如逢魏兵，或战、或不战，以惊其心。吾自统大军，由斜谷迳取郿城：若得郿城，长安可破矣。」二人受命而去。孔明令姜维作先锋，兵出斜谷。 || Chapter 97, P097-001: 却说蜀汉建兴六年秋九月，,魏都督曹休被东吴陆逊大破于石亭，车仗马匹，军资器械，并皆罄尽。休惶恐之甚，气忧成病，到洛阳，疸发背而死，魏主曹叡敕令厚葬。司马懿引兵还。众将接入问曰：「曹都督兵败，即元帅之干系，何故急回耶？」懿曰：「吾料诸葛亮知吾兵败，必乘虚来取长安。倘陇西紧急，何人救之？吾故回耳。」众皆以为惧怯，晒笑而退。却说东吴遣使致书蜀中，请兵伐魏，并言大破曹休之事；一者显自己威风，二者通和会之好。后主大喜，令人持书至汉中，报知孔明。时孔明兵强马壮，粮草丰足，所用之物，一切完备，正要出师；听知此信，即设宴大会诸将，计议出师。忽一阵大风，自东北角上而起，把庭前松树吹折，众皆大惊。孔明就占一课，曰：「此风主损一大将！」诸将未信。正饮酒间，忽报镇南将军赵云长子赵统、次子赵广来见。孔明大惊，掷杯于地曰：「子龙休矣！」二子入见，拜哭曰：「某父昨夜三更病重而死。」孔明跌足而哭曰：「子龙身故，国家损一栋梁，去吾一臂也！」众将无不挥泪。孔明令二子入成都面君报丧。后主闻云死，放声大哭曰：「朕昔年幼，非子龙则死于乱军之中矣！」即下诏追赠大将军，谥顺平侯，敕葬于成都锦屏山之东；建立庙堂，四时享祭。后人有诗曰：",same_body_paragraph
司马懿,邓艾,2,2,107;110,"Chapter 107, P107-029: 维问：「二人是谁？」霸告曰：「一人现为秘书郎，乃颍川长社人：姓钟，名会，字士季，太傅钟繇之子，幼有胆智。繇尝率二子见文帝。会时年七岁，其兄毓年八岁。毓见帝惶惧，汗流满面。帝问毓曰：『卿何以汗？』毓对曰：『战战惶惶，汗出如浆。』帝问会曰：『卿何以不汗？』会对曰：『战战栗栗，汗不敢出。』帝独奇之。及稍长，喜读兵书，深明韬略。司马懿与蒋济皆称其才。一人现为掾吏，乃义阳人也；姓邓，名艾，字士载，幼年失父，素有大志，但见高山大泽，辄窥度指画，何处可以屯兵，何处可以积粮，何处可以埋伏。人皆笑之，独司马懿奇其才，遂令参赞军机。艾为人口吃，每奏事必称『艾，艾』懿戏谓曰：『卿称艾艾，当有几艾？』应声曰：『凤兮凤兮，故是一凤。』其资性敏捷，大抵如此。二人深可畏也」维笑曰：「量此孺子，何足道哉！」 || Chapter 110, P110-014: 却说魏殿中校尉尹大目，乃曹爽心腹之人；因爽被司马懿谋杀，故事司马师，常有杀师报爽之心；又素与文钦交厚；今见师眼瘤突出，不能动止，乃入帐告曰：「文钦本无反心，今被毋丘俭逼迫，以致如此。某去说之，必然来降。」师从之。大目顶盔贯甲，乘马来赶文钦；看看赶上，乃高声大叫曰：「文刺史见尹大目么？」钦回头视之，大目除盔放于鞍★（左革右乔）之前，以鞭指曰：「文刺史何不忍耐数日也？」此是大目知师将亡，故来留钦。钦不解其意，厉声大骂，便欲开弓射之。大目大哭而回。钦收聚人马奔寿春时，已被诸葛诞引兵取了；却复回项城时，胡遵、王基、邓艾三路兵皆到。钦见势危，遂投东吴孙峻去了。",same_body_paragraph
司马懿,邓芝,2,2,86;95,"Chapter 86, P086-016: 却说吴王见张温入蜀未还，乃聚文武商议。忽近臣奏曰；「蜀遣邓芝同张温入国答礼。」权召入。张温拜于殿前，备称后主、孔明之德，愿求永结盟好，特遣邓尚书又来答礼。权大喜，乃设宴待之。权问邓芝曰：「若吴、蜀二国同心灭魏，得天下太平，二主分治，岂不乐乎？」芝答曰：「『天无二日，民无二王』。如灭魏之后，未识天命所归何人。但为君者，各修其德；为臣者，各尽其忠，则战争方息耳。」权大笑曰：「君之诚款，乃如是耶！」遂厚赠邓芝还蜀。自此吴、蜀通好。却说魏国细作人探知此事，火速报入中原。魏主曹丕听知，大怒曰：「吴、蜀连和，必有图中原之意也。不若朕先伐之。」于是大集文武，商议起兵伐吴。此时大司马曹仁、太尉贾诩已亡。侍中辛毗出班奏曰：「中原之地，土阔民稀，而欲用兵，未见其利。今日之计，莫若养兵屯田十年，足食足兵，然后用之，则吴、蜀方可破也。」丕怒曰：「此迂儒之论也！今吴、蜀连和，早晚必来侵境，何暇等待十年？」即传旨起兵伐吴。司马懿奏曰：「吴有长江之险，非船莫渡。陛下必御驾亲征，可选大小战船，从蔡颍而入淮，取寿春，至广陵，渡江口，迳取南徐：此为上策。」 || Chapter 95, P095-003: 孔明曰：「吾与汝二万五千精兵，再拨一员上将，相助你去。」即唤王平分付曰：「吾素知汝平生谨慎，故特以此重任相托。汝可小心谨慎此地下寨必当要道之处，使贼兵急切不能偷过。安营既毕，便画四至八道地理形状图本来我看。凡事商议停当而行，不可轻易。如所守无危，则是取长安第一功也。戒之！戒之！」二人拜辞引兵而去。孔明寻思，恐二人有失，又唤高翔曰：「街亭东北上有一城，名列柳城，乃山僻小路：此可以屯兵扎寨。与汝一万兵，去此城屯扎。但街亭危，可引兵救之。」高翔引兵而去。孔明又思高翔非张郃对手，必得一员大将，屯兵于街亭之右，方可防之！遂唤魏延引本部兵去街亭之后屯扎。延曰：「某为前部，理合当先破敌，何故置某于安闲之地？」孔明曰：「前锋破敌，乃偏裨之事耳。今令汝接应街亭，当阳平关冲要道路，总守汉中咽喉，此乃大任也。何为安闲乎？汝勿以等闲视之，失吾大事。切宜小心在意！」魏延大喜，引兵而去。孔明恰才心安，如乃唤赵云、邓芝分付曰：「今司马懿出兵，与往日不同。汝二人各引一军出箕谷，以为疑兵。如逢魏兵，或战、或不战，以惊其心。吾自统大军，由斜谷迳取郿城：若得郿城，长安可破矣。」二人受命而去。孔明令姜维作先锋，兵出斜谷。",same_body_paragraph
司马昭,曹操,2,1,114,"Chapter 114, P114-012: 太傅司马孚请以王礼葬曹髦，昭许之。贾充等劝司马昭受魏禅，即天子位。昭曰：「昔文王三分天下有其二，以服事殷，故圣人称为至德。魏武帝不肯禅于汉，犹吾之不肯禅于魏也。」贾充等言，已知司马昭留意于子司马炎矣，遂不复劝进。是年六月，司马昭立常道乡公曹璜为帝，改元景元元年。璜改名曹奂，字景召—乃武帝曹操之孙，燕王曹宇之子也。奂封昭为丞相晋公，赐钱十万、绢万疋。其文武多官，各有封赏。 || Chapter 114, P114-017: 维大喜，谓瓘曰：「汝既诚心来降，吾不诚心相待；吾军中所患者，不过粮耳。今有粮草，现在川口。汝可运赴祁山。吾只今去取祁山寨也。」瓘心中大喜，以为中计，忻然领诺。姜维曰：「汝去运粮，不必用五千人，但引三千人去，留下二千人引路，以打祁山。」瓘恐维疑惑，乃引三千兵去了。维令傅佥引二千魏兵随征听用。忽报夏侯霸到。霸曰：「都督何故准信王瓘之言也？吾在魏，虽不知备细，未闻王瓘是王经之姪：其中多诈，请将军察之。」维大笑曰：「我已知王瓘之诈，故分其兵势，将计就计而行。」霸曰：「公试言之。」维曰：「司马昭奸雄比于曹操，既杀王经，灭其三族，安肯存亲姪于关外领兵？知其诈也。仲权之见与我暗合。」",same_body_paragraph
司马昭,魏延,2,2,95;103,"Chapter 95, P095-007: 却说王平见魏兵到，引军杀来，正遇张郃；战有数十余合，平力穷势孤，只得退去。魏兵自辰时困至戌时，山上无水，军不得食，寨中大乱。嚷到半夜时分，山南蜀兵大开寨门，下山降魏。马谡禁止不住。司马懿又令人于沿山放火，山上蜀兵愈乱。马谡料守不住，只得驱残兵杀下山西逃奔。司马懿放条大路，让过马谡。背后张郃引兵赶来。赶到三十余里，前面鼓角齐鸣，一彪军出，放过马谡，拦住张郃；视之，乃魏延也：挥刀纵马，直取张郃。郃回军便走。延驱兵赶来，复夺街亭。赶到五十余里，一声喊起，两边伏兵齐出：左边司马懿，右边司马昭，却抄在魏延背后，把延困在垓心。张郃复来，三路兵合在一处。魏延左冲右突，不得脱身，折兵大半。正危急间，忽一彪军杀入，乃王平也。延大喜曰：「吾得生矣！」二将合兵一处，大杀一阵，魏兵方退。二将慌忙奔回寨时，营中皆是魏兵旌旗。申耽、申仪从营中杀出。王平、魏延迳奔列柳城，来投高翔。此时高翔闻知街亭有失，尽起列柳城之兵，前来救应，正遇延、平二人，诉说前事。高翔曰：「不如今晚去劫魏寨，再复街亭。」当时三人在山坡下商议已定。待天色将晚，兵分三路。魏延引兵先进，迳到街亭，不见一人，心中大疑，不敢轻进，且伏在路口等候。忽见高翔兵到，二人共说魏兵不知在何处。正没理会，又不见王平兵到。忽然一声砲响，火光冲天，鼓声震地。魏兵齐出，把魏延、高翔围在垓心。二人尽力冲突，不得脱身。忽听得山坡后喊声若雷，一彪军杀入，乃是王平，救了高、魏二人，迳奔列柳城来。比及奔到城下时，城边早有一军杀到，旗上大书「魏都督郭淮」字样。原来郭淮与曹真商议，恐司马懿得了全功，乃分淮来取街亭；闻知司马懿、张郃成上此功，遂引兵迳袭列柳城。正遇三将，大杀一阵。蜀兵伤者极多。魏延恐阳平关有失，慌与王平、高翔望阳平关来。 || Chapter 103, P103-024: 懿见魏延只一人，军马又少,放心追之;令司马师在左，司马昭在右，懿自居中，一齐攻杀将来。魏延引五百兵皆退入谷中去。懿追到谷口，先令人入谷中哨探。叵报谷内并无伏兵，山上皆是草房。懿曰：「此必是积粮之所也。」遂大驱士马，尽入谷中。懿忽见草房上尽是干柴，前面魏延已不见了。懿心疑，谓二子曰：「倘有兵截断谷口如之奈何？」言未已，只听得喊声大震，山上一齐丢下火把来，烧断谷口。魏兵奔逃无路。山上火箭射下，地雷一齐突出，草房内干柴都著，刮刮杂杂，火势冲天。司马懿惊得手足无措，乃下马抱二子大哭曰：「我父子三人皆死于此处矣！」正哭之间，忽然狂风大作，黑气漫空，一声霹雳响处，骤雨倾盆。满谷之火，尽皆浇灭：地雷不震，火器无功。司马懿大喜曰：「不就此时杀出，便待时何！」即引兵奋力冲杀。张虎、乐𬘭亦引兵杀来接应。马岱军少，不敢追赶。司马懿父子与张虎、乐𬘭合兵一处，同归渭南大寨。不想寨栅已被蜀兵夺了。郭淮、孙礼正在浮桥上与蜀兵接战。司马懿等引兵杀到，蜀兵退去。懿烧断浮桥，据住北岸。",same_body_paragraph
吉平,马腾,2,1,23,"Chapter 23, P023-019: 时值元宵，吉平辞去，承留住，二人共饮。饮至更余，承觉困倦，就和衣而睡。忽报王子服等四人至，承出接入。服曰：「大事谐矣！」承曰：「愿闻其说。」服曰：「刘表结连袁绍，起兵五十万，共分十路杀来。马腾结连韩遂，起西凉军七十二万，从北杀来。曹操尽起许昌兵马，分头迎敌，城中空虚。若聚五家僮仆，可得千余人。乘今夜府中大宴，庆赏元宵，将府围住，突入杀之。不可失此机会！」 || Chapter 23, P023-022: 时吉平辞归。承心中暗喜，步入后堂，忽见家奴秦庆童同侍妾云英在暗处私语。承大怒，唤左右捉下，欲杀之。夫人劝免其死，各人仗四十，将庆童锁于冷房。庆童怀恨，夤夜将铁锁扭断，跳墙而出，迳入曹操府中，告有机密事。操唤入密室问之。庆童云：「王子服，吴子兰，种辑，吴硕，马腾五人在家主府中商议机密，必然是谋丞相。家主将出白绢一段，不知写著甚的。近日吉平咬指为誓，我也曾见。」",same_body_paragraph
吕布,周瑜,2,1,44,"Chapter 44, P044-008: 二人互相争辩，孔明只袖手冷笑。瑜曰：「先生何故哂笑？」孔明曰：「亮不笑别人，笑子敬不识时务耳。肃曰：「先生如何反笑我不识时务？」孔明曰：「公瑾主意欲降操，甚为合理。」瑜曰：「孔明乃识时务之士，必与吾有同心。」肃曰：「孔明，你也如何说此？」孔明曰：「操极善用兵，天下莫敢当。向只有吕布、袁绍、袁术、刘表敢与对敌。今数人皆被操灭，天下无人矣。独有刘豫州不识时务，强与争衡。今孤身江夏，存亡未保。将军决计降曹，可以保妻子，可以全富贵。国祚迁移，付之天命，何足惜哉！」 || Chapter 44, P044-018: 权矍然起曰：「老贼欲废汉自立久矣，所惧二袁、吕布、刘表与孤耳。今数雄已灭，惟孤尚存。孤与老贼，誓不两立！卿言当伐，甚合孤意。此天以卿授我也。」瑜曰：「臣为将军决一血战，万死不辞。只恐将军狐疑不定。」权拔佩剑砍面前奏案一角曰：「诸官将有再言降操者，与此案同！」言罢，便将此剑赐周瑜，即封瑜为大都督，程普为副都督，鲁肃为赞军校尉。如文武官将有不听号令者，即以此剑诛之。",same_body_paragraph
吕布,孙坚,2,2,5;6,"Chapter 5, P005-011: 读毕，歃血。众因其辞气慷慨，皆涕泗横流。歃血已罢，下坛。众扶绍升帐而坐，两行依爵位年齿分列坐定。操行酒数巡，言曰：「今日既立盟主，各听调遣，同扶国家，勿以强弱计较。」袁绍曰：「绍虽不才，既承公等推为盟主，有功必赏，有罪必罚。国有常刑，军有纪律；各宜遵守，勿得违犯。」众皆曰：「惟命是听。」绍曰：「吾弟袁术总督粮草，应付诸营，无使有缺。更须一人为先锋，直抵汜水关挑战。余各据险要，以为接应。」长沙太守孙坚出曰：「坚愿为前部。」绍曰：「文台勇烈，可当此任。」坚遂引本部人马杀奔汜水关来。守关将士，差流星马往洛阳丞相府告急。董卓自专大权之后，每日饮宴。李儒接得告急文书，迳来禀卓。卓大惊，急聚众将商议。温侯吕布挺身出曰：「父亲勿虑：关外诸侯，布视之如草芥。愿提虎狼之师，尽斩其首，悬于都门。」卓大喜曰：「吾有奉先，高枕无忧矣！」言未绝，吕布背后一人高声出曰：「『割鸡焉用牛刀？』不劳温侯亲往。吾斩众诸侯首级，如探囊取物耳。」卓视之，其人身长九尺，虎体狼腰，豹头猿臂：关西人也；姓华，名雄。卓闻言大喜，加为骁骑校尉，拨马步军五万，同李肃，胡轸，赵岑星夜赴关迎敌。众诸侯内有济北相鲍信，寻思孙坚既为前部，怕他夺了头功，暗拨其弟鲍忠，先将马步军三千，迳抄小路，直到关下搦战。华雄引铁骑五百，飞下关来，大喝：「贼将休走！」鲍忠急待退，被华雄手起刀落，斩于马下，生擒将校极多。华雄遣人将鲍忠首级来相府报捷，卓加雄为都督。 || Chapter 6, P006-003: 李傕抱头鼠窜，回见董卓，说孙坚如此无礼。卓怒，问李儒。儒曰：「温侯新败，兵无战心。不若引兵回洛阳，迁帝于长安，以应童谣。近日街市童谣曰：『西头一个汉，东头一个汉。鹿走入长安，方可无斯难。』臣思此言，『西头一个汉』，乃应高祖旺于西都长安，传一十二帝；『东头一个汉』，乃应光武旺于东都洛阳，今亦传一十二帝。天运合回，丞相迁回长安，方可无虞。」卓大喜曰：「非汝言，吾实不悟。」遂引吕布星夜回洛阳，商议迁都。聚文武于朝堂，卓曰：「汉东都洛阳，二百余年，气数已衰。吾观旺气实在长安，吾欲奉驾西幸。汝等各宜促装。」",same_body_paragraph
吕布,荀攸,2,2,18;19,"Chapter 18, P018-022: 却说简雍至许都见曹操，具言前事。操即聚众谋士议曰：「吾欲攻吕布，不忧袁绍掣肘，只恐刘表、张绣扰其后耳。」荀攸曰：「二人新破，未敢轻动。吕布骁勇，若更结连袁术，纵横淮、泗，急难图矣。」郭嘉曰：「今可乘其初叛，众心未附疾往击之。」 || Chapter 19, P019-030: 却说曹操攻城，两月不下，忽报：「河内太守张扬出兵东市，欲救吕布；部将杨丑杀之，欲将头献丞相，欲被张扬心腹将眭固所杀，反投大城去了。」操闻报，即遣史涣追斩眭固。因聚众将曰：「张扬虽幸自灭，然北有袁绍之忧，东有表、绣之患，下邳久围不克。吾欲舍布还都，暂且息战，何如？」荀攸急止曰：「不可，吕布屡败，锐气已堕。军以将为主，将衰则军无战心。彼陈宫虽有谋而迟，今布之气未复，宫之谋未定，作速政之，布可擒也。」郭嘉曰：「某有一计，下邳城可立破，胜于二十万师。」荀彧曰：「莫非决沂、泗之水乎？」嘉笑曰：「正是此意。」",same_body_paragraph
吕布,鲁肃,2,1,44,"Chapter 44, P044-008: 二人互相争辩，孔明只袖手冷笑。瑜曰：「先生何故哂笑？」孔明曰：「亮不笑别人，笑子敬不识时务耳。肃曰：「先生如何反笑我不识时务？」孔明曰：「公瑾主意欲降操，甚为合理。」瑜曰：「孔明乃识时务之士，必与吾有同心。」肃曰：「孔明，你也如何说此？」孔明曰：「操极善用兵，天下莫敢当。向只有吕布、袁绍、袁术、刘表敢与对敌。今数人皆被操灭，天下无人矣。独有刘豫州不识时务，强与争衡。今孤身江夏，存亡未保。将军决计降曹，可以保妻子，可以全富贵。国祚迁移，付之天命，何足惜哉！」 || Chapter 44, P044-018: 权矍然起曰：「老贼欲废汉自立久矣，所惧二袁、吕布、刘表与孤耳。今数雄已灭，惟孤尚存。孤与老贼，誓不两立！卿言当伐，甚合孤意。此天以卿授我也。」瑜曰：「臣为将军决一血战，万死不辞。只恐将军狐疑不定。」权拔佩剑砍面前奏案一角曰：「诸官将有再言降操者，与此案同！」言罢，便将此剑赐周瑜，即封瑜为大都督，程普为副都督，鲁肃为赞军校尉。如文武官将有不听号令者，即以此剑诛之。",same_body_paragraph
吕蒙,太史慈,2,2,44;49,"Chapter 44, P044-024: 令毕，即差韩当、黄盖，为前部先锋，领本部战船，即日起行，前至三江口下寨，别听将令；蒋钦、周泰，为第二队；凌统、潘璋，为第三队；太史慈、吕蒙，为第四队；陆逊、董袭为第五队；吕范、朱治为四方巡警使。催督六队官军，水陆并进，克期取齐。 || Chapter 49, P049-019: 瑜从其言，唤集诸将听令。先教甘宁带了蔡中并降卒沿南岸而走：「只打北军旗号，直取乌林地面，正当曹操屯粮之所。深入军中，举火为号。只留下蔡和一人在帐下，我有用处。」第二唤太史慈分付：「你可领三千兵，直奔黄州地界，断曹操合淝接应之兵，就逼曹兵，放火为处。只看红旗，便是吴侯接应兵到。」这两队兵最远先发。第三唤吕蒙领三千兵去乌林接应，甘宁焚烧曹操寨栅。第四唤凌统领三千兵，直接彝陵界首，只看乌林火起，以兵应之。第五唤董袭领三千兵，直取汉阳；从汉川杀奔曹操寨中，看白旗接应。第六唤潘璋领三千兵，尽打白旗往汉阳接应董袭。",same_body_paragraph
吕蒙,孙策,2,2,38;68,"Chapter 38, P038-017: 却说孙权自孙策死后，据住江东，承父兄基业，广纳贤士，开宾馆于吴会，命顾雍、张纮延接四方宾客。连年以来，你我相荐。时有会稽阚泽，字德润；彭城严畯，字曼才；沛县薛综，字敬文；汝南程秉，字德枢；吴郡朱桓，字休穆；陆绩，字公纪；吴人张温，字惠恕；会稽凌统，字公续；乌程吴粲，字孔休：此数人皆至江东。孙权敬礼甚厚。又得良将数人，乃汝阳吕蒙，字子明，吴郡陆逊，字伯言，瑯琊徐盛，字文向，东郡潘璋，字文珪，庐江丁奉，字承渊。文武诸人，共相辅佐。由此江东称得人之盛。 || Chapter 68, P068-012: 却说陈武与庞德大战，后面又无应兵，被庞德赶到谷口，树林丛密陈武再欲回身交战，被树株抓住袍袖，不能迎敌，为庞德所杀。曹操见孙权走脱了，自策马驱兵，赶到江边对射。吕蒙箭尽。正慌间，忽对江一队船到，为首一员大将，乃孙策女婿陆逊，自引十万兵到；一阵射退曹兵，乘势登岸追杀曹兵，复夺战马数千匹，------曹兵伤者，不计其数？大败而回。--于乱军中寻见陈武尸首。",same_body_paragraph
吕蒙,张飞,2,2,56;83,"Chapter 56, P056-017: 却说鲁肃回见周瑜，说玄德，孔明欢喜不疑，准备出城劳军。周瑜大笑曰：「原来今番也中了吾计！」便教鲁肃禀报吴侯，并遣程普引兵接应。周瑜此时箭疮已渐平愈，身躯无事，使甘宁为先锋，自与徐盛，丁奉为第二；凌统，吕蒙为后队。水陆大兵五百万，望荆州而来。周瑜在船中，时复欢笑，以为孔明中计。前军至夏口，周瑜问：「荆州有人在前面接否？」人报：「刘皇叔使糜竺来见都督。」瑜唤至，问劳军如何。糜竺曰：「主公皆准备安排下了。」瑜曰：「皇叔何在？」竺曰：「在荆州城门相等，与都督把盏。」瑜曰：「今为汝家之事，出兵远征；劳军之礼，休得轻易。」糜竺领了言语先回。战船密密排在江上，依次而进。看看至公安，并无一双军船，又无一人远接。周瑜催船速行。离荆州十余里，只见江面上静荡荡的。哨探的回报：「荆州城上，插两面白旗，并不见一人之影。」瑜心疑，教把船傍岸，亲自上岸，乘马带了甘宁，徐盛，丁奉一班军官，引亲随精军三千人，迳望荆州来。既至城下，并不见动静。瑜勒住马，令军士叫门。城上问是谁人。吴军答曰：「是东吴周都督亲自此。」言未毕，忽一声梆子响，城上一齐都竖起鎗刀。敌楼上赵云出曰：「都督此行，端的为何？」瑜曰：「吾替汝主取西川，汝岂犹未知耶？」云曰：「孔明军师已知都督『假途灭虢』之计，故留赵云在此。吾主公有言：『孤与刘璋，皆汉室宗亲，安忍背义而取西川？若汝东吴端的取蜀，吾当披发入山，不失信于天下也。』」周瑜闻之，勒马便回。只见一人打著令字旗，于马前报说：「探得四路军马，一齐杀到：关某从江陵杀来，张飞从秭归杀来，黄忠从公安杀来，魏延从彝陵小路杀来：四路正不知多少军马。喊声远近震动百余里，皆言要捉周瑜。」瑜马上大叫一声，箭鎗复裂，墬于马下。正是：一著掑高难对敌，几番算定总成空。不知周瑜性命如何，且看下文解。 || Chapter 83, P083-017: 此时先主威声大震，江南之人，尽皆胆裂，日夜号哭。韩当、周泰大惊，急奏吴王，具言糜芳、傅士仁杀了马忠，去归蜀帝，亦被蜀帝杀了。孙权心怯，遂聚文武商议。步骘奏曰：「蜀主所恨者：乃吕蒙、潘璋、马忠、糜芳、傅士仁也。今此数人皆亡，独有范疆、张达二人，现在东吴。何不擒此二人，并张飞首级，遣使送还，交与荆州，送归夫人，上表求和，再会前情，共图灭魏，则蜀兵自退矣。」权从其言，遂具沈香木匣，盛贮飞首，绑缚范疆、张达，囚于槛车之内，令程秉为使，赍国书，望猇亭而来。",same_body_paragraph
吕蒙,曹丕,2,1,82,"Chapter 82, P082-002: 先主从之，召谨入城。谨拜伏于地。先主问曰：「子瑜远来，有何事故？」谨曰：「臣弟久事陛下，臣故不避，斧𫓰，特来奏荆州之事。前者，关公在荆州时，侯数次求亲，关公不允。后关公取襄阳，曹操屡次致书吴侯，使袭荆州；吴侯本不肯许，因吕蒙与关公不睦，故擅自兴兵，误成大事。今吴侯悔之不及。此乃吕蒙之罪，非吴侯之过也。今吕蒙已死，冤雠已息。孙夫人一向思归。今吴侯令臣为使，愿送归夫人，缚还降将，并将荆州仍旧交还，永结盟好，共灭曹丕，以正篡逆之罪。」 || Chapter 82, P082-006: 权大喜，即写表称臣，令赵咨为使。星夜到了许都，先见太尉贾诩等，并大小官僚。次日早朝，贾诩出班奏曰：「东吴遣中大夫赵咨上表。」曹丕笑曰：「此欲退蜀兵故也。」即令召入。咨拜伏于丹墀。丕览表毕，遂问咨曰：「吴侯乃何如主也？」咨曰：「聪明仁智雄略之主也。」丕笑曰：「卿褒奖毋乃太甚？」咨曰：「臣非过誉也。吴侯纳鲁肃于凡品，是其聪明也；拔吕蒙于行阵，是其明也；获于禁而不害，是其仁也；取荆州兵不血刃，是其智也；据三江虎视天下，是其雄也；屈身于陛下，是其略也：--以此论之，岂不为聪明仁智雄略之主乎？」",same_body_paragraph
吕蒙,诸葛瑾,2,2,76;82,"Chapter 76, P076-026: 言未毕，关平拔剑而前，欲斩诸葛瑾。公止之曰：「彼弟孔明在蜀，佐汝伯父，今若杀彼，伤其兄弟之情也。」遂令左右逐出诸葛瑾。瑾满面羞惭，上马出城，回见吴侯曰：「关公心如铁石，不可说也。」孙权曰：「真忠臣也！似此如之奈何？」吕范曰：「某请卜其休咎。」权即令卜之。范揲蓍成象，乃「地水师卦」，更有玄武临应，主敌人远奔。权问吕蒙曰：「卦主敌人远奔，卿以何策擒之？」蒙笑曰：「卦象正合某之机也。关公虽有冲天之翼，飞不出吾罗网矣！」正是：龙游沟壑遭虾戏，凤入牢笼被鸟欺。毕竟吕蒙之计若何，且看下文分解。 || Chapter 82, P082-002: 先主从之，召谨入城。谨拜伏于地。先主问曰：「子瑜远来，有何事故？」谨曰：「臣弟久事陛下，臣故不避，斧𫓰，特来奏荆州之事。前者，关公在荆州时，侯数次求亲，关公不允。后关公取襄阳，曹操屡次致书吴侯，使袭荆州；吴侯本不肯许，因吕蒙与关公不睦，故擅自兴兵，误成大事。今吴侯悔之不及。此乃吕蒙之罪，非吴侯之过也。今吕蒙已死，冤雠已息。孙夫人一向思归。今吴侯令臣为使，愿送归夫人，缚还降将，并将荆州仍旧交还，永结盟好，共灭曹丕，以正篡逆之罪。」",same_body_paragraph
吕蒙,阚泽,2,2,38;66,"Chapter 38, P038-017: 却说孙权自孙策死后，据住江东，承父兄基业，广纳贤士，开宾馆于吴会，命顾雍、张纮延接四方宾客。连年以来，你我相荐。时有会稽阚泽，字德润；彭城严畯，字曼才；沛县薛综，字敬文；汝南程秉，字德枢；吴郡朱桓，字休穆；陆绩，字公纪；吴人张温，字惠恕；会稽凌统，字公续；乌程吴粲，字孔休：此数人皆至江东。孙权敬礼甚厚。又得良将数人，乃汝阳吕蒙，字子明，吴郡陆逊，字伯言，瑯琊徐盛，字文向，东郡潘璋，字文珪，庐江丁奉，字承渊。文武诸人，共相辅佐。由此江东称得人之盛。 || Chapter 66, P066-010: 权问何计，肃曰：「今屯兵于陆口，使人请关云长赴会。若云长肯来，以善言说之，如其不从，伏下刀斧手杀之。如彼不肯来，随即进兵，与决胜负，夺取荆州便了。」孙权曰：「正合吾意，可即行之。」阚泽进曰：「不可。关云长乃世之虎将，非等闲可及。恐事不谐，反遭其害。」孙权怒曰：「若如此，荆州何日可得！」便命鲁肃速行此计。肃乃辞孙权，至陆口，召吕蒙，甘宁商议；设宴于陆口寨外临江亭上，修下请书，选帐下能言快语一人为使，登舟渡江。江口关平问了，遂引使入荆州，叩见云长，具道鲁肃相邀赴会之意，呈上请书。云长看毕，谓来人曰：「既子敬相请，我明日便来赴宴。汝可先回。」",same_body_paragraph
吕蒙,黄盖,2,2,44;67,"Chapter 44, P044-024: 令毕，即差韩当、黄盖，为前部先锋，领本部战船，即日起行，前至三江口下寨，别听将令；蒋钦、周泰，为第二队；凌统、潘璋，为第三队；太史慈、吕蒙，为第四队；陆逊、董袭为第五队；吕范、朱治为四方巡警使。催督六队官军，水陆并进，克期取齐。 || Chapter 67, P067-022: 不一日，吕蒙，甘宁先到。蒙献策曰：「现今曹操令庐江太守朱光屯兵于皖城，大开稻田，纳谷于合淝，以充军实。今可先取皖城，然后攻合淝。」权曰：「此计甚合吾意。」遂教吕蒙，甘宁，为先锋，蒋钦，潘璋，为合后；权自引周泰，陈武，董袭，徐盛，为中军。时程普，黄盖，韩当，在各处镇守，都未随征。",same_body_paragraph
吴国太,张昭,2,2,44;61,"Chapter 44, P044-001: 却说吴国太见孙权疑惑不决，乃谓之曰：「先姊遗言云：『伯符临终有言：内事不决问张昭，外事不决问周瑜。』今何不请公瑾问之？」权大喜，即遣使往鄱阳请周瑜议事。原来周瑜在鄱阳湖训练水师，闻曹操大军至汉上，便星夜回柴桑郡议军机事。使者未发，周瑜已先到。鲁肃与瑜最厚，先来接著，将前项事细述一番。周瑜曰：「子敬休忧，瑜自有主张。今可速请孔明来相见。」 || Chapter 61, P061-007: 正沉吟间，只见张昭入问曰：「主公有何忧疑？」孙权曰：「正思适间之事。」张昭曰：「此极易也。今差心腹将一人，只带五百军，潜入荆州，下一封密书与郡主，只说国太病危，欲见亲女，取郡主星夜回东吴。玄德平生只有一子，就教带来。那时玄德定把荆州来换阿斗。如其不然，一任动兵，更有何碍？」权曰：「此计大妙！吾有一人，姓周名善，最有胆量；自幼穿房入户，多随吾兄。今可差他去。」昭曰：「切勿泄漏。只此便令起行。」",same_body_paragraph
吴国太,曹操,2,2,43;44,"Chapter 43, P043-029: 且说孙权退入内宅，寝食不安，犹豫不决。吴国太见权如此，问曰：「何事在心，寝食俱废？」权曰：「今曹操屯兵于江汉，有下江南之意。问诸文武，或欲降者，或欲战者。欲待战来，恐寡不敌众；欲待降来，又恐曹操不容：因此犹豫不决。」吴国太曰：「汝何不记吾姐临终之语乎？」孙权如醉方醒，似梦初觉，想出这句话来。正是：追思国母临终语，引得周郎立战功。毕竟说著甚的，且看下文分解。 || Chapter 44, P044-001: 却说吴国太见孙权疑惑不决，乃谓之曰：「先姊遗言云：『伯符临终有言：内事不决问张昭，外事不决问周瑜。』今何不请公瑾问之？」权大喜，即遣使往鄱阳请周瑜议事。原来周瑜在鄱阳湖训练水师，闻曹操大军至汉上，便星夜回柴桑郡议军机事。使者未发，周瑜已先到。鲁肃与瑜最厚，先来接著，将前项事细述一番。周瑜曰：「子敬休忧，瑜自有主张。今可速请孔明来相见。」",same_body_paragraph
夏侯惇,孙权,2,2,40;78,"Chapter 40, P040-002: 却说夏侯惇败回许昌，自缚见曹操，伏地请死。操释之。惇曰：「惇遭诸葛亮诡计，用火攻破我军。」操曰：「汝自幼用兵，岂不知狭处须防火攻？」惇曰：「李典、于禁曾言及此，悔之不及！」操乃赏二人。惇曰：「刘备如此猖獗，真腹心之患也，不可不急除。」操曰：「吾所虑者，刘备、孙权耳。余皆不足介意。今当乘此时扫平江南。」便传令起大兵五十万，令曹仁、曹洪，为第一队；张辽、张郃，为第二队；夏侯渊、夏侯惇，为第三队；于禁、李典，为第四队；操自领诸将为第五队。每队各引兵十万。又令许褚为折冲将军，引兵三千为先锋。选定建安十三年秋七月丙午日出师。 || Chapter 78, P078-018: 次日，觉气冲上焦，目不见物，急召夏侯惇商议。惇至殿门前，忽见伏皇后、董贵人、二皇子、伏完、董承等，立在阴云之中。惇大惊昏倒，左右扶出，自此得病。操召曹洪、陈群、贾诩、司马懿等，同至卧榻前，嘱以后事。曹洪等顿首曰：「大王善保玉体，不日定当霍然。」操曰：「孤纵横天下三十余年，群雄皆灭，止有江东孙权，西蜀刘备，未曾剿除。孤今病危，不能再与卿等相叙，特以家事相托：孤长子曹昂，刘氏所生，不幸早年殁于宛城。今卞氏生四子：丕、彰、植、熊。孤平生所爱第三子植，为人虚华少诚实，嗜酒放纵，因此不立；次子曹彰，勇而无谋；四子曹熊，多病难保；惟长子曹丕，笃厚恭谨，可继我业。卿等宜辅佐之。」",same_body_paragraph
夏侯惇,曹丕,2,2,78;79,"Chapter 78, P078-018: 次日，觉气冲上焦，目不见物，急召夏侯惇商议。惇至殿门前，忽见伏皇后、董贵人、二皇子、伏完、董承等，立在阴云之中。惇大惊昏倒，左右扶出，自此得病。操召曹洪、陈群、贾诩、司马懿等，同至卧榻前，嘱以后事。曹洪等顿首曰：「大王善保玉体，不日定当霍然。」操曰：「孤纵横天下三十余年，群雄皆灭，止有江东孙权，西蜀刘备，未曾剿除。孤今病危，不能再与卿等相叙，特以家事相托：孤长子曹昂，刘氏所生，不幸早年殁于宛城。今卞氏生四子：丕、彰、植、熊。孤平生所爱第三子植，为人虚华少诚实，嗜酒放纵，因此不立；次子曹彰，勇而无谋；四子曹熊，多病难保；惟长子曹丕，笃厚恭谨，可继我业。卿等宜辅佐之。」 || Chapter 79, P079-028: 且说魏王曹丕，自即王位，将文武官僚，尽皆升赏；遂统甲兵三十万，南巡沛国谯县，大飨先茔。乡中父老，扬尘遮道，奉觞进酒，效汉高祖还沛之事。人报大将军夏侯惇病笃，丕即还邺郡。时惇已卒，丕为挂孝，以厚礼殡葬。",same_body_paragraph
夏侯惇,董卓,2,1,6,"Chapter 6, P006-009: 且说孙坚飞奔洛阳，遥望火焰冲天，黑烟铺地，二三百里，并无鸡犬人烟；坚先发兵救灭了火，令众诸侯各于荒地上屯住军马。曹操来见袁绍曰：「今董贼西去，正可乘势追袭；本初按兵不动，何也？」绍曰：「诸兵疲困，进恐无益。」操曰：「董贼焚烧宫室，劫迁天子，海内震动，不知所归；此天亡之时也，一战而天下定矣。诸侯何疑而不进？」众诸侯皆言不可轻动。操大怒曰：「竖子不足与谋！」遂自引兵万余，领夏侯惇，夏侯渊，曹仁，曹洪，李典，乐进，星夜来赶董卓。 || Chapter 6, P006-010: 且说董卓行至荥阳地方，太守徐荣出接。李儒曰：「丞相新弃洛阳，防有追兵。可教徐荣伏军荥阳城外山坞之旁：若有兵追来，可竟放过；待我这里杀败，然后截住掩杀。令后来者不敢复追。」卓从其计，又令吕布引精兵遏后。布正行间，曹操一军赶上。吕布大笑曰：「不出李儒所料也」！将军马摆开。曹操出马，大叫：「逆贼！劫迁天子，流徙百姓，将欲何往？」吕布骂曰：「背主懦夫，何得妄言！」夏侯惇挺鎗跃马，直取吕布。战不数合，李傕引一军，从左边杀来，操急令夏侯渊迎敌。右边喊声又起，郭汜引军杀到，操急令曹仁迎敌。三路军马，势不可当。夏侯惇抵敌吕布不住，飞马回阵。布引铁骑掩杀，操军大败，回望荥阳而走。走至一荒山脚下，时约二更，月明如昼。方才聚集残兵。",same_body_paragraph
夏侯惇,魏延,2,2,70;72,"Chapter 70, P070-020: 曹洪从之，即遣夏侯惇之姪夏侯尚，并降将韩玄之弟韩浩，二人引五千兵，前来助战。二将即时起行，到张郃寨中，问及军情。郃言：「老将黄忠，甚是英雄；更有严颜相助，不可轻敌。」韩浩曰：「我在长沙知此老贼利害。他和魏延献了城池，害吾亲兄，今既相遇，必当报雠。」遂与夏侯尚，引新军离寨前进。 || Chapter 72, P072-026: 曹操既杀杨修，佯怒夏侯惇，亦欲斩之。众官告免。操乃叱退夏侯惇，下令来日进兵。次日，兵出斜谷界口，前面一军相迎，为首大将乃魏延也。操招魏延归降，魏延大骂。操令庞德出战。",same_body_paragraph
夏侯惇,黄忠,2,2,70;91,"Chapter 70, P070-020: 曹洪从之，即遣夏侯惇之姪夏侯尚，并降将韩玄之弟韩浩，二人引五千兵，前来助战。二将即时起行，到张郃寨中，问及军情。郃言：「老将黄忠，甚是英雄；更有严颜相助，不可轻敌。」韩浩曰：「我在长沙知此老贼利害。他和魏延献了城池，害吾亲兄，今既相遇，必当报雠。」遂与夏侯尚，引新军离寨前进。 || Chapter 91, P091-027: 众视之，乃夏侯渊之子夏侯楙也。楙字子休﹔其性最急，又最吝。自幼嗣与夏侯惇为子。后夏侯渊为黄忠所斩，曹操怜之，以女清河公主招楙为驸马，因此朝中钦敬。虽掌兵权，未尝临阵。当时自请出征，曹叡即命为大都督，调关西诸路军马前去破敌。",same_body_paragraph
太史慈,张昭,2,2,15;53,"Chapter 15, P015-022: 太史慈跟著刘繇退军，孙策不赶，收住人马。长史张昭曰：「彼军被周瑜袭取曲阿，无恋战之心，今夜正好劫营。」孙策然之，当夜分军五路，长驱大进。刘繇军兵大败，众皆四纷五落。太史慈独力难当，引十数骑连夜投泾县去了。 || Chapter 53, P053-029: 太史慈见城门大开，只道内变，挺枪纵马先入。城上一声﹝左石中马右交﹞，乱箭射下，太史慈急退，身中数箭。背后李典、乐进杀出。吴兵折其大半，乘势直赶到寨前。陆逊、董袭杀出，救了太史慈，曹兵自回。孙权见太史慈身带重伤，愈加伤感。张昭请权罢兵。权从之，遂收兵下船，回南徐、润州。比及屯住军马，太史慈病重。权使张昭等问安，太史慈大叫曰：「大丈夫生于乱世，当带三尺剑立不世之功；今所志未遂，奈何死乎！」言讫而亡，年四十一岁。后人有诗赞曰：",same_body_paragraph
太史慈,张飞,2,1,11,"Chapter 11, P011-008: 太史慈得脱，星夜投平原来见刘玄德。施礼罢，具言孔北海被围求救之事，呈上书札。玄德看毕，问慈曰：「足下何人？」慈曰：「某太史慈，东海之鄙人也。与孔融亲非骨肉，比非乡党，特以气谊相投，有分忧共患之意。今管亥暴乱，北海被围，孤穷无告，危在旦夕。闻君仁义素著，能救人危急，故特令某冒锋突围，前来求救。」玄德敛容答曰：「孔北海知世间有刘备耶？」乃同云长、翼德点精兵三千，往北海郡进发。 || Chapter 11, P011-009: 管亥望见救军来到，亲自引兵迎敌；因见玄德兵少，不以为意。玄德与关、张、太史慈立马阵前，管亥忿怒直出。太史慈却待向前，云长早出，直取管亥。两马相交，众军大喊；量管亥怎敌得云长，数十合之间，青龙刀起，劈管亥于马下。太史慈，张飞，两骑齐出，双枪并举，杀入贼阵。玄德驱兵掩杀。城上孔融望见太史慈与关、张赶杀贼众，如虎入羊群，纵横莫当，便驱兵出城。两下夹攻，大败群贼，降者无数，余党溃散。",same_body_paragraph
太史慈,曹操,2,2,45;49,"Chapter 45, P045-028: 须臾，文官武将，各穿锦衣；帐下偏裨将校，都披银铠；分两行而入。瑜都教相见毕，就列于两傍而坐，大张筵席，奏军中得胜之乐，轮换行酒。瑜告众官曰：「此吾同窗契友也，虽从江北到此，却不是曹家说客；公等勿疑。」遂解佩剑付太史慈曰：「公可佩我剑作监酒。今日宴饮，但叙朋友交情；如有提起曹操与东吴军旅之事者，即斩之！」 || Chapter 49, P049-019: 瑜从其言，唤集诸将听令。先教甘宁带了蔡中并降卒沿南岸而走：「只打北军旗号，直取乌林地面，正当曹操屯粮之所。深入军中，举火为号。只留下蔡和一人在帐下，我有用处。」第二唤太史慈分付：「你可领三千兵，直奔黄州地界，断曹操合淝接应之兵，就逼曹兵，放火为处。只看红旗，便是吴侯接应兵到。」这两队兵最远先发。第三唤吕蒙领三千兵去乌林接应，甘宁焚烧曹操寨栅。第四唤凌统领三千兵，直接彝陵界首，只看乌林火起，以兵应之。第五唤董袭领三千兵，直取汉阳；从汉川杀奔曹操寨中，看白旗接应。第六唤潘璋领三千兵，尽打白旗往汉阳接应董袭。",same_body_paragraph
姜维,张郃,2,2,95;98,"Chapter 95, P095-003: 孔明曰：「吾与汝二万五千精兵，再拨一员上将，相助你去。」即唤王平分付曰：「吾素知汝平生谨慎，故特以此重任相托。汝可小心谨慎此地下寨必当要道之处，使贼兵急切不能偷过。安营既毕，便画四至八道地理形状图本来我看。凡事商议停当而行，不可轻易。如所守无危，则是取长安第一功也。戒之！戒之！」二人拜辞引兵而去。孔明寻思，恐二人有失，又唤高翔曰：「街亭东北上有一城，名列柳城，乃山僻小路：此可以屯兵扎寨。与汝一万兵，去此城屯扎。但街亭危，可引兵救之。」高翔引兵而去。孔明又思高翔非张郃对手，必得一员大将，屯兵于街亭之右，方可防之！遂唤魏延引本部兵去街亭之后屯扎。延曰：「某为前部，理合当先破敌，何故置某于安闲之地？」孔明曰：「前锋破敌，乃偏裨之事耳。今令汝接应街亭，当阳平关冲要道路，总守汉中咽喉，此乃大任也。何为安闲乎？汝勿以等闲视之，失吾大事。切宜小心在意！」魏延大喜，引兵而去。孔明恰才心安，如乃唤赵云、邓芝分付曰：「今司马懿出兵，与往日不同。汝二人各引一军出箕谷，以为疑兵。如逢魏兵，或战、或不战，以惊其心。吾自统大军，由斜谷迳取郿城：若得郿城，长安可破矣。」二人受命而去。孔明令姜维作先锋，兵出斜谷。 || Chapter 98, P098-031: 魏延、姜维受命，引兵迳到散关。把关之人，果然尽走。二人上关才要卸甲，遥见关外尘头大起，魏兵到来。二人相谓曰：「丞相神算，不可测度！」急登楼视之，乃魏将张郃也。二人乃分兵守住险道。张郃见蜀兵守住要道，遂令退军。魏延随后追杀一阵。魏兵死者无数，张郃乃大败而去。",same_body_paragraph
姜维,曹操,2,2,114;120,"Chapter 114, P114-017: 维大喜，谓瓘曰：「汝既诚心来降，吾不诚心相待；吾军中所患者，不过粮耳。今有粮草，现在川口。汝可运赴祁山。吾只今去取祁山寨也。」瓘心中大喜，以为中计，忻然领诺。姜维曰：「汝去运粮，不必用五千人，但引三千人去，留下二千人引路，以打祁山。」瓘恐维疑惑，乃引三千兵去了。维令傅佥引二千魏兵随征听用。忽报夏侯霸到。霸曰：「都督何故准信王瓘之言也？吾在魏，虽不知备细，未闻王瓘是王经之姪：其中多诈，请将军察之。」维大笑曰：「我已知王瓘之诈，故分其兵势，将计就计而行。」霸曰：「公试言之。」维曰：「司马昭奸雄比于曹操，既杀王经，灭其三族，安肯存亲姪于关外领兵？知其诈也。仲权之见与我暗合。」 || Chapter 120, P120-047: 高祖提剑入咸阳，炎炎红日升扶桑。光武龙兴成大统，金乌飞上天中央。哀哉献帝绍海宇，红轮西坠咸池傍！何进无谋中贵乱，凉州董卓居朝堂。王允定计诛逆党，李傕郭泛兴刀枪。四方盗贼如蚁聚，六合奸雄皆鹰扬。孙坚孙策起江左，袁绍袁术兴河梁。刘焉父子据巴蜀，刘表军旅屯荆襄。张修张鲁霸南郑，马腾韩遂守西凉。陶谦张绣公孙瓒，各逞雄才占一方。曹操专权居相府，牢笼英俊用文武。威震天子令诸侯，总领貔貅镇中土。楼桑玄德本皇孙，义结关张愿扶主。东西奔走恨无家，将寡兵微作羁旅。南阳三顾情可深，卧龙一见分寰宇。先取荆州后取川，霸业王图在天府。呜呼三载逝升遐，白帝托孤堪痛楚！孔明六出祁山前，愿以只手将天补。何期历数到此终，长星半夜落山坞！姜维独凭气力高，九伐中原空劬劳。钟会邓艾分兵进，汉室江山尽属曹。丕、叡、芳、髦才及奂，司马又将天下交。受禅台前云雾起，石头城下无波涛。陈留归命与安乐，王侯公爵从根苗。纷纷世事无穷尽，天数茫茫不可逃。鼎足三分已成梦，后人凭吊空牢骚。",same_body_paragraph
孔融,程昱,2,2,20;22,"Chapter 20, P020-007: 时北海太守孔融在许都，因谏操曰：「杨公四世清德，岂可因袁氏而罪之乎？」操曰：「此朝延意也。」融曰：「使成王杀召公，周公可得言不知耶？」操不得已，乃免彪官，放归田里。议郎赵彦愤操专横，上疏劾操不奉帝旨、擅收大臣之罪。操大怒，即收赵彦杀之。于是百官无不悚惧。谋士程昱说操曰：「今明公威名日盛，何不乘此时行王霸之事？」操曰：「朝廷股肱尚多，未可轻动。吾当请天子田猎，以观动静。」 || Chapter 22, P022-021: 孔融默然。操大笑曰：「皆不出荀文若之料。」遂唤前军刘岱、后军王忠引军五万，打著丞相旗号，去徐州攻刘备。原来刘岱旧为衮州刺史；及操取衮州，岱降于操，操用为偏将，故今差他与王忠一同领兵。操却自引大军二十万，进黎阳，拒袁绍。程昱曰：「恐刘岱、王忠不称其使。」操曰：「吾亦知非刘备敌手，权且虚张声势。」分付：「不可轻进。待我破绍，再勒兵破备。」刘岱、王忠领兵去了。曹操自引兵至黎阳。两军隔八十里，各自深沟高垒，相持不战。自八月守至十月。原来许攸不乐审配领兵，沮授又恨绍不用其谋，各不相和，不图进取。袁绍心怀疑惑，不思进兵。操乃唤吕布手下降将臧霸把守青、徐；于禁、李典屯兵河上；曹仁总督大军，屯于官渡。操自引一军，竟回许都。",same_body_paragraph
孔融,董卓,2,1,5,"Chapter 5, P005-021: 流星马探听得，报入袁绍大寨里来。绍聚众商议。操曰：「董卓屯兵虎牢，截俺诸侯中路，今可勒兵一半迎敌。」绍乃分王匡，乔瑁，鲍信，袁遗，孔融，张杨，陶谦，公孙瓒，八路诸侯，往虎牢关迎敌。操引军往来救应。八路诸侯，各自起兵。河内太守王匡，引兵先到。吕布带铁骑三千，飞奔来迎。王匡将军马列成阵势，勒马门旗下看时，见吕布出阵：头戴三叉束发紫金冠，体挂西川红锦百花袍，身披兽面吞头连环铠，腰系勒甲玲珑狮蛮带；弓箭随身，手持画戟；坐下嘶风赤兔马；果然是人中吕布，马中赤兔！ || Chapter 5, P005-023: 正虑间，小校报来：「吕布搦战。」八路诸侯，一齐上马．军分八队，布在高冈。遥望吕布一簇军马，绣旗招飐，先来冲阵。上党太守张杨部将穆顺，出马挺鎗迎战，被吕布手起一戟，刺于马下。众大惊。北海太守孔融部将武安国，使铁锤飞马而出。吕布挥戟拍马来迎。战到十余合，一戟砍断安国手腕，弃锤于地而走。八路军兵齐出，救了武安国。吕布退回去了。众诸侯回寨商议。曹操曰：「吕布英勇无敌，可会十八路诸侯，共议良策。若擒了吕布，董卓易诛耳。」",same_body_paragraph
孔融,许攸,2,1,22,"Chapter 22, P022-020: 孔融闻之，来见操曰：「袁绍势大，不可与战，只可与和。」荀彧曰：「袁绍无用之人，何必议和？」融曰：「袁绍土广民强。其部下如许攸，郭图，审配，逢纪，皆智谋之士；田丰，沮授，皆忠臣也；颜良，文丑，勇冠三军；其余高览，张郃，淳于琼，等俱世之名将，──何谓绍为无用之人乎？」彧笑曰：「绍兵多而不整；田丰刚而犯上，许攸贪而不智，审配专而无谋，逢纪果而无用，此四人者，势不相容，必生内变。颜良，文丑，匹夫之勇，一战可擒。其余碌碌等辈，纵有百万，何足道哉！」 || Chapter 22, P022-021: 孔融默然。操大笑曰：「皆不出荀文若之料。」遂唤前军刘岱、后军王忠引军五万，打著丞相旗号，去徐州攻刘备。原来刘岱旧为衮州刺史；及操取衮州，岱降于操，操用为偏将，故今差他与王忠一同领兵。操却自引大军二十万，进黎阳，拒袁绍。程昱曰：「恐刘岱、王忠不称其使。」操曰：「吾亦知非刘备敌手，权且虚张声势。」分付：「不可轻进。待我破绍，再勒兵破备。」刘岱、王忠领兵去了。曹操自引兵至黎阳。两军隔八十里，各自深沟高垒，相持不战。自八月守至十月。原来许攸不乐审配领兵，沮授又恨绍不用其谋，各不相和，不图进取。袁绍心怀疑惑，不思进兵。操乃唤吕布手下降将臧霸把守青、徐；于禁、李典屯兵河上；曹仁总督大军，屯于官渡。操自引一军，竟回许都。",same_body_paragraph
孔融,陈登,2,1,11,"Chapter 11, P011-013: 却说糜竺回报陶谦，言北海又请得刘玄德来助；陈元龙也回报青州田楷欣然领兵来救；陶谦心安。原来孔融、田楷两路军马，惧怕曹兵势猛，远远依山下寨，未敢轻进。曹操见两路军到，亦分了军势，不敢向前攻城。 || Chapter 11, P011-021: 且说来使回徐州，入城见陶谦，呈上书札，言曹兵已退。谦大喜，差人请孔融，田楷，云长，子龙等赴城大会。饮宴既毕，谦延玄德于上座，拱手对众曰：「老夫年迈，二子不才，不堪国家重任。刘公乃帝室之胄，德广才高，可领徐州。老夫情愿乞闲养病。」玄德曰：「孔文举令备来救徐州，为义也；今无端据而有之，天下将以备为无义人矣。」糜竺曰：「今汉室陵迟，海宇颠覆，树功立业，正在此时。徐州殷富，户口百万，刘使君领此，不可辞也。」玄德曰：「此事决不敢应命。」陈登曰：「陶府君多病，不能视事，明公勿辞。」玄德曰：「袁公路四世三公，海内所归，近在寿春，何不以州让之？」孔融曰：「袁公路冢中枯骨，何足挂齿！今日之事，天与不取，悔不可追。」",same_body_paragraph
孙乾,孟达,2,1,65,"Chapter 65, P065-021: 时孙干已回。玄德复命霍峻，孟达守关，便撤兵来取成都。赵云，黄忠接入绵竹。人报「蜀将刘晙，马汉引军到。」赵云曰：「某愿往擒此二人！」言讫，上马引军出。玄德在城上款待马超吃酒。未曾安席，子龙已斩二人之头，献于筵前。马超亦惊，倍加敬重。超曰：「不须主公厮杀，超自唤出刘璋来降。如不肯降，超自与弟马岱取成都，双手奉献。」玄德大喜。是日尽欢。 || Chapter 65, P065-027: 玄德从之，设一大宴，请刘璋收拾财物，佩领振威将军印绶，将妻子良贱，尽赴南郡公安住歇，即日起行。玄德自领益州牧，其所降文武，尽皆重赏，定拟名爵。严颜为前将军，法正为蜀郡太守，董和为掌军中郎将，许靖为左将军长史，庞义为营中司马，刘巴为左将军，黄权为右将军。其余吴懿，费观，彭羕，卓膺，李严，吴兰，雷同，李恢，张翼，秦宓，谯周，吕义，霍峻，邓芝，杨洪，周群，费袆，费诗，孟达，……文武投降官员，共六十余人，并皆擢用。诸葛亮军师，关云长为荡寇将军汉寿亭侯，张飞为征远将军新亭侯，赵云为镇远将军，黄忠为征西将军，魏延为扬武将军，马超为平西将军。孙干，简雍，糜竺、糜芳，刘封，关平，周仓，廖化，马良，马谡，蒋琬，伊籍，及旧日荆襄一班文武官员，尽皆升赏。遣使赍黄金五百斤，白银一千斤，钱五千万，蜀锦一千疋，赐与云长。其余官将，给赐有差。杀牛宰马，大饷士卒，开仓赈济百姓，军民大悦。",same_body_paragraph
孙乾,徐庶,2,2,36;41,"Chapter 36, P036-017: 玄德闻言，大哭曰：「母子乃天性之亲，元直无以备为念。待与老夫人相见之后，或者再得奉教。」徐庶便拜谢欲行。玄德曰：「乞再聚一宵，来日饯行。」孙干密谓玄德曰：「元直天下奇才，久在新野，尽知我军中虚实。今若使归曹操，必然重用，我其危矣。主公宜苦留之，切勿放去．操见元直不去，必斩其母。元直知母死，必为母报雠，力攻曹操也。」玄德曰：「不可。使人杀其母，而吾用其子，不仁也；留之不使去，以绝其母子之道，不义也。吾宁死，不为不仁不义之事。」众皆感叹。玄德请徐庶饮酒，庶曰：「今闻老母被囚，虽金波玉液不能下咽矣。」玄德曰：「备闻公将去，如失左右手，虽龙肝凤髓，亦不甘味。」 || Chapter 41, P041-005: 玄德不敢强留。徐庶辞回，见了曹操，言玄德并无降意。操大怒，即日进兵。玄德问计于孔明，孔明曰：「可速弃樊城，取襄阳暂歇。」玄德曰：「奈百姓相随许久，安忍弃之？」孔明曰：「可令人遍告百姓：有愿随者同去，不愿者留下。」先使云长往江岸整顿船只，令孙干、简雍，在城中声扬曰：「令曹兵将至，孤城不可久守，百姓愿随者便同过江。」",same_body_paragraph
孙乾,陈登,2,2,12;22,"Chapter 12, P012-012: 玄德终是推托，陶谦以手指心而死。众军举哀毕，即捧牌印交送玄德。玄德固辞。次日，徐州百姓，拥挤府前哭拜曰：「刘使君若不领此郡，我等皆不能安生矣！」关、张二公亦再三相劝。玄德乃许权领徐州事；使孙干、糜竺为辅，陈登为幕官；尽取小沛军马入城，出榜安民；一面安排丧事。玄德与大小军士，尽皆挂孝，大设祭奠。祭毕，葬于黄河之原。将陶谦遗表，申奏朝廷。 || Chapter 22, P022-003: 当下玄德想出此人，大喜，便同陈登亲至郑玄家中，求其作书。玄慨然依允，写书一封，付与玄德。玄德便差孙干星夜赍往袁绍处投递。绍览毕，自忖曰：「玄德攻灭吾弟，本不当相助；但重以郑尚书之命，不得不往救之。」遂聚文武官，商议兴兵伐曹操。",same_body_paragraph
孙乾,鲁肃,2,2,51;57,"Chapter 51, P051-004: 瑜收了礼物，发付孙干先回。肃曰：「却才都督为何失惊？」瑜曰：「刘备屯兵油江，必有取南郡之意。我等费了许多军马，用了许多钱粮，目下南郡垂手可得；彼等心怀不仁，要就见成，须放著周瑜不死！」肃曰：「当用何策退之？」瑜曰：「吾自去和他说话。好便好；不好时不等他取南郡，先结果了刘备！」肃曰：「某愿同往。」于是瑜与鲁肃引三千轻骑，迳投油江口来。 || Chapter 57, P057-017: 飞大惊，下席谢曰：「先生大才，小子失敬。吾当于兄长处极力举荐。」统乃将出鲁肃荐书。飞曰：「先生初见吾兄，何不将出？」统曰：「若便将出，似乎专藉荐书来干谒矣。」飞顾谓孙干曰：「非公则失一大贤也。」遂辞统回荆州，见玄德，具说庞统之才。玄德大惊曰：「屈待大贤，吾之过也！」飞将鲁肃荐书呈上。玄德拆视之。书略曰：「庞士元非百里之才，使处治中别驾之任，始当展其骥足。如以貌取之，恐负所学，终为他人所用，实可惜也。」",same_body_paragraph
孙乾,黄忠,2,1,65,"Chapter 65, P065-021: 时孙干已回。玄德复命霍峻，孟达守关，便撤兵来取成都。赵云，黄忠接入绵竹。人报「蜀将刘晙，马汉引军到。」赵云曰：「某愿往擒此二人！」言讫，上马引军出。玄德在城上款待马超吃酒。未曾安席，子龙已斩二人之头，献于筵前。马超亦惊，倍加敬重。超曰：「不须主公厮杀，超自唤出刘璋来降。如不肯降，超自与弟马岱取成都，双手奉献。」玄德大喜。是日尽欢。 || Chapter 65, P065-027: 玄德从之，设一大宴，请刘璋收拾财物，佩领振威将军印绶，将妻子良贱，尽赴南郡公安住歇，即日起行。玄德自领益州牧，其所降文武，尽皆重赏，定拟名爵。严颜为前将军，法正为蜀郡太守，董和为掌军中郎将，许靖为左将军长史，庞义为营中司马，刘巴为左将军，黄权为右将军。其余吴懿，费观，彭羕，卓膺，李严，吴兰，雷同，李恢，张翼，秦宓，谯周，吕义，霍峻，邓芝，杨洪，周群，费袆，费诗，孟达，……文武投降官员，共六十余人，并皆擢用。诸葛亮军师，关云长为荡寇将军汉寿亭侯，张飞为征远将军新亭侯，赵云为镇远将军，黄忠为征西将军，魏延为扬武将军，马超为平西将军。孙干，简雍，糜竺、糜芳，刘封，关平，周仓，廖化，马良，马谡，蒋琬，伊籍，及旧日荆襄一班文武官员，尽皆升赏。遣使赍黄金五百斤，白银一千斤，钱五千万，蜀锦一千疋，赐与云长。其余官将，给赐有差。杀牛宰马，大饷士卒，开仓赈济百姓，军民大悦。",same_body_paragraph
孙坚,曹操,2,2,6;120,"Chapter 6, P006-009: 且说孙坚飞奔洛阳，遥望火焰冲天，黑烟铺地，二三百里，并无鸡犬人烟；坚先发兵救灭了火，令众诸侯各于荒地上屯住军马。曹操来见袁绍曰：「今董贼西去，正可乘势追袭；本初按兵不动，何也？」绍曰：「诸兵疲困，进恐无益。」操曰：「董贼焚烧宫室，劫迁天子，海内震动，不知所归；此天亡之时也，一战而天下定矣。诸侯何疑而不进？」众诸侯皆言不可轻动。操大怒曰：「竖子不足与谋！」遂自引兵万余，领夏侯惇，夏侯渊，曹仁，曹洪，李典，乐进，星夜来赶董卓。 || Chapter 120, P120-047: 高祖提剑入咸阳，炎炎红日升扶桑。光武龙兴成大统，金乌飞上天中央。哀哉献帝绍海宇，红轮西坠咸池傍！何进无谋中贵乱，凉州董卓居朝堂。王允定计诛逆党，李傕郭泛兴刀枪。四方盗贼如蚁聚，六合奸雄皆鹰扬。孙坚孙策起江左，袁绍袁术兴河梁。刘焉父子据巴蜀，刘表军旅屯荆襄。张修张鲁霸南郑，马腾韩遂守西凉。陶谦张绣公孙瓒，各逞雄才占一方。曹操专权居相府，牢笼英俊用文武。威震天子令诸侯，总领貔貅镇中土。楼桑玄德本皇孙，义结关张愿扶主。东西奔走恨无家，将寡兵微作羁旅。南阳三顾情可深，卧龙一见分寰宇。先取荆州后取川，霸业王图在天府。呜呼三载逝升遐，白帝托孤堪痛楚！孔明六出祁山前，愿以只手将天补。何期历数到此终，长星半夜落山坞！姜维独凭气力高，九伐中原空劬劳。钟会邓艾分兵进，汉室江山尽属曹。丕、叡、芳、髦才及奂，司马又将天下交。受禅台前云雾起，石头城下无波涛。陈留归命与安乐，王侯公爵从根苗。纷纷世事无穷尽，天数茫茫不可逃。鼎足三分已成梦，后人凭吊空牢骚。",same_body_paragraph
孙坚,李儒,2,2,5;6,"Chapter 5, P005-011: 读毕，歃血。众因其辞气慷慨，皆涕泗横流。歃血已罢，下坛。众扶绍升帐而坐，两行依爵位年齿分列坐定。操行酒数巡，言曰：「今日既立盟主，各听调遣，同扶国家，勿以强弱计较。」袁绍曰：「绍虽不才，既承公等推为盟主，有功必赏，有罪必罚。国有常刑，军有纪律；各宜遵守，勿得违犯。」众皆曰：「惟命是听。」绍曰：「吾弟袁术总督粮草，应付诸营，无使有缺。更须一人为先锋，直抵汜水关挑战。余各据险要，以为接应。」长沙太守孙坚出曰：「坚愿为前部。」绍曰：「文台勇烈，可当此任。」坚遂引本部人马杀奔汜水关来。守关将士，差流星马往洛阳丞相府告急。董卓自专大权之后，每日饮宴。李儒接得告急文书，迳来禀卓。卓大惊，急聚众将商议。温侯吕布挺身出曰：「父亲勿虑：关外诸侯，布视之如草芥。愿提虎狼之师，尽斩其首，悬于都门。」卓大喜曰：「吾有奉先，高枕无忧矣！」言未绝，吕布背后一人高声出曰：「『割鸡焉用牛刀？』不劳温侯亲往。吾斩众诸侯首级，如探囊取物耳。」卓视之，其人身长九尺，虎体狼腰，豹头猿臂：关西人也；姓华，名雄。卓闻言大喜，加为骁骑校尉，拨马步军五万，同李肃，胡轸，赵岑星夜赴关迎敌。众诸侯内有济北相鲍信，寻思孙坚既为前部，怕他夺了头功，暗拨其弟鲍忠，先将马步军三千，迳抄小路，直到关下搦战。华雄引铁骑五百，飞下关来，大喝：「贼将休走！」鲍忠急待退，被华雄手起刀落，斩于马下，生擒将校极多。华雄遣人将鲍忠首级来相府报捷，卓加雄为都督。 || Chapter 6, P006-003: 李傕抱头鼠窜，回见董卓，说孙坚如此无礼。卓怒，问李儒。儒曰：「温侯新败，兵无战心。不若引兵回洛阳，迁帝于长安，以应童谣。近日街市童谣曰：『西头一个汉，东头一个汉。鹿走入长安，方可无斯难。』臣思此言，『西头一个汉』，乃应高祖旺于西都长安，传一十二帝；『东头一个汉』，乃应光武旺于东都洛阳，今亦传一十二帝。天运合回，丞相迁回长安，方可无虞。」卓大喜曰：「非汝言，吾实不悟。」遂引吕布星夜回洛阳，商议迁都。聚文武于朝堂，卓曰：「汉东都洛阳，二百余年，气数已衰。吾观旺气实在长安，吾欲奉驾西幸。汝等各宜促装。」",same_body_paragraph
孙坚,马腾,2,2,5;120,"Chapter 5, P005-008: 第一镇，后将军南阳太守袁术。第二镇，冀州刺史韩馥。第三州镇，豫州刺史孔。第四镇，兖州刺史刘岱。第五镇，河内郡太守王匡。第六镇，陈留太守张邈。第七镇，东郡太守乔瑁。第八镇，山阳太守刘遗。第九镇，济北相鲍信。第十镇，北海太守孔融。第十一镇，广陵太守张超。第十二镇，徐州刺史陶谦。第十三镇，西凉太守马腾。第十四镇，北平太守公孙瓒。第十五镇，上党太守张杨。第十六镇，乌程侯长沙太守孙坚。第十七镇，祁乡侯渤海太守袁绍。诸路军马，少不等，一有三万者，有一二万者一，各领文官武将，投洛阳来。 || Chapter 120, P120-047: 高祖提剑入咸阳，炎炎红日升扶桑。光武龙兴成大统，金乌飞上天中央。哀哉献帝绍海宇，红轮西坠咸池傍！何进无谋中贵乱，凉州董卓居朝堂。王允定计诛逆党，李傕郭泛兴刀枪。四方盗贼如蚁聚，六合奸雄皆鹰扬。孙坚孙策起江左，袁绍袁术兴河梁。刘焉父子据巴蜀，刘表军旅屯荆襄。张修张鲁霸南郑，马腾韩遂守西凉。陶谦张绣公孙瓒，各逞雄才占一方。曹操专权居相府，牢笼英俊用文武。威震天子令诸侯，总领貔貅镇中土。楼桑玄德本皇孙，义结关张愿扶主。东西奔走恨无家，将寡兵微作羁旅。南阳三顾情可深，卧龙一见分寰宇。先取荆州后取川，霸业王图在天府。呜呼三载逝升遐，白帝托孤堪痛楚！孔明六出祁山前，愿以只手将天补。何期历数到此终，长星半夜落山坞！姜维独凭气力高，九伐中原空劬劳。钟会邓艾分兵进，汉室江山尽属曹。丕、叡、芳、髦才及奂，司马又将天下交。受禅台前云雾起，石头城下无波涛。陈留归命与安乐，王侯公爵从根苗。纷纷世事无穷尽，天数茫茫不可逃。鼎足三分已成梦，后人凭吊空牢骚。",same_body_paragraph
孙权,张郃,2,2,40;50,"Chapter 40, P040-002: 却说夏侯惇败回许昌，自缚见曹操，伏地请死。操释之。惇曰：「惇遭诸葛亮诡计，用火攻破我军。」操曰：「汝自幼用兵，岂不知狭处须防火攻？」惇曰：「李典、于禁曾言及此，悔之不及！」操乃赏二人。惇曰：「刘备如此猖獗，真腹心之患也，不可不急除。」操曰：「吾所虑者，刘备、孙权耳。余皆不足介意。今当乘此时扫平江南。」便传令起大兵五十万，令曹仁、曹洪，为第一队；张辽、张郃，为第二队；夏侯渊、夏侯惇，为第三队；于禁、李典，为第四队；操自领诸将为第五队。每队各引兵十万。又令许褚为折冲将军，引兵三千为先锋。选定建安十三年秋七月丙午日出师。 || Chapter 50, P050-006: 操此时指望合淝有兵救应，不想孙权在合淝路口，望见江中火光，知是我军得胜，便教陆逊举火为号；太史慈见了，与陆逊合兵一处，冲杀将来。操只得望彝陵而走。路上撞见张郃，操令断后。纵马加鞭，走至五更，回望火光渐远，操心方定，问曰：「此是何处？」左右曰：「此是乌林之西，宜都之北。」",same_body_paragraph
孙权,荀攸,2,2,42;57,"Chapter 42, P042-020: 曹操入城，安民已定，释韩嵩之囚，加为大鸿胪。其余众官，各有封赏。曹操与众将议曰：「今刘备已投江夏，恐结连东吴，是滋蔓也。当用何计破之？」荀攸曰：「我今大振兵威，遣使驰檄江东，请孙权会猎于江夏，共擒刘备，分荆州之地，永结盟好。孙权必惊疑而来降，则吾事济矣。」 || Chapter 57, P057-019: 早有人报到许昌，言刘备有诸葛亮，庞统为谋士，招军买马，积草屯粮，连结东吴，早晚必兴兵北伐。曹操闻之，遂聚谋士商议南征。荀攸进曰：「周瑜新死，可先取孙权，次攻刘备。」操曰：「我若远征，恐马腾来袭许都。前在赤壁之时，军中有讹言，亦传西凉入寇之事，今不可不防也。」荀攸曰：「以愚所见，不若降诏，加马腾为征南将军，使讨孙权；诱入京师，先除此人，则南征无患矣。」操大喜，即日遣人赍诏至西凉召马腾。",same_body_paragraph
孙权,贾诩,2,2,78;85,"Chapter 78, P078-018: 次日，觉气冲上焦，目不见物，急召夏侯惇商议。惇至殿门前，忽见伏皇后、董贵人、二皇子、伏完、董承等，立在阴云之中。惇大惊昏倒，左右扶出，自此得病。操召曹洪、陈群、贾诩、司马懿等，同至卧榻前，嘱以后事。曹洪等顿首曰：「大王善保玉体，不日定当霍然。」操曰：「孤纵横天下三十余年，群雄皆灭，止有江东孙权，西蜀刘备，未曾剿除。孤今病危，不能再与卿等相叙，特以家事相托：孤长子曹昂，刘氏所生，不幸早年殁于宛城。今卞氏生四子：丕、彰、植、熊。孤平生所爱第三子植，为人虚华少诚实，嗜酒放纵，因此不立；次子曹彰，勇而无谋；四子曹熊，多病难保；惟长子曹丕，笃厚恭谨，可继我业。卿等宜辅佐之。」 || Chapter 85, P085-003: 曹丕问贾诩曰：「朕欲一统天下：先取蜀乎？先取吴乎？」诩曰：「刘备雄才，更兼诸葛亮善能治国；东吴孙权，能识虚实，陆逊见屯兵于险要隔江泛湖，皆难卒谋。以臣观之，诸将之中，皆无孙权、刘备敌手。虽以陛下天威临之，亦未见万全之势也。只可持守，以待二国之变。」",same_body_paragraph
孙权,邓芝,2,2,86;105,"Chapter 86, P086-004: 孙权知了此信，乃谓文武曰：「陆伯言真神算也。孤若妄动，又结怨于西蜀矣。」忽报西蜀遣邓芝到。张昭曰：「此又是诸葛亮退兵之计，遣邓芝为说客也。」权曰「当何以答之？」昭曰：「先于殿前立一大鼎盛，贮油数百斤，下用炭烧。待其油沸，可选身长面大武士一千人，各执刀在手，从宫门前直排至殿上，却唤芝入见。休等此人开言下说词，责以郦食其说齐故事，效此例烹之，看其人如何对答。」 || Chapter 105, P105-020: 宗预领命，迳到金陵，入见吴主孙权。礼毕，只见左右人皆著素衣。权作色而言曰：「吴、蜀已为一家，卿主何故而增白帝之守也？」预曰：「臣以为东益巴丘之戍，西增白帝之守，皆事势宜然，俱不足以相问也。」权笑曰：「卿不亚于邓芝。」乃谓宗预曰：「朕闻诸葛丞相归天，每日流涕，令官僚尽皆挂孝。朕恐魏人乘丧取蜀，故增巴丘守兵万人，以为救援，别无他意也。」预顿首拜谢。权曰：「朕既许以同盟，安有背义之理？」预曰：「天子因丞相新亡，特命臣来报丧。」权遂取金鈚箭一技折之，设誓曰：「朕若负前盟，子孙绝灭！」又命使赍香帛奠仪，入川致祭。",same_body_paragraph
孙权,马超,2,2,60;87,"Chapter 60, P060-003: 却说张松到了许都馆驿中住定，每日去相府伺候，求见曹操。原来曹操自破马超回，傲睨得志，每日饮宴，无事少出，国政皆在相府商议。张松候了三日，方得通过姓名。左右近侍先要贿赂，却才引入。操坐于堂上。松拜毕，操问曰：「汝主刘璋连年不进贡，何也？」松曰：「为路途艰难，贼寇窃发，不能通达。」操叱曰：「吾扫清中原，有何盗贼？」松曰：「南有孙权，北有张鲁，西有刘备，至少者亦带甲十余万，岂得谓太平耶？」 || Chapter 87, P087-002: 建兴三年，益州飞报：「蛮王孟获，大起蛮兵十万，犯境侵掠。建宁太守雍闿，乃汉朝什邡侯雍齿之后，今结连孟获造反。牂牁郡太守朱褒、越隽郡太守高定，二人献了城。止有永昌郡太守王伉不肯反。现今雍闿、朱褒、高定三人部下人马，皆与孟获为乡导官，攻打永昌郡。赖王伉与功曹吕凯，会集百姓，死守此城，其势甚急。」孔明乃入朝奏后主曰：「臣观南蛮不服，实国家之大患也。臣当自领大军，前去征讨。」后主曰：「东有孙权，北有曹丕；今相父弃朕而去，倘吴、魏来攻，如之奈何？」孔明日：「东吴方与我国讲和，料无异心；若有异心，李严在白帝城，此人可当陆逊也。曹丕新败，锐气已丧，未能远图；且有马超守把汉中诸处关口，不必忧也。臣又留关兴、张苞等分两军为救应，保陛下万无一失。今臣先去扫荡蛮方，然后北伐，以图中原，报先帝三顾之恩，托孤之重。」后主曰：「朕年幼无知，惟相父斟酌行之。」言未毕，班部内一人出曰：「不可！不可！」众视之，乃南阳人也：姓王，名连，字文仪；见为谏议大夫。连谏曰：「南方不毛之地，瘴疫之乡；丞相秉钧衡之重任，而自远征，非所宜也。且雍闿等乃疥癣之疾，丞相只须遣一大将讨之，必然成功。」孔明曰：「南蛮之地，离国甚远，人多不习王化，收伏甚难，吾当亲往征之。可刚可柔，别有斟酌，非可容易托人。」",same_body_paragraph
孙权,魏延,2,2,62;102,"Chapter 62, P062-030: 却说玄德令黄忠，魏延各守一寨，自回涪城，与军师庞统商议。细作报说：「东吴孙权遣人结好东川张鲁，将欲来攻葭萌关。」玄德惊曰：「若葭萌关有失，截断后路，吾进退不得，当如之何？」庞统谓孟达曰：「公乃蜀中人，多知地理，去守葭萌关，如何？」达曰：「某保一人与某同去守关，万无一失。」玄德问何人。达曰：「此人曾在荆州刘表部下为中郎将，乃南郡枝江人。姓霍，名峻，字仲邈。」玄德大喜，即时遣孟达，霍峻守葭萌关去了。 || Chapter 102, P102-021: 权设宴款待费袆。饮宴间，权问曰：「丞相军前，用谁当先破敌？」袆曰：“魏延为首。”权笑曰：“此人勇有余，而心不正。若一朝无孔明，彼必为祸。孔明岂未知耶？」袆曰：「陛下之言极当！臣今归去，即当以此言告孔明。」遂拜辞孙权，回到祁山，见了孔明，具言吴主起大兵三十万，御驾亲征，兵分三路而进。孔明又问曰：「吴主别有所言否？」费袆将论魏延之语告之。孔明叹曰：「真聪明之主也！吾非不知此人。为惜其勇，故用之耳。」袆曰：「丞相早宜区处。」孔明曰：「吾自有法。」",same_body_paragraph
孙策,陆逊,2,2,38;68,"Chapter 38, P038-017: 却说孙权自孙策死后，据住江东，承父兄基业，广纳贤士，开宾馆于吴会，命顾雍、张纮延接四方宾客。连年以来，你我相荐。时有会稽阚泽，字德润；彭城严畯，字曼才；沛县薛综，字敬文；汝南程秉，字德枢；吴郡朱桓，字休穆；陆绩，字公纪；吴人张温，字惠恕；会稽凌统，字公续；乌程吴粲，字孔休：此数人皆至江东。孙权敬礼甚厚。又得良将数人，乃汝阳吕蒙，字子明，吴郡陆逊，字伯言，瑯琊徐盛，字文向，东郡潘璋，字文珪，庐江丁奉，字承渊。文武诸人，共相辅佐。由此江东称得人之盛。 || Chapter 68, P068-012: 却说陈武与庞德大战，后面又无应兵，被庞德赶到谷口，树林丛密陈武再欲回身交战，被树株抓住袍袖，不能迎敌，为庞德所杀。曹操见孙权走脱了，自策马驱兵，赶到江边对射。吕蒙箭尽。正慌间，忽对江一队船到，为首一员大将，乃孙策女婿陆逊，自引十万兵到；一阵射退曹兵，乘势登岸追杀曹兵，复夺战马数千匹，------曹兵伤者，不计其数？大败而回。--于乱军中寻见陈武尸首。",same_body_paragraph
孙策,鲁肃,2,2,42;48,"Chapter 42, P042-024: 正说间，人报江东孙权差鲁肃来吊丧，船已傍岸。孔明笑曰：「大事济矣！」遂问刘琦曰：「往日孙策亡时，襄阳曾遣人去吊丧否？」琦曰：「江东与我家有杀父之雠，安得通庆吊之礼？」孔明曰：「然则鲁肃之来，非为吊丧，乃来探听军情也。」遂谓玄德曰：「鲁肃至，若问曹操动静，主公只推不知。再三问时，主公只说可问诸葛亮。」 || Chapter 48, P048-006: 饮至半夜，操酒酣，遥指南岸曰：「周瑜，鲁肃，不识天时。今幸有投降之人，为彼心腹之患，此天助吾也。」荀攸曰：「丞相勿言，恐有泄漏。」操大笑曰：「座上诸公，与近侍左右，皆吾心腹之人也，，言之何碍？」又指夏口曰：「刘备，诸葛亮，汝不料蝼蚁之力，欲撼泰山，何其愚耶！」顾谓诸将曰：「吾今年五十四岁矣。如得江南，窃有所喜。昔日乔公与吾至契，吾知其二女皆有国色。后不料为孙策，周瑜，所娶。吾今新构铜雀台于漳水之上，如得江南，当娶二乔，置之台上，以娱暮年，吾愿足矣。」言罢大笑。唐人杜牧之有诗曰：折戟沈沙铁未消，自将磨洗认前朝。东风不与周郎便，铜雀春深锁二乔。",same_body_paragraph
孟获,曹丕,2,2,85;87,"Chapter 85, P085-026: 次日，后主车驾亲至相府。门吏见驾到，慌忙拜伏于地而迎。后主问曰；「丞相在何处？」门吏曰：「不知在何处。只有丞相钧旨，教挡住百官，勿得辄入。」后主乃下车步行，独进第三重门，见孔明独倚竹杖，在小池边观鱼。后主在后立久，乃徐徐而言曰：「丞相安乐否？」孔明回顾，见是后主，慌忙弃杖，拜伏于地曰：「臣该万死！」后主扶起，问曰；「今曹丕分兵五路，犯境甚急，相父缘何不肯出府视事？」孔明大笑，扶后主入内室坐定，奏曰：「五路兵至，臣安得不知？臣非观鱼，有所思也。」后主曰：「如之奈何？」孔明曰：「羌王轲比能，蛮王孟获，反将孟达，魏将曹真：此四路兵，臣已皆退去了也。止有孙权这一路兵，臣已有退兵之计，但须一能言之人为使。因未得其人，故熟思之。陛下何必忧乎？」 || Chapter 87, P087-002: 建兴三年，益州飞报：「蛮王孟获，大起蛮兵十万，犯境侵掠。建宁太守雍闿，乃汉朝什邡侯雍齿之后，今结连孟获造反。牂牁郡太守朱褒、越隽郡太守高定，二人献了城。止有永昌郡太守王伉不肯反。现今雍闿、朱褒、高定三人部下人马，皆与孟获为乡导官，攻打永昌郡。赖王伉与功曹吕凯，会集百姓，死守此城，其势甚急。」孔明乃入朝奏后主曰：「臣观南蛮不服，实国家之大患也。臣当自领大军，前去征讨。」后主曰：「东有孙权，北有曹丕；今相父弃朕而去，倘吴、魏来攻，如之奈何？」孔明日：「东吴方与我国讲和，料无异心；若有异心，李严在白帝城，此人可当陆逊也。曹丕新败，锐气已丧，未能远图；且有马超守把汉中诸处关口，不必忧也。臣又留关兴、张苞等分两军为救应，保陛下万无一失。今臣先去扫荡蛮方，然后北伐，以图中原，报先帝三顾之恩，托孤之重。」后主曰：「朕年幼无知，惟相父斟酌行之。」言未毕，班部内一人出曰：「不可！不可！」众视之，乃南阳人也：姓王，名连，字文仪；见为谏议大夫。连谏曰：「南方不毛之地，瘴疫之乡；丞相秉钧衡之重任，而自远征，非所宜也。且雍闿等乃疥癣之疾，丞相只须遣一大将讨之，必然成功。」孔明曰：「南蛮之地，离国甚远，人多不习王化，收伏甚难，吾当亲往征之。可刚可柔，别有斟酌，非可容易托人。」",same_body_paragraph
孟达,张松,2,1,60,"Chapter 60, P060-022: 次日，张松见刘璋。璋问：「干事若何？」松曰：「操乃汉贼，欲篡天下，不可为言。彼已有取川之心。」璋曰：「似此如之奈何？」松曰：「松有一谋，使张鲁，曹操必不敢轻犯西川。」璋曰：「何计？」松曰：「荆州刘皇叔，与主公同宗，仁慈宽厚，有长者风。赤壁鏖兵之后，操闻之而胆裂，何况张鲁乎？主公何不遣使结好，使为外援？可以拒曹操张鲁矣。」璋曰：「吾亦有此心久矣。谁可为使？」松曰：「非法正，孟达，不可往也。」璋即召二人入，修书一封，令法正为使，先通情好；次遣孟达领精兵五千，迎玄德入川为援。 || Chapter 60, P060-029: 临行时，忽廖化引一军来降。玄德便教廖化辅佐云长，以拒曹操。是年冬月，引兵望西川进发。行不数程，孟达接著，拜见玄德，说刘益州令某领兵五千远来迎接。玄德使人入益州，先报刘璋。璋便发书告报沿途州郡，供给钱粮。璋欲自出涪城亲接玄德，即下令准备车乘帐幔，旌旗铠甲，务要鲜明。主簿黄权入谏曰：「主公此去，必被刘备所害。某食禄多年，不忍主公中他人奸计，望三思之。」张松曰：「黄权此言，疏间宗族之义，滋长寇盗之威，实无益于主公。」璋乃叱权曰：「吾意已决，汝何逆吾！」",same_body_paragraph
庞统,赵云,2,1,60,"Chapter 60, P060-023: 正商议间，一人自外突入，汗流满面，大叫曰：「主公若听张松之言，则四十一州郡，已属他人矣！」松大惊；视其人，乃西阆中巴人，姓黄，名权，字公衡，现为刘璋府下主簿。璋问曰：「玄德与我同宗，吾故结之为援；汝何出此言？」权曰：「某素知刘备宽以待人，柔能克刚，英雄莫敌。远得人心，近得民望。兼有诸葛亮，庞统之智谋，关，张，赵云，黄忠，魏延为羽翼。若召到蜀中，以部曲待之，刘备岂肯伏低做小？若以客礼待之，又一国不容二主。今听臣言，则西蜀有泰山之安；不听臣言，则主公有累卵之危矣。张松昨从荆州过，必与刘备同谋。可先斩张松，后绝刘备，则西川万幸也。」璋曰：「曹操，张鲁到来，何以拒之？」权曰：「不如闭境绝塞，棎沟高垒，以待时清。」璋曰：「贼兵犯界，有燃眉之急；若待时清，则是慢计也。」遂不从其言，遣法正行。又一人阻曰：「不可！不可！」 || Chapter 60, P060-028: 于是遂请孔明同议，起兵西行。孔明曰：「荆州重地，必须分兵守之。」玄德曰：「吾与庞士元，黄忠，魏延，前往西川；军师可与关云长，张翼德，赵子龙，守荆州。」孔明应允。于是孔明总守荆州；关公拒襄阳要路，当青泥隘口；张飞领四郡巡江；赵云屯江陵，镇公安。玄德令黄忠为前部，魏延为后军。玄德自与刘封关平在中军，庞统为军师，马步五万，起程西行。",same_body_paragraph
庞统,马腾,2,2,48;57,"Chapter 48, P048-003: 言未毕，徐庶进曰：「庶蒙丞相收录，恨无寸功报效。请得三千人马，星夜往散关把住隘口。如有紧急，再行告报。」操喜曰：「若得元直去，吾无忧矣。散关之上，亦有军兵，公统领之。目下拨三千军步军，命臧霸为先锋，星夜前去，不可稽迟。」徐庶辞了曹操，与臧霸便行。……此便是庞统救徐庶之计。后人有诗曰：曹操征南日日忧，马腾韩遂起戈矛。凤雏一语教徐庶，正似游鱼脱钓钩。 || Chapter 57, P057-019: 早有人报到许昌，言刘备有诸葛亮，庞统为谋士，招军买马，积草屯粮，连结东吴，早晚必兴兵北伐。曹操闻之，遂聚谋士商议南征。荀攸进曰：「周瑜新死，可先取孙权，次攻刘备。」操曰：「我若远征，恐马腾来袭许都。前在赤壁之时，军中有讹言，亦传西凉入寇之事，今不可不防也。」荀攸曰：「以愚所见，不若降诏，加马腾为征南将军，使讨孙权；诱入京师，先除此人，则南征无患矣。」操大喜，即日遣人赍诏至西凉召马腾。",same_body_paragraph
张昭,曹丕,2,2,82;86,"Chapter 82, P082-005: 正言间，忽报诸葛瑾回。权曰：「孤言若何？」张昭满面羞惭而退。瑾见孙权，先主不肯通和之意。权大惊曰：「若如此，则江南危矣！」阶下一人进曰：「某有一计，可解此危。」视之，乃中大夫赵咨也。权曰：「德度有何良策？」咨曰：「主公可作一表，某愿为使，往见魏帝曹丕陈说利害，使袭汉中，则蜀兵自危矣。」权曰：「此计最善。但卿此去，休失了东吴气象。」咨曰：「若有些小差失，即投江而死。安有面目见江南人物乎？」 || Chapter 86, P086-002: 权闻言，不能决，乃问于张昭、顾雍等。昭曰：「陆伯言极有高见，可问之。」权即召陆逊至。逊至，奏曰：「曹丕坐镇中原，急不可图；今若不从，必为雠矣。臣料魏与吴皆无诸葛亮之敌手。今且勉强应允，整军预备，只探听四路如何。若四路兵胜，川中危急，诸葛亮首尾不能救，主上则发兵以应之，先取成都，此为上策；如四路兵败，别作商议。」",same_body_paragraph
张昭,黄盖,2,2,15;44,"Chapter 15, P015-015: 却说张英败回见刘繇，繇怒欲斩之。谋士笮融，薛礼劝免，使屯兵零陵城拒敌。繇自领兵于神亭岭南下营，孙策于岭北下营。策问土人曰：「近山有汉光武庙否？」土人曰：「有庙在岭上。」策曰：「吾夜梦光武召我相见，当往祈之。」长史张昭曰：「不可：岭南乃刘繇寨，倘有伏兵，奈何？」策曰：「神人佑我，吾何惧焉？」遂披挂绰鎗上马，引程普，黄盖，韩当，蒋钦，周泰等共十三骑，出寨上岭，到庙焚香。下马参拜已毕，策向前跪祝曰：「若孙策能于江东立业，复兴故父之基，即当重修庙宇，四时祭祀。」 || Chapter 44, P044-015: 孔明与鲁肃辞出，相别而去。次日清晨，孙权升堂。左边文官张昭、顾雍等三十余人；右边武官程普、黄盖等三十余人。衣冠济济，剑佩锵锵，分班侍立。",same_body_paragraph
张松,杨修,2,1,60,"Chapter 60, P060-005: 松观其人，单眉细眼，貌白神清。问其姓名，乃太尉杨彪之子杨修，字德祖，现为丞相门下掌库主簿。此人博学能言，见识过人。松知修是个舌辩之士，有心难之。修亦自恃其才，小觑天下之士。当时见张松言语讥讽，遂邀出外面书院中，分宾主而坐，谓松曰：「蜀道崎岖，远来劳苦。」松曰：「奉主之命，虽赴汤蹈火，弗敢辞也。」修问：「蜀中风土何如？」松曰：「蜀为西郡，古号益州。路有锦江之险，地连剑阁之雄。回环二百八程，纵横三万余里。鸡鸣犬吠相闻，市井闾阎不断。田肥地美，岁无水旱之忧；国富民丰，时有管弦之乐。所产之物，阜如山积。天下莫可及也！」 || Chapter 60, P060-007: 杨修闻言，满面羞惭，强颜而答曰：「某虽居下寮，丞相委以军政钱粮之重，早晚多蒙丞相教诲，极有开发，故就此职耳。」松笑曰：「松闻曹丞相文不明孔孟之道，武不达孙吴之机，专务强霸而居大位，安能有所教诲，以开发明公耶？」修曰：「公居边隅，安知丞相大才乎？吾试令公观之。」呼左右于箧中取书一卷，以示张松。松观其题曰：「孟德新书」。从头至尾，看了一遍，共一十三篇，皆用兵之要法。",same_body_paragraph
张松,马超,2,1,60,"Chapter 60, P060-001: 却说那进计于刘璋者，乃益州别驾，姓张，名松，字永年。其人生得额镢头尖，鼻偃齿露，身短不满五尺，言语有若铜钟。刘璋问曰：「别驾有何高见，可解张鲁之危？」松曰：「某闻许都曹操，扫荡中原。吕布，二袁，皆为所灭；近又破马超；天下无敌矣。主公可备进献之物，松亲往许都，说曹操兴兵取汉中，以图张鲁。则鲁拒敌不暇，何敢复窥蜀中耶？」 || Chapter 60, P060-003: 却说张松到了许都馆驿中住定，每日去相府伺候，求见曹操。原来曹操自破马超回，傲睨得志，每日饮宴，无事少出，国政皆在相府商议。张松候了三日，方得通过姓名。左右近侍先要贿赂，却才引入。操坐于堂上。松拜毕，操问曰：「汝主刘璋连年不进贡，何也？」松曰：「为路途艰难，贼寇窃发，不能通达。」操叱曰：「吾扫清中原，有何盗贼？」松曰：「南有孙权，北有张鲁，西有刘备，至少者亦带甲十余万，岂得谓太平耶？」",same_body_paragraph
张松,魏延,2,2,60;63,"Chapter 60, P060-023: 正商议间，一人自外突入，汗流满面，大叫曰：「主公若听张松之言，则四十一州郡，已属他人矣！」松大惊；视其人，乃西阆中巴人，姓黄，名权，字公衡，现为刘璋府下主簿。璋问曰：「玄德与我同宗，吾故结之为援；汝何出此言？」权曰：「某素知刘备宽以待人，柔能克刚，英雄莫敌。远得人心，近得民望。兼有诸葛亮，庞统之智谋，关，张，赵云，黄忠，魏延为羽翼。若召到蜀中，以部曲待之，刘备岂肯伏低做小？若以客礼待之，又一国不容二主。今听臣言，则西蜀有泰山之安；不听臣言，则主公有累卵之危矣。张松昨从荆州过，必与刘备同谋。可先斩张松，后绝刘备，则西川万幸也。」璋曰：「曹操，张鲁到来，何以拒之？」权曰：「不如闭境绝塞，棎沟高垒，以待时清。」璋曰：「贼兵犯界，有燃眉之急；若待时清，则是慢计也。」遂不从其言，遣法正行。又一人阻曰：「不可！不可！」 || Chapter 63, P063-004: 玄德见庞统再三催促，乃引军前进。黄忠同魏延接入寨去。庞统问法正曰：「前至雒城，有多少路？」法正画地作图。玄德取张松所遗图本对之，并无差错。法正言：「山北有条有大路，正取雒城东门；山南有条小路，却取雒城西门。两条路俱可进兵。」庞统谓玄德曰：「统令魏延为先锋，取南小路而进；主公令黄忠作先锋，从山北大路而进。并到雒城取齐。」玄德曰：「吾自幼熟于弓马，多行小路。军师可从大路去取东门，吾取西门。」庞统曰：「大路必有军邀拦，主公引兵当之。统取小路。」玄德曰：「军师不可。吾夜梦一神人，手执铁棒击吾右臂，觉来犹自臂痛。此行莫非不佳。」庞统曰：「壮士临阵，不死带伤，理之自然也。何故以梦寐之事疑心乎？」玄德曰：「吾所疑者，孔明之书也。军师还守涪关，如何？」庞统大笑曰：「主公被孔明所惑矣。彼不欲令统独成大功，故作此言以疑主公之心。心疑则致梦，何凶之有？统肝脑涂地，方称本心。主公再勿多言。来早准行。」当日传下号令，军士五更造饭，平明上马。黄忠，魏延领军先行。玄德再与庞统约定，忽坐下马眼生前失，把庞统掀将下来。玄德跳下马，自来笼住那马。玄德曰：「军师何故乘此劣马？」庞统曰：「此马乘久，不曾如此。」玄德曰：「临阵眼生，误人性命。吾所骑白马，性极驯熟。军师可骑，万无一失。劣马吾自乘之。」遂与庞统更换所骑之马。庞统谢曰：「深感主公厚恩。虽万死亦不能报也。」遂各上马取路而进。玄德见庞统去了，心中甚觉不快，怏怏而行。",same_body_paragraph
张松,黄忠,2,2,60;63,"Chapter 60, P060-023: 正商议间，一人自外突入，汗流满面，大叫曰：「主公若听张松之言，则四十一州郡，已属他人矣！」松大惊；视其人，乃西阆中巴人，姓黄，名权，字公衡，现为刘璋府下主簿。璋问曰：「玄德与我同宗，吾故结之为援；汝何出此言？」权曰：「某素知刘备宽以待人，柔能克刚，英雄莫敌。远得人心，近得民望。兼有诸葛亮，庞统之智谋，关，张，赵云，黄忠，魏延为羽翼。若召到蜀中，以部曲待之，刘备岂肯伏低做小？若以客礼待之，又一国不容二主。今听臣言，则西蜀有泰山之安；不听臣言，则主公有累卵之危矣。张松昨从荆州过，必与刘备同谋。可先斩张松，后绝刘备，则西川万幸也。」璋曰：「曹操，张鲁到来，何以拒之？」权曰：「不如闭境绝塞，棎沟高垒，以待时清。」璋曰：「贼兵犯界，有燃眉之急；若待时清，则是慢计也。」遂不从其言，遣法正行。又一人阻曰：「不可！不可！」 || Chapter 63, P063-004: 玄德见庞统再三催促，乃引军前进。黄忠同魏延接入寨去。庞统问法正曰：「前至雒城，有多少路？」法正画地作图。玄德取张松所遗图本对之，并无差错。法正言：「山北有条有大路，正取雒城东门；山南有条小路，却取雒城西门。两条路俱可进兵。」庞统谓玄德曰：「统令魏延为先锋，取南小路而进；主公令黄忠作先锋，从山北大路而进。并到雒城取齐。」玄德曰：「吾自幼熟于弓马，多行小路。军师可从大路去取东门，吾取西门。」庞统曰：「大路必有军邀拦，主公引兵当之。统取小路。」玄德曰：「军师不可。吾夜梦一神人，手执铁棒击吾右臂，觉来犹自臂痛。此行莫非不佳。」庞统曰：「壮士临阵，不死带伤，理之自然也。何故以梦寐之事疑心乎？」玄德曰：「吾所疑者，孔明之书也。军师还守涪关，如何？」庞统大笑曰：「主公被孔明所惑矣。彼不欲令统独成大功，故作此言以疑主公之心。心疑则致梦，何凶之有？统肝脑涂地，方称本心。主公再勿多言。来早准行。」当日传下号令，军士五更造饭，平明上马。黄忠，魏延领军先行。玄德再与庞统约定，忽坐下马眼生前失，把庞统掀将下来。玄德跳下马，自来笼住那马。玄德曰：「军师何故乘此劣马？」庞统曰：「此马乘久，不曾如此。」玄德曰：「临阵眼生，误人性命。吾所骑白马，性极驯熟。军师可骑，万无一失。劣马吾自乘之。」遂与庞统更换所骑之马。庞统谢曰：「深感主公厚恩。虽万死亦不能报也。」遂各上马取路而进。玄德见庞统去了，心中甚觉不快，怏怏而行。",same_body_paragraph
张辽,曹真,2,2,85;86,"Chapter 85, P085-022: 丕大喜，随即密遣能言官四员为使前去；又命曹真为大都督，领兵十万，迳取阳平关。此时张辽等一班旧将，皆封列侯，俱在冀、徐、青及合淝等处，据守关津隘口，故不复调用。却说蜀汉后主刘禅，自即位以来，旧臣多有病亡者，不能细说。凡一应朝廷、选法、钱粮、词讼等事，皆听诸葛丞相裁处。时后主未立皇后。孔明与群臣上言曰：「故车骑将军张飞之女甚贤，年十七岁，可纳为正宫皇后。」后主即纳之。 || Chapter 86, P086-017: 丕从之。于是日夜并工，造龙舟十只，长二十余丈，可容二千余人；收拾战船三千余只。魏黄初五年秋八月，会聚大小将士，令曹真为前部，张辽、张邰、文聘、徐晃等为大将先行，许褚、吕虔为中军护卫，曹休为合后，刘晔、蒋济为参谋。前后水陆军马三十余万，克日起兵。封司马懿为尚书仆射，留在许昌。凡国政大事，并皆听懿决断。",same_body_paragraph
张辽,荀攸,2,2,23;30,"Chapter 23, P023-008: 帝览表，以付曹操。操遂使人召衡至。礼毕，操不命坐。祢衡仰天叹曰：「天地虽阔，何无一人也！」操曰：「吾手下有数十人，皆当世英雄，何谓无人？」衡曰：「愿闻。」操曰：「荀彧，荀攸，郭嘉，程昱，机深智远，虽萧何，陈平不及也。张辽[陈怡妏3]，许褚，乐进，李典，勇不可当，虽岑彭，马武不及也。吕虔，满宠，为从事；于禁，徐晃，为先锋。夏侯惇，天下奇才；曹子孝，世间福将。安得无人？」衡笑曰：「公言差矣。此等人物，吾尽识之：荀彧可使吊丧问疾，荀攸可使看坟守墓，程昱可使关门闭户，郭嘉可使白词念赋，张辽可使击鼓鸣金，许褚可使牧牛放马，乐进可使取状读诏，李典可使传书送檄，吕虔可使磨刀铸剑，满宠可使饮酒食糟，于禁可使负版筑墙，徐晃可使屠猪杀狗。夏侯惇称为『完体将军』，曹子孝呼为『要钱太守』。其余皆是衣架！饭囊！酒桶！肉袋耳！」操怒曰：「汝有何能？」衡曰：「天文地理，无一不通；三教九流，无一不晓；上可以致君为尧、舜，下可以配德于孔、颜。岂与俗子共论乎！」时止有张辽在侧，掣剑欲斩之。操曰：「吾正少一鼓吏；早晚朝贺宴享，可令祢衡充此职。」衡不推辞，应声而去。辽曰：「此人出言不逊，何不杀之？」操曰：「此人素有虚名，远近所闻。今日杀之，天下必谓我不能容物，彼自以为能，故令为鼓吏以辱之。」 || Chapter 30, P030-020: 次日，操自选马步军士五千，准备往乌巢劫粮。张辽曰：「袁绍屯粮之所，安得无备？丞相未可轻往。恐许攸有诈。」操曰：「不然。许攸此来，天败袁绍。今吾军粮不给，难以久持；若不用许攸之计，是坐而待困也。彼若有诈，安肯留我寨中？且吾亦欲劫寨久矣。今劫粮之举，计在必行，君请勿疑。」辽曰：「亦须防袁绍乘虚来袭。」操笑曰：「吾已筹之熟矣。」便教荀攸、贾诩、曹洪同许攸守大寨，夏侯惇、夏侯渊领一军伏于左，曹仁、李典领一军伏于右，以备不虞。教张辽、许褚在前，徐晃、于禁在后，操自引诸将居中，共五千人马，打著袁军旗号，军士皆束草负薪，人衔枚，马勒口，黄昏时分，望乌巢进发。是夜星光满天。",same_body_paragraph
张辽,陈登,2,2,19;24,"Chapter 19, P019-011: 布令遍寻军中，却只不见。宫劝布急投小沛，布从之。行至半路，只见一彪军骤至，视之乃高顺，张辽也。布问之，答曰：「陈登来报说主公被围，今某等急来救解。」宫曰：「此又佞贼之计也。」布怒曰：「吾必杀此贼！」急驱马至小沛。只见城上尽插曹兵旗号。原来曹操已令曹仁袭了城池，引军守把。吕布于城下大骂陈登。登在城上指布骂曰：「吾乃汉臣，安肯事汝反贼耶！」布大怒。正待攻城，忽听背后喊声大起，一队人马来到。当先一将乃是张飞。高顺出马迎敌，不能取胜。布亲自接战。正斗间，阵外喊声复起，曹操亲统大军冲杀前来。 || Chapter 24, P024-019: 且说曹操当夜取了小沛，随即进兵攻徐州。糜竺，简雍，守把不住，只弃城而走。陈登献了徐州。曹操大军入城，安民己毕，随唤众谋士议取下邛。荀彧曰：「云长保护玄德妻小，死守此城；若不速取，恐为袁绍所窃。」操曰：「吾素爱云长武艺人材，欲得之以为己用，不若令人说之使降。」郭嘉曰：「云长义气深重，必不肯降。若使人说之，恐被其害。」帐下一人出曰：「某与关公有一面之交，愿往说之。」众视之，乃张辽也。程昱曰：「文远虽与云长有旧，吾观此人，非可以言词说也。某有一计，使此人进退无路，然后用文远说之，彼必归丞相矣。」正是：整备窝弓射猛虎，安排香饵钓鳌鱼。未知其计若何，且看下文分解。",same_body_paragraph
张辽,黄盖,2,2,49;50,"Chapter 49, P049-036: 曹操回观岸上营寨，几处烟火。黄盖跳在小船上，背后数人驾舟，冒烟突火，来寻曹操，操见势急，方欲跳上岸，忽张辽驾一小脚船，扶操下得船时，那只大船，已自著了。张辽与十数人保护曹操，飞奔岸口。黄盖望见穿绛红袍者下船，料是曹操，乃催船速进，手提利刃，高声大叫：「曹贼休走！黄盖在此！」操叫苦连声。张辽拈弓搭箭，觑著黄盖较近，一箭射去。此时风声正大，黄盖在火光中，那里听得弓弦响？正中肩窝，翻身落水。正是：火厄盛遭水厄，棒疮愈后患金疮。未知黄盖性命如何，且看下文分解。 || Chapter 50, P050-001: 却说当夜张辽一箭射黄盖下水，救得曹操登岸，寻著马匹走时，军已大乱。韩当冒烟突火来攻水寨，忽听得士卒报道：「后梢舵上一人，高叫将军表字。」韩当细听，但闻高叫：「公义救我！」当曰：「此黄公覆也！」急教救起。见黄盖负箭著伤，咬出箭杆，箭头陷在肉内。韩当急为脱去湿衣，用刀剜出箭头，扯旗束之，脱自己战袍与黄盖穿了，先令别船送回大寨医治。原来黄盖深知水性，故大寒之时，和甲堕江，也逃得性命。",same_body_paragraph
张郃,管辂,2,2,69;71,"Chapter 69, P069-027: 曹洪见马超连日不出，恐有诈谋，引军退回南郑。张郃来见曹洪，问曰：「将军既已斩将，如何退兵﹖」洪曰：「吾见马超不出，恐有别谋。且我在邺郡，闻神卜管辂有言，当于此地折一员大将。吾疑此言，故不敢轻进。」张郃大笑曰：「将军行兵半生，今奈何信卜者之言，而惑其心哉？郃虽不才，愿以本部兵取巴西。若得巴西，蜀郡易耳。」洪曰：「巴西守将张飞，非比等闲，不可轻敌。」张郃曰：「人皆怕张飞，吾视之如小儿耳！此去必擒之！」洪曰：「倘有疏失，若何﹖」郃曰：「甘当军命。」洪勒了文状，张郃进兵。正是：自古骄兵多致败，从来轻敌少成功。未知胜负如何，且看下文分解。 || Chapter 71, P071-017: 操令人寻管辂时，不知何处去了。操深恨黄忠，遂亲统率大军，来定军山与夏侯渊报雠，令徐晃作先锋。行到汉水，张郃，杜袭，接著曹操。二将曰：「今定军山已失，可将米仓山粮草移于北山寨中屯积，然后进兵。」曹操依允。",same_body_paragraph
张郃,许攸,2,2,22;30,"Chapter 22, P022-020: 孔融闻之，来见操曰：「袁绍势大，不可与战，只可与和。」荀彧曰：「袁绍无用之人，何必议和？」融曰：「袁绍土广民强。其部下如许攸，郭图，审配，逢纪，皆智谋之士；田丰，沮授，皆忠臣也；颜良，文丑，勇冠三军；其余高览，张郃，淳于琼，等俱世之名将，──何谓绍为无用之人乎？」彧笑曰：「绍兵多而不整；田丰刚而犯上，许攸贪而不智，审配专而无谋，逢纪果而无用，此四人者，势不相容，必生内变。颜良，文丑，匹夫之勇，一战可擒。其余碌碌等辈，纵有百万，何足道哉！」 || Chapter 30, P030-029: 却说袁绍既去了许攸，又去了张郃、高览，又失了乌巢粮，军心皇皇。许攸又劝曹操作速进兵；张郃、高览请为先锋；操从之。即令张郃、高览领兵往劫绍寨。当夜三更时分，出军三路劫寨。混战到明，各自收兵，绍军折其大半。荀攸献计曰：「今可扬言调拨人马，一路取酸枣，攻邺郡；一路取黎阳，断袁兵归路。袁绍闻之，必然惊惶，分兵拒我；我乘其兵动时击之，绍可破也。」",same_body_paragraph
张郃,贾诩,2,1,67,"Chapter 67, P067-004: 言未已，背后一声喊起，箭如雨发。杨昂，杨任分两路杀来。操大惊。许褚大呼曰：「吾当敌贼！徐公明善保主公！」说罢，提刀纵马向前，力敌二将。杨昂，杨任不能当许褚之勇，回马退去，其余不敢向前。徐晃保著曹操奔过山坡，前面又一军到；看时，却是夏侯渊，张郃二将，听得喊声，故引军杀来接应。于是杀退杨昂，杨任，救得曹操回寨。操重赏四将。自此两边相拒，五十余日，只不交战。曹操传令退军。贾诩曰：「贼势未见强弱，主公何故自退耶﹖」操曰：「吾料贼兵每日提备，急难取胜。吾以退军为名，使贼懈而无备，然后分轻骑抄袭其后，必胜贼矣。」贾诩曰：「丞相神机，不可测也。」 || Chapter 67, P067-011: 张郃先出，战了数合便退。夏侯渊也战数合退了。徐晃又战三五合也退了。临后许褚战五十余合亦退。庞德力战四将，并无惧怯。各将皆于操前夸庞德好武艺。曹操心中大喜，与众将商议：「如何得此人降﹖」贾诩曰：「某知张鲁手下，有一谋士杨松。其人极贪贿赂。今可暗以金帛送之，使谮庞德于张鲁，便可图矣。」操曰：「何由得入南郑﹖」诩曰：「来日交锋诈败佯输弃寨而走，使庞德据我寨，我却于夤夜引兵劫寨；庞德必退入城，却选一能言军士，扮作彼军，杂在阵中，便得入城。」",same_body_paragraph
张飞,徐晃,2,2,24;50,"Chapter 24, P024-015: 且说张飞自以为得计，领轻骑在前，突入操寨，但见零零落落，无多人马，四边火光大起，喊声齐举。飞知中计，急出寨外。正东张辽，正西许褚，正南于禁，正北李典，东南徐晃，西南乐进，东北夏侯惇，西北夏侯渊，八处军马杀来。张飞左冲右突，前遮后当；所领军兵原是曹操手下旧军，见事势已急，尽皆投降去了。 || Chapter 50, P050-013: 正说间，前军后军一齐发喊。操大惊，弃甲上马。众军多有不及收马者。早见四下火烟布合山口，一军摆开。为首乃燕人张翼德，横矛立马，大叫：「操贼走那里去！」诸军众将见了张飞，尽皆胆寒。许褚骑无鞍马来战张飞。张辽，徐晃二将，纵马也来夹攻。两边军马混战做一团。操先拨马走脱，诸将各自脱身。张飞从后赶来。操迤逦奔逃，追兵渐远，回顾众将多已带伤。",same_body_paragraph
张飞,曹丕,2,1,81,"Chapter 81, P081-001: 说先主起兵东征。赵云谏曰：「国贼乃曹操，非孙权也。今曹丕篡汉，神人共怒。陛下可早图关中，屯兵渭河上流，以讨凶逆，则关东义士，必包裹粮策马以迎王师；若舍魏以伐吴，兵势一交岂能骤解？愿陛下察之。」先主曰：「孙权害了朕弟；又兼傅士仁、糜芳、潘璋、马忠皆有切齿之雠；啖其肉而灭其族，方雪朕恨。卿何阻耶？」云曰：「汉贼之雠，公也；兄弟之雠，私也。愿以天下为重。」先主答曰：「朕不为弟报雠，虽有万里江山，何足为贵？」遂不听赵云之谏，下令起兵伐吴；且发使往五谿，借番兵五万，共相策应；一面差使往阆中，迁张飞为车骑将军，领司隶校尉，西乡侯，兼阆中牧。使命赍诏而去。 || Chapter 81, P081-024: 却说范疆、张达将张飞首级，投献吴侯，细告前事。孙权听罢，收了二人，乃谓百官曰：「今刘玄德即了帝位，统精兵七十余万，御驾亲征，其势甚急，大如之奈何？」百官尽皆失色，面面相觑。诸葛瑾出曰：「某食君侯之禄久矣；无可报效，愿舍残生，去见蜀主，以利害说之，使两国相和，共讨曹丕之罪。」权大喜，即遣诸葛瑾为使，来说先主罢兵。正是：两国相争通使命，一言解难赖行人。未知诸葛瑾此去如何，且看下文分解。",same_body_paragraph
张飞,管辂,2,1,69,"Chapter 69, P069-013: 操欲封辂为太吏。辂曰：「命薄相穷，不称此职，不敢受也。」操问其故。答曰；「辂额无主骨，眼无守睛；鼻无梁柱，脚无天根；背无三甲，腹无三壬。只可泰山治鬼，不能治生人也。」操曰：「汝相吾若何﹖」辂曰：「位极人臣，又何必相﹖」再三问之，辂但笑而不答。操令辂遍相文武官僚。辂曰：「皆治世之臣也。」操问休咎，皆不肯尽言。后人有诗赞管辂曰：平明神卜管公明，能算南辰北斗星。八卦幽微通鬼窍，六爻玄奥究天庭。预知相法应无寿，」自觉心源极有灵。可惜当年奇异术，后人无复授遗经。操令卜东吴，西蜀二处。辂设卦云：「东吴主亡一大将，西蜀有兵犯界。」操不信。忽合淝报来：「东吴陆口守将鲁肃身故。」操大惊，便差人往汉中探听消息。不数日，飞报：「刘玄德遣张飞，马超屯兵下办取关。」操大怒，便欲自领兵再入汉中，令管辂卜之，辂曰：「大王未可妄动。来春许都必有火灾。」 || Chapter 69, P069-027: 曹洪见马超连日不出，恐有诈谋，引军退回南郑。张郃来见曹洪，问曰：「将军既已斩将，如何退兵﹖」洪曰：「吾见马超不出，恐有别谋。且我在邺郡，闻神卜管辂有言，当于此地折一员大将。吾疑此言，故不敢轻进。」张郃大笑曰：「将军行兵半生，今奈何信卜者之言，而惑其心哉？郃虽不才，愿以本部兵取巴西。若得巴西，蜀郡易耳。」洪曰：「巴西守将张飞，非比等闲，不可轻敌。」张郃曰：「人皆怕张飞，吾视之如小儿耳！此去必擒之！」洪曰：「倘有疏失，若何﹖」郃曰：「甘当军命。」洪勒了文状，张郃进兵。正是：自古骄兵多致败，从来轻敌少成功。未知胜负如何，且看下文分解。",same_body_paragraph
张飞,诸葛瑾,2,2,37;81,"Chapter 37, P037-024: 玄德待其歌罢，上草堂施礼曰：「备久慕先生，无缘拜会。昨因徐元直称荐，敬至仙庄，不遇空回。今特冒风雪而来，得瞻道貌，实为万幸！」那少年慌忙答礼曰：「将军莫非刘豫州，欲见家兄否？」玄德惊讶曰：「先生又非卧龙耶？」少年曰：「某乃卧龙之弟诸葛均也。愚兄弟三人，长兄诸葛瑾，现在江东孙仲谋处为幕宾。孔明乃二家兄。」玄德曰：「卧龙今在家否？」均曰：「昨为崔州平相约，出外闲游去矣。」玄德曰：「何处闲游？」均曰：「或驾小舟，游于江湖之中；或访僧道于山岭之上；或寻朋友于村落之间；或乐琴棋于洞府之内；往来莫测，不知去所。」玄德曰：「刘备直如此缘分浅薄，两番不遇大贤！」均曰：「小坐献茶。」张飞曰：「那先生既不在，请哥哥上马。」玄德曰：「我既到此间，如何无一语而回？」因问诸葛均曰：「闻令兄卧龙先生熟谙韬略，日看兵书，可得闻乎？」均曰：「不知。」张飞曰：「问他则甚！风雪甚紧，不如早归。」玄德叱止之。均曰：「家兄不在，不敢久留车骑；容日却来回礼。」玄德曰：「岂敢望先生枉驾。数日之后，备当再至。愿借纸笔作一书，留达令兄，以表刘备慇懃之意。」均遂进文房四宝。玄德呵开冻笔，拂展云笺，写书曰： || Chapter 81, P081-024: 却说范疆、张达将张飞首级，投献吴侯，细告前事。孙权听罢，收了二人，乃谓百官曰：「今刘玄德即了帝位，统精兵七十余万，御驾亲征，其势甚急，大如之奈何？」百官尽皆失色，面面相觑。诸葛瑾出曰：「某食君侯之禄久矣；无可报效，愿舍残生，去见蜀主，以利害说之，使两国相和，共讨曹丕之罪。」权大喜，即遣诸葛瑾为使，来说先主罢兵。正是：两国相争通使命，一言解难赖行人。未知诸葛瑾此去如何，且看下文分解。",same_body_paragraph
徐庶,马腾,2,1,48,"Chapter 48, P048-002: 且说徐庶当晚密使近人去各寨中暗布谣言。次日，寨中三三五五，交头接耳而说。早有探事人报知曹操，说：「军中传言西凉州韩遂，马腾谋反，杀奔许都来。」操大惊，急聚众谋士商议曰：「吾引兵南征，心中所忧者，韩遂，马腾耳。军中谣言，虽未辨虚实，然不可不防。」 || Chapter 48, P048-003: 言未毕，徐庶进曰：「庶蒙丞相收录，恨无寸功报效。请得三千人马，星夜往散关把住隘口。如有紧急，再行告报。」操喜曰：「若得元直去，吾无忧矣。散关之上，亦有军兵，公统领之。目下拨三千军步军，命臧霸为先锋，星夜前去，不可稽迟。」徐庶辞了曹操，与臧霸便行。……此便是庞统救徐庶之计。后人有诗曰：曹操征南日日忧，马腾韩遂起戈矛。凤雏一语教徐庶，正似游鱼脱钓钩。",same_body_paragraph
徐晃,荀彧,2,2,14;23,"Chapter 14, P014-022: 操自封为大将军武平侯，以荀彧为侍中尚书令；荀攸为军师；郭嘉为司马祭酒；刘晔为司空掾曹；毛玠，任峻为典农中郎将，催督钱粮；程昱为东平相，范成，董昭为洛阳令；满宠为许都令；夏侯惇，夏侯渊，曹仁，曹洪皆为将军；吕虔，李典，乐进，于禁，徐晃，皆为校尉；许褚，典韦，皆为都尉；其余将士，各各封官。自此大权皆归于曹操。朝廷大务，先禀曹操，然后方奏天子。 || Chapter 23, P023-008: 帝览表，以付曹操。操遂使人召衡至。礼毕，操不命坐。祢衡仰天叹曰：「天地虽阔，何无一人也！」操曰：「吾手下有数十人，皆当世英雄，何谓无人？」衡曰：「愿闻。」操曰：「荀彧，荀攸，郭嘉，程昱，机深智远，虽萧何，陈平不及也。张辽[陈怡妏3]，许褚，乐进，李典，勇不可当，虽岑彭，马武不及也。吕虔，满宠，为从事；于禁，徐晃，为先锋。夏侯惇，天下奇才；曹子孝，世间福将。安得无人？」衡笑曰：「公言差矣。此等人物，吾尽识之：荀彧可使吊丧问疾，荀攸可使看坟守墓，程昱可使关门闭户，郭嘉可使白词念赋，张辽可使击鼓鸣金，许褚可使牧牛放马，乐进可使取状读诏，李典可使传书送檄，吕虔可使磨刀铸剑，满宠可使饮酒食糟，于禁可使负版筑墙，徐晃可使屠猪杀狗。夏侯惇称为『完体将军』，曹子孝呼为『要钱太守』。其余皆是衣架！饭囊！酒桶！肉袋耳！」操怒曰：「汝有何能？」衡曰：「天文地理，无一不通；三教九流，无一不晓；上可以致君为尧、舜，下可以配德于孔、颜。岂与俗子共论乎！」时止有张辽在侧，掣剑欲斩之。操曰：「吾正少一鼓吏；早晚朝贺宴享，可令祢衡充此职。」衡不推辞，应声而去。辽曰：「此人出言不逊，何不杀之？」操曰：「此人素有虚名，远近所闻。今日杀之，天下必谓我不能容物，彼自以为能，故令为鼓吏以辱之。」",same_body_paragraph
徐晃,董承,2,2,13;14,"Chapter 13, P013-026: 郭汜败了一阵，次日又点军杀至营前来，徐晃当先出马。郭汜大军八面围来，将天子，杨奉，困在垓心。正在危急之中，忽然东南上喊声大震，一将引军纵马杀来。贼众奔溃。徐晃乘势攻击，大败汜军。那人来见天子，乃国戚董承也。帝哭诉前事。承曰：「陛下免忧。臣与杨将军誓斩二贼，以靖天下。」帝命早赴东都。连夜驾起，前幸弘农。 || Chapter 14, P014-021: 曹操收军回营，满宠引徐晃入见。操大喜，厚待之。于是迎銮驾到许都，盖造宫室殿宇，立宗庙社稷、省台司院衙门，修城郭府库；封董承等十三人为列侯。赏功罚罪，并听曹操处置。",same_body_paragraph
徐晃,许攸,2,2,30;32,"Chapter 30, P030-020: 次日，操自选马步军士五千，准备往乌巢劫粮。张辽曰：「袁绍屯粮之所，安得无备？丞相未可轻往。恐许攸有诈。」操曰：「不然。许攸此来，天败袁绍。今吾军粮不给，难以久持；若不用许攸之计，是坐而待困也。彼若有诈，安肯留我寨中？且吾亦欲劫寨久矣。今劫粮之举，计在必行，君请勿疑。」辽曰：「亦须防袁绍乘虚来袭。」操笑曰：「吾已筹之熟矣。」便教荀攸、贾诩、曹洪同许攸守大寨，夏侯惇、夏侯渊领一军伏于左，曹仁、李典领一军伏于右，以备不虞。教张辽、许褚在前，徐晃、于禁在后，操自引诸将居中，共五千人马，打著袁军旗号，军士皆束草负薪，人衔枚，马勒口，黄昏时分，望乌巢进发。是夜星光满天。 || Chapter 32, P032-025: 尚情知西山守不住，夜走溢口。安营未定，四下火光并起，伏兵齐出，人不及甲，马不及鞍。尚军大溃，退走五十里，势穷力极，只得遣豫州刺史阴夔至操营请降。操佯许之，却连夜使张辽、徐晃去劫寨。尚尽弃印绶节钺，衣甲辎重，望中山而逃。操回军攻冀州。许攸献计曰：「何不决漳河之水以渰之？」",same_body_paragraph
徐晃,郭嘉,2,2,14;23,"Chapter 14, P014-022: 操自封为大将军武平侯，以荀彧为侍中尚书令；荀攸为军师；郭嘉为司马祭酒；刘晔为司空掾曹；毛玠，任峻为典农中郎将，催督钱粮；程昱为东平相，范成，董昭为洛阳令；满宠为许都令；夏侯惇，夏侯渊，曹仁，曹洪皆为将军；吕虔，李典，乐进，于禁，徐晃，皆为校尉；许褚，典韦，皆为都尉；其余将士，各各封官。自此大权皆归于曹操。朝廷大务，先禀曹操，然后方奏天子。 || Chapter 23, P023-008: 帝览表，以付曹操。操遂使人召衡至。礼毕，操不命坐。祢衡仰天叹曰：「天地虽阔，何无一人也！」操曰：「吾手下有数十人，皆当世英雄，何谓无人？」衡曰：「愿闻。」操曰：「荀彧，荀攸，郭嘉，程昱，机深智远，虽萧何，陈平不及也。张辽[陈怡妏3]，许褚，乐进，李典，勇不可当，虽岑彭，马武不及也。吕虔，满宠，为从事；于禁，徐晃，为先锋。夏侯惇，天下奇才；曹子孝，世间福将。安得无人？」衡笑曰：「公言差矣。此等人物，吾尽识之：荀彧可使吊丧问疾，荀攸可使看坟守墓，程昱可使关门闭户，郭嘉可使白词念赋，张辽可使击鼓鸣金，许褚可使牧牛放马，乐进可使取状读诏，李典可使传书送檄，吕虔可使磨刀铸剑，满宠可使饮酒食糟，于禁可使负版筑墙，徐晃可使屠猪杀狗。夏侯惇称为『完体将军』，曹子孝呼为『要钱太守』。其余皆是衣架！饭囊！酒桶！肉袋耳！」操怒曰：「汝有何能？」衡曰：「天文地理，无一不通；三教九流，无一不晓；上可以致君为尧、舜，下可以配德于孔、颜。岂与俗子共论乎！」时止有张辽在侧，掣剑欲斩之。操曰：「吾正少一鼓吏；早晚朝贺宴享，可令祢衡充此职。」衡不推辞，应声而去。辽曰：「此人出言不逊，何不杀之？」操曰：「此人素有虚名，远近所闻。今日杀之，天下必谓我不能容物，彼自以为能，故令为鼓吏以辱之。」",same_body_paragraph
徐晃,郭汜,2,2,13;14,"Chapter 13, P013-026: 郭汜败了一阵，次日又点军杀至营前来，徐晃当先出马。郭汜大军八面围来，将天子，杨奉，困在垓心。正在危急之中，忽然东南上喊声大震，一将引军纵马杀来。贼众奔溃。徐晃乘势攻击，大败汜军。那人来见天子，乃国戚董承也。帝哭诉前事。承曰：「陛下免忧。臣与杨将军誓斩二贼，以靖天下。」帝命早赴东都。连夜驾起，前幸弘农。 || Chapter 14, P014-001: 却说李乐引军诈称李傕、郭汜来追车驾，天子大惊。杨奉曰：「此李乐也。」遂令徐晃出迎之，李乐亲自出战。两马相交，只一合，被徐晃一斧砍于马下，杀散余党，保护车驾过箕关。太守张扬具粟帛迎驾于轵道。帝封张扬为大司马。杨辞帝屯兵野王去了。",same_body_paragraph
徐晃,陈宫,2,1,19,"Chapter 19, P019-038: 布从睡梦中惊醒，急唤左右，却都被二人杀散，把白旗一招，曹兵齐至城下。魏续大叫：「已生擒吕布矣！」夏侯渊尚未信。宋宪在掷下吕布画戟来，大开城门，曹兵一拥而入。高顺，张辽在西门，水围难出。为曹兵所擒。陈宫奔至南门，为徐晃所获。 || Chapter 19, P019-040: 布默然。须臾，众拥高顺至。操问曰：「汝有何言？」顺不答。操怒命斩之。徐晃解陈宫至。操曰：「公台别来无恙？」宫曰：「汝心术不正，吾故弃汝！」操曰：「吾心不正，公又奈何独事吕布？」宫曰：「布虽无谋，不似你诡诈奸险。」操曰：「公自谓足智多谋，今竟何如？」宫顾吕布曰：「恨此人不从吾言！若从吾言，未必被擒也。」操曰：「今日之事当如何？」宫大声曰：「今日有死而已！」操曰：「公如是，奈公之老母妻子何？」宫曰：「吾闻以孝治天下者，不害人之亲；施仁政于天下者，不绝人之祀。老母妻子之存亡，亦在于明公耳。吾身既被擒，请即就戮，并无挂念。」",same_body_paragraph
曹丕,赵云,2,2,81;86,"Chapter 81, P081-001: 说先主起兵东征。赵云谏曰：「国贼乃曹操，非孙权也。今曹丕篡汉，神人共怒。陛下可早图关中，屯兵渭河上流，以讨凶逆，则关东义士，必包裹粮策马以迎王师；若舍魏以伐吴，兵势一交岂能骤解？愿陛下察之。」先主曰：「孙权害了朕弟；又兼傅士仁、糜芳、潘璋、马忠皆有切齿之雠；啖其肉而灭其族，方雪朕恨。卿何阻耶？」云曰：「汉贼之雠，公也；兄弟之雠，私也。愿以天下为重。」先主答曰：「朕不为弟报雠，虽有万里江山，何足为贵？」遂不听赵云之谏，下令起兵伐吴；且发使往五谿，借番兵五万，共相策应；一面差使往阆中，迁张飞为车骑将军，领司隶校尉，西乡侯，兼阆中牧。使命赍诏而去。 || Chapter 86, P086-023: 却说魏王驾龙舟至广陵，前部曹真已领兵列于大江之岸。曹丕问曰：「江岸有多少兵？」真曰：「隔岸远望，并不见一人，亦无旌旗营寨。」丕曰：「此必诡计也。朕自往观其虚实。」于是大开江道，放龙舟直至大江，泊于江岸。船上建龙凤日月五色旌旗，銮仪簇拥，光耀射目。曹丕端坐舟中，遥望江南，不见一人，回顾刘晔、蒋济曰：「可渡江否？」晔曰：「兵法实实虚虚。彼见大军至，如何不作整备？陛下未可造次。且待三五日，看其动静，然后发先锋渡江以探之。」丕曰：「卿言正合朕意。」是日天晚，宿于江中。当夜月黑。军士皆执灯火，明耀天地，恰如白昼。遥望江南，并不见半点儿火光。丕问左右曰：「此何故也？」近臣奏曰：「想闻陛下天兵来到，故望风逃窜耳。」丕暗笑。及至天晓，大雾迷漫，对面不见。须臾风起，雾散云收，望见江南一带皆是连城；城楼上鎗刀耀日，遍城尽插旌旗号带。顷刻数次人来报：「南徐沿江一带，直至石头城：一连数百里，城郭舟车，连绵不绝，一夜成就。」曹丕大惊。原来徐盛束缚芦苇为人，尽穿青衣，执旌旗，立于假城疑楼之上。魏兵见城上许多人马，如何不胆寒？丕叹曰：「魏虽有武士千群，无所用之。江南人物，未可图也！」正惊讶间，忽然狂风大作，白浪滔天，江水溅湿龙袍，大船将覆。曹真慌令文聘撑小舟急来救驾。龙舟上人站立不住。文聘跳上龙舟，负丕下得小舟，奔入河港。忽流星马报道：「赵云引兵出阳平关，迳取长安。」丕听得，大惊失色，便教收军。众军各自奔走。背后吴兵追至。丕传旨教尽弃御用之物而走。龙舟将次入淮，忽然鼓角齐鸣，喊声大震，刺斜里一彪军杀到；为首大将，乃孙韶也。魏兵不能抵当，折其大半，渰死者无数。",same_body_paragraph
曹丕,顾雍,2,1,86,"Chapter 86, P086-002: 权闻言，不能决，乃问于张昭、顾雍等。昭曰：「陆伯言极有高见，可问之。」权即召陆逊至。逊至，奏曰：「曹丕坐镇中原，急不可图；今若不从，必为雠矣。臣料魏与吴皆无诸葛亮之敌手。今且勉强应允，整军预备，只探听四路如何。若四路兵胜，川中危急，诸葛亮首尾不能救，主上则发兵以应之，先取成都，此为上策；如四路兵败，别作商议。」 || Chapter 86, P086-018: 不说魏兵起程。却说东吴细作探知此事，报入吴国。近臣慌奏吴王曰：「今魏王曹丕，亲自乘驾龙舟，提水陆大军三十余万，从蔡颍出淮，必取广陵，渡江来下江南，甚为利害。」孙权大惊，即聚众文武商议。顾雍曰：「今主上既与西蜀连和，可修书与诸葛孔明，令起兵出汉中，以分其势；一面遣一大将，屯兵南徐以拒之。」权曰：「非陆伯言不可当此重任。」雍曰：「陆伯言镇守荆州，不可轻动。」权曰：「孤非不知：奈眼前无替力之人。」",same_body_paragraph
曹叡,曹操,2,2,91;106,"Chapter 91, P091-027: 众视之，乃夏侯渊之子夏侯楙也。楙字子休﹔其性最急，又最吝。自幼嗣与夏侯惇为子。后夏侯渊为黄忠所斩，曹操怜之，以女清河公主招楙为驸马，因此朝中钦敬。虽掌兵权，未尝临阵。当时自请出征，曹叡即命为大都督，调关西诸路军马前去破敌。 || Chapter 106, P106-001: 却说公孙渊乃辽东公孙度之孙，公孙康之子也。建安十二年，曹操追袁尚，未到辽东，康斩尚首级献操，操封康为襄平侯，后康死，有二子：长曰晃，次曰渊，一皆幼；康弟公孙恭继职。曹丕时封恭为车骑将军襄平侯。太和二年，渊长大，文武兼备，性刚好斗，夺其叔公孙恭之位，曹叡封渊为扬烈将军辽东太守。后孙权遗张弥、许宴赍金宝珍玉赴辽东，封渊为燕王。渊惧中原，乃斩张、许二人，送首与曹叡。叡封渊为大司马乐浪公。渊心不足，与众商议，自号为燕王，改元绍汉元年。副将贾范谏曰：「中原待主公以上公之爵，不为卑贱；今若背反，实为不顺。更兼司马懿善能用兵，西蜀诸葛武侯且不能取胜，何况主公呼？」",same_body_paragraph
曹操,王允,2,2,4;120,"Chapter 4, P004-016: 王允得书，寻思无计。一日，于侍班阁子内见旧臣俱在，允曰：「今日老夫贱降，晚间敢屈众位到舍小酌。」众官皆曰：「必来祝寿。」当晚王允设宴后堂，公卿皆至。酒行数巡，王允忽然掩面大哭。众官惊问曰：「司徒贵诞，何故发悲？」允曰：「今日并非贱降，因欲与众位一叙，恐董卓见疑，故托言耳。董卓欺主弄权，社稷旦夕难保。想高皇诛秦灭楚，奄有天下；谁想传至今日，乃丧于董卓之手：此吾所以哭也。」于是众官皆哭。坐中一人抚掌大笑曰：「满朝公卿，夜哭到明，明哭到夜，还能哭死董卓否？」允视之，乃骁骑校尉曹操也。允怒曰：「汝祖宗亦食禄汉朝，今不思报国而反笑耶？」操曰：「吾非笑别事，笑众位无一计杀董卓耳。操虽不才，愿即断董卓头，悬之都门，以谢天下。」允避席问曰：「孟德有何高见？」操曰：「近日操屈身以事卓者，实欲乘间图之耳。今卓颇信操，操因得时近卓。闻司徒有七星宝刀一口，愿借与操入相府刺杀之，虽死不恨！」允曰：「孟德果有是心，天下幸甚！」遂亲自酌酒奉操。操沥酒设誓，允随取宝刀与之。操藏刀，饮酒毕，即起身辞别众官而去。众官又坐了一回，亦俱散讫。 || Chapter 120, P120-047: 高祖提剑入咸阳，炎炎红日升扶桑。光武龙兴成大统，金乌飞上天中央。哀哉献帝绍海宇，红轮西坠咸池傍！何进无谋中贵乱，凉州董卓居朝堂。王允定计诛逆党，李傕郭泛兴刀枪。四方盗贼如蚁聚，六合奸雄皆鹰扬。孙坚孙策起江左，袁绍袁术兴河梁。刘焉父子据巴蜀，刘表军旅屯荆襄。张修张鲁霸南郑，马腾韩遂守西凉。陶谦张绣公孙瓒，各逞雄才占一方。曹操专权居相府，牢笼英俊用文武。威震天子令诸侯，总领貔貅镇中土。楼桑玄德本皇孙，义结关张愿扶主。东西奔走恨无家，将寡兵微作羁旅。南阳三顾情可深，卧龙一见分寰宇。先取荆州后取川，霸业王图在天府。呜呼三载逝升遐，白帝托孤堪痛楚！孔明六出祁山前，愿以只手将天补。何期历数到此终，长星半夜落山坞！姜维独凭气力高，九伐中原空劬劳。钟会邓艾分兵进，汉室江山尽属曹。丕、叡、芳、髦才及奂，司马又将天下交。受禅台前云雾起，石头城下无波涛。陈留归命与安乐，王侯公爵从根苗。纷纷世事无穷尽，天数茫茫不可逃。鼎足三分已成梦，后人凭吊空牢骚。",same_body_paragraph
曹洪,程昱,2,2,14;24,"Chapter 14, P014-022: 操自封为大将军武平侯，以荀彧为侍中尚书令；荀攸为军师；郭嘉为司马祭酒；刘晔为司空掾曹；毛玠，任峻为典农中郎将，催督钱粮；程昱为东平相，范成，董昭为洛阳令；满宠为许都令；夏侯惇，夏侯渊，曹仁，曹洪皆为将军；吕虔，李典，乐进，于禁，徐晃，皆为校尉；许褚，典韦，皆为都尉；其余将士，各各封官。自此大权皆归于曹操。朝廷大务，先禀曹操，然后方奏天子。 || Chapter 24, P024-007: 操谕监宫官曰：「今后但有外戚宗族，不奉吾旨，辄入宫门者斩。守御不严，与同罪。」又拨心腹人三千充御林军，令曹洪统领，以为防察。操谓程昱曰：「今董承等虽诛，尚有马腾，刘备，亦在此数，不可不除。」昱曰：「马腾屯军西凉，未可轻取；但当以书慰劳，勿使生疑，诱入京师图之，可也。刘备现在徐州，分布掎角之势，亦不可轻敌。况今袁绍屯兵官渡，常有图许都之心。若我一旦东征，刘备势必求救于绍。绍趁虚来袭，何以当之？」操曰：「非也，备乃人杰也。今若不击，待其羽翼既成，急难图矣。袁绍虽强，事多怀疑不决，何足忧乎？」",same_body_paragraph
曹洪,荀攸,2,2,14;30,"Chapter 14, P014-022: 操自封为大将军武平侯，以荀彧为侍中尚书令；荀攸为军师；郭嘉为司马祭酒；刘晔为司空掾曹；毛玠，任峻为典农中郎将，催督钱粮；程昱为东平相，范成，董昭为洛阳令；满宠为许都令；夏侯惇，夏侯渊，曹仁，曹洪皆为将军；吕虔，李典，乐进，于禁，徐晃，皆为校尉；许褚，典韦，皆为都尉；其余将士，各各封官。自此大权皆归于曹操。朝廷大务，先禀曹操，然后方奏天子。 || Chapter 30, P030-020: 次日，操自选马步军士五千，准备往乌巢劫粮。张辽曰：「袁绍屯粮之所，安得无备？丞相未可轻往。恐许攸有诈。」操曰：「不然。许攸此来，天败袁绍。今吾军粮不给，难以久持；若不用许攸之计，是坐而待困也。彼若有诈，安肯留我寨中？且吾亦欲劫寨久矣。今劫粮之举，计在必行，君请勿疑。」辽曰：「亦须防袁绍乘虚来袭。」操笑曰：「吾已筹之熟矣。」便教荀攸、贾诩、曹洪同许攸守大寨，夏侯惇、夏侯渊领一军伏于左，曹仁、李典领一军伏于右，以备不虞。教张辽、许褚在前，徐晃、于禁在后，操自引诸将居中，共五千人马，打著袁军旗号，军士皆束草负薪，人衔枚，马勒口，黄昏时分，望乌巢进发。是夜星光满天。",same_body_paragraph
曹洪,董承,2,2,24;78,"Chapter 24, P024-007: 操谕监宫官曰：「今后但有外戚宗族，不奉吾旨，辄入宫门者斩。守御不严，与同罪。」又拨心腹人三千充御林军，令曹洪统领，以为防察。操谓程昱曰：「今董承等虽诛，尚有马腾，刘备，亦在此数，不可不除。」昱曰：「马腾屯军西凉，未可轻取；但当以书慰劳，勿使生疑，诱入京师图之，可也。刘备现在徐州，分布掎角之势，亦不可轻敌。况今袁绍屯兵官渡，常有图许都之心。若我一旦东征，刘备势必求救于绍。绍趁虚来袭，何以当之？」操曰：「非也，备乃人杰也。今若不击，待其羽翼既成，急难图矣。袁绍虽强，事多怀疑不决，何足忧乎？」 || Chapter 78, P078-018: 次日，觉气冲上焦，目不见物，急召夏侯惇商议。惇至殿门前，忽见伏皇后、董贵人、二皇子、伏完、董承等，立在阴云之中。惇大惊昏倒，左右扶出，自此得病。操召曹洪、陈群、贾诩、司马懿等，同至卧榻前，嘱以后事。曹洪等顿首曰：「大王善保玉体，不日定当霍然。」操曰：「孤纵横天下三十余年，群雄皆灭，止有江东孙权，西蜀刘备，未曾剿除。孤今病危，不能再与卿等相叙，特以家事相托：孤长子曹昂，刘氏所生，不幸早年殁于宛城。今卞氏生四子：丕、彰、植、熊。孤平生所爱第三子植，为人虚华少诚实，嗜酒放纵，因此不立；次子曹彰，勇而无谋；四子曹熊，多病难保；惟长子曹丕，笃厚恭谨，可继我业。卿等宜辅佐之。」",same_body_paragraph
曹洪,许攸,2,2,30;32,"Chapter 30, P030-020: 次日，操自选马步军士五千，准备往乌巢劫粮。张辽曰：「袁绍屯粮之所，安得无备？丞相未可轻往。恐许攸有诈。」操曰：「不然。许攸此来，天败袁绍。今吾军粮不给，难以久持；若不用许攸之计，是坐而待困也。彼若有诈，安肯留我寨中？且吾亦欲劫寨久矣。今劫粮之举，计在必行，君请勿疑。」辽曰：「亦须防袁绍乘虚来袭。」操笑曰：「吾已筹之熟矣。」便教荀攸、贾诩、曹洪同许攸守大寨，夏侯惇、夏侯渊领一军伏于左，曹仁、李典领一军伏于右，以备不虞。教张辽、许褚在前，徐晃、于禁在后，操自引诸将居中，共五千人马，打著袁军旗号，军士皆束草负薪，人衔枚，马勒口，黄昏时分，望乌巢进发。是夜星光满天。 || Chapter 32, P032-018: 正说间，适许攸自许昌来；闻尚又攻谭，入见操曰：「丞相坐守于此，岂欲待天雷击杀二袁乎？」操笑曰：「吾已料定矣。」遂令曹洪先进兵攻邺，操自引一军来攻尹楷。兵临本境，楷引军来迎。楷出马，操曰：「许仲康安在？」许褚应声而出，纵马直取尹楷。楷措手不及，被许褚一刀斩于马下，余众奔溃。操尽招降之，即勒兵取邯郸。沮鹄进兵来迎。张辽出马，与鹄交锋，战不三合，鹄大败，辽从后追赶。两马相离不远，辽急取弓射之，应弦落马。操指挥军马掩杀，众皆奔散。",same_body_paragraph
曹洪,赵云,2,1,41,"Chapter 41, P041-039: 赵云见夫人已死，恐曹军盗尸，便将土墙推倒，掩盖枯井。掩讫，解开勒甲★（音条，左糸，右条。），放下掩心镜，将阿斗抱护在怀，绰枪上马。早有一将，引一队步军至，乃曹洪部将晏明也，持三尖两刃刀来战赵云。不三合，被赵云一枪刺倒，杀散众军，冲开一条路。 || Chapter 41, P041-043: 却说曹操在景山顶上，望见一将，所到之处，威不可当，急问左右是谁。曹洪飞马下山大叫曰：「军中战将可留姓名！」云应声曰：「吾乃常山赵子龙也！」曹洪回报曹操。操曰：「真虎将也！吾当生致之。」遂令飞马传报各处：「如赵云到，不许放冷箭，只要捉活的。」因此赵云得脱此难。此亦阿斗之福所致也。",same_body_paragraph
曹洪,郭嘉,2,2,14;33,"Chapter 14, P014-022: 操自封为大将军武平侯，以荀彧为侍中尚书令；荀攸为军师；郭嘉为司马祭酒；刘晔为司空掾曹；毛玠，任峻为典农中郎将，催督钱粮；程昱为东平相，范成，董昭为洛阳令；满宠为许都令；夏侯惇，夏侯渊，曹仁，曹洪皆为将军；吕虔，李典，乐进，于禁，徐晃，皆为校尉；许褚，典韦，皆为都尉；其余将士，各各封官。自此大权皆归于曹操。朝廷大务，先禀曹操，然后方奏天子。 || Chapter 33, P033-023: 并州既定，操商议西击乌桓。曹洪等曰：「袁熙、袁尚兵败将亡，势穷力尽。远投沙漠。我今引兵西击，倘刘备、刘表乘虚袭许都，我救应不及，为祸不浅矣。请回师勿进为上。」郭嘉曰：「诸公所言差矣：主公虽威震天下，沙漠之人，恃其边远，必不设备；乘其无备，卒然击之，必可破也。且袁绍与乌桓有恩，而尚与熙兄弟犹存，不可不除。刘表坐谈之客耳，自知才不足以御刘备，重任之，则恐不能制；轻任之，则备不为用。虽虚国远征，公无忧也。」操曰：「奉孝之言极是。」",same_body_paragraph
曹洪,郭淮,2,1,70,"Chapter 70, P070-015: 洪见张郃只剩十余人，大怒曰：「吾教汝休去，汝取下文状要去；今日折尽大兵，尚不自死，还来做甚！」喝令左右推出斩之。行军司马郭淮谏曰：「『三军易得，一将难求』张郃虽然有罪，乃魏王所深爱者也，不可便诛。可再与五千兵迳取葭萌关，牵动其各处之兵，汉中自安矣。如不成功，二罪俱罚。」曹洪从之，又与兵五千，教张郃取葭萌关。郃领命而去。 || Chapter 70, P070-019: 两个商议定了，黄忠引军下关，与张郃对阵：张郃出马，见了黄忠，笑曰：「你许大年纪，犹不识羞，尚欲出战耶！」忠怒曰：「竖子欺我年老！吾手中宝刀却不老！」遂拍马向前与郃决战。二马相交，约战二十余合，忽然背后喊声起。原来是严颜从小路抄在张郃军后。两军夹攻，张郃大败。连夜赶去，张郃兵退八九十里。黄忠，严颜，收兵入寨，俱各按兵不动。曹洪听知张郃轮了一阵，又欲见罪。郭淮曰：「张郃被逼，必投西蜀；今可遣将助之，就近监督，使不生外心。」",same_body_paragraph
曹洪,马腾,2,2,24;57,"Chapter 24, P024-007: 操谕监宫官曰：「今后但有外戚宗族，不奉吾旨，辄入宫门者斩。守御不严，与同罪。」又拨心腹人三千充御林军，令曹洪统领，以为防察。操谓程昱曰：「今董承等虽诛，尚有马腾，刘备，亦在此数，不可不除。」昱曰：「马腾屯军西凉，未可轻取；但当以书慰劳，勿使生疑，诱入京师图之，可也。刘备现在徐州，分布掎角之势，亦不可轻敌。况今袁绍屯兵官渡，常有图许都之心。若我一旦东征，刘备势必求救于绍。绍趁虚来袭，何以当之？」操曰：「非也，备乃人杰也。今若不击，待其羽翼既成，急难图矣。袁绍虽强，事多怀疑不决，何足忧乎？」 || Chapter 57, P057-028: 次日，马腾领著西凉兵马，将次近城，只见前面一簇红旗，打著丞相旗号。马腾只道曹操自来点军，拍马向前。忽听得一声砲响，红旗开处，弓弩齐发。一将当先，乃曹洪也。马腾急拨马回时，两下喊声又起。左边许褚杀来，右边夏侯渊杀来，后面又是徐晃领兵杀至，截断西凉军马，将马腾父子三人困在垓心。",same_body_paragraph
曹洪,魏延,2,1,70,"Chapter 70, P070-014: 却说张郃为救军不到，心中正闷。人报：「魏延在关下攻打。张郃披挂上马，却待下山，忽报：「关后四五路火起，不知何处兵来。」郃自领兵来迎。旗开处，早见张飞。郃大惊，急往小路而走，马不堪行。后面张飞追赶甚急，郃弃马上山，寻迳而逃，方得走脱。随行只有十余人，步行入南郑，见曹洪。 || Chapter 70, P070-020: 曹洪从之，即遣夏侯惇之姪夏侯尚，并降将韩玄之弟韩浩，二人引五千兵，前来助战。二将即时起行，到张郃寨中，问及军情。郃言：「老将黄忠，甚是英雄；更有严颜相助，不可轻敌。」韩浩曰：「我在长沙知此老贼利害。他和魏延献了城池，害吾亲兄，今既相遇，必当报雠。」遂与夏侯尚，引新军离寨前进。",same_body_paragraph
曹真,诸葛瑾,2,1,85,"Chapter 85, P085-005: 丕曰：「朕意已决，卿勿复言。」遂引御林军亲往接应三路兵马。早有哨马报说东吴已有准备：令吕范引兵拒住曹休，诸葛瑾引兵在南郡拒住曹真，朱桓引兵当住濡须以拒曹仁。刘晔曰：「既有准备，去恐无益。」丕不从，引兵而去。 || Chapter 85, P085-009: 正议之间，忽探马报：「曹真、夏侯尚围了南郡，被陆逊伏兵于内，诸葛瑾伏兵于外，内外夹攻，因此大败。」言未毕，忽探马又报：「曹休亦被吕范杀败。」丕听知三路兵败，乃喟然叹曰：「朕不听贾诩、刘晔之言，果有此败！」时值夏天，大疫流行，马步军十死六七，遂引军回洛阳。吴、魏自此不和。",same_body_paragraph
曹真,马超,2,2,85;86,"Chapter 85, P085-027: 后主听罢，又惊又喜，曰：「相父果有鬼神不测之机也！愿闻退兵之策。」孔明曰：「先帝以陛下付托与臣，臣安敢旦夕怠慢？成都众官，皆不晓兵法之妙，贵在使人不测，岂可泄漏于人？老臣先知西番国王轲比能，引兵犯西平关；臣料马超积祖西川人氏，素得羌人之心，羌人以超为神威大将军；臣已先遣一人，星夜驰檄，令马超紧守西平关，伏四路奇兵，每日交换，以兵拒之：此一路不必忧矣。又南蛮孟获，兵犯四邵，臣亦飞檄遣魏延领一军左出右入，右出左入，为疑兵之计；蛮兵惟勇力，其心多疑，若见疑兵，必不敢进：此一路又不足忧矣。又知孟达引兵出汉中；孟达与李严曾结生死之交；臣回成都时，留李严守永安宫；臣已作一书，只做李严亲笔，令人送与孟达；达必然推病不出，以慢军心：此一路又不足忧矣。又知曹真引兵犯阳平关；此地险峻，可以保守，臣已调赵云引一军守把关隘，并不出战；曹真若见我军不出，不久自退矣。」 || Chapter 86, P086-003: 权从之，乃谓魏使曰：「军需未办，择日便当起程。」使者拜辞而去。权令人探得西番兵出西平关，见了马超，不战自退；南蛮孟获起兵攻四郡，皆被魏延用疑兵计杀退回洞去了；上庸孟达兵至半路，忽然染病不能行；曹真兵出阳平关，赵子龙拒住各处险道，果然一将守关，万夫莫开---。曹真屯兵于斜谷道，不能取胜而回。",same_body_paragraph
李儒,王允,2,2,3;9,"Chapter 3, P003-017: 时李儒见丁原背后一人，生得器字轩昂，威风凛凛，手执方天画戟，怒目而视。李儒急进曰：「今日饮宴之处，不可谈国政；来日向都堂公论未迟。」众人皆劝丁原上马而去。卓问百官曰：「吾所言，合公道否？」卢植曰：「明公差矣：昔太甲不明，伊尹放之于桐宫。昌邑王登位方二十七日，造恶三千余条，故霍光告太庙而废之。今上虽幼，聪明仁智，并无分毫过失。公乃外郡刺史，素未参与国政，又无伊、霍之大才，何可强主废立之事？圣人云『有伊尹之志则可，无伊尹之志则篡也。』」卓大怒，拔剑向前欲杀植。议郎彭伯谏曰：「卢尚书海内人望，今先害之，恐天下震怖。」卓乃止。司徒王允曰：「废立之事，不可酒后相商，另日再议。」于是百官皆散。卓按剑立于园门，忽见一人跃马持戟，于园门外往来驰骤。卓问李儒：「此何人也？」儒曰：「此丁原义兄：姓吕，名布，字奉先者也。主公且须避之。」卓乃入园潜避。 || Chapter 9, P009-018: 却说当下吕布大呼曰：「助卓为虐者，皆李儒也！谁可擒之？」李肃应声愿往。忽听朝门外发喊，人报李儒家奴已将李儒绑䌸来献。王允命䌸赴市曹斩之；又将董卓尸首，号令通衢。卓尸肥胖，看尸军士以火置其脐中为灯，膏油满地。百姓过者，莫不手掷其头，足践其尸。王允又命吕布同皇甫嵩、李肃领兵五万，至郿坞抄籍董卓家产人口。",same_body_paragraph
杨修,魏延,2,1,72,"Chapter 72, P072-026: 曹操既杀杨修，佯怒夏侯惇，亦欲斩之。众官告免。操乃叱退夏侯惇，下令来日进兵。次日，兵出斜谷界口，前面一军相迎，为首大将乃魏延也。操招魏延归降，魏延大骂。操令庞德出战。 || Chapter 72, P072-028: 马超兵已退。操带伤归寨。原来被魏延射中人中，折却门牙两个，急令医士调治。方忆杨修之言，随将修尸收回厚葬，就令班师；却教庞德断后。操卧于毡车之中，左右虎贲军护卫而行。忽报斜谷山上两边火起，伏兵赶来。曹兵人人惊恐。正是：依稀昔日潼关厄，仿佛当年赤壁危。未知曹操性命如何，且看下文分解。",same_body_paragraph
田丰,荀彧,2,2,22;30,"Chapter 22, P022-020: 孔融闻之，来见操曰：「袁绍势大，不可与战，只可与和。」荀彧曰：「袁绍无用之人，何必议和？」融曰：「袁绍土广民强。其部下如许攸，郭图，审配，逢纪，皆智谋之士；田丰，沮授，皆忠臣也；颜良，文丑，勇冠三军；其余高览，张郃，淳于琼，等俱世之名将，──何谓绍为无用之人乎？」彧笑曰：「绍兵多而不整；田丰刚而犯上，许攸贪而不智，审配专而无谋，逢纪果而无用，此四人者，势不相容，必生内变。颜良，文丑，匹夫之勇，一战可擒。其余碌碌等辈，纵有百万，何足道哉！」 || Chapter 30, P030-001: 却说袁绍兴兵，望官渡进发。夏侯惇发书告急。曹操起军七万，前往迎敌，留荀彧守许都。绍兵临发，田丰从狱中上书谏曰：「今且宜静守以待天时，不可妄兴大兵，恐有不利。」逢纪谮曰：「主公兴仁义之师，田丰何得出此不祥之语？」",same_body_paragraph
祢衡,袁绍,2,1,23,"Chapter 23, P023-013: 时袁绍亦遣使至。表问众谋士曰：「袁本初又遣使来，曹孟德又差祢衡在此，当从何便？」从事中郎将韩嵩进曰：「今两雄相持，将军若欲有为，乘此破敌可也。如其不然，将择其善者而从之。今曹操善能用兵，贤俊多归，其势必先取袁绍，然后移兵向江东，恐将军不能御；莫若举荆州以附操，操必重待将军矣。」表曰：「汝且去许都，观其动静，再作商议。」嵩曰：「君臣各有定分。嵩今事将军，虽赴汤蹈火，一唯所命。将军若能上顺天子，下从曹公，使嵩可也；如持疑未定，嵩到京师，天子赐嵩一官，则嵩为天子之臣，不得复为将军死矣。」表曰：「汝且先往观之。吾别有主意。」 || Chapter 23, P023-017: 却说曹操知祢衡受害，笑曰：「腐儒舌剑，反自杀矣！」因不见刘表来降，便欲兴兵问罪。荀彧谏曰：「袁绍未平，刘备未灭，而欲用兵江汉，是犹舍心腹而顾手足也。可先灭袁绍，后灭刘备，江汉可一扫而平矣。」操从之。",same_body_paragraph
管辂,马超,2,1,69,"Chapter 69, P069-013: 操欲封辂为太吏。辂曰：「命薄相穷，不称此职，不敢受也。」操问其故。答曰；「辂额无主骨，眼无守睛；鼻无梁柱，脚无天根；背无三甲，腹无三壬。只可泰山治鬼，不能治生人也。」操曰：「汝相吾若何﹖」辂曰：「位极人臣，又何必相﹖」再三问之，辂但笑而不答。操令辂遍相文武官僚。辂曰：「皆治世之臣也。」操问休咎，皆不肯尽言。后人有诗赞管辂曰：平明神卜管公明，能算南辰北斗星。八卦幽微通鬼窍，六爻玄奥究天庭。预知相法应无寿，」自觉心源极有灵。可惜当年奇异术，后人无复授遗经。操令卜东吴，西蜀二处。辂设卦云：「东吴主亡一大将，西蜀有兵犯界。」操不信。忽合淝报来：「东吴陆口守将鲁肃身故。」操大惊，便差人往汉中探听消息。不数日，飞报：「刘玄德遣张飞，马超屯兵下办取关。」操大怒，便欲自领兵再入汉中，令管辂卜之，辂曰：「大王未可妄动。来春许都必有火灾。」 || Chapter 69, P069-027: 曹洪见马超连日不出，恐有诈谋，引军退回南郑。张郃来见曹洪，问曰：「将军既已斩将，如何退兵﹖」洪曰：「吾见马超不出，恐有别谋。且我在邺郡，闻神卜管辂有言，当于此地折一员大将。吾疑此言，故不敢轻进。」张郃大笑曰：「将军行兵半生，今奈何信卜者之言，而惑其心哉？郃虽不才，愿以本部兵取巴西。若得巴西，蜀郡易耳。」洪曰：「巴西守将张飞，非比等闲，不可轻敌。」张郃曰：「人皆怕张飞，吾视之如小儿耳！此去必擒之！」洪曰：「倘有疏失，若何﹖」郃曰：「甘当军命。」洪勒了文状，张郃进兵。正是：自古骄兵多致败，从来轻敌少成功。未知胜负如何，且看下文分解。",same_body_paragraph
荀彧,贾诩,2,2,16;18,"Chapter 16, P016-029: 操正欲起兵，自往征吕布，忽流星马报说张济自关中引兵攻南阳，为流矢所中而死；济姪张绣统其众，用贾诩为谋士，结连刘表，屯兵宛城，欲兴兵犯阙夺驾。操大怒，欲兴兵讨之，又恐吕布来攻许都，乃问计于荀彧。彧曰：「此易事耳。吕布无谋之辈，见利必喜；明公可遣使往徐州，加官赐赏，令与玄德解和。布喜，则不思远图矣。」操曰：「善。」遂差奉军都尉王则，赍官诰并和解书，往徐州去讫；一面起兵五十万，亲讨张绣。分军三路而行，以夏侯惇为先锋。军马至淯水下寨。 || Chapter 18, P018-007: 且说荀彧探知袁绍欲兴兵犯许都，星夜驰书报曹操。操得书心慌，即日回兵。细作报知张绣，绣欲追之。贾诩曰：「不可追也，追之必败。」刘表曰：「今日不追，坐失机会矣。」力劝绣引军万余同往追之。约行十余里，赶上曹军后队。曹军奋力接战，绣、表两军大败而还。绣谓诩曰：「不用公言，果有此败。」诩曰：「今可整兵再往追之。」绣与表俱曰：「今已败，奈何复追？」诩曰：「今番追去，必获大胜，如其不然，请斩吾首。」绣信之。刘表疑虑，不肯同往。绣乃自引一军往追，操兵果然大败，军马辎重，连路散弃而走。",same_body_paragraph
荀攸,蔡瑁,2,2,41;46,"Chapter 41, P041-016: 操遂加瑁为镇南侯水军大都督、张允为助顺侯水军副都督。二人大喜拜谢。操又曰：「刘景升既死，其子降顺，吾当表奏天子，使永为荆州之主。」二人大喜而退。荀攸曰：「蔡瑁、张允，乃谄佞之徒，主公何遂加以如此显爵，更教都督水军乎？」操笑曰：「吾岂不识人？止因吾所领北地之众，不习水战，故且权用此二人；待成事之后，别有理会。」 || Chapter 46, P046-016: 却说曹操平白折了十五六万箭，心中气闷。荀攸进计曰：「江东有周瑜、诸葛亮二人用计，急切难破；可差人去东吴诈降，为奸细内应，以通消息，方可图也。」操曰：「此言正合吾意。汝料军中谁可行此计？」攸曰：「蔡瑁被诛，蔡氏宗族，皆在军中。瑁之族弟蔡中，蔡和，现为副将。丞相可以恩结之，差往诈降，东吴必不见疑。」",same_body_paragraph
荀攸,许攸,2,1,30,"Chapter 30, P030-020: 次日，操自选马步军士五千，准备往乌巢劫粮。张辽曰：「袁绍屯粮之所，安得无备？丞相未可轻往。恐许攸有诈。」操曰：「不然。许攸此来，天败袁绍。今吾军粮不给，难以久持；若不用许攸之计，是坐而待困也。彼若有诈，安肯留我寨中？且吾亦欲劫寨久矣。今劫粮之举，计在必行，君请勿疑。」辽曰：「亦须防袁绍乘虚来袭。」操笑曰：「吾已筹之熟矣。」便教荀攸、贾诩、曹洪同许攸守大寨，夏侯惇、夏侯渊领一军伏于左，曹仁、李典领一军伏于右，以备不虞。教张辽、许褚在前，徐晃、于禁在后，操自引诸将居中，共五千人马，打著袁军旗号，军士皆束草负薪，人衔枚，马勒口，黄昏时分，望乌巢进发。是夜星光满天。 || Chapter 30, P030-029: 却说袁绍既去了许攸，又去了张郃、高览，又失了乌巢粮，军心皇皇。许攸又劝曹操作速进兵；张郃、高览请为先锋；操从之。即令张郃、高览领兵往劫绍寨。当夜三更时分，出军三路劫寨。混战到明，各自收兵，绍军折其大半。荀攸献计曰：「今可扬言调拨人马，一路取酸枣，攻邺郡；一路取黎阳，断袁兵归路。袁绍闻之，必然惊惶，分兵拒我；我乘其兵动时击之，绍可破也。」",same_body_paragraph
荀攸,贾诩,2,2,23;30,"Chapter 23, P023-004: 绣从其言，请刘晔相见。晔盛称操德，且曰：「丞相若记旧怨，安肯使某来结好将军乎？」绣大喜，即同贾诩等赴许都投降。绣见操，拜于阶下。操忙扶起，执其手曰：「有小过失，勿记于心。」遂封绣为扬武将军，封贾诩为执金吾使。操即命绣作书招安刘表。贾诩进曰：「刘景升好结纳名流，今必得一有文名之士往说之，方可降耳。」操问荀攸曰：「谁人可去？」攸曰：「孔文举可当其任。」 || Chapter 30, P030-020: 次日，操自选马步军士五千，准备往乌巢劫粮。张辽曰：「袁绍屯粮之所，安得无备？丞相未可轻往。恐许攸有诈。」操曰：「不然。许攸此来，天败袁绍。今吾军粮不给，难以久持；若不用许攸之计，是坐而待困也。彼若有诈，安肯留我寨中？且吾亦欲劫寨久矣。今劫粮之举，计在必行，君请勿疑。」辽曰：「亦须防袁绍乘虚来袭。」操笑曰：「吾已筹之熟矣。」便教荀攸、贾诩、曹洪同许攸守大寨，夏侯惇、夏侯渊领一军伏于左，曹仁、李典领一军伏于右，以备不虞。教张辽、许褚在前，徐晃、于禁在后，操自引诸将居中，共五千人马，打著袁军旗号，军士皆束草负薪，人衔枚，马勒口，黄昏时分，望乌巢进发。是夜星光满天。",same_body_paragraph
蔡瑁,诸葛亮,2,2,39;46,"Chapter 39, P039-009: 玄德依言，来到荆州，馆驿安下，留张飞屯兵城外。玄德与孔明入城见刘表。礼毕，玄德请罪于阶下。表曰：「吾已悉知贤弟被害之事。当时即欲斩蔡瑁之首，以献贤弟。因众人告免，故姑恕之。弟幸勿见罪。」玄德曰：「非干蔡将军之事，想皆下人所为耳。」表曰：「今江夏失守，黄祖遇害，故请贤弟共议报复之策。」玄德曰：「黄祖性暴，不能用人，故致此祸。今若兴兵南征，倘曹操北来，又将奈何？」表曰：「吾今年老多病，不能理事，贤弟可来助我。我死之后，弟便为荆州之主也。」玄德曰：「兄何出此言？量备安敢当此重任？」 || Chapter 46, P046-016: 却说曹操平白折了十五六万箭，心中气闷。荀攸进计曰：「江东有周瑜、诸葛亮二人用计，急切难破；可差人去东吴诈降，为奸细内应，以通消息，方可图也。」操曰：「此言正合吾意。汝料军中谁可行此计？」攸曰：「蔡瑁被诛，蔡氏宗族，皆在军中。瑁之族弟蔡中，蔡和，现为副将。丞相可以恩结之，差往诈降，东吴必不见疑。」",same_body_paragraph
蔡瑁,黄盖,2,2,6;7,"Chapter 6, P006-020: 坚军方到，蒯越将阵摆开，当先出马。孙坚问曰：「蒯英度何故引兵截吾去路？」越曰：「汝既为汉臣，如何私匿传国之宝？可速留下，放汝归去！」坚大怒，命黄盖出战。蔡瑁舞刀来迎。斗到数合，黄盖挥鞭打瑁，正中护心镜。瑁拨回马走，孙坚乘势杀过界口。山背后金鼓齐鸣，乃刘表亲自引军来到。孙坚就马上施礼曰：「景升何故信袁绍之书，相逼邻郡！」表曰：「汝匿传国玺，将欲反耶？」坚曰：「吾若有此物，死于刀箭之下！」表曰：「汝若要我听信，将随军行李，任我搜看。」坚怒曰：「汝有何力，敢小觑我！」方欲交兵，刘表便退。坚纵马赶去，两山后伏兵齐起，背后蒯越、蔡瑁赶来，将孙坚困在垓心。正是：玉玺得来无用处，反因此宝动刀兵。毕竟孙坚怎地脱身，且听下文分解。 || Chapter 7, P007-027: 吕公截住三十骑，并皆杀尽，于起连珠号砲。城中黄祖，蒯越，蔡瑁，分头引兵杀出，江东诸军大乱。黄盖听得喊声震天，引水军杀来，正迎著黄祖。战不两合，生擒黄祖。程普保著孙策，急待寻路，正遇吕公。程普纵马向前，战不到数合，一矛刺吕公于马下。两军大战，杀到天明，各自收军。刘表军自入城。孙策回到汉水，方知父亲被乱箭射死，尸首已被刘表军士扛抬入城去了，放声大哭。众军俱号泣。策曰：「父尸在彼，安得回乡！」黄盖曰：「今活捉黄祖在此，得一人入城讲和，将黄祖去换主公尸首。」",same_body_paragraph
袁绍,诸葛瑾,2,2,29;43,"Chapter 29, P029-030: 权闻言大喜，披衣起谢；次日厚赠鲁肃，并将衣服帏帐等物，赐肃之母。肃又荐一人见孙权，此人博学多才，事母至孝。覆姓诸葛，名瑾，字子瑜，瑯琊南阳人也。权拜之为上宾。瑾劝权勿通袁绍，且顺曹操，然后乘便图之。权依言，乃遗陈震回，以书绝袁绍。 || Chapter 43, P043-005: 权叹曰：「诸人议论，大失孤望。子敬开说大计，正与吾见相同。此天以子敬赐我也！但操新得袁绍之众，近又得荆州之兵，恐势大难以抵敌。」肃曰：「肃至江夏，引诸葛瑾之弟诸葛亮在此，主公可问之，便知虚实。」权曰：「卧龙先生在此乎？」肃曰：「现在馆驿中安歇。」权曰：「今日天晚，且未相见。来日聚文武于帐下，先教见我江东英俊，然后升堂议事。」",same_body_paragraph
袁绍,贾诩,2,2,18;30,"Chapter 18, P018-007: 且说荀彧探知袁绍欲兴兵犯许都，星夜驰书报曹操。操得书心慌，即日回兵。细作报知张绣，绣欲追之。贾诩曰：「不可追也，追之必败。」刘表曰：「今日不追，坐失机会矣。」力劝绣引军万余同往追之。约行十余里，赶上曹军后队。曹军奋力接战，绣、表两军大败而还。绣谓诩曰：「不用公言，果有此败。」诩曰：「今可整兵再往追之。」绣与表俱曰：「今已败，奈何复追？」诩曰：「今番追去，必获大胜，如其不然，请斩吾首。」绣信之。刘表疑虑，不肯同往。绣乃自引一军往追，操兵果然大败，军马辎重，连路散弃而走。 || Chapter 30, P030-020: 次日，操自选马步军士五千，准备往乌巢劫粮。张辽曰：「袁绍屯粮之所，安得无备？丞相未可轻往。恐许攸有诈。」操曰：「不然。许攸此来，天败袁绍。今吾军粮不给，难以久持；若不用许攸之计，是坐而待困也。彼若有诈，安肯留我寨中？且吾亦欲劫寨久矣。今劫粮之举，计在必行，君请勿疑。」辽曰：「亦须防袁绍乘虚来袭。」操笑曰：「吾已筹之熟矣。」便教荀攸、贾诩、曹洪同许攸守大寨，夏侯惇、夏侯渊领一军伏于左，曹仁、李典领一军伏于右，以备不虞。教张辽、许褚在前，徐晃、于禁在后，操自引诸将居中，共五千人马，打著袁军旗号，军士皆束草负薪，人衔枚，马勒口，黄昏时分，望乌巢进发。是夜星光满天。",same_body_paragraph
费祎,魏延,2,2,88;99,"Chapter 88, P088-009: 孔明曰：「这番生擒，如又不服，必无轻恕。」令左右去其绳索，仍前赐以酒食，列坐于帐上。孔明曰：「吾自出茅庐，战无不胜，攻无不取。汝蛮邦之人，何为不服？」获默然不答。孔明酒后，唤孟获同上马出寨，看视诸营寨栅所屯粮草，所积军器。孔明指谓获曰：「汝不降吾，真愚人也；吾有如此之精兵猛将，粮草器械，汝安能胜吾哉？汝若早降，吾当奏闻天子，令汝不先王位，子子孙孙，永镇蛮邦。意下若何？」获曰：「某虽肯降，怎奈洞中之人，未肯心服。若丞相肯再放回去，就当招安本部人马，同心合胆，方可归顺。」孔明欣然，又与孟获回到大寨，饮酒至晚。获辞去，孔明亲自送至泸水边，以船送获归寨。孟获来到本寨，先伏刀斧手于帐下，差心腹人到董荼那、阿会喃寨中，只推孔明有使命在，将二人赚到大寨帐下，尽皆杀之，弃尸于涧。孟获随即遣亲信之人，把守隘口，自引军出了夹山谷，要与马岱交战，却并不见一人；及问土人，皆言昨夜尽搬粮草复渡泸水，归大寨去了。获再回洞中，与亲弟孟优商议曰：「如今诸葛亮之虚实，吾已尽知，汝可去如此如此。」孟优领了兄计，引百余蛮兵，搬载金珠、宝贝、象牙、犀角之类，渡了泸水，迳投孔明大寨而来；方才过了河时，前面鼓角齐鸣，一彪军摆开，为首大将，乃马岱也。孟优大惊。岱问了来情，令在外厢，差人来报孔明。孔明正在帐中与马谡，吕凯，蒋琬，费祎等，共议平蛮之事，忽帐下一人，报称孟获差弟孟优来进宝贝。孔明回顾马谡曰；「汝知其来意否？」谡曰：「不敢明言。容某暗写于纸上，呈与丞相，看合钧意否？」孔明从之。马谡写讫，呈与孔明。孔明看毕，抚掌大笑曰：「擒孟获之计，吾已差派下也。汝之所见，正与吾同。」遂唤赵云入，向耳畔分付如此如此；又唤魏延入，亦低言分付；又唤王平、马忠、关索入，亦各密地分付。各人受了计策，皆依令而去，方召孟优入帐。优再拜于帐下曰：「家兄孟获，感丞相活命之恩，无可奉献，辄具金珠宝贝若干，权为赏军之资。续后别有贡天子礼物。」孔明曰：「汝兄今在何处？」优曰：「为感丞相大恩，迳往银坑山中收拾宝物去了，少时便回来也。」孔明曰：「汝带多少人来？」优曰：「不敢多带：只是随行百余人，皆运货物者。」孔明尽教入帐看时，皆是青眼黑面，黄发紫须，耳带金环，鬅头跣足，长力大之士。孔明就令随席而坐，教诸将劝酒，慇懃相待。 || Chapter 99, P099-013: 且说孔明大胜，所得器械、马匹，不计其数，乃引大军回寨。每日令魏延挑战，魏兵不出。一连半月，不曾交战。孔明正在帐中议事，忽报天子使侍中费祎齐诏至。孔明接入营中，焚香礼毕，开诏读曰：",same_body_paragraph
贾诩,陆逊,2,1,85,"Chapter 85, P085-003: 曹丕问贾诩曰：「朕欲一统天下：先取蜀乎？先取吴乎？」诩曰：「刘备雄才，更兼诸葛亮善能治国；东吴孙权，能识虚实，陆逊见屯兵于险要隔江泛湖，皆难卒谋。以臣观之，诸将之中，皆无孙权、刘备敌手。虽以陛下天威临之，亦未见万全之势也。只可持守，以待二国之变。」 || Chapter 85, P085-009: 正议之间，忽探马报：「曹真、夏侯尚围了南郡，被陆逊伏兵于内，诸葛瑾伏兵于外，内外夹攻，因此大败。」言未毕，忽探马又报：「曹休亦被吕范杀败。」丕听知三路兵败，乃喟然叹曰：「朕不听贾诩、刘晔之言，果有此败！」时值夏天，大疫流行，马步军十死六七，遂引军回洛阳。吴、魏自此不和。",same_body_paragraph
郭汜,马超,2,1,10,"Chapter 10, P010-007: 李傕、郭汜听知李蒙、王方皆被马超杀了，方信贾诩有先见之明，重用其计，只理会紧守关防，由他搦战，并不出迎。果然西凉军未及两月，粮草俱乏，商议回军。恰好长安城中马宇家僮出首家主与刘范、种邵，外连马腾、韩遂，欲为内应等情。李傕、郭汜大怒，尽收三家少良贱斩于市，把三颗首级，直来门前号令。 || Chapter 10, P010-008: 马腾、韩遂见军粮已尽，内应又泄，只得拔寨退军。李傕、郭汜令张济引军赶马腾，樊稠引军赶韩遂，西凉军大败。马超在后死战，杀退张济。樊稠去赶韩遂，看看赶上，相近陈仓，韩遂勒马向樊稠曰：「吾与公乃同乡之人，今日何太无情？」樊稠也勒住马答道：「上命不可违！」韩遂曰：「吾此来亦为国家耳，公何相逼之甚也？」樊稠听罢，拨转马头，收兵回寨，让韩遂去了。不隄防李傕之姪李别，见樊稠放走韩遂，回报其叔。李傕大怒，便欲兴兵讨樊稠。贾诩曰：「目今人心未宁，频动干戈，深为不便；不若设一宴，请张济、樊稠庆功，就席间擒稠斩之，毫不费力。」",same_body_paragraph
阚泽,陆逊,2,2,38;83,"Chapter 38, P038-017: 却说孙权自孙策死后，据住江东，承父兄基业，广纳贤士，开宾馆于吴会，命顾雍、张纮延接四方宾客。连年以来，你我相荐。时有会稽阚泽，字德润；彭城严畯，字曼才；沛县薛综，字敬文；汝南程秉，字德枢；吴郡朱桓，字休穆；陆绩，字公纪；吴人张温，字惠恕；会稽凌统，字公续；乌程吴粲，字孔休：此数人皆至江东。孙权敬礼甚厚。又得良将数人，乃汝阳吕蒙，字子明，吴郡陆逊，字伯言，瑯琊徐盛，字文向，东郡潘璋，字文珪，庐江丁奉，字承渊。文武诸人，共相辅佐。由此江东称得人之盛。 || Chapter 83, P083-020: 权大惊，举止失措，阚泽出班奏曰：「见有擎天之柱，如何不用耶？」权急问何人。泽曰：「昔日东吴大事，全任周郎；后鲁子敬代之；子敬亡后，决于吕子明；今子明虽丧．见有陆伯言在荆州。此人名虽儒生，实有雄才大略，以臣论之；不在周郎之下；前破关公，其谋皆出于伯言。主上若能用之，破蜀必矣。如或有失，臣愿与同罪。」权曰：「非德润之言，孤误大事。」张昭曰：「陆逊乃一书生耳，非刘备敌手；恐不可用。」顾雍亦曰：「陆逊年幼望轻，恐诸公不服；若不服则生祸乱，必误大事。」步骘亦曰：「逊才堪治郡耳；若托以大事，非其宜也。」阚泽大呼曰：「若不用陆伯言，则东吴休矣！臣愿以全家保之！」权曰：「孤亦素知陆伯言乃奇才也：孤意已决，卿等勿言。」",same_body_paragraph
阚泽,顾雍,2,2,38;83,"Chapter 38, P038-017: 却说孙权自孙策死后，据住江东，承父兄基业，广纳贤士，开宾馆于吴会，命顾雍、张纮延接四方宾客。连年以来，你我相荐。时有会稽阚泽，字德润；彭城严畯，字曼才；沛县薛综，字敬文；汝南程秉，字德枢；吴郡朱桓，字休穆；陆绩，字公纪；吴人张温，字惠恕；会稽凌统，字公续；乌程吴粲，字孔休：此数人皆至江东。孙权敬礼甚厚。又得良将数人，乃汝阳吕蒙，字子明，吴郡陆逊，字伯言，瑯琊徐盛，字文向，东郡潘璋，字文珪，庐江丁奉，字承渊。文武诸人，共相辅佐。由此江东称得人之盛。 || Chapter 83, P083-020: 权大惊，举止失措，阚泽出班奏曰：「见有擎天之柱，如何不用耶？」权急问何人。泽曰：「昔日东吴大事，全任周郎；后鲁子敬代之；子敬亡后，决于吕子明；今子明虽丧．见有陆伯言在荆州。此人名虽儒生，实有雄才大略，以臣论之；不在周郎之下；前破关公，其谋皆出于伯言。主上若能用之，破蜀必矣。如或有失，臣愿与同罪。」权曰：「非德润之言，孤误大事。」张昭曰：「陆逊乃一书生耳，非刘备敌手；恐不可用。」顾雍亦曰：「陆逊年幼望轻，恐诸公不服；若不服则生祸乱，必误大事。」步骘亦曰：「逊才堪治郡耳；若托以大事，非其宜也。」阚泽大呼曰：「若不用陆伯言，则东吴休矣！臣愿以全家保之！」权曰：「孤亦素知陆伯言乃奇才也：孤意已决，卿等勿言。」",same_body_paragraph
陆逊,鲁肃,2,2,75;83,"Chapter 75, P075-016: 由是吕蒙托病不起，上书辞职。陆逊回见孙权，具言前计。孙权乃召吕蒙还建业养病。蒙至，入见权。权问曰：「陆口之任，昔周公瑾荐鲁子敬以自代；后子敬又荐卿自代；今卿亦须荐一才望兼隆者，代卿为妙。」蒙曰：「若用望重之人，云长必然防备。陆逊意思深长，而未有远名，非云长所忌；若即用以代臣之任，必有所济。」 || Chapter 83, P083-020: 权大惊，举止失措，阚泽出班奏曰：「见有擎天之柱，如何不用耶？」权急问何人。泽曰：「昔日东吴大事，全任周郎；后鲁子敬代之；子敬亡后，决于吕子明；今子明虽丧．见有陆伯言在荆州。此人名虽儒生，实有雄才大略，以臣论之；不在周郎之下；前破关公，其谋皆出于伯言。主上若能用之，破蜀必矣。如或有失，臣愿与同罪。」权曰：「非德润之言，孤误大事。」张昭曰：「陆逊乃一书生耳，非刘备敌手；恐不可用。」顾雍亦曰：「陆逊年幼望轻，恐诸公不服；若不服则生祸乱，必误大事。」步骘亦曰：「逊才堪治郡耳；若托以大事，非其宜也。」阚泽大呼曰：「若不用陆伯言，则东吴休矣！臣愿以全家保之！」权曰：「孤亦素知陆伯言乃奇才也：孤意已决，卿等勿言。」",same_body_paragraph
魏延,黄盖,2,2,55;56,"Chapter 55, P055-023: 正赶之间，一声鼓响，山谷内一队刀手拥出，为首一员大将，乃关云长也。周瑜举止失措，急拨马便走。云长赶来，周瑜纵马逃命。正奔走间，左边黄忠，右边魏延，两军杀出。吴兵大败。周瑜急急下得船时，岸上军士齐声大叫曰：「周郎妙计安天下，陪了夫人又折兵！」瑜怒曰：「可再登岸决一死战！」黄盖、韩当力阻。瑜自思曰：「吾计不成，有何面目去见吴侯！」大叫一声，金疮迸裂，倒于船上。众将急救，却早不省人事。正是：两番弄巧翻成拙，此日含嗔却带羞。未知周郎性命如何，且看下文分解。 || Chapter 56, P056-001: 却说周瑜被诸葛亮预先埋伏关公，黄忠，魏延三枝军马，一击大败。黄盖、韩当急救下船，折却水军无数。遥观玄德，孙夫人车马仆从，都停住于山顶之上，瑜如何不气？箭疮未愈，因怒气冲激，疮口迸裂，昏绝于地；众将救醒，开船逃去。孔明教休追赶，自和玄德归荆州庆喜，赏赐众将。",same_body_paragraph
黄忠,黄盖,2,2,55;56,"Chapter 55, P055-023: 正赶之间，一声鼓响，山谷内一队刀手拥出，为首一员大将，乃关云长也。周瑜举止失措，急拨马便走。云长赶来，周瑜纵马逃命。正奔走间，左边黄忠，右边魏延，两军杀出。吴兵大败。周瑜急急下得船时，岸上军士齐声大叫曰：「周郎妙计安天下，陪了夫人又折兵！」瑜怒曰：「可再登岸决一死战！」黄盖、韩当力阻。瑜自思曰：「吾计不成，有何面目去见吴侯！」大叫一声，金疮迸裂，倒于船上。众将急救，却早不省人事。正是：两番弄巧翻成拙，此日含嗔却带羞。未知周郎性命如何，且看下文分解。 || Chapter 56, P056-001: 却说周瑜被诸葛亮预先埋伏关公，黄忠，魏延三枝军马，一击大败。黄盖、韩当急救下船，折却水军无数。遥观玄德，孙夫人车马仆从，都停住于山顶之上，瑜如何不气？箭疮未愈，因怒气冲激，疮口迸裂，昏绝于地；众将救醒，开船逃去。孔明教休追赶，自和玄德归荆州庆喜，赏赐众将。",same_body_paragraph
公孙瓒,刘表,1,1,120,"Chapter 120, P120-047: 高祖提剑入咸阳，炎炎红日升扶桑。光武龙兴成大统，金乌飞上天中央。哀哉献帝绍海宇，红轮西坠咸池傍！何进无谋中贵乱，凉州董卓居朝堂。王允定计诛逆党，李傕郭泛兴刀枪。四方盗贼如蚁聚，六合奸雄皆鹰扬。孙坚孙策起江左，袁绍袁术兴河梁。刘焉父子据巴蜀，刘表军旅屯荆襄。张修张鲁霸南郑，马腾韩遂守西凉。陶谦张绣公孙瓒，各逞雄才占一方。曹操专权居相府，牢笼英俊用文武。威震天子令诸侯，总领貔貅镇中土。楼桑玄德本皇孙，义结关张愿扶主。东西奔走恨无家，将寡兵微作羁旅。南阳三顾情可深，卧龙一见分寰宇。先取荆州后取川，霸业王图在天府。呜呼三载逝升遐，白帝托孤堪痛楚！孔明六出祁山前，愿以只手将天补。何期历数到此终，长星半夜落山坞！姜维独凭气力高，九伐中原空劬劳。钟会邓艾分兵进，汉室江山尽属曹。丕、叡、芳、髦才及奂，司马又将天下交。受禅台前云雾起，石头城下无波涛。陈留归命与安乐，王侯公爵从根苗。纷纷世事无穷尽，天数茫茫不可逃。鼎足三分已成梦，后人凭吊空牢骚。",same_body_paragraph
公孙瓒,姜维,1,1,120,"Chapter 120, P120-047: 高祖提剑入咸阳，炎炎红日升扶桑。光武龙兴成大统，金乌飞上天中央。哀哉献帝绍海宇，红轮西坠咸池傍！何进无谋中贵乱，凉州董卓居朝堂。王允定计诛逆党，李傕郭泛兴刀枪。四方盗贼如蚁聚，六合奸雄皆鹰扬。孙坚孙策起江左，袁绍袁术兴河梁。刘焉父子据巴蜀，刘表军旅屯荆襄。张修张鲁霸南郑，马腾韩遂守西凉。陶谦张绣公孙瓒，各逞雄才占一方。曹操专权居相府，牢笼英俊用文武。威震天子令诸侯，总领貔貅镇中土。楼桑玄德本皇孙，义结关张愿扶主。东西奔走恨无家，将寡兵微作羁旅。南阳三顾情可深，卧龙一见分寰宇。先取荆州后取川，霸业王图在天府。呜呼三载逝升遐，白帝托孤堪痛楚！孔明六出祁山前，愿以只手将天补。何期历数到此终，长星半夜落山坞！姜维独凭气力高，九伐中原空劬劳。钟会邓艾分兵进，汉室江山尽属曹。丕、叡、芳、髦才及奂，司马又将天下交。受禅台前云雾起，石头城下无波涛。陈留归命与安乐，王侯公爵从根苗。纷纷世事无穷尽，天数茫茫不可逃。鼎足三分已成梦，后人凭吊空牢骚。",same_body_paragraph
公孙瓒,孙策,1,1,120,"Chapter 120, P120-047: 高祖提剑入咸阳，炎炎红日升扶桑。光武龙兴成大统，金乌飞上天中央。哀哉献帝绍海宇，红轮西坠咸池傍！何进无谋中贵乱，凉州董卓居朝堂。王允定计诛逆党，李傕郭泛兴刀枪。四方盗贼如蚁聚，六合奸雄皆鹰扬。孙坚孙策起江左，袁绍袁术兴河梁。刘焉父子据巴蜀，刘表军旅屯荆襄。张修张鲁霸南郑，马腾韩遂守西凉。陶谦张绣公孙瓒，各逞雄才占一方。曹操专权居相府，牢笼英俊用文武。威震天子令诸侯，总领貔貅镇中土。楼桑玄德本皇孙，义结关张愿扶主。东西奔走恨无家，将寡兵微作羁旅。南阳三顾情可深，卧龙一见分寰宇。先取荆州后取川，霸业王图在天府。呜呼三载逝升遐，白帝托孤堪痛楚！孔明六出祁山前，愿以只手将天补。何期历数到此终，长星半夜落山坞！姜维独凭气力高，九伐中原空劬劳。钟会邓艾分兵进，汉室江山尽属曹。丕、叡、芳、髦才及奂，司马又将天下交。受禅台前云雾起，石头城下无波涛。陈留归命与安乐，王侯公爵从根苗。纷纷世事无穷尽，天数茫茫不可逃。鼎足三分已成梦，后人凭吊空牢骚。",same_body_paragraph
公孙瓒,李肃,1,1,5,"Chapter 5, P005-019: 曹操大喜。只见玄德背后转出张飞，高声大叫：「俺哥哥斩了华雄，不就这里杀入关去，活拏董卓，更待何时！」袁术大怒，喝曰：「俺大臣尚自谦让，量一县令手下小卒，安敢在此耀武扬威！都与赶出帐去！」曹操曰：「得功者赏，何计贵贱乎？」袁术曰：「既然公等只重一县令，我当告退。」操曰：「岂可因一言而误大事耶？」命公孙瓒且带玄德、关、张回寨。众官皆散。曹操暗使人赍牛酒抚慰三人。却说华雄手下败军，报上关来。李肃慌忙写告急文书，申闻董卓。卓急聚李儒、吕布等商议。儒曰：「今失了上将华雄，贼势浩大。袁绍为盟主，绍叔袁隗，现为太傅；倘或里应外合，深为不便，可先除之。请丞相亲领大军，分拨剿捕。」",same_body_paragraph
公孙瓒,王允,1,1,120,"Chapter 120, P120-047: 高祖提剑入咸阳，炎炎红日升扶桑。光武龙兴成大统，金乌飞上天中央。哀哉献帝绍海宇，红轮西坠咸池傍！何进无谋中贵乱，凉州董卓居朝堂。王允定计诛逆党，李傕郭泛兴刀枪。四方盗贼如蚁聚，六合奸雄皆鹰扬。孙坚孙策起江左，袁绍袁术兴河梁。刘焉父子据巴蜀，刘表军旅屯荆襄。张修张鲁霸南郑，马腾韩遂守西凉。陶谦张绣公孙瓒，各逞雄才占一方。曹操专权居相府，牢笼英俊用文武。威震天子令诸侯，总领貔貅镇中土。楼桑玄德本皇孙，义结关张愿扶主。东西奔走恨无家，将寡兵微作羁旅。南阳三顾情可深，卧龙一见分寰宇。先取荆州后取川，霸业王图在天府。呜呼三载逝升遐，白帝托孤堪痛楚！孔明六出祁山前，愿以只手将天补。何期历数到此终，长星半夜落山坞！姜维独凭气力高，九伐中原空劬劳。钟会邓艾分兵进，汉室江山尽属曹。丕、叡、芳、髦才及奂，司马又将天下交。受禅台前云雾起，石头城下无波涛。陈留归命与安乐，王侯公爵从根苗。纷纷世事无穷尽，天数茫茫不可逃。鼎足三分已成梦，后人凭吊空牢骚。",same_body_paragraph
公孙瓒,诸葛亮,1,1,120,"Chapter 120, P120-047: 高祖提剑入咸阳，炎炎红日升扶桑。光武龙兴成大统，金乌飞上天中央。哀哉献帝绍海宇，红轮西坠咸池傍！何进无谋中贵乱，凉州董卓居朝堂。王允定计诛逆党，李傕郭泛兴刀枪。四方盗贼如蚁聚，六合奸雄皆鹰扬。孙坚孙策起江左，袁绍袁术兴河梁。刘焉父子据巴蜀，刘表军旅屯荆襄。张修张鲁霸南郑，马腾韩遂守西凉。陶谦张绣公孙瓒，各逞雄才占一方。曹操专权居相府，牢笼英俊用文武。威震天子令诸侯，总领貔貅镇中土。楼桑玄德本皇孙，义结关张愿扶主。东西奔走恨无家，将寡兵微作羁旅。南阳三顾情可深，卧龙一见分寰宇。先取荆州后取川，霸业王图在天府。呜呼三载逝升遐，白帝托孤堪痛楚！孔明六出祁山前，愿以只手将天补。何期历数到此终，长星半夜落山坞！姜维独凭气力高，九伐中原空劬劳。钟会邓艾分兵进，汉室江山尽属曹。丕、叡、芳、髦才及奂，司马又将天下交。受禅台前云雾起，石头城下无波涛。陈留归命与安乐，王侯公爵从根苗。纷纷世事无穷尽，天数茫茫不可逃。鼎足三分已成梦，后人凭吊空牢骚。",same_body_paragraph
公孙瓒,邓艾,1,1,120,"Chapter 120, P120-047: 高祖提剑入咸阳，炎炎红日升扶桑。光武龙兴成大统，金乌飞上天中央。哀哉献帝绍海宇，红轮西坠咸池傍！何进无谋中贵乱，凉州董卓居朝堂。王允定计诛逆党，李傕郭泛兴刀枪。四方盗贼如蚁聚，六合奸雄皆鹰扬。孙坚孙策起江左，袁绍袁术兴河梁。刘焉父子据巴蜀，刘表军旅屯荆襄。张修张鲁霸南郑，马腾韩遂守西凉。陶谦张绣公孙瓒，各逞雄才占一方。曹操专权居相府，牢笼英俊用文武。威震天子令诸侯，总领貔貅镇中土。楼桑玄德本皇孙，义结关张愿扶主。东西奔走恨无家，将寡兵微作羁旅。南阳三顾情可深，卧龙一见分寰宇。先取荆州后取川，霸业王图在天府。呜呼三载逝升遐，白帝托孤堪痛楚！孔明六出祁山前，愿以只手将天补。何期历数到此终，长星半夜落山坞！姜维独凭气力高，九伐中原空劬劳。钟会邓艾分兵进，汉室江山尽属曹。丕、叡、芳、髦才及奂，司马又将天下交。受禅台前云雾起，石头城下无波涛。陈留归命与安乐，王侯公爵从根苗。纷纷世事无穷尽，天数茫茫不可逃。鼎足三分已成梦，后人凭吊空牢骚。",same_body_paragraph
公孙瓒,钟会,1,1,120,"Chapter 120, P120-047: 高祖提剑入咸阳，炎炎红日升扶桑。光武龙兴成大统，金乌飞上天中央。哀哉献帝绍海宇，红轮西坠咸池傍！何进无谋中贵乱，凉州董卓居朝堂。王允定计诛逆党，李傕郭泛兴刀枪。四方盗贼如蚁聚，六合奸雄皆鹰扬。孙坚孙策起江左，袁绍袁术兴河梁。刘焉父子据巴蜀，刘表军旅屯荆襄。张修张鲁霸南郑，马腾韩遂守西凉。陶谦张绣公孙瓒，各逞雄才占一方。曹操专权居相府，牢笼英俊用文武。威震天子令诸侯，总领貔貅镇中土。楼桑玄德本皇孙，义结关张愿扶主。东西奔走恨无家，将寡兵微作羁旅。南阳三顾情可深，卧龙一见分寰宇。先取荆州后取川，霸业王图在天府。呜呼三载逝升遐，白帝托孤堪痛楚！孔明六出祁山前，愿以只手将天补。何期历数到此终，长星半夜落山坞！姜维独凭气力高，九伐中原空劬劳。钟会邓艾分兵进，汉室江山尽属曹。丕、叡、芳、髦才及奂，司马又将天下交。受禅台前云雾起，石头城下无波涛。陈留归命与安乐，王侯公爵从根苗。纷纷世事无穷尽，天数茫茫不可逃。鼎足三分已成梦，后人凭吊空牢骚。",same_body_paragraph
公孙瓒,黄盖,1,1,5,"Chapter 5, P005-015: 华雄军于下遥月见赤帻，四面围定，不敢近前。用箭射之，方知是计，遂向前取了赤帻。祖茂于林后杀出，挥双刀欲劈华雄；雄大喝一声，将祖茂一刀砍于马下。杀至天明，雄方引兵上关。程普，黄盖，韩当都来寻见孙坚，再收拾军马屯扎。坚为折了祖茂，伤感不已，星夜遣人报知袁绍。绍大惊曰：「不想孙文台败于华雄之手！」便聚众诸侯商议。众人都到，只有公孙瓒后至，绍请入帐列坐。绍曰：「前日鲍将军之弟不遵调遣，擅自进兵，杀身丧命，折了许多军士。今者孙文台又败于华雄：挫动锐气，为之奈何？」诸侯并皆不语。",same_body_paragraph
关兴,刘表,1,1,93,"Chapter 93, P093-010: 三军鼓角己罢，司徒王朗乘马而出。上首乃都督曹真，下首乃副都督郭淮：两个先锋压住阵角。探子马出军前，大叫曰：「请对阵主将答话！」只见蜀兵门旗开处，关兴、张苞，分左右而出，立马于两边；次后一队队骁将分列；门旗影下，中央一辆四轮车，孔明端坐车中，纶巾羽扇，素衣皂（左糸右条），飘然而出。孔明举目见魏阵前三个麾盖，旗上大书姓名，中央白髯老者，乃军师司徒王朗。孔明暗忖曰：「王朗必不说词，吾当随机应之。」遂教推车出阵外，令护军小校传曰：「汉丞相与司徒会话。」王朗纵马而出。孔明于车上拱手，王朗在马上欠身答礼。朗曰：「久闻公之大名，今幸一会。公既知天命、识时务，何故兴无名之师？」孔明曰：「吾奉诏讨贼，何谓无名？」朗曰：「天数有变，神器更易，而归有德之人，此自然之理也。曩自桓、灵以来，黄巾倡乱，天下争横。降至初平、建安之岁，董卓造逆，傕、汜继虐；袁术僭号于寿春，袁绍称雄于邺上；刘表占据荆州，吕布虎吞徐郡：盗贼蜂起，奸雄鹰扬，社稷有累卵之危，生灵有倒悬之急。我太祖武皇帝，扫清六合，席卷八荒；万姓倾心，四方迎德：非以权势取之，实天命所归也。世祖文帝，神圣文武，以膺大统，应天合人，法尧禅舜，处中国以治万邦，岂非天心人意乎？今公蕴大才，报大器，欲自比于管乐，何乃强欲逆天理，背人情而行事耶？岂不闻古人云：『顺天者昌，逆天者亡。」今我大魏带甲百万，良将千员。谅腐草之萤光，怎及天心之皓月？公可倒戈卸甲，以礼来降，不失封侯之位。国安民乐，岂不美哉！」孔明在车上大笑曰：「吾以为汉朝大老元臣，必有高论，岂期出此鄙言！吾有一言，诸军静听：昔桓、灵之世，汉统陵替，宦官酿祸；国乱岁凶，四方扰攘。黄巾之后，董卓、傕、汜等接踵而起，迁劫汉帝，残暴生灵。因庙堂之上，朽木为官；殿陛之间，禽兽食禄。狼心狗行之辈，滚滚当朝；奴颜婢膝之徒，纷纷秉政。以致社稷邱墟，苍生涂炭。吾素知汝所行！世居东海之滨，初举孝廉入仕。理合匡君辅国，安汉兴刘；何期反助逆贼，同谋篡位！罪恶深重，天地不容！天下之人，愿食汝肉！」「今幸天意不绝炎汉，昭烈皇帝继统西川。吾今奉嗣君之旨，兴师讨贼。汝既为谄谀之臣，只可潜身缩首，苟图衣食；安敢在行伍之前，妄称天数耶！皓首匹夫！苍髯老贼！汝即日将归于九泉之下，何面目见二十四帝乎！老贼速退！可叫反臣与吾共决胜负！」王朗听罢，气满胸膛，大叫一声，撞死于马下。后人有诗赞孔明曰：",same_body_paragraph
关兴,吕布,1,1,93,"Chapter 93, P093-010: 三军鼓角己罢，司徒王朗乘马而出。上首乃都督曹真，下首乃副都督郭淮：两个先锋压住阵角。探子马出军前，大叫曰：「请对阵主将答话！」只见蜀兵门旗开处，关兴、张苞，分左右而出，立马于两边；次后一队队骁将分列；门旗影下，中央一辆四轮车，孔明端坐车中，纶巾羽扇，素衣皂（左糸右条），飘然而出。孔明举目见魏阵前三个麾盖，旗上大书姓名，中央白髯老者，乃军师司徒王朗。孔明暗忖曰：「王朗必不说词，吾当随机应之。」遂教推车出阵外，令护军小校传曰：「汉丞相与司徒会话。」王朗纵马而出。孔明于车上拱手，王朗在马上欠身答礼。朗曰：「久闻公之大名，今幸一会。公既知天命、识时务，何故兴无名之师？」孔明曰：「吾奉诏讨贼，何谓无名？」朗曰：「天数有变，神器更易，而归有德之人，此自然之理也。曩自桓、灵以来，黄巾倡乱，天下争横。降至初平、建安之岁，董卓造逆，傕、汜继虐；袁术僭号于寿春，袁绍称雄于邺上；刘表占据荆州，吕布虎吞徐郡：盗贼蜂起，奸雄鹰扬，社稷有累卵之危，生灵有倒悬之急。我太祖武皇帝，扫清六合，席卷八荒；万姓倾心，四方迎德：非以权势取之，实天命所归也。世祖文帝，神圣文武，以膺大统，应天合人，法尧禅舜，处中国以治万邦，岂非天心人意乎？今公蕴大才，报大器，欲自比于管乐，何乃强欲逆天理，背人情而行事耶？岂不闻古人云：『顺天者昌，逆天者亡。」今我大魏带甲百万，良将千员。谅腐草之萤光，怎及天心之皓月？公可倒戈卸甲，以礼来降，不失封侯之位。国安民乐，岂不美哉！」孔明在车上大笑曰：「吾以为汉朝大老元臣，必有高论，岂期出此鄙言！吾有一言，诸军静听：昔桓、灵之世，汉统陵替，宦官酿祸；国乱岁凶，四方扰攘。黄巾之后，董卓、傕、汜等接踵而起，迁劫汉帝，残暴生灵。因庙堂之上，朽木为官；殿陛之间，禽兽食禄。狼心狗行之辈，滚滚当朝；奴颜婢膝之徒，纷纷秉政。以致社稷邱墟，苍生涂炭。吾素知汝所行！世居东海之滨，初举孝廉入仕。理合匡君辅国，安汉兴刘；何期反助逆贼，同谋篡位！罪恶深重，天地不容！天下之人，愿食汝肉！」「今幸天意不绝炎汉，昭烈皇帝继统西川。吾今奉嗣君之旨，兴师讨贼。汝既为谄谀之臣，只可潜身缩首，苟图衣食；安敢在行伍之前，妄称天数耶！皓首匹夫！苍髯老贼！汝即日将归于九泉之下，何面目见二十四帝乎！老贼速退！可叫反臣与吾共决胜负！」王朗听罢，气满胸膛，大叫一声，撞死于马下。后人有诗赞孔明曰：",same_body_paragraph
关兴,孟获,1,1,87,"Chapter 87, P087-002: 建兴三年，益州飞报：「蛮王孟获，大起蛮兵十万，犯境侵掠。建宁太守雍闿，乃汉朝什邡侯雍齿之后，今结连孟获造反。牂牁郡太守朱褒、越隽郡太守高定，二人献了城。止有永昌郡太守王伉不肯反。现今雍闿、朱褒、高定三人部下人马，皆与孟获为乡导官，攻打永昌郡。赖王伉与功曹吕凯，会集百姓，死守此城，其势甚急。」孔明乃入朝奏后主曰：「臣观南蛮不服，实国家之大患也。臣当自领大军，前去征讨。」后主曰：「东有孙权，北有曹丕；今相父弃朕而去，倘吴、魏来攻，如之奈何？」孔明日：「东吴方与我国讲和，料无异心；若有异心，李严在白帝城，此人可当陆逊也。曹丕新败，锐气已丧，未能远图；且有马超守把汉中诸处关口，不必忧也。臣又留关兴、张苞等分两军为救应，保陛下万无一失。今臣先去扫荡蛮方，然后北伐，以图中原，报先帝三顾之恩，托孤之重。」后主曰：「朕年幼无知，惟相父斟酌行之。」言未毕，班部内一人出曰：「不可！不可！」众视之，乃南阳人也：姓王，名连，字文仪；见为谏议大夫。连谏曰：「南方不毛之地，瘴疫之乡；丞相秉钧衡之重任，而自远征，非所宜也。且雍闿等乃疥癣之疾，丞相只须遣一大将讨之，必然成功。」孔明曰：「南蛮之地，离国甚远，人多不习王化，收伏甚难，吾当亲往征之。可刚可柔，别有斟酌，非可容易托人。」",same_body_paragraph
关兴,董卓,1,1,93,"Chapter 93, P093-010: 三军鼓角己罢，司徒王朗乘马而出。上首乃都督曹真，下首乃副都督郭淮：两个先锋压住阵角。探子马出军前，大叫曰：「请对阵主将答话！」只见蜀兵门旗开处，关兴、张苞，分左右而出，立马于两边；次后一队队骁将分列；门旗影下，中央一辆四轮车，孔明端坐车中，纶巾羽扇，素衣皂（左糸右条），飘然而出。孔明举目见魏阵前三个麾盖，旗上大书姓名，中央白髯老者，乃军师司徒王朗。孔明暗忖曰：「王朗必不说词，吾当随机应之。」遂教推车出阵外，令护军小校传曰：「汉丞相与司徒会话。」王朗纵马而出。孔明于车上拱手，王朗在马上欠身答礼。朗曰：「久闻公之大名，今幸一会。公既知天命、识时务，何故兴无名之师？」孔明曰：「吾奉诏讨贼，何谓无名？」朗曰：「天数有变，神器更易，而归有德之人，此自然之理也。曩自桓、灵以来，黄巾倡乱，天下争横。降至初平、建安之岁，董卓造逆，傕、汜继虐；袁术僭号于寿春，袁绍称雄于邺上；刘表占据荆州，吕布虎吞徐郡：盗贼蜂起，奸雄鹰扬，社稷有累卵之危，生灵有倒悬之急。我太祖武皇帝，扫清六合，席卷八荒；万姓倾心，四方迎德：非以权势取之，实天命所归也。世祖文帝，神圣文武，以膺大统，应天合人，法尧禅舜，处中国以治万邦，岂非天心人意乎？今公蕴大才，报大器，欲自比于管乐，何乃强欲逆天理，背人情而行事耶？岂不闻古人云：『顺天者昌，逆天者亡。」今我大魏带甲百万，良将千员。谅腐草之萤光，怎及天心之皓月？公可倒戈卸甲，以礼来降，不失封侯之位。国安民乐，岂不美哉！」孔明在车上大笑曰：「吾以为汉朝大老元臣，必有高论，岂期出此鄙言！吾有一言，诸军静听：昔桓、灵之世，汉统陵替，宦官酿祸；国乱岁凶，四方扰攘。黄巾之后，董卓、傕、汜等接踵而起，迁劫汉帝，残暴生灵。因庙堂之上，朽木为官；殿陛之间，禽兽食禄。狼心狗行之辈，滚滚当朝；奴颜婢膝之徒，纷纷秉政。以致社稷邱墟，苍生涂炭。吾素知汝所行！世居东海之滨，初举孝廉入仕。理合匡君辅国，安汉兴刘；何期反助逆贼，同谋篡位！罪恶深重，天地不容！天下之人，愿食汝肉！」「今幸天意不绝炎汉，昭烈皇帝继统西川。吾今奉嗣君之旨，兴师讨贼。汝既为谄谀之臣，只可潜身缩首，苟图衣食；安敢在行伍之前，妄称天数耶！皓首匹夫！苍髯老贼！汝即日将归于九泉之下，何面目见二十四帝乎！老贼速退！可叫反臣与吾共决胜负！」王朗听罢，气满胸膛，大叫一声，撞死于马下。后人有诗赞孔明曰：",same_body_paragraph
关兴,袁绍,1,1,93,"Chapter 93, P093-010: 三军鼓角己罢，司徒王朗乘马而出。上首乃都督曹真，下首乃副都督郭淮：两个先锋压住阵角。探子马出军前，大叫曰：「请对阵主将答话！」只见蜀兵门旗开处，关兴、张苞，分左右而出，立马于两边；次后一队队骁将分列；门旗影下，中央一辆四轮车，孔明端坐车中，纶巾羽扇，素衣皂（左糸右条），飘然而出。孔明举目见魏阵前三个麾盖，旗上大书姓名，中央白髯老者，乃军师司徒王朗。孔明暗忖曰：「王朗必不说词，吾当随机应之。」遂教推车出阵外，令护军小校传曰：「汉丞相与司徒会话。」王朗纵马而出。孔明于车上拱手，王朗在马上欠身答礼。朗曰：「久闻公之大名，今幸一会。公既知天命、识时务，何故兴无名之师？」孔明曰：「吾奉诏讨贼，何谓无名？」朗曰：「天数有变，神器更易，而归有德之人，此自然之理也。曩自桓、灵以来，黄巾倡乱，天下争横。降至初平、建安之岁，董卓造逆，傕、汜继虐；袁术僭号于寿春，袁绍称雄于邺上；刘表占据荆州，吕布虎吞徐郡：盗贼蜂起，奸雄鹰扬，社稷有累卵之危，生灵有倒悬之急。我太祖武皇帝，扫清六合，席卷八荒；万姓倾心，四方迎德：非以权势取之，实天命所归也。世祖文帝，神圣文武，以膺大统，应天合人，法尧禅舜，处中国以治万邦，岂非天心人意乎？今公蕴大才，报大器，欲自比于管乐，何乃强欲逆天理，背人情而行事耶？岂不闻古人云：『顺天者昌，逆天者亡。」今我大魏带甲百万，良将千员。谅腐草之萤光，怎及天心之皓月？公可倒戈卸甲，以礼来降，不失封侯之位。国安民乐，岂不美哉！」孔明在车上大笑曰：「吾以为汉朝大老元臣，必有高论，岂期出此鄙言！吾有一言，诸军静听：昔桓、灵之世，汉统陵替，宦官酿祸；国乱岁凶，四方扰攘。黄巾之后，董卓、傕、汜等接踵而起，迁劫汉帝，残暴生灵。因庙堂之上，朽木为官；殿陛之间，禽兽食禄。狼心狗行之辈，滚滚当朝；奴颜婢膝之徒，纷纷秉政。以致社稷邱墟，苍生涂炭。吾素知汝所行！世居东海之滨，初举孝廉入仕。理合匡君辅国，安汉兴刘；何期反助逆贼，同谋篡位！罪恶深重，天地不容！天下之人，愿食汝肉！」「今幸天意不绝炎汉，昭烈皇帝继统西川。吾今奉嗣君之旨，兴师讨贼。汝既为谄谀之臣，只可潜身缩首，苟图衣食；安敢在行伍之前，妄称天数耶！皓首匹夫！苍髯老贼！汝即日将归于九泉之下，何面目见二十四帝乎！老贼速退！可叫反臣与吾共决胜负！」王朗听罢，气满胸膛，大叫一声，撞死于马下。后人有诗赞孔明曰：",same_body_paragraph
关兴,马超,1,1,87,"Chapter 87, P087-002: 建兴三年，益州飞报：「蛮王孟获，大起蛮兵十万，犯境侵掠。建宁太守雍闿，乃汉朝什邡侯雍齿之后，今结连孟获造反。牂牁郡太守朱褒、越隽郡太守高定，二人献了城。止有永昌郡太守王伉不肯反。现今雍闿、朱褒、高定三人部下人马，皆与孟获为乡导官，攻打永昌郡。赖王伉与功曹吕凯，会集百姓，死守此城，其势甚急。」孔明乃入朝奏后主曰：「臣观南蛮不服，实国家之大患也。臣当自领大军，前去征讨。」后主曰：「东有孙权，北有曹丕；今相父弃朕而去，倘吴、魏来攻，如之奈何？」孔明日：「东吴方与我国讲和，料无异心；若有异心，李严在白帝城，此人可当陆逊也。曹丕新败，锐气已丧，未能远图；且有马超守把汉中诸处关口，不必忧也。臣又留关兴、张苞等分两军为救应，保陛下万无一失。今臣先去扫荡蛮方，然后北伐，以图中原，报先帝三顾之恩，托孤之重。」后主曰：「朕年幼无知，惟相父斟酌行之。」言未毕，班部内一人出曰：「不可！不可！」众视之，乃南阳人也：姓王，名连，字文仪；见为谏议大夫。连谏曰：「南方不毛之地，瘴疫之乡；丞相秉钧衡之重任，而自远征，非所宜也。且雍闿等乃疥癣之疾，丞相只须遣一大将讨之，必然成功。」孔明曰：「南蛮之地，离国甚远，人多不习王化，收伏甚难，吾当亲往征之。可刚可柔，别有斟酌，非可容易托人。」",same_body_paragraph
关羽,华歆,1,1,79,"Chapter 79, P079-002: 于是曹丕安居王位，改建安二十五年为延康元年。封贾诩为太尉，华歆为相国，王朗为御史大夫。大小官僚，尽皆升赏。谥曹操曰武王，葬于邺郡高陵。令于禁董治陵事。禁奉命到彼，只见陵屋中白粉壁上，图画关云长水渰七军擒获于禁之事：画云长俨然上坐，庞德愤怒不屈，于禁拜伏于地，哀求乞命之状。原来曹丕以于禁兵败被擒，不能死节，既降敌而复归，心鄙其为人，故先令人图画陵屋粉壁，故意使之往见以愧之。当下于禁见此画像，又羞又恼，气愤成病，不久而死。后人有诗叹曰：",same_body_paragraph
关羽,司马师,1,1,110,"Chapter 110, P110-003: 却说司马师左眼肉瘤，不时痛痒，乃命医官割之，以药封闭，连日在府养病；必闻淮南告急，乃请太尉王肃商议，肃曰：「昔关云长威震华夏，孙权令吕蒙袭取荆州，抚恤将士家属，因此关公军势瓦解。今淮南将士家属，皆在中原，可急抚恤，更以兵断其归路，必有土崩之势矣。」师曰：「公言极是。但吾新割目瘤，不能自往；若使他人，心又不稳。」",same_body_paragraph
关羽,司马徽,1,1,35,"Chapter 35, P035-012: 正谈论间，忽闻庄外人喊马嘶，小童来报：「有一将军，引数百人到庄来也。」玄德大惊，急出视之，乃赵云也。玄德大喜。云下马入见曰：「某夜来回县，寻不见主公，连夜跟问到此，主公作速回县。只恐有人来县中厮杀。」玄德辞了水镜，与赵云上马，投新野来。行不数里，一彪人马来到，视之，乃云长、翼德也，相见大喜。玄德诉说跃马檀溪之事，共相嗟讶。到县中，与孙干等商议。干曰：「可先致书于景升，诉告此事。」",same_body_paragraph
关羽,吉平,1,1,78,"Chapter 78, P078-008: 「又有一人眉间生一瘤，痒不可当，令佗视之。佗曰：『内有飞物。』人皆笑之。佗以刀割开，一黄雀飞去，病者即愈。有一人被犬咬足指，随长肉二块，一痛一痒，俱不可忍。佗曰：『痛者内有针十个，痒者内有黑白棋子二枚。』人皆不信，佗以刀割开，果应其言。此人真扁鹊、仓公之流也。见居金城，离此不远，大王何不召之？」操即差人星夜请华佗入内，令诊脉视疾。佗曰：「大王头脑疼痛，因患风而起。病根在脑袋中，风涎不能出。枉服汤药，不可治疗。某有一法：先饮麻肺汤，然后用利斧砍开脑袋，取出风涎，方可除根。」操大怒曰：「汝要杀孤耶！」佗曰：「大王曾闻关公中毒箭，伤其右臂，某刮骨疗毒，关公略无惧色？今大王小可之疾，何多疑焉？」操曰：「臂痛可刮，脑袋安可砍开？汝必与关公情熟，乘此机会，欲报雠耳！」呼左右拏下狱中，拷问其情。贾诩谏曰：「似此良医，世罕其匹，未可废也。」操叱曰：「此人欲乘机害我，正与吉平无异！」急令追拷。",same_body_paragraph
关羽,姜维,1,1,94,"Chapter 94, P094-003: 兴在垓心，左冲右突，不能得脱；铁车密围，就如城池。蜀兵你我不能相顾。兴望山谷中寻路走。看看天晚，但见一簇皂旗，蜂拥而来：一员羌将，手提铁锤大叫曰：「小将休走！吾乃越吉元帅也！」关兴急走到前面，尽力纵马加鞭，正迈断涧，只得回马来战越吉。兴终是胆寒，抵敌不住，望涧中而逃；被越吉赶到，一铁锤打来，兴急闪过，正中马胯。那马望涧中便到，兴落于水中。忽听得一声响处，背后越吉连人带马，平白地倒下水来。兴就水中挣起看时，只见岸上一员大将，杀退羌兵。兴提刀待砍越吉，吉跃水而走。关兴得了越吉马，牵到岸上，整顿鞍辔，绰刀上马。只见那员将，尚在前面追杀羌兵。兴自思此人救我性命，当与相见，遂拍马赶来。看看至近，只见云雾之中，隐隐有一大将，面如重枣，眉若卧蚕，绿袍金铠，提青龙刀，骑赤兔马，手绰美髯；分明认得是父亲关公。兴大惊。忽见关公以手望东南指曰：「吾儿可速望此路去。吾当护汝归寨。」言讫不见。关兴望东南急走。至半夜，忽一彪到：乃张苞也，问兴曰：「你曾见二伯父否？」兴曰：「你何由知之？」苞曰：「我被铁车军追急，忽见伯父自空而下，惊退羌兵，指曰：『汝从这条路去救吾儿。』因此引军迳来寻你。」关兴亦说前事，共相嗟异。二人同归寨内。马岱接著，对二人说：「此军无计可退。我守住寨栅，你二人去禀丞相，用计破之。」于是兴、苞二人，星夜来见孔明，备说此事。孔明随命赵云、魏延各引一军埋伏去讫；然后点三万军，带了姜维、张翼、关兴、张苞，亲自来到马岱寨中歇定。次日上高阜处观看，见铁车连络不绝，人马纵横，往来驰骤。孔明曰：「此不难破也。」唤马岱、张翼分付如此如此。二人去了，乃唤姜维曰：「伯约知破车之法否？」维曰：「羌人惟恃一勇力，岂知妙计乎？」孔明笑曰：「汝知吾心也。今彤云密布，朔风紧急，天将降雪，吾计可施矣。」便令关兴、张苞二人引兵埋伏去讫。令姜维领兵出战：但有铁车兵来，退后便走；寨口虚立旌旗，不设军马：准备已定。",same_body_paragraph
关羽,庞统,1,1,60,"Chapter 60, P060-028: 于是遂请孔明同议，起兵西行。孔明曰：「荆州重地，必须分兵守之。」玄德曰：「吾与庞士元，黄忠，魏延，前往西川；军师可与关云长，张翼德，赵子龙，守荆州。」孔明应允。于是孔明总守荆州；关公拒襄阳要路，当青泥隘口；张飞领四郡巡江；赵云屯江陵，镇公安。玄德令黄忠为前部，魏延为后军。玄德自与刘封关平在中军，庞统为军师，马步五万，起程西行。",same_body_paragraph
关羽,张松,1,1,60,"Chapter 60, P060-029: 临行时，忽廖化引一军来降。玄德便教廖化辅佐云长，以拒曹操。是年冬月，引兵望西川进发。行不数程，孟达接著，拜见玄德，说刘益州令某领兵五千远来迎接。玄德使人入益州，先报刘璋。璋便发书告报沿途州郡，供给钱粮。璋欲自出涪城亲接玄德，即下令准备车乘帐幔，旌旗铠甲，务要鲜明。主簿黄权入谏曰：「主公此去，必被刘备所害。某食禄多年，不忍主公中他人奸计，望三思之。」张松曰：「黄权此言，疏间宗族之义，滋长寇盗之威，实无益于主公。」璋乃叱权曰：「吾意已决，汝何逆吾！」",same_body_paragraph
关羽,徐庶,1,1,41,"Chapter 41, P041-005: 玄德不敢强留。徐庶辞回，见了曹操，言玄德并无降意。操大怒，即日进兵。玄德问计于孔明，孔明曰：「可速弃樊城，取襄阳暂歇。」玄德曰：「奈百姓相随许久，安忍弃之？」孔明曰：「可令人遍告百姓：有愿随者同去，不愿者留下。」先使云长往江岸整顿船只，令孙干、简雍，在城中声扬曰：「令曹兵将至，孤城不可久守，百姓愿随者便同过江。」",same_body_paragraph
关羽,曹洪,1,1,26,"Chapter 26, P026-011: 正饮宴间，忽报「汝南有黄巾刘辟、龚都，甚是猖獗。曹洪累战不利，乞遗兵救之。」云长闻言，进曰：「关某愿施犬马之劳，破汝南贼寇。」操曰：「云长建立大功，未曾重酬，岂可复劳征进？」公曰：「关某久闲，必生疾病。」曹操壮之，点兵五万，使于禁、乐进为副将，次日便行。荀彧密谓操曰：「云长有归刘之心，倘知消息必去，不可频令出征。」操曰：「今次收功，吾不复教临敌矣。」",same_body_paragraph
关羽,杨修,1,1,60,"Chapter 60, P060-011: 操变色视之。松全无惧意，杨修频以目视松。操谓松曰：「吾视天下鼠辈犹草芥耳。大军到处，战无不胜，攻无不取。顺吾者生，逆吾者死。汝知之乎？」松曰：「丞相驱兵到处，战必胜，攻必取，松亦素知。昔日濮阳攻吕布之时，宛城战张绣之日；赤壁遇周郎，华容逢关羽；割须弃袍于潼关，夺船箭于渭水：此皆无敌于天下也。」操大怒曰：「竖儒焉敢揭吾短处！」喝左右推出斩之。杨修谏曰：「松虽可斩，奈从蜀道而来入贡，若斩之，恐失远人之意。」",same_body_paragraph
关羽,王平,1,1,87,"Chapter 87, P087-003: 王连再三苦劝，孔明不从。是日，孔明辞了后主，令蒋琬为参军；费袆为长史；董厥、樊建二人为掾史；赵云、魏延为大将，总督军马；王平、张翼为副将；并川将数十员：共起川兵五十万，前望益州进发。忽有关公第三子关索，入军来见孔明曰：「自荆州失陷，逃难在鲍家庄养病。每要赴川见先帝报雠，疮痕未合，不能起行。近已安痊，打探得东吴雠人已皆诛戮，迳来西川见帝，恰在途中遇见征南之兵，特来投见。孔明闻之，嗟讶不已；面遣人申报朝廷，就令关索为前部先锋，一同征南。大队人马，各依队伍而行。饥餐渴饮，夜住晓行：所经之处，秋亳无犯。",same_body_paragraph
关羽,邓芝,1,1,65,"Chapter 65, P065-027: 玄德从之，设一大宴，请刘璋收拾财物，佩领振威将军印绶，将妻子良贱，尽赴南郡公安住歇，即日起行。玄德自领益州牧，其所降文武，尽皆重赏，定拟名爵。严颜为前将军，法正为蜀郡太守，董和为掌军中郎将，许靖为左将军长史，庞义为营中司马，刘巴为左将军，黄权为右将军。其余吴懿，费观，彭羕，卓膺，李严，吴兰，雷同，李恢，张翼，秦宓，谯周，吕义，霍峻，邓芝，杨洪，周群，费袆，费诗，孟达，……文武投降官员，共六十余人，并皆擢用。诸葛亮军师，关云长为荡寇将军汉寿亭侯，张飞为征远将军新亭侯，赵云为镇远将军，黄忠为征西将军，魏延为扬武将军，马超为平西将军。孙干，简雍，糜竺、糜芳，刘封，关平，周仓，廖化，马良，马谡，蒋琬，伊籍，及旧日荆襄一班文武官员，尽皆升赏。遣使赍黄金五百斤，白银一千斤，钱五千万，蜀锦一千疋，赐与云长。其余官将，给赐有差。杀牛宰马，大饷士卒，开仓赈济百姓，军民大悦。",same_body_paragraph
关羽,陈宫,1,1,19,"Chapter 19, P019-012: 布料难抵敌，引军东走。曹兵随后追赶。吕布走得人困马乏。忽大闪出一彪军拦住去路，为道一将，立马横刀，大喝：「吕布休走！关云长在此！」吕布慌忙接战。背后张飞赶来。布无心恋战，与陈宫等杀开条路，迳奔下邳。侯成引兵接应去了。关、张相见，各洒泪言失散之事。云长曰：「我在海州路上住扎，探得消息，故来至此。」张飞曰：「弟在芒砀山住了这几时，今日幸得相遇。」",same_body_paragraph
关羽,顾雍,1,1,83,"Chapter 83, P083-020: 权大惊，举止失措，阚泽出班奏曰：「见有擎天之柱，如何不用耶？」权急问何人。泽曰：「昔日东吴大事，全任周郎；后鲁子敬代之；子敬亡后，决于吕子明；今子明虽丧．见有陆伯言在荆州。此人名虽儒生，实有雄才大略，以臣论之；不在周郎之下；前破关公，其谋皆出于伯言。主上若能用之，破蜀必矣。如或有失，臣愿与同罪。」权曰：「非德润之言，孤误大事。」张昭曰：「陆逊乃一书生耳，非刘备敌手；恐不可用。」顾雍亦曰：「陆逊年幼望轻，恐诸公不服；若不服则生祸乱，必误大事。」步骘亦曰：「逊才堪治郡耳；若托以大事，非其宜也。」阚泽大呼曰：「若不用陆伯言，则东吴休矣！臣愿以全家保之！」权曰：「孤亦素知陆伯言乃奇才也：孤意已决，卿等勿言。」",same_body_paragraph
关羽,马腾,1,1,21,"Chapter 21, P021-001: 却说董承等问马腾曰：「公却用何人？」马腾曰：「见有豫州牧刘玄德在此，何不求之？」承曰：「此人虽系皇叔，今正依附曹操，安肯行此事耶？」腾曰：「吾观前日围场之中，曹操迎受众贺之时，云长在玄德背后，挺刀欲杀操，玄德以目视之而止。玄德非不欲图操，恨操爪牙多，恐力不及耳。公试求之，当必应允。」吴硕曰：「此事不宜太速，当从容商议。」众皆散去。",same_body_paragraph
刘备,司马昭,1,1,119,"Chapter 119, P119-008: 遂与姜维计议。维曰：「君疑臣则臣必死，岂不见邓艾乎？」会曰：「吾意决矣。事成则得天下，不成则退西蜀，亦不失作刘备也。」维曰：「近闻郭太后新亡，可诈称太后有遗诏，教讨司马昭，以正弑君之罪。据明公之才，中原可席卷而定。」会曰：「伯约当作先锋。成事之后，同享富贵。」维曰：「愿效犬马微劳。但恐诸将不服耳。」会曰：「来日元宵佳节，故宫大张灯火，请诸将饮宴。如不从者尽斩之。」维暗喜。",same_body_paragraph
刘备,吉平,1,1,23,"Chapter 23, P023-018: 且说董承自刘玄德去后，日夜与王子服等商议，无计可施。建安五年，元旦朝贺，见曹操骄横愈甚，感愤成疾。帝知国舅染病，令随朝太医前去医治。此医乃洛阳人：姓吉，名太，字称平，人皆呼为吉平，当时名医也。平到董承府用药调治，旦夕不离；常见董承长吁短叹，不敢动问。",same_body_paragraph
刘备,曹真,1,1,84,"Chapter 84, P084-031: 陆逊回寨叹曰：「孔明真『卧龙』也！吾不能及！」于是下令班师。左右曰：「刘备兵败势穷，困守一城，正好乘势击之；今见石阵而退，何也？」逊曰：「吾非惧石阵而退？吾料魏主曹丕，其奸诈与父无异，今知吾追赶蜀兵，必乘虚来袭。吾若深入西川，急难退矣。」遂令一将断后，逊率大军而回。退兵未及二日，三处人来飞报：「魏兵曹仁出濡须，曹休出洞口，曹真出南郡：三路兵马数十万，星夜至境，未知何意。」逊笑曰：「不出吾之所料。吾已令兵拒之矣。」正是：雄心方欲吞西蜀，胜算还须御北朝。未知如何退兵，且看下文分解。",same_body_paragraph
刘备,李肃,1,1,5,"Chapter 5, P005-019: 曹操大喜。只见玄德背后转出张飞，高声大叫：「俺哥哥斩了华雄，不就这里杀入关去，活拏董卓，更待何时！」袁术大怒，喝曰：「俺大臣尚自谦让，量一县令手下小卒，安敢在此耀武扬威！都与赶出帐去！」曹操曰：「得功者赏，何计贵贱乎？」袁术曰：「既然公等只重一县令，我当告退。」操曰：「岂可因一言而误大事耶？」命公孙瓒且带玄德、关、张回寨。众官皆散。曹操暗使人赍牛酒抚慰三人。却说华雄手下败军，报上关来。李肃慌忙写告急文书，申闻董卓。卓急聚李儒、吕布等商议。儒曰：「今失了上将华雄，贼势浩大。袁绍为盟主，绍叔袁隗，现为太傅；倘或里应外合，深为不便，可先除之。请丞相亲领大军，分拨剿捕。」",same_body_paragraph
刘备,王允,1,1,120,"Chapter 120, P120-047: 高祖提剑入咸阳，炎炎红日升扶桑。光武龙兴成大统，金乌飞上天中央。哀哉献帝绍海宇，红轮西坠咸池傍！何进无谋中贵乱，凉州董卓居朝堂。王允定计诛逆党，李傕郭泛兴刀枪。四方盗贼如蚁聚，六合奸雄皆鹰扬。孙坚孙策起江左，袁绍袁术兴河梁。刘焉父子据巴蜀，刘表军旅屯荆襄。张修张鲁霸南郑，马腾韩遂守西凉。陶谦张绣公孙瓒，各逞雄才占一方。曹操专权居相府，牢笼英俊用文武。威震天子令诸侯，总领貔貅镇中土。楼桑玄德本皇孙，义结关张愿扶主。东西奔走恨无家，将寡兵微作羁旅。南阳三顾情可深，卧龙一见分寰宇。先取荆州后取川，霸业王图在天府。呜呼三载逝升遐，白帝托孤堪痛楚！孔明六出祁山前，愿以只手将天补。何期历数到此终，长星半夜落山坞！姜维独凭气力高，九伐中原空劬劳。钟会邓艾分兵进，汉室江山尽属曹。丕、叡、芳、髦才及奂，司马又将天下交。受禅台前云雾起，石头城下无波涛。陈留归命与安乐，王侯公爵从根苗。纷纷世事无穷尽，天数茫茫不可逃。鼎足三分已成梦，后人凭吊空牢骚。",same_body_paragraph
刘备,祢衡,1,1,23,"Chapter 23, P023-017: 却说曹操知祢衡受害，笑曰：「腐儒舌剑，反自杀矣！」因不见刘表来降，便欲兴兵问罪。荀彧谏曰：「袁绍未平，刘备未灭，而欲用兵江汉，是犹舍心腹而顾手足也。可先灭袁绍，后灭刘备，江汉可一扫而平矣。」操从之。",same_body_paragraph
刘备,管辂,1,1,69,"Chapter 69, P069-013: 操欲封辂为太吏。辂曰：「命薄相穷，不称此职，不敢受也。」操问其故。答曰；「辂额无主骨，眼无守睛；鼻无梁柱，脚无天根；背无三甲，腹无三壬。只可泰山治鬼，不能治生人也。」操曰：「汝相吾若何﹖」辂曰：「位极人臣，又何必相﹖」再三问之，辂但笑而不答。操令辂遍相文武官僚。辂曰：「皆治世之臣也。」操问休咎，皆不肯尽言。后人有诗赞管辂曰：平明神卜管公明，能算南辰北斗星。八卦幽微通鬼窍，六爻玄奥究天庭。预知相法应无寿，」自觉心源极有灵。可惜当年奇异术，后人无复授遗经。操令卜东吴，西蜀二处。辂设卦云：「东吴主亡一大将，西蜀有兵犯界。」操不信。忽合淝报来：「东吴陆口守将鲁肃身故。」操大惊，便差人往汉中探听消息。不数日，飞报：「刘玄德遣张飞，马超屯兵下办取关。」操大怒，便欲自领兵再入汉中，令管辂卜之，辂曰：「大王未可妄动。来春许都必有火灾。」",same_body_paragraph
刘备,邓芝,1,1,65,"Chapter 65, P065-027: 玄德从之，设一大宴，请刘璋收拾财物，佩领振威将军印绶，将妻子良贱，尽赴南郡公安住歇，即日起行。玄德自领益州牧，其所降文武，尽皆重赏，定拟名爵。严颜为前将军，法正为蜀郡太守，董和为掌军中郎将，许靖为左将军长史，庞义为营中司马，刘巴为左将军，黄权为右将军。其余吴懿，费观，彭羕，卓膺，李严，吴兰，雷同，李恢，张翼，秦宓，谯周，吕义，霍峻，邓芝，杨洪，周群，费袆，费诗，孟达，……文武投降官员，共六十余人，并皆擢用。诸葛亮军师，关云长为荡寇将军汉寿亭侯，张飞为征远将军新亭侯，赵云为镇远将军，黄忠为征西将军，魏延为扬武将军，马超为平西将军。孙干，简雍，糜竺、糜芳，刘封，关平，周仓，廖化，马良，马谡，蒋琬，伊籍，及旧日荆襄一班文武官员，尽皆升赏。遣使赍黄金五百斤，白银一千斤，钱五千万，蜀锦一千疋，赐与云长。其余官将，给赐有差。杀牛宰马，大饷士卒，开仓赈济百姓，军民大悦。",same_body_paragraph
刘备,钟会,1,1,120,"Chapter 120, P120-047: 高祖提剑入咸阳，炎炎红日升扶桑。光武龙兴成大统，金乌飞上天中央。哀哉献帝绍海宇，红轮西坠咸池傍！何进无谋中贵乱，凉州董卓居朝堂。王允定计诛逆党，李傕郭泛兴刀枪。四方盗贼如蚁聚，六合奸雄皆鹰扬。孙坚孙策起江左，袁绍袁术兴河梁。刘焉父子据巴蜀，刘表军旅屯荆襄。张修张鲁霸南郑，马腾韩遂守西凉。陶谦张绣公孙瓒，各逞雄才占一方。曹操专权居相府，牢笼英俊用文武。威震天子令诸侯，总领貔貅镇中土。楼桑玄德本皇孙，义结关张愿扶主。东西奔走恨无家，将寡兵微作羁旅。南阳三顾情可深，卧龙一见分寰宇。先取荆州后取川，霸业王图在天府。呜呼三载逝升遐，白帝托孤堪痛楚！孔明六出祁山前，愿以只手将天补。何期历数到此终，长星半夜落山坞！姜维独凭气力高，九伐中原空劬劳。钟会邓艾分兵进，汉室江山尽属曹。丕、叡、芳、髦才及奂，司马又将天下交。受禅台前云雾起，石头城下无波涛。陈留归命与安乐，王侯公爵从根苗。纷纷世事无穷尽，天数茫茫不可逃。鼎足三分已成梦，后人凭吊空牢骚。",same_body_paragraph
刘备,阚泽,1,1,83,"Chapter 83, P083-020: 权大惊，举止失措，阚泽出班奏曰：「见有擎天之柱，如何不用耶？」权急问何人。泽曰：「昔日东吴大事，全任周郎；后鲁子敬代之；子敬亡后，决于吕子明；今子明虽丧．见有陆伯言在荆州。此人名虽儒生，实有雄才大略，以臣论之；不在周郎之下；前破关公，其谋皆出于伯言。主上若能用之，破蜀必矣。如或有失，臣愿与同罪。」权曰：「非德润之言，孤误大事。」张昭曰：「陆逊乃一书生耳，非刘备敌手；恐不可用。」顾雍亦曰：「陆逊年幼望轻，恐诸公不服；若不服则生祸乱，必误大事。」步骘亦曰：「逊才堪治郡耳；若托以大事，非其宜也。」阚泽大呼曰：「若不用陆伯言，则东吴休矣！臣愿以全家保之！」权曰：「孤亦素知陆伯言乃奇才也：孤意已决，卿等勿言。」",same_body_paragraph
刘琦,吕布,1,1,43,"Chapter 43, P043-025: 数巡之后，权曰：「曹操平生所恶者，吕布、刘表、袁绍、袁术、豫州与孤耳。今数雄已灭，独豫州与孤尚存。孤不能以全吴之地，受制于人。吾计决矣。非刘豫州莫与当曹操者。然豫州新败之后，安能抗此难乎？」孔明曰：「豫州虽新败，然关云长犹率精兵万人；刘琦领江夏战士，亦不下万人。曹操之众，远来疲惫；近追豫州，轻骑一日夜行三百里。此所谓「强弩之末，势不能穿鲁缟」者也。且北方之人，不习水战。荆州士民附操者，迫于势耳，非本心也。今将军诚能与豫州协力同心，破曹军必矣。操军破必北还，则荆吴之势强，而鼎足之形成矣。成败之机，在于今日。惟将军裁之。」",same_body_paragraph
刘琦,孙策,1,1,42,"Chapter 42, P042-024: 正说间，人报江东孙权差鲁肃来吊丧，船已傍岸。孔明笑曰：「大事济矣！」遂问刘琦曰：「往日孙策亡时，襄阳曾遣人去吊丧否？」琦曰：「江东与我家有杀父之雠，安得通庆吊之礼？」孔明曰：「然则鲁肃之来，非为吊丧，乃来探听军情也。」遂谓玄德曰：「鲁肃至，若问曹操动静，主公只推不知。再三问时，主公只说可问诸葛亮。」",same_body_paragraph
刘琦,袁绍,1,1,43,"Chapter 43, P043-025: 数巡之后，权曰：「曹操平生所恶者，吕布、刘表、袁绍、袁术、豫州与孤耳。今数雄已灭，独豫州与孤尚存。孤不能以全吴之地，受制于人。吾计决矣。非刘豫州莫与当曹操者。然豫州新败之后，安能抗此难乎？」孔明曰：「豫州虽新败，然关云长犹率精兵万人；刘琦领江夏战士，亦不下万人。曹操之众，远来疲惫；近追豫州，轻骑一日夜行三百里。此所谓「强弩之末，势不能穿鲁缟」者也。且北方之人，不习水战。荆州士民附操者，迫于势耳，非本心也。今将军诚能与豫州协力同心，破曹军必矣。操军破必北还，则荆吴之势强，而鼎足之形成矣。成败之机，在于今日。惟将军裁之。」",same_body_paragraph
刘璋,刘禅,1,1,117,"Chapter 117, P117-032: 邓艾怜其忠，将父子合葬，乘虚攻打绵竹。张遵、黄崇、李球三人，各引一军杀出。蜀兵寡，魏兵众，三人亦皆战死，艾因此得了绵竹。劳军已毕，遂来取成都。正是：试观后主临危日，无异刘璋受逼时。未知成都如何守御，且看下文分解。",same_body_paragraph
刘璋,司马懿,1,1,67,"Chapter 67, P067-019: 曹操已得东川。主簿司马懿进曰：「刘备以诈力取刘璋、蜀人尚未归心。今主公已得汉中，益州震动。可速进兵攻之，势必瓦解。知者贵于乘时，时不可失也。」曹操叹曰：「人苦不知足，既得陇，复望蜀耶﹖」刘晔曰：「司马仲达之言是也。若少迟缓，诸葛亮明于治国而为相，关张等勇冠三军而为将，蜀民既定，据守关隘，不可犯矣。」操曰：「士卒远涉劳苦，且宜存恤。」遂按兵不动。",same_body_paragraph
刘璋,吕蒙,1,1,56,"Chapter 56, P056-017: 却说鲁肃回见周瑜，说玄德，孔明欢喜不疑，准备出城劳军。周瑜大笑曰：「原来今番也中了吾计！」便教鲁肃禀报吴侯，并遣程普引兵接应。周瑜此时箭疮已渐平愈，身躯无事，使甘宁为先锋，自与徐盛，丁奉为第二；凌统，吕蒙为后队。水陆大兵五百万，望荆州而来。周瑜在船中，时复欢笑，以为孔明中计。前军至夏口，周瑜问：「荆州有人在前面接否？」人报：「刘皇叔使糜竺来见都督。」瑜唤至，问劳军如何。糜竺曰：「主公皆准备安排下了。」瑜曰：「皇叔何在？」竺曰：「在荆州城门相等，与都督把盏。」瑜曰：「今为汝家之事，出兵远征；劳军之礼，休得轻易。」糜竺领了言语先回。战船密密排在江上，依次而进。看看至公安，并无一双军船，又无一人远接。周瑜催船速行。离荆州十余里，只见江面上静荡荡的。哨探的回报：「荆州城上，插两面白旗，并不见一人之影。」瑜心疑，教把船傍岸，亲自上岸，乘马带了甘宁，徐盛，丁奉一班军官，引亲随精军三千人，迳望荆州来。既至城下，并不见动静。瑜勒住马，令军士叫门。城上问是谁人。吴军答曰：「是东吴周都督亲自此。」言未毕，忽一声梆子响，城上一齐都竖起鎗刀。敌楼上赵云出曰：「都督此行，端的为何？」瑜曰：「吾替汝主取西川，汝岂犹未知耶？」云曰：「孔明军师已知都督『假途灭虢』之计，故留赵云在此。吾主公有言：『孤与刘璋，皆汉室宗亲，安忍背义而取西川？若汝东吴端的取蜀，吾当披发入山，不失信于天下也。』」周瑜闻之，勒马便回。只见一人打著令字旗，于马前报说：「探得四路军马，一齐杀到：关某从江陵杀来，张飞从秭归杀来，黄忠从公安杀来，魏延从彝陵小路杀来：四路正不知多少军马。喊声远近震动百余里，皆言要捉周瑜。」瑜马上大叫一声，箭鎗复裂，墬于马下。正是：一著掑高难对敌，几番算定总成空。不知周瑜性命如何，且看下文解。",same_body_paragraph
刘璋,荀彧,1,1,60,"Chapter 60, P060-012: 操怒气未息。荀彧亦谏，操方免其死，令乱棒打出。松归馆舍，连夜出城，收拾回川。松自思曰：「吾本欲献西川州县与曹操，谁想如此慢人！我来时于刘璋之前，开了大口；今日怏怏空回，须被蜀中人所笑。吾闻荆州刘玄德仁义远播久矣，不如迳由那条路回。试看此人如何，我自有主见。」",same_body_paragraph
刘璋,董卓,1,1,38,"Chapter 38, P038-008: 孔明曰：「自董卓造逆以来，天下豪杰并起。曹操势不及袁绍，而竟能克绍者，非惟天时，抑亦人谋也。今操已拥百万之众，挟天子以令诸侯，此诚不可与争锋。孙权据有江东，已历三世，国险而民附，此可用为援，而不可图也。荆州北据汉沔，利尽南海，东连吴会，西通巴蜀，此用武之地，非其主不能守。是殆天所以资将军，将军岂可弃乎？益州险塞，沃野千里，天府之国，高祖因之以成帝业。今刘璋暗弱，民殷国富，而不知存恤，智能之士，思得明君。将军既帝室之胄，信义著于四海，总揽英雄，思贤如渴，若跨有荆益，保其岩阻，西和诸戎，南抚彝越，外结孙权，内修政理；待天下有变，则命一上将，将荆州之兵，以向宛洛；将军身率益州之众，以出秦川，百姓有不箪食壸浆以迎将军者乎？诚如是，则大业可成，汉室可兴矣。此亮所以为将军谋者也。惟将军图之。」言罢，命童子取出画一轴，挂于中堂，指谓玄德曰：「此西川五十四州之图也。将军欲成霸业，北让曹操占天时，南让孙权占地利，将军可占人和。先取荆州为家，后即取西川建基业，以成鼎足之势，然后可图中原也。」",same_body_paragraph
刘璋,邓艾,1,1,117,"Chapter 117, P117-032: 邓艾怜其忠，将父子合葬，乘虚攻打绵竹。张遵、黄崇、李球三人，各引一军杀出。蜀兵寡，魏兵众，三人亦皆战死，艾因此得了绵竹。劳军已毕，遂来取成都。正是：试观后主临危日，无异刘璋受逼时。未知成都如何守御，且看下文分解。",same_body_paragraph
刘璋,邓芝,1,1,65,"Chapter 65, P065-027: 玄德从之，设一大宴，请刘璋收拾财物，佩领振威将军印绶，将妻子良贱，尽赴南郡公安住歇，即日起行。玄德自领益州牧，其所降文武，尽皆重赏，定拟名爵。严颜为前将军，法正为蜀郡太守，董和为掌军中郎将，许靖为左将军长史，庞义为营中司马，刘巴为左将军，黄权为右将军。其余吴懿，费观，彭羕，卓膺，李严，吴兰，雷同，李恢，张翼，秦宓，谯周，吕义，霍峻，邓芝，杨洪，周群，费袆，费诗，孟达，……文武投降官员，共六十余人，并皆擢用。诸葛亮军师，关云长为荡寇将军汉寿亭侯，张飞为征远将军新亭侯，赵云为镇远将军，黄忠为征西将军，魏延为扬武将军，马超为平西将军。孙干，简雍，糜竺、糜芳，刘封，关平，周仓，廖化，马良，马谡，蒋琬，伊籍，及旧日荆襄一班文武官员，尽皆升赏。遣使赍黄金五百斤，白银一千斤，钱五千万，蜀锦一千疋，赐与云长。其余官将，给赐有差。杀牛宰马，大饷士卒，开仓赈济百姓，军民大悦。",same_body_paragraph
刘璋,顾雍,1,1,65,"Chapter 65, P065-033: 却说东吴，孙权，知玄德并吞西川，将刘璋逐于公安，遂召张昭，顾雍商议曰：「当刘备借我荆州时，说取了西川，便还荆州。今已得巴，蜀四十一州，须用取索汉上诸郡。如其不还，即动干戈。」张昭曰：「吴中方宁，不可动兵。昭有一计，使刘备将荆州双手奉还主公。」正是：西蜀方开新日月，东吴又索旧山川。未知其计如何，且看下文分解。",same_body_paragraph
刘璋,马腾,1,1,59,"Chapter 59, P059-026: 当年闻操破西凉之众，威震天下，乃聚众商议曰：「西凉，马腾遭戮，马超新败，曹操必将侵我汉中。我欲自称汉宁王，督兵拒曹操，诸军以为何如？」阎圃曰：「汉川之民，户口十万余众，财富粮足，四面险固；今马超新败，西凉之民，从子午谷奔入汉中者，不下数万。愚意益州刘璋昏弱，不如先取西川四十一州为本，然后称王末迟。」张鲁大喜，遂与弟张卫商议起兵。早有细作报入川中。",same_body_paragraph
刘禅,司马师,1,1,110,"Chapter 110, P110-018: 却说西蜀细作，哨知此事，报入成都。姜维奏后主曰：「司马师新亡，司马昭初握重权，必不敢擅离洛阳。臣请乘间伐魏，以复中原。」后主从之，遂命姜维兴师伐魏。维到汉中，整顿人马。征西大将军张翼曰：「蜀地浅狭，钱粮浅薄，不宜远征；不如据险守分，恤军爱民：此乃保国之计也。」维曰：「不然。昔丞相未出茅庐，已定三分天下，然其六出祁山以图中原；不幸半途而丧，以致功业未成。今吾既受丞相遗命，当尽忠报国以继其志，虽死而无恨也。今魏有隙可乘，不就此时伐之，更待何时？」夏侯霸曰：「将军之言是也。可将轻骑先出枹罕。若得洮西、南安，则诸郡可定。」张翼曰：「向者不克而还，皆因军出甚迟也。兵法云：『攻其无备，出其不意。』今若火速进兵，使魏人不能提防，必然全胜矣。」",same_body_paragraph
刘禅,张辽,1,1,85,"Chapter 85, P085-022: 丕大喜，随即密遣能言官四员为使前去；又命曹真为大都督，领兵十万，迳取阳平关。此时张辽等一班旧将，皆封列侯，俱在冀、徐、青及合淝等处，据守关津隘口，故不复调用。却说蜀汉后主刘禅，自即位以来，旧臣多有病亡者，不能细说。凡一应朝廷、选法、钱粮、词讼等事，皆听诸葛丞相裁处。时后主未立皇后。孔明与群臣上言曰：「故车骑将军张飞之女甚贤，年十七岁，可纳为正宫皇后。」后主即纳之。",same_body_paragraph
刘禅,曹叡,1,1,97,"Chapter 97, P097-001: 却说蜀汉建兴六年秋九月，,魏都督曹休被东吴陆逊大破于石亭，车仗马匹，军资器械，并皆罄尽。休惶恐之甚，气忧成病，到洛阳，疸发背而死，魏主曹叡敕令厚葬。司马懿引兵还。众将接入问曰：「曹都督兵败，即元帅之干系，何故急回耶？」懿曰：「吾料诸葛亮知吾兵败，必乘虚来取长安。倘陇西紧急，何人救之？吾故回耳。」众皆以为惧怯，晒笑而退。却说东吴遣使致书蜀中，请兵伐魏，并言大破曹休之事；一者显自己威风，二者通和会之好。后主大喜，令人持书至汉中，报知孔明。时孔明兵强马壮，粮草丰足，所用之物，一切完备，正要出师；听知此信，即设宴大会诸将，计议出师。忽一阵大风，自东北角上而起，把庭前松树吹折，众皆大惊。孔明就占一课，曰：「此风主损一大将！」诸将未信。正饮酒间，忽报镇南将军赵云长子赵统、次子赵广来见。孔明大惊，掷杯于地曰：「子龙休矣！」二子入见，拜哭曰：「某父昨夜三更病重而死。」孔明跌足而哭曰：「子龙身故，国家损一栋梁，去吾一臂也！」众将无不挥泪。孔明令二子入成都面君报丧。后主闻云死，放声大哭曰：「朕昔年幼，非子龙则死于乱军之中矣！」即下诏追赠大将军，谥顺平侯，敕葬于成都锦屏山之东；建立庙堂，四时享祭。后人有诗曰：",same_body_paragraph
刘禅,法正,1,1,73,"Chapter 73, P073-005: 玄德再三推迟不过，只得依允。建安二十四年秋七月，筑坛于沔阳，方圆九里，分布五方，各设旌旗仪仗。群臣皆依次序排列。许靖、法正请玄德登坛，进冠冕玺绶讫，面南而坐，受文武官员拜贺为汉中王。子刘禅立为王世子。封许靖为太傅，法正为尚书令。诸葛亮为军师，总理军国重事。封关羽、张飞、赵云、马超、黄忠为五虎大将军；魏延为汉中太守。其余各拟功勋定爵。",same_body_paragraph
刘禅,贾诩,1,1,86,"Chapter 86, P086-016: 却说吴王见张温入蜀未还，乃聚文武商议。忽近臣奏曰；「蜀遣邓芝同张温入国答礼。」权召入。张温拜于殿前，备称后主、孔明之德，愿求永结盟好，特遣邓尚书又来答礼。权大喜，乃设宴待之。权问邓芝曰：「若吴、蜀二国同心灭魏，得天下太平，二主分治，岂不乐乎？」芝答曰：「『天无二日，民无二王』。如灭魏之后，未识天命所归何人。但为君者，各修其德；为臣者，各尽其忠，则战争方息耳。」权大笑曰：「君之诚款，乃如是耶！」遂厚赠邓芝还蜀。自此吴、蜀通好。却说魏国细作人探知此事，火速报入中原。魏主曹丕听知，大怒曰：「吴、蜀连和，必有图中原之意也。不若朕先伐之。」于是大集文武，商议起兵伐吴。此时大司马曹仁、太尉贾诩已亡。侍中辛毗出班奏曰：「中原之地，土阔民稀，而欲用兵，未见其利。今日之计，莫若养兵屯田十年，足食足兵，然后用之，则吴、蜀方可破也。」丕怒曰：「此迂儒之论也！今吴、蜀连和，早晚必来侵境，何暇等待十年？」即传旨起兵伐吴。司马懿奏曰：「吴有长江之险，非船莫渡。陛下必御驾亲征，可选大小战船，从蔡颍而入淮，取寿春，至广陵，渡江口，迳取南徐：此为上策。」",same_body_paragraph
刘禅,郭淮,1,1,107,"Chapter 107, P107-027: 淮大怒，挺枪骤马，直取夏侯霸。霸挥刀纵马来迎。战不十合，淮败走，霸随后赶来。忽听得后军呐喊，霸急回马时，陈泰引兵杀来。郭淮复回。两路夹攻，霸大败而走，折兵大半；寻思无计，遂投汉中来降后主。",same_body_paragraph
刘禅,黄忠,1,1,73,"Chapter 73, P073-005: 玄德再三推迟不过，只得依允。建安二十四年秋七月，筑坛于沔阳，方圆九里，分布五方，各设旌旗仪仗。群臣皆依次序排列。许靖、法正请玄德登坛，进冠冕玺绶讫，面南而坐，受文武官员拜贺为汉中王。子刘禅立为王世子。封许靖为太傅，法正为尚书令。诸葛亮为军师，总理军国重事。封关羽、张飞、赵云、马超、黄忠为五虎大将军；魏延为汉中太守。其余各拟功勋定爵。",same_body_paragraph
刘表,吉平,1,1,23,"Chapter 23, P023-019: 时值元宵，吉平辞去，承留住，二人共饮。饮至更余，承觉困倦，就和衣而睡。忽报王子服等四人至，承出接入。服曰：「大事谐矣！」承曰：「愿闻其说。」服曰：「刘表结连袁绍，起兵五十万，共分十路杀来。马腾结连韩遂，起西凉军七十二万，从北杀来。曹操尽起许昌兵马，分头迎敌，城中空虚。若聚五家僮仆，可得千余人。乘今夜府中大宴，庆赏元宵，将府围住，突入杀之。不可失此机会！」",same_body_paragraph
刘表,姜维,1,1,120,"Chapter 120, P120-047: 高祖提剑入咸阳，炎炎红日升扶桑。光武龙兴成大统，金乌飞上天中央。哀哉献帝绍海宇，红轮西坠咸池傍！何进无谋中贵乱，凉州董卓居朝堂。王允定计诛逆党，李傕郭泛兴刀枪。四方盗贼如蚁聚，六合奸雄皆鹰扬。孙坚孙策起江左，袁绍袁术兴河梁。刘焉父子据巴蜀，刘表军旅屯荆襄。张修张鲁霸南郑，马腾韩遂守西凉。陶谦张绣公孙瓒，各逞雄才占一方。曹操专权居相府，牢笼英俊用文武。威震天子令诸侯，总领貔貅镇中土。楼桑玄德本皇孙，义结关张愿扶主。东西奔走恨无家，将寡兵微作羁旅。南阳三顾情可深，卧龙一见分寰宇。先取荆州后取川，霸业王图在天府。呜呼三载逝升遐，白帝托孤堪痛楚！孔明六出祁山前，愿以只手将天补。何期历数到此终，长星半夜落山坞！姜维独凭气力高，九伐中原空劬劳。钟会邓艾分兵进，汉室江山尽属曹。丕、叡、芳、髦才及奂，司马又将天下交。受禅台前云雾起，石头城下无波涛。陈留归命与安乐，王侯公爵从根苗。纷纷世事无穷尽，天数茫茫不可逃。鼎足三分已成梦，后人凭吊空牢骚。",same_body_paragraph
刘表,孟达,1,1,62,"Chapter 62, P062-030: 却说玄德令黄忠，魏延各守一寨，自回涪城，与军师庞统商议。细作报说：「东吴孙权遣人结好东川张鲁，将欲来攻葭萌关。」玄德惊曰：「若葭萌关有失，截断后路，吾进退不得，当如之何？」庞统谓孟达曰：「公乃蜀中人，多知地理，去守葭萌关，如何？」达曰：「某保一人与某同去守关，万无一失。」玄德问何人。达曰：「此人曾在荆州刘表部下为中郎将，乃南郡枝江人。姓霍，名峻，字仲邈。」玄德大喜，即时遣孟达，霍峻守葭萌关去了。",same_body_paragraph
刘表,庞统,1,1,62,"Chapter 62, P062-030: 却说玄德令黄忠，魏延各守一寨，自回涪城，与军师庞统商议。细作报说：「东吴孙权遣人结好东川张鲁，将欲来攻葭萌关。」玄德惊曰：「若葭萌关有失，截断后路，吾进退不得，当如之何？」庞统谓孟达曰：「公乃蜀中人，多知地理，去守葭萌关，如何？」达曰：「某保一人与某同去守关，万无一失。」玄德问何人。达曰：「此人曾在荆州刘表部下为中郎将，乃南郡枝江人。姓霍，名峻，字仲邈。」玄德大喜，即时遣孟达，霍峻守葭萌关去了。",same_body_paragraph
刘表,张辽,1,1,33,"Chapter 33, P033-033: 时操在易州，按兵不动。夏侯惇、张辽入禀曰：「如不下辽东，可回许都；恐刘表生心。」操曰：「待二袁首级至，即便回兵。」众皆暗笑。忽报辽东公孙康遣人送袁熙、袁尚首级至，众皆大惊。使者呈上书信。操大笑曰：「果不出奉孝之料！」重赏来使，封公孙康为襄平侯左将军。众官问曰；「何为不出奉孝之所料？」操遂出郭嘉书以示之。书略曰：",same_body_paragraph
刘表,曹丕,1,1,34,"Chapter 34, P034-002: 于是留曹植与曹丕在邺郡造台，使张燕守北寨。操将所得袁绍之兵，共五六十万，班师回许都，大封功臣；又表赠郭嘉为贞侯，养其子奕于府中。复聚众谋士商议，欲南征刘表。荀彧曰：「大军方北征而回，未可复动。且待半年，养精蓄锐，刘表、孙权，可一鼓而下也。」操从之，遂分兵屯田，以候调用。",same_body_paragraph
刘表,曹真,1,1,93,"Chapter 93, P093-010: 三军鼓角己罢，司徒王朗乘马而出。上首乃都督曹真，下首乃副都督郭淮：两个先锋压住阵角。探子马出军前，大叫曰：「请对阵主将答话！」只见蜀兵门旗开处，关兴、张苞，分左右而出，立马于两边；次后一队队骁将分列；门旗影下，中央一辆四轮车，孔明端坐车中，纶巾羽扇，素衣皂（左糸右条），飘然而出。孔明举目见魏阵前三个麾盖，旗上大书姓名，中央白髯老者，乃军师司徒王朗。孔明暗忖曰：「王朗必不说词，吾当随机应之。」遂教推车出阵外，令护军小校传曰：「汉丞相与司徒会话。」王朗纵马而出。孔明于车上拱手，王朗在马上欠身答礼。朗曰：「久闻公之大名，今幸一会。公既知天命、识时务，何故兴无名之师？」孔明曰：「吾奉诏讨贼，何谓无名？」朗曰：「天数有变，神器更易，而归有德之人，此自然之理也。曩自桓、灵以来，黄巾倡乱，天下争横。降至初平、建安之岁，董卓造逆，傕、汜继虐；袁术僭号于寿春，袁绍称雄于邺上；刘表占据荆州，吕布虎吞徐郡：盗贼蜂起，奸雄鹰扬，社稷有累卵之危，生灵有倒悬之急。我太祖武皇帝，扫清六合，席卷八荒；万姓倾心，四方迎德：非以权势取之，实天命所归也。世祖文帝，神圣文武，以膺大统，应天合人，法尧禅舜，处中国以治万邦，岂非天心人意乎？今公蕴大才，报大器，欲自比于管乐，何乃强欲逆天理，背人情而行事耶？岂不闻古人云：『顺天者昌，逆天者亡。」今我大魏带甲百万，良将千员。谅腐草之萤光，怎及天心之皓月？公可倒戈卸甲，以礼来降，不失封侯之位。国安民乐，岂不美哉！」孔明在车上大笑曰：「吾以为汉朝大老元臣，必有高论，岂期出此鄙言！吾有一言，诸军静听：昔桓、灵之世，汉统陵替，宦官酿祸；国乱岁凶，四方扰攘。黄巾之后，董卓、傕、汜等接踵而起，迁劫汉帝，残暴生灵。因庙堂之上，朽木为官；殿陛之间，禽兽食禄。狼心狗行之辈，滚滚当朝；奴颜婢膝之徒，纷纷秉政。以致社稷邱墟，苍生涂炭。吾素知汝所行！世居东海之滨，初举孝廉入仕。理合匡君辅国，安汉兴刘；何期反助逆贼，同谋篡位！罪恶深重，天地不容！天下之人，愿食汝肉！」「今幸天意不绝炎汉，昭烈皇帝继统西川。吾今奉嗣君之旨，兴师讨贼。汝既为谄谀之臣，只可潜身缩首，苟图衣食；安敢在行伍之前，妄称天数耶！皓首匹夫！苍髯老贼！汝即日将归于九泉之下，何面目见二十四帝乎！老贼速退！可叫反臣与吾共决胜负！」王朗听罢，气满胸膛，大叫一声，撞死于马下。后人有诗赞孔明曰：",same_body_paragraph
刘表,王允,1,1,120,"Chapter 120, P120-047: 高祖提剑入咸阳，炎炎红日升扶桑。光武龙兴成大统，金乌飞上天中央。哀哉献帝绍海宇，红轮西坠咸池傍！何进无谋中贵乱，凉州董卓居朝堂。王允定计诛逆党，李傕郭泛兴刀枪。四方盗贼如蚁聚，六合奸雄皆鹰扬。孙坚孙策起江左，袁绍袁术兴河梁。刘焉父子据巴蜀，刘表军旅屯荆襄。张修张鲁霸南郑，马腾韩遂守西凉。陶谦张绣公孙瓒，各逞雄才占一方。曹操专权居相府，牢笼英俊用文武。威震天子令诸侯，总领貔貅镇中土。楼桑玄德本皇孙，义结关张愿扶主。东西奔走恨无家，将寡兵微作羁旅。南阳三顾情可深，卧龙一见分寰宇。先取荆州后取川，霸业王图在天府。呜呼三载逝升遐，白帝托孤堪痛楚！孔明六出祁山前，愿以只手将天补。何期历数到此终，长星半夜落山坞！姜维独凭气力高，九伐中原空劬劳。钟会邓艾分兵进，汉室江山尽属曹。丕、叡、芳、髦才及奂，司马又将天下交。受禅台前云雾起，石头城下无波涛。陈留归命与安乐，王侯公爵从根苗。纷纷世事无穷尽，天数茫茫不可逃。鼎足三分已成梦，后人凭吊空牢骚。",same_body_paragraph
刘表,许褚,1,1,17,"Chapter 17, P017-025: 却说张绣知操引兵来，急发书报刘表，使为后应；一面与雷叙、张先二将领兵出城迎敌。两阵对圆，张绣出马，指操骂曰：「汝乃假仁义无廉耻之人，与禽兽何异！」操大怒，令许褚出马，绣令张先接战。只三合，许褚斩张先于马下，绣军大败。操引军赶至南阳城下。绣入城，闭门不出。",same_body_paragraph
刘表,邓艾,1,1,120,"Chapter 120, P120-047: 高祖提剑入咸阳，炎炎红日升扶桑。光武龙兴成大统，金乌飞上天中央。哀哉献帝绍海宇，红轮西坠咸池傍！何进无谋中贵乱，凉州董卓居朝堂。王允定计诛逆党，李傕郭泛兴刀枪。四方盗贼如蚁聚，六合奸雄皆鹰扬。孙坚孙策起江左，袁绍袁术兴河梁。刘焉父子据巴蜀，刘表军旅屯荆襄。张修张鲁霸南郑，马腾韩遂守西凉。陶谦张绣公孙瓒，各逞雄才占一方。曹操专权居相府，牢笼英俊用文武。威震天子令诸侯，总领貔貅镇中土。楼桑玄德本皇孙，义结关张愿扶主。东西奔走恨无家，将寡兵微作羁旅。南阳三顾情可深，卧龙一见分寰宇。先取荆州后取川，霸业王图在天府。呜呼三载逝升遐，白帝托孤堪痛楚！孔明六出祁山前，愿以只手将天补。何期历数到此终，长星半夜落山坞！姜维独凭气力高，九伐中原空劬劳。钟会邓艾分兵进，汉室江山尽属曹。丕、叡、芳、髦才及奂，司马又将天下交。受禅台前云雾起，石头城下无波涛。陈留归命与安乐，王侯公爵从根苗。纷纷世事无穷尽，天数茫茫不可逃。鼎足三分已成梦，后人凭吊空牢骚。",same_body_paragraph
刘表,郭淮,1,1,93,"Chapter 93, P093-010: 三军鼓角己罢，司徒王朗乘马而出。上首乃都督曹真，下首乃副都督郭淮：两个先锋压住阵角。探子马出军前，大叫曰：「请对阵主将答话！」只见蜀兵门旗开处，关兴、张苞，分左右而出，立马于两边；次后一队队骁将分列；门旗影下，中央一辆四轮车，孔明端坐车中，纶巾羽扇，素衣皂（左糸右条），飘然而出。孔明举目见魏阵前三个麾盖，旗上大书姓名，中央白髯老者，乃军师司徒王朗。孔明暗忖曰：「王朗必不说词，吾当随机应之。」遂教推车出阵外，令护军小校传曰：「汉丞相与司徒会话。」王朗纵马而出。孔明于车上拱手，王朗在马上欠身答礼。朗曰：「久闻公之大名，今幸一会。公既知天命、识时务，何故兴无名之师？」孔明曰：「吾奉诏讨贼，何谓无名？」朗曰：「天数有变，神器更易，而归有德之人，此自然之理也。曩自桓、灵以来，黄巾倡乱，天下争横。降至初平、建安之岁，董卓造逆，傕、汜继虐；袁术僭号于寿春，袁绍称雄于邺上；刘表占据荆州，吕布虎吞徐郡：盗贼蜂起，奸雄鹰扬，社稷有累卵之危，生灵有倒悬之急。我太祖武皇帝，扫清六合，席卷八荒；万姓倾心，四方迎德：非以权势取之，实天命所归也。世祖文帝，神圣文武，以膺大统，应天合人，法尧禅舜，处中国以治万邦，岂非天心人意乎？今公蕴大才，报大器，欲自比于管乐，何乃强欲逆天理，背人情而行事耶？岂不闻古人云：『顺天者昌，逆天者亡。」今我大魏带甲百万，良将千员。谅腐草之萤光，怎及天心之皓月？公可倒戈卸甲，以礼来降，不失封侯之位。国安民乐，岂不美哉！」孔明在车上大笑曰：「吾以为汉朝大老元臣，必有高论，岂期出此鄙言！吾有一言，诸军静听：昔桓、灵之世，汉统陵替，宦官酿祸；国乱岁凶，四方扰攘。黄巾之后，董卓、傕、汜等接踵而起，迁劫汉帝，残暴生灵。因庙堂之上，朽木为官；殿陛之间，禽兽食禄。狼心狗行之辈，滚滚当朝；奴颜婢膝之徒，纷纷秉政。以致社稷邱墟，苍生涂炭。吾素知汝所行！世居东海之滨，初举孝廉入仕。理合匡君辅国，安汉兴刘；何期反助逆贼，同谋篡位！罪恶深重，天地不容！天下之人，愿食汝肉！」「今幸天意不绝炎汉，昭烈皇帝继统西川。吾今奉嗣君之旨，兴师讨贼。汝既为谄谀之臣，只可潜身缩首，苟图衣食；安敢在行伍之前，妄称天数耶！皓首匹夫！苍髯老贼！汝即日将归于九泉之下，何面目见二十四帝乎！老贼速退！可叫反臣与吾共决胜负！」王朗听罢，气满胸膛，大叫一声，撞死于马下。后人有诗赞孔明曰：",same_body_paragraph
刘表,钟会,1,1,120,"Chapter 120, P120-047: 高祖提剑入咸阳，炎炎红日升扶桑。光武龙兴成大统，金乌飞上天中央。哀哉献帝绍海宇，红轮西坠咸池傍！何进无谋中贵乱，凉州董卓居朝堂。王允定计诛逆党，李傕郭泛兴刀枪。四方盗贼如蚁聚，六合奸雄皆鹰扬。孙坚孙策起江左，袁绍袁术兴河梁。刘焉父子据巴蜀，刘表军旅屯荆襄。张修张鲁霸南郑，马腾韩遂守西凉。陶谦张绣公孙瓒，各逞雄才占一方。曹操专权居相府，牢笼英俊用文武。威震天子令诸侯，总领貔貅镇中土。楼桑玄德本皇孙，义结关张愿扶主。东西奔走恨无家，将寡兵微作羁旅。南阳三顾情可深，卧龙一见分寰宇。先取荆州后取川，霸业王图在天府。呜呼三载逝升遐，白帝托孤堪痛楚！孔明六出祁山前，愿以只手将天补。何期历数到此终，长星半夜落山坞！姜维独凭气力高，九伐中原空劬劳。钟会邓艾分兵进，汉室江山尽属曹。丕、叡、芳、髦才及奂，司马又将天下交。受禅台前云雾起，石头城下无波涛。陈留归命与安乐，王侯公爵从根苗。纷纷世事无穷尽，天数茫茫不可逃。鼎足三分已成梦，后人凭吊空牢骚。",same_body_paragraph
华佗,华歆,1,1,78,"Chapter 78, P078-006: 言讫，拔所佩剑亲自砍之，铮然有声，血溅满身。操愕然大惊，掷剑上马，回至宫内。是夜二更，操睡卧不安，坐于殿中，隐几而寐。忽见一人披发仗剑，身穿皂衣，直至面前，指操喝曰：「吾乃梨树之神也。汝盖建始殿，意欲篡逆，却来伐吾神木！吾知汝数尽，特来杀汝！」操大惊，急呼：「武士安在？」皂衣人仗剑欲砍操。操大叫一声，忽然惊觉，头脑疼痛不可忍；急传旨遍求良医；治疗不能痊可。众官皆忧。华歆入奏曰：「大王知有神医华佗否？」操曰：「即江东医周泰者乎？」歆曰：「是也。」操曰：「虽闻其名，未知其术。」歆曰：「华佗字元化：沛国谯郡人也。其医术之妙，世所罕有。但有患者，或用药，或用针，或用灸，随手而愈。若患五脏六腑之疾，药不能效者，以麻肺汤饮之，令病者如醉死，却用尖刀剖开其腹，以药汤洗其脏腑，病人略无疼痛。洗毕，然后以药线缝口，用药敷之。或一月，或二十日，即平复矣。其神妙如此。」",same_body_paragraph
华佗,吉平,1,1,78,"Chapter 78, P078-008: 「又有一人眉间生一瘤，痒不可当，令佗视之。佗曰：『内有飞物。』人皆笑之。佗以刀割开，一黄雀飞去，病者即愈。有一人被犬咬足指，随长肉二块，一痛一痒，俱不可忍。佗曰：『痛者内有针十个，痒者内有黑白棋子二枚。』人皆不信，佗以刀割开，果应其言。此人真扁鹊、仓公之流也。见居金城，离此不远，大王何不召之？」操即差人星夜请华佗入内，令诊脉视疾。佗曰：「大王头脑疼痛，因患风而起。病根在脑袋中，风涎不能出。枉服汤药，不可治疗。某有一法：先饮麻肺汤，然后用利斧砍开脑袋，取出风涎，方可除根。」操大怒曰：「汝要杀孤耶！」佗曰：「大王曾闻关公中毒箭，伤其右臂，某刮骨疗毒，关公略无惧色？今大王小可之疾，何多疑焉？」操曰：「臂痛可刮，脑袋安可砍开？汝必与关公情熟，乘此机会，欲报雠耳！」呼左右拏下狱中，拷问其情。贾诩谏曰：「似此良医，世罕其匹，未可废也。」操叱曰：「此人欲乘机害我，正与吉平无异！」急令追拷。",same_body_paragraph
华佗,张昭,1,1,15,"Chapter 15, P015-043: 策闻之大惊。帐下董袭曰：「某曾与海寇相持，身遭数鎗，得会稽一个贤郡吏虞翻荐一医者，半月而愈。」策曰：「虞翻莫非虞仲翔乎？」袭曰：「然。」策曰：「此贤士也，我当用之。」乃令张昭与董袭同往聘请虞翻。翻至，策优礼相待，拜为功曹，因言及求医之意。翻曰：「此人乃沛国谯郡人：姓华，名佗，字元化。真当世之神医也。当引之来见。」",same_body_paragraph
华佗,贾诩,1,1,78,"Chapter 78, P078-008: 「又有一人眉间生一瘤，痒不可当，令佗视之。佗曰：『内有飞物。』人皆笑之。佗以刀割开，一黄雀飞去，病者即愈。有一人被犬咬足指，随长肉二块，一痛一痒，俱不可忍。佗曰：『痛者内有针十个，痒者内有黑白棋子二枚。』人皆不信，佗以刀割开，果应其言。此人真扁鹊、仓公之流也。见居金城，离此不远，大王何不召之？」操即差人星夜请华佗入内，令诊脉视疾。佗曰：「大王头脑疼痛，因患风而起。病根在脑袋中，风涎不能出。枉服汤药，不可治疗。某有一法：先饮麻肺汤，然后用利斧砍开脑袋，取出风涎，方可除根。」操大怒曰：「汝要杀孤耶！」佗曰：「大王曾闻关公中毒箭，伤其右臂，某刮骨疗毒，关公略无惧色？今大王小可之疾，何多疑焉？」操曰：「臂痛可刮，脑袋安可砍开？汝必与关公情熟，乘此机会，欲报雠耳！」呼左右拏下狱中，拷问其情。贾诩谏曰：「似此良医，世罕其匹，未可废也。」操叱曰：「此人欲乘机害我，正与吉平无异！」急令追拷。",same_body_paragraph
华歆,周瑜,1,1,56,"Chapter 56, P056-013: 操点头曰：「是也。」昱曰：「某有一计，使孙、刘自相吞并，丞相乘间图之，一鼓而二敌俱破。」操大喜，遂问其计。程昱曰：「东吴所倚者，周瑜也。丞相今表奏周瑜为南郡太守、程普为江夏太守，留华歆在周瑜既领南郡，愈思报雠，遂上书吴侯，乞命鲁肃去讨还荆州。孙权乃命肃曰：「汝昔保荆州与刘备，今备迁延不还，等待何时？」肃曰：「文书上明白写著，得了西川便还。」权叱曰：「只说取西川，至今又不动兵，不等老了人！」肃曰：「某愿往言之。」遂乘投荆州而来。",same_body_paragraph
华歆,孙策,1,1,29,"Chapter 29, P029-001: 却说孙策自霸江东，兵精粮足。建安四年，袭取庐江，败刘勋，使虞翻驰檄豫章，豫章太守华歆投降。自此声势大振，乃遣张纮往许昌上表献捷。曹操知孙策强盛，叹曰：「狮儿难与争锋也！」遂以曹仁之女许配孙策幼弟孙匡，两家结婚。留张纮在许昌。孙策求为大司马，曹操不许。策恨之，常有袭许都之心。于是吴郡太守许贡，乃暗遣使赴许都，上书于曹操。其略曰：孙策骁勇，与项籍相似。朝廷宜外示荣宠，召还京师；不可使居外镇，以为后患。",same_body_paragraph
华歆,张昭,1,1,56,"Chapter 56, P056-003: 周谕又上书，请兴兵雪恨。张昭谏曰：「不可。曹操日夜思报赤壁之恨，因恐孙、刘同心，故未敢兴兵。今主公若以一时之忿，自相吞并，操必乘虚来攻，国势危矣。」顾雍曰：「许都岂无细作在此。若知孙、刘不睦，操必使人勾结刘备。备惧东吴，必投曹操。若此，则江南何日得安？为今之计，莫若使人赴许都，表刘备为荆州牧。曹操知之，则惧而不敢加兵于东南。且使刘备不恨于主公。然后使心腹用反间之计，令曹刘相攻，吾乘隙而图之，斯为得耳。」权曰：「元叹之言甚善。但谁可为使？」雍曰：「此间有一人，乃曹操敬慕者，可以为使。」权问何人。雍曰：「华歆在此，何不遣之？」权大喜，即遣赍表赴许都。歆领命起程，迳到许都求见曹操。闻操会群臣于邺郡，庆赏铜雀台，歆乃赴邺郡侯见。",same_body_paragraph
华歆,管辂,1,1,69,"Chapter 69, P069-025: 时王必已被箭疮发而死，操命厚葬之。令曹休总督御林军马，钟繇为相国，华歆为御史大夫。遂定侯爵六等十八级，关西侯爵十七级，皆金印紫绶。又置关内外侯十六级，银印龟组墨绶；五大夫十五级，铜印镮组绶。定爵封官，朝廷又换一班人物。曹操方悟管辂火灾之说，遂重赏辂。辂不受。",same_body_paragraph
华歆,诸葛亮,1,1,94,"Chapter 94, P094-006: 却说魏主曹叡设朝，近臣奏曰：「大都督曹真，数败于蜀，折了两个先锋，羌兵又折了无数，其势甚急。今上表求救，请陛下裁处。」叡大惊，急问退军之策。华歆奏曰：「须是陛下御驾亲征，大会诸侯，人皆用命，方可退也。不然，长安有失，关中危矣。」太傅钟繇奏曰：「凡为将者，知过于人，则能制人。孙子云：『知彼知己，百战百胜。』臣量曹真虽久用兵，非诸葛亮对手。臣以全家良贱保举一人，可退蜀兵。未知圣意准否？」叡曰：「卿乃大老元臣；有何贤士，可退蜀兵，早召来与朕分忧。」钟繇奏曰：「向者，诸葛亮欲兴师犯境，但惧此人，故散流言，使陛下疑而去之，方敢长驱大进。今若复用之，则亮自退矣。」叡问何人。繇曰：「骠骑大将军司马懿也。」叡叹曰：「此事朕亦悔之。今仲达现在何地？」繇曰：「近闻仲达在宛城闲住。」叡即降诏，遣使持节，复司马懿官职，加为平西都督，就起南阳诸路军马，前赴长安。叡御驾亲征，令司马懿克日到彼聚会。使命星夜到宛城去了。",same_body_paragraph
华歆,顾雍,1,1,56,"Chapter 56, P056-003: 周谕又上书，请兴兵雪恨。张昭谏曰：「不可。曹操日夜思报赤壁之恨，因恐孙、刘同心，故未敢兴兵。今主公若以一时之忿，自相吞并，操必乘虚来攻，国势危矣。」顾雍曰：「许都岂无细作在此。若知孙、刘不睦，操必使人勾结刘备。备惧东吴，必投曹操。若此，则江南何日得安？为今之计，莫若使人赴许都，表刘备为荆州牧。曹操知之，则惧而不敢加兵于东南。且使刘备不恨于主公。然后使心腹用反间之计，令曹刘相攻，吾乘隙而图之，斯为得耳。」权曰：「元叹之言甚善。但谁可为使？」雍曰：「此间有一人，乃曹操敬慕者，可以为使。」权问何人。雍曰：「华歆在此，何不遣之？」权大喜，即遣赍表赴许都。歆领命起程，迳到许都求见曹操。闻操会群臣于邺郡，庆赏铜雀台，歆乃赴邺郡侯见。",same_body_paragraph
华歆,鲁肃,1,1,56,"Chapter 56, P056-013: 操点头曰：「是也。」昱曰：「某有一计，使孙、刘自相吞并，丞相乘间图之，一鼓而二敌俱破。」操大喜，遂问其计。程昱曰：「东吴所倚者，周瑜也。丞相今表奏周瑜为南郡太守、程普为江夏太守，留华歆在周瑜既领南郡，愈思报雠，遂上书吴侯，乞命鲁肃去讨还荆州。孙权乃命肃曰：「汝昔保荆州与刘备，今备迁延不还，等待何时？」肃曰：「文书上明白写著，得了西川便还。」权叱曰：「只说取西川，至今又不动兵，不等老了人！」肃曰：「某愿往言之。」遂乘投荆州而来。",same_body_paragraph
司马师,吕蒙,1,1,110,"Chapter 110, P110-003: 却说司马师左眼肉瘤，不时痛痒，乃命医官割之，以药封闭，连日在府养病；必闻淮南告急，乃请太尉王肃商议，肃曰：「昔关云长威震华夏，孙权令吕蒙袭取荆州，抚恤将士家属，因此关公军势瓦解。今淮南将士家属，皆在中原，可急抚恤，更以兵断其归路，必有土崩之势矣。」师曰：「公言极是。但吾新割目瘤，不能自往；若使他人，心又不稳。」",same_body_paragraph
司马师,孟达,1,1,94,"Chapter 94, P094-011: 却说司马懿在宛城闲住，闻知魏兵累败于蜀，乃仰天长叹。懿长子司马师，字子元；次子司马昭，字子尚：二人素有大志，通晓兵书。当日侍立于侧，见懿长叹，乃问曰：「父亲何为长叹？」懿曰：「汝辈岂知大事耶？」司马师曰：「莫非叹魏主不用乎？」司马昭笑曰：「早晚必来宣召父亲也。」言未已，忽报天使持节至。懿听诏毕，遂调宛城诸路军马。忽又报金城太守申仪家人，有机密事求见。懿唤入密室问之。其人细说孟达欲反之事。更有孟达心腹人李辅并达外甥邓贤，随状出首。司马懿听毕，以手加额曰：「此乃皇上齐天之洪福也！诸葛亮兵在祁山，杀得内外人胆落；今天子不得已而幸长安，若旦夕不用吾时，孟达一举，两京破矣！此贼必通谋诸葛亮；吾先摛之，诸葛亮定然心寒，自退兵也。」长子司马师曰：「父亲可急写表申奏天子。」懿曰：「若等圣旨，往复一月之间，事无及矣。」即传令教人马起程，一日要行两日之路，如迟立斩；一面令参军梁畿赍檄星夜去新城，教孟达等准备进征，使其不疑。梁畿先行，懿在后发兵。行了二日，山坡下转出一军，乃是右将军徐晃，晃下马见懿，说：「天子驾到长安，亲拒蜀兵，今都督何往？」懿低言曰：「今孟达造反，吾去擒之耳。」晃曰：「某愿为先锋。」懿大喜，合兵一处。徐晃为前部，懿在中军，二子押后。又行了二日，前军哨马捉住孟达心腹人，搜出孔明回书，来见司马懿。懿曰：「吾不杀汝。汝从头细说。」其人只得将孔明、孟达往复之事，一一告说。懿看了孔明回书，大惊曰：「世间能者所见皆同。吾机先被孔明识破。幸得天子有福，获此消息。孟达今无能为矣。」遂星夜催军前行。",same_body_paragraph
司马师,徐晃,1,1,94,"Chapter 94, P094-011: 却说司马懿在宛城闲住，闻知魏兵累败于蜀，乃仰天长叹。懿长子司马师，字子元；次子司马昭，字子尚：二人素有大志，通晓兵书。当日侍立于侧，见懿长叹，乃问曰：「父亲何为长叹？」懿曰：「汝辈岂知大事耶？」司马师曰：「莫非叹魏主不用乎？」司马昭笑曰：「早晚必来宣召父亲也。」言未已，忽报天使持节至。懿听诏毕，遂调宛城诸路军马。忽又报金城太守申仪家人，有机密事求见。懿唤入密室问之。其人细说孟达欲反之事。更有孟达心腹人李辅并达外甥邓贤，随状出首。司马懿听毕，以手加额曰：「此乃皇上齐天之洪福也！诸葛亮兵在祁山，杀得内外人胆落；今天子不得已而幸长安，若旦夕不用吾时，孟达一举，两京破矣！此贼必通谋诸葛亮；吾先摛之，诸葛亮定然心寒，自退兵也。」长子司马师曰：「父亲可急写表申奏天子。」懿曰：「若等圣旨，往复一月之间，事无及矣。」即传令教人马起程，一日要行两日之路，如迟立斩；一面令参军梁畿赍檄星夜去新城，教孟达等准备进征，使其不疑。梁畿先行，懿在后发兵。行了二日，山坡下转出一军，乃是右将军徐晃，晃下马见懿，说：「天子驾到长安，亲拒蜀兵，今都督何往？」懿低言曰：「今孟达造反，吾去擒之耳。」晃曰：「某愿为先锋。」懿大喜，合兵一处。徐晃为前部，懿在中军，二子押后。又行了二日，前军哨马捉住孟达心腹人，搜出孔明回书，来见司马懿。懿曰：「吾不杀汝。汝从头细说。」其人只得将孔明、孟达往复之事，一一告说。懿看了孔明回书，大惊曰：「世间能者所见皆同。吾机先被孔明识破。幸得天子有福，获此消息。孟达今无能为矣。」遂星夜催军前行。",same_body_paragraph
司马师,董卓,1,1,109,"Chapter 109, P109-019: 芳脱下龙凤汗衫，咬破指尖，写了血诏，授与张缉，乃嘱曰：「朕祖武皇帝诛董承，盖为机事不密也。卿等须谨慎，勿泄于外。」丰曰：「陛下何出此不利之言？臣等非董承之辈，司马师安比武祖也？陛下忽疑。」三人辞出，至东华门左侧，正见司马师带剑而来，从者数百人，皆持兵器。三人立于道旁。师问曰：「汝三人退朝何迟？」李丰曰：「圣上在内廷观书，我三人侍读故耳。」师曰：「所看何书？」丰曰：「乃夏、商、周三代之书也。」师曰：「上见此书，问何故事？」丰曰：「天子所问：伊尹扶商、周公摄政之事；我等皆奏曰：『今司马大将军，即伊尹、周公也。』」师冷笑曰：「汝等岂将吾比伊尹、周公！其心实指吾为王莽、董卓！」三人皆曰：「我等三人皆将军门下之人，安敢如此？」师大怒曰：「汝等乃口谀之人！适间与天子在密室中所哭何事？」三人曰：「实无此状。」师叱曰：「汝三人泪眼尚红，如何抵赖！」",same_body_paragraph
司马师,董承,1,1,109,"Chapter 109, P109-019: 芳脱下龙凤汗衫，咬破指尖，写了血诏，授与张缉，乃嘱曰：「朕祖武皇帝诛董承，盖为机事不密也。卿等须谨慎，勿泄于外。」丰曰：「陛下何出此不利之言？臣等非董承之辈，司马师安比武祖也？陛下忽疑。」三人辞出，至东华门左侧，正见司马师带剑而来，从者数百人，皆持兵器。三人立于道旁。师问曰：「汝三人退朝何迟？」李丰曰：「圣上在内廷观书，我三人侍读故耳。」师曰：「所看何书？」丰曰：「乃夏、商、周三代之书也。」师曰：「上见此书，问何故事？」丰曰：「天子所问：伊尹扶商、周公摄政之事；我等皆奏曰：『今司马大将军，即伊尹、周公也。』」师冷笑曰：「汝等岂将吾比伊尹、周公！其心实指吾为王莽、董卓！」三人皆曰：「我等三人皆将军门下之人，安敢如此？」师大怒曰：「汝等乃口谀之人！适间与天子在密室中所哭何事？」三人曰：「实无此状。」师叱曰：「汝三人泪眼尚红，如何抵赖！」",same_body_paragraph
司马师,诸葛瑾,1,1,108,"Chapter 108, P108-021: 却说诸葛恪之妻，正在房中，心神恍忽，动止不宁。忽一婢女入房，恪妻问曰：「汝遍身如何血臭？」其婢忽然反目切齿，飞身跳跃，头撞屋梁，口中大叫：「吾乃诸葛恪也！被奸贼孙峻谋杀！」恪合家老幼，惊惶号哭。不一时，军马至，围住府第，将恪全家老幼，俱缚至市曹斩首。时吴建兴二年冬十月也。昔诸葛瑾在日，见恪聪明尽显于外，叹曰：「此子非保家之主也！」又魏光禄大夫张缉，曾对司马师曰：「诸葛恪不久死矣！」师问其故，缉曰：「威震其主，何能久乎？」至此果中其言。",same_body_paragraph
司马师,钟会,1,1,110,"Chapter 110, P110-016: 司马师卧病不起，唤诸葛诞入帐，赐以印绶，加为征东大将军，都督扬州诸路军马；一面班师回许昌。师目痛不止，每夜只见李丰、张缉、夏侯玄三人立于榻前。师心神恍惚，自料难保，遂令人往洛阳取司马昭到。昭哭拜于床下。师遗言曰：「吾今权重，虽欲卸肩，不可得也。汝继我为之，大事切不可轻托他人，自取灭族之祸。」言讫，以印绶付之，泪流满面。昭正欲问时，师大叫一声，眼睛迸出而死：时正元二年二月也。于是司马昭发丧，申奏魏主曹髦。髦遣使持诏到许昌，即命暂留司马昭屯军许昌，以防东吴。昭心中犹豫未决。钟会曰：「大将军新亡，人心未定，将军若留守于此，万一朝廷有奱，悔之何及？」昭从之，即起兵还屯洛水之南。",same_body_paragraph
司马师,魏延,1,1,103,"Chapter 103, P103-024: 懿见魏延只一人，军马又少,放心追之;令司马师在左，司马昭在右，懿自居中，一齐攻杀将来。魏延引五百兵皆退入谷中去。懿追到谷口，先令人入谷中哨探。叵报谷内并无伏兵，山上皆是草房。懿曰：「此必是积粮之所也。」遂大驱士马，尽入谷中。懿忽见草房上尽是干柴，前面魏延已不见了。懿心疑，谓二子曰：「倘有兵截断谷口如之奈何？」言未已，只听得喊声大震，山上一齐丢下火把来，烧断谷口。魏兵奔逃无路。山上火箭射下，地雷一齐突出，草房内干柴都著，刮刮杂杂，火势冲天。司马懿惊得手足无措，乃下马抱二子大哭曰：「我父子三人皆死于此处矣！」正哭之间，忽然狂风大作，黑气漫空，一声霹雳响处，骤雨倾盆。满谷之火，尽皆浇灭：地雷不震，火器无功。司马懿大喜曰：「不就此时杀出，便待时何！」即引兵奋力冲杀。张虎、乐𬘭亦引兵杀来接应。马岱军少，不敢追赶。司马懿父子与张虎、乐𬘭合兵一处，同归渭南大寨。不想寨栅已被蜀兵夺了。郭淮、孙礼正在浮桥上与蜀兵接战。司马懿等引兵杀到，蜀兵退去。懿烧断浮桥，据住北岸。",same_body_paragraph
司马徽,程昱,1,1,36,"Chapter 36, P036-010: 却说曹仁与李典回许都，见曹操，泣拜于地请罪，具言损将折兵之事。操曰：「胜负乃兵家之常。但不知谁为刘备画策？」曹仁言是单福之计。操曰：「单福何人也？」程昱笑曰：「此非单福也。此人幼好学击剑。中平末年，尝为人报雠杀人，披发涂面而走，为吏所获。问其姓名不答，吏乃䌸于车上，击鼓行于市，令市人识之，虽有识者不敢言。而同伴窃解救之，乃更姓名而逃，折节向学，遍访名师。尝与司马徽谈论。此人乃颍川徐庶，字元直。单福乃其托名耳。」操曰：「徐庶之才，比君何如？」昱曰：「十倍于昱。」操曰：「惜乎贤士归于刘备！羽翼成矣，奈何？」昱曰：「徐庶虽在彼，丞相要用，召来不难。」操曰：「安得彼来归？」昱曰：「徐庶为人至孝。幼丧其父，止有老母在堂。现今其弟徐康已亡，老母无人侍养。丞相可使人赚其母至许昌，令作书召其子，则徐庶必至矣。」",same_body_paragraph
司马徽,鲁肃,1,1,57,"Chapter 57, P057-018: 玄德看毕，正在嗟叹，忽报孔明回。玄德接入，礼毕。孔明先问曰：「庞军师近日无恙否？」玄德曰：「近治耒阳县，好酒废事。」孔明笑曰：「士元非百里之才，胸中之学，胜亮十倍。亮曾有荐书在士元处，曾达主公否？」玄德曰：「今日方得子敬书，却未见先生之书。」孔明曰：「大贤若处小任，往往以酒糊涂，倦于视事。」玄德曰：「若非吾弟所言，险失大贤。」随即令张飞往耒阳县请庞统到荆州，玄德下阶请罪。统方将出孔明所荐之书。玄德看书中之意，言凤雏到日，宜即重用。玄德喜曰：「昔司马德操言：『伏龙，凤雏，两人得一，可安天下。』今吾二人皆得，汉室可兴矣。」遂拜庞统为副军师中郎将，与孔明共赞方略，教练军士，听候征伐。",same_body_paragraph
司马懿,张辽,1,1,86,"Chapter 86, P086-017: 丕从之。于是日夜并工，造龙舟十只，长二十余丈，可容二千余人；收拾战船三千余只。魏黄初五年秋八月，会聚大小将士，令曹真为前部，张辽、张邰、文聘、徐晃等为大将先行，许褚、吕虔为中军护卫，曹休为合后，刘晔、蒋济为参谋。前后水陆军马三十余万，克日起兵。封司马懿为尚书仆射，留在许昌。凡国政大事，并皆听懿决断。",same_body_paragraph
司马懿,管辂,1,1,107,"Chapter 107, P107-023: 司马懿饶了辛敞等，乃出榜晓谕：但有曹爽门下一应人等，尽皆免死；有官者照旧复职。军民和守家业，内外安堵。何、邓二人死于非命，果应管辂之言。后人有诗赞管辂曰：",same_body_paragraph
司马懿,董承,1,1,78,"Chapter 78, P078-018: 次日，觉气冲上焦，目不见物，急召夏侯惇商议。惇至殿门前，忽见伏皇后、董贵人、二皇子、伏完、董承等，立在阴云之中。惇大惊昏倒，左右扶出，自此得病。操召曹洪、陈群、贾诩、司马懿等，同至卧榻前，嘱以后事。曹洪等顿首曰：「大王善保玉体，不日定当霍然。」操曰：「孤纵横天下三十余年，群雄皆灭，止有江东孙权，西蜀刘备，未曾剿除。孤今病危，不能再与卿等相叙，特以家事相托：孤长子曹昂，刘氏所生，不幸早年殁于宛城。今卞氏生四子：丕、彰、植、熊。孤平生所爱第三子植，为人虚华少诚实，嗜酒放纵，因此不立；次子曹彰，勇而无谋；四子曹熊，多病难保；惟长子曹丕，笃厚恭谨，可继我业。卿等宜辅佐之。」",same_body_paragraph
司马懿,许褚,1,1,86,"Chapter 86, P086-017: 丕从之。于是日夜并工，造龙舟十只，长二十余丈，可容二千余人；收拾战船三千余只。魏黄初五年秋八月，会聚大小将士，令曹真为前部，张辽、张邰、文聘、徐晃等为大将先行，许褚、吕虔为中军护卫，曹休为合后，刘晔、蒋济为参谋。前后水陆军马三十余万，克日起兵。封司马懿为尚书仆射，留在许昌。凡国政大事，并皆听懿决断。",same_body_paragraph
司马懿,诸葛瑾,1,1,96,"Chapter 96, P096-015: 权大喜，乃召陆逊，封为辅国大将军、平北都元帅，统御林大兵，摄行王事；授以白旄黄钺，文武百官，皆听约束。权亲自与逊执鞭。领命谢恩毕，乃保二人为左右都督，分兵以迎三道。权问何人，逊曰：「奋威将军朱桓、妥南将军全琮二人可为辅佐。」权从之，即命朱桓为左都督，全琮为右都督都。于是陆逊总率江南八十一州并荆湖之众七十余万，令朱桓在左，全琮在右，逊自居中，三路进兵。朱桓献策曰：「曹休以亲见任，非智勇之将也。今听周鲂诱言，深入重地，元帅以兵击之，曹休必败。败后必走两条路：左乃夹石，右乃桂车。此二路皆山僻小径，最为险峻。某愿与全子璜各引一军，伏于山险，先以柴木大石塞断其路，曹休可擒矣。若擒了曹休，便长驱直进，唾手而得寿春，以窥许、洛，乃万世一时也。」逊曰：「此非善策，吾自有妙用。」于是朱桓怀不平而退。逊令诸葛瑾等拒守江陵，以敌司马懿。诸路俱各调拨停当。",same_body_paragraph
司马懿,费祎,1,1,101,"Chapter 101, P101-001: 却说孔明用减兵添灶之法，退兵到汉中；司马懿恐有埋伏，不敢追赶，亦收兵回长安去了；因此罢兵不曾折了一人。孔明大赏三军已毕，回到成都，入见后主，奏曰：「老臣出了祁山，欲取长安，承陛下降诏召回，不知有何大事？」后主无言可对；良久乃曰：「朕久不见丞相之面，心甚思慕，故特诏同，别无他事。」孔明曰：「此非陛下本心，必有奸臣谗言，言臣有异志也。」后主闻言，默然无语。孔明曰：「老臣受先帝厚恩，誓以死报。今若内有奸邪，臣何能讨贼乎？」后主曰：「朕因过听宦官之言，一时召丞臣相。今日茅塞方开，悔之不及矣。」孔明遂唤众宦官究问，方知是茍安流言；急令人补之，已投魏国去了。孔明将妄奏的宦官诛戮，余皆废出宫外；又深责蒋琬、费祎等不能觉察奸邪，规谏天子。二人唯唯服罪。",same_body_paragraph
司马懿,钟会,1,1,107,"Chapter 107, P107-029: 维问：「二人是谁？」霸告曰：「一人现为秘书郎，乃颍川长社人：姓钟，名会，字士季，太傅钟繇之子，幼有胆智。繇尝率二子见文帝。会时年七岁，其兄毓年八岁。毓见帝惶惧，汗流满面。帝问毓曰：『卿何以汗？』毓对曰：『战战惶惶，汗出如浆。』帝问会曰：『卿何以不汗？』会对曰：『战战栗栗，汗不敢出。』帝独奇之。及稍长，喜读兵书，深明韬略。司马懿与蒋济皆称其才。一人现为掾吏，乃义阳人也；姓邓，名艾，字士载，幼年失父，素有大志，但见高山大泽，辄窥度指画，何处可以屯兵，何处可以积粮，何处可以埋伏。人皆笑之，独司马懿奇其才，遂令参赞军机。艾为人口吃，每奏事必称『艾，艾』懿戏谓曰：『卿称艾艾，当有几艾？』应声曰：『凤兮凤兮，故是一凤。』其资性敏捷，大抵如此。二人深可畏也」维笑曰：「量此孺子，何足道哉！」",same_body_paragraph
司马昭,孙权,1,1,108,"Chapter 108, P108-005: 孙权既亡，诸葛恪立孙亮为帝，大赦天下，改元大兴元年；谥权曰大皇帝，葬于蒋陵。早有细作探知其事，报入洛阳。司马师闻孙权已死，遂议起兵伐吴。尚书傅嘏曰：「吴有长江之险，先帝屡次征伐，皆不遂意；不如各守边疆，乃为上策。」师曰：「天道三十年一变，岂皇帝为鼎峙乎？吾欲伐吴。」昭曰：「今孙权新亡，孙亮幼懦，其隙正可乘也。」遂令征南大将军王昶，引兵十万攻东兴；镇南都督毋丘俭，引兵十万攻武昌；三路进发。又遣弟司马昭为大都督，总领三路军马。",same_body_paragraph
司马昭,孟达,1,1,94,"Chapter 94, P094-011: 却说司马懿在宛城闲住，闻知魏兵累败于蜀，乃仰天长叹。懿长子司马师，字子元；次子司马昭，字子尚：二人素有大志，通晓兵书。当日侍立于侧，见懿长叹，乃问曰：「父亲何为长叹？」懿曰：「汝辈岂知大事耶？」司马师曰：「莫非叹魏主不用乎？」司马昭笑曰：「早晚必来宣召父亲也。」言未已，忽报天使持节至。懿听诏毕，遂调宛城诸路军马。忽又报金城太守申仪家人，有机密事求见。懿唤入密室问之。其人细说孟达欲反之事。更有孟达心腹人李辅并达外甥邓贤，随状出首。司马懿听毕，以手加额曰：「此乃皇上齐天之洪福也！诸葛亮兵在祁山，杀得内外人胆落；今天子不得已而幸长安，若旦夕不用吾时，孟达一举，两京破矣！此贼必通谋诸葛亮；吾先摛之，诸葛亮定然心寒，自退兵也。」长子司马师曰：「父亲可急写表申奏天子。」懿曰：「若等圣旨，往复一月之间，事无及矣。」即传令教人马起程，一日要行两日之路，如迟立斩；一面令参军梁畿赍檄星夜去新城，教孟达等准备进征，使其不疑。梁畿先行，懿在后发兵。行了二日，山坡下转出一军，乃是右将军徐晃，晃下马见懿，说：「天子驾到长安，亲拒蜀兵，今都督何往？」懿低言曰：「今孟达造反，吾去擒之耳。」晃曰：「某愿为先锋。」懿大喜，合兵一处。徐晃为前部，懿在中军，二子押后。又行了二日，前军哨马捉住孟达心腹人，搜出孔明回书，来见司马懿。懿曰：「吾不杀汝。汝从头细说。」其人只得将孔明、孟达往复之事，一一告说。懿看了孔明回书，大惊曰：「世间能者所见皆同。吾机先被孔明识破。幸得天子有福，获此消息。孟达今无能为矣。」遂星夜催军前行。",same_body_paragraph
司马昭,张郃,1,1,95,"Chapter 95, P095-007: 却说王平见魏兵到，引军杀来，正遇张郃；战有数十余合，平力穷势孤，只得退去。魏兵自辰时困至戌时，山上无水，军不得食，寨中大乱。嚷到半夜时分，山南蜀兵大开寨门，下山降魏。马谡禁止不住。司马懿又令人于沿山放火，山上蜀兵愈乱。马谡料守不住，只得驱残兵杀下山西逃奔。司马懿放条大路，让过马谡。背后张郃引兵赶来。赶到三十余里，前面鼓角齐鸣，一彪军出，放过马谡，拦住张郃；视之，乃魏延也：挥刀纵马，直取张郃。郃回军便走。延驱兵赶来，复夺街亭。赶到五十余里，一声喊起，两边伏兵齐出：左边司马懿，右边司马昭，却抄在魏延背后，把延困在垓心。张郃复来，三路兵合在一处。魏延左冲右突，不得脱身，折兵大半。正危急间，忽一彪军杀入，乃王平也。延大喜曰：「吾得生矣！」二将合兵一处，大杀一阵，魏兵方退。二将慌忙奔回寨时，营中皆是魏兵旌旗。申耽、申仪从营中杀出。王平、魏延迳奔列柳城，来投高翔。此时高翔闻知街亭有失，尽起列柳城之兵，前来救应，正遇延、平二人，诉说前事。高翔曰：「不如今晚去劫魏寨，再复街亭。」当时三人在山坡下商议已定。待天色将晚，兵分三路。魏延引兵先进，迳到街亭，不见一人，心中大疑，不敢轻进，且伏在路口等候。忽见高翔兵到，二人共说魏兵不知在何处。正没理会，又不见王平兵到。忽然一声砲响，火光冲天，鼓声震地。魏兵齐出，把魏延、高翔围在垓心。二人尽力冲突，不得脱身。忽听得山坡后喊声若雷，一彪军杀入，乃是王平，救了高、魏二人，迳奔列柳城来。比及奔到城下时，城边早有一军杀到，旗上大书「魏都督郭淮」字样。原来郭淮与曹真商议，恐司马懿得了全功，乃分淮来取街亭；闻知司马懿、张郃成上此功，遂引兵迳袭列柳城。正遇三将，大杀一阵。蜀兵伤者极多。魏延恐阳平关有失，慌与王平、高翔望阳平关来。",same_body_paragraph
司马昭,徐晃,1,1,94,"Chapter 94, P094-011: 却说司马懿在宛城闲住，闻知魏兵累败于蜀，乃仰天长叹。懿长子司马师，字子元；次子司马昭，字子尚：二人素有大志，通晓兵书。当日侍立于侧，见懿长叹，乃问曰：「父亲何为长叹？」懿曰：「汝辈岂知大事耶？」司马师曰：「莫非叹魏主不用乎？」司马昭笑曰：「早晚必来宣召父亲也。」言未已，忽报天使持节至。懿听诏毕，遂调宛城诸路军马。忽又报金城太守申仪家人，有机密事求见。懿唤入密室问之。其人细说孟达欲反之事。更有孟达心腹人李辅并达外甥邓贤，随状出首。司马懿听毕，以手加额曰：「此乃皇上齐天之洪福也！诸葛亮兵在祁山，杀得内外人胆落；今天子不得已而幸长安，若旦夕不用吾时，孟达一举，两京破矣！此贼必通谋诸葛亮；吾先摛之，诸葛亮定然心寒，自退兵也。」长子司马师曰：「父亲可急写表申奏天子。」懿曰：「若等圣旨，往复一月之间，事无及矣。」即传令教人马起程，一日要行两日之路，如迟立斩；一面令参军梁畿赍檄星夜去新城，教孟达等准备进征，使其不疑。梁畿先行，懿在后发兵。行了二日，山坡下转出一军，乃是右将军徐晃，晃下马见懿，说：「天子驾到长安，亲拒蜀兵，今都督何往？」懿低言曰：「今孟达造反，吾去擒之耳。」晃曰：「某愿为先锋。」懿大喜，合兵一处。徐晃为前部，懿在中军，二子押后。又行了二日，前军哨马捉住孟达心腹人，搜出孔明回书，来见司马懿。懿曰：「吾不杀汝。汝从头细说。」其人只得将孔明、孟达往复之事，一一告说。懿看了孔明回书，大惊曰：「世间能者所见皆同。吾机先被孔明识破。幸得天子有福，获此消息。孟达今无能为矣。」遂星夜催军前行。",same_body_paragraph
司马昭,曹真,1,1,95,"Chapter 95, P095-007: 却说王平见魏兵到，引军杀来，正遇张郃；战有数十余合，平力穷势孤，只得退去。魏兵自辰时困至戌时，山上无水，军不得食，寨中大乱。嚷到半夜时分，山南蜀兵大开寨门，下山降魏。马谡禁止不住。司马懿又令人于沿山放火，山上蜀兵愈乱。马谡料守不住，只得驱残兵杀下山西逃奔。司马懿放条大路，让过马谡。背后张郃引兵赶来。赶到三十余里，前面鼓角齐鸣，一彪军出，放过马谡，拦住张郃；视之，乃魏延也：挥刀纵马，直取张郃。郃回军便走。延驱兵赶来，复夺街亭。赶到五十余里，一声喊起，两边伏兵齐出：左边司马懿，右边司马昭，却抄在魏延背后，把延困在垓心。张郃复来，三路兵合在一处。魏延左冲右突，不得脱身，折兵大半。正危急间，忽一彪军杀入，乃王平也。延大喜曰：「吾得生矣！」二将合兵一处，大杀一阵，魏兵方退。二将慌忙奔回寨时，营中皆是魏兵旌旗。申耽、申仪从营中杀出。王平、魏延迳奔列柳城，来投高翔。此时高翔闻知街亭有失，尽起列柳城之兵，前来救应，正遇延、平二人，诉说前事。高翔曰：「不如今晚去劫魏寨，再复街亭。」当时三人在山坡下商议已定。待天色将晚，兵分三路。魏延引兵先进，迳到街亭，不见一人，心中大疑，不敢轻进，且伏在路口等候。忽见高翔兵到，二人共说魏兵不知在何处。正没理会，又不见王平兵到。忽然一声砲响，火光冲天，鼓声震地。魏兵齐出，把魏延、高翔围在垓心。二人尽力冲突，不得脱身。忽听得山坡后喊声若雷，一彪军杀入，乃是王平，救了高、魏二人，迳奔列柳城来。比及奔到城下时，城边早有一军杀到，旗上大书「魏都督郭淮」字样。原来郭淮与曹真商议，恐司马懿得了全功，乃分淮来取街亭；闻知司马懿、张郃成上此功，遂引兵迳袭列柳城。正遇三将，大杀一阵。蜀兵伤者极多。魏延恐阳平关有失，慌与王平、高翔望阳平关来。",same_body_paragraph
司马昭,王平,1,1,95,"Chapter 95, P095-007: 却说王平见魏兵到，引军杀来，正遇张郃；战有数十余合，平力穷势孤，只得退去。魏兵自辰时困至戌时，山上无水，军不得食，寨中大乱。嚷到半夜时分，山南蜀兵大开寨门，下山降魏。马谡禁止不住。司马懿又令人于沿山放火，山上蜀兵愈乱。马谡料守不住，只得驱残兵杀下山西逃奔。司马懿放条大路，让过马谡。背后张郃引兵赶来。赶到三十余里，前面鼓角齐鸣，一彪军出，放过马谡，拦住张郃；视之，乃魏延也：挥刀纵马，直取张郃。郃回军便走。延驱兵赶来，复夺街亭。赶到五十余里，一声喊起，两边伏兵齐出：左边司马懿，右边司马昭，却抄在魏延背后，把延困在垓心。张郃复来，三路兵合在一处。魏延左冲右突，不得脱身，折兵大半。正危急间，忽一彪军杀入，乃王平也。延大喜曰：「吾得生矣！」二将合兵一处，大杀一阵，魏兵方退。二将慌忙奔回寨时，营中皆是魏兵旌旗。申耽、申仪从营中杀出。王平、魏延迳奔列柳城，来投高翔。此时高翔闻知街亭有失，尽起列柳城之兵，前来救应，正遇延、平二人，诉说前事。高翔曰：「不如今晚去劫魏寨，再复街亭。」当时三人在山坡下商议已定。待天色将晚，兵分三路。魏延引兵先进，迳到街亭，不见一人，心中大疑，不敢轻进，且伏在路口等候。忽见高翔兵到，二人共说魏兵不知在何处。正没理会，又不见王平兵到。忽然一声砲响，火光冲天，鼓声震地。魏兵齐出，把魏延、高翔围在垓心。二人尽力冲突，不得脱身。忽听得山坡后喊声若雷，一彪军杀入，乃是王平，救了高、魏二人，迳奔列柳城来。比及奔到城下时，城边早有一军杀到，旗上大书「魏都督郭淮」字样。原来郭淮与曹真商议，恐司马懿得了全功，乃分淮来取街亭；闻知司马懿、张郃成上此功，遂引兵迳袭列柳城。正遇三将，大杀一阵。蜀兵伤者极多。魏延恐阳平关有失，慌与王平、高翔望阳平关来。",same_body_paragraph
司马昭,郭汜,1,1,112,"Chapter 112, P112-019: 却说长城镇守将军司马望，乃司马昭之族兄也。城内粮草甚多，人马却少。望听知蜀兵到，急与王真、李鹏二将，引兵离城二十里下寨。次日蜀兵来到，望引二将出阵。姜维出马，指望而言曰：「今司马昭迁主于军中，必有李★（榷自字木改为人字旁）、郭汜之意也。吾今奉朝廷明命，前来问罪，汝当早降。若还愚迷，全家诛戳！」望大声而答曰：「汝等无礼。数犯上国，如不早退，令汝片甲不归！」",same_body_paragraph
吉平,袁绍,1,1,23,"Chapter 23, P023-019: 时值元宵，吉平辞去，承留住，二人共饮。饮至更余，承觉困倦，就和衣而睡。忽报王子服等四人至，承出接入。服曰：「大事谐矣！」承曰：「愿闻其说。」服曰：「刘表结连袁绍，起兵五十万，共分十路杀来。马腾结连韩遂，起西凉军七十二万，从北杀来。曹操尽起许昌兵马，分头迎敌，城中空虚。若聚五家僮仆，可得千余人。乘今夜府中大宴，庆赏元宵，将府围住，突入杀之。不可失此机会！」",same_body_paragraph
吉平,贾诩,1,1,78,"Chapter 78, P078-008: 「又有一人眉间生一瘤，痒不可当，令佗视之。佗曰：『内有飞物。』人皆笑之。佗以刀割开，一黄雀飞去，病者即愈。有一人被犬咬足指，随长肉二块，一痛一痒，俱不可忍。佗曰：『痛者内有针十个，痒者内有黑白棋子二枚。』人皆不信，佗以刀割开，果应其言。此人真扁鹊、仓公之流也。见居金城，离此不远，大王何不召之？」操即差人星夜请华佗入内，令诊脉视疾。佗曰：「大王头脑疼痛，因患风而起。病根在脑袋中，风涎不能出。枉服汤药，不可治疗。某有一法：先饮麻肺汤，然后用利斧砍开脑袋，取出风涎，方可除根。」操大怒曰：「汝要杀孤耶！」佗曰：「大王曾闻关公中毒箭，伤其右臂，某刮骨疗毒，关公略无惧色？今大王小可之疾，何多疑焉？」操曰：「臂痛可刮，脑袋安可砍开？汝必与关公情熟，乘此机会，欲报雠耳！」呼左右拏下狱中，拷问其情。贾诩谏曰：「似此良医，世罕其匹，未可废也。」操叱曰：「此人欲乘机害我，正与吉平无异！」急令追拷。",same_body_paragraph
吕布,张松,1,1,60,"Chapter 60, P060-001: 却说那进计于刘璋者，乃益州别驾，姓张，名松，字永年。其人生得额镢头尖，鼻偃齿露，身短不满五尺，言语有若铜钟。刘璋问曰：「别驾有何高见，可解张鲁之危？」松曰：「某闻许都曹操，扫荡中原。吕布，二袁，皆为所灭；近又破马超；天下无敌矣。主公可备进献之物，松亲往许都，说曹操兴兵取汉中，以图张鲁。则鲁拒敌不暇，何敢复窥蜀中耶？」",same_body_paragraph
吕布,曹真,1,1,93,"Chapter 93, P093-010: 三军鼓角己罢，司徒王朗乘马而出。上首乃都督曹真，下首乃副都督郭淮：两个先锋压住阵角。探子马出军前，大叫曰：「请对阵主将答话！」只见蜀兵门旗开处，关兴、张苞，分左右而出，立马于两边；次后一队队骁将分列；门旗影下，中央一辆四轮车，孔明端坐车中，纶巾羽扇，素衣皂（左糸右条），飘然而出。孔明举目见魏阵前三个麾盖，旗上大书姓名，中央白髯老者，乃军师司徒王朗。孔明暗忖曰：「王朗必不说词，吾当随机应之。」遂教推车出阵外，令护军小校传曰：「汉丞相与司徒会话。」王朗纵马而出。孔明于车上拱手，王朗在马上欠身答礼。朗曰：「久闻公之大名，今幸一会。公既知天命、识时务，何故兴无名之师？」孔明曰：「吾奉诏讨贼，何谓无名？」朗曰：「天数有变，神器更易，而归有德之人，此自然之理也。曩自桓、灵以来，黄巾倡乱，天下争横。降至初平、建安之岁，董卓造逆，傕、汜继虐；袁术僭号于寿春，袁绍称雄于邺上；刘表占据荆州，吕布虎吞徐郡：盗贼蜂起，奸雄鹰扬，社稷有累卵之危，生灵有倒悬之急。我太祖武皇帝，扫清六合，席卷八荒；万姓倾心，四方迎德：非以权势取之，实天命所归也。世祖文帝，神圣文武，以膺大统，应天合人，法尧禅舜，处中国以治万邦，岂非天心人意乎？今公蕴大才，报大器，欲自比于管乐，何乃强欲逆天理，背人情而行事耶？岂不闻古人云：『顺天者昌，逆天者亡。」今我大魏带甲百万，良将千员。谅腐草之萤光，怎及天心之皓月？公可倒戈卸甲，以礼来降，不失封侯之位。国安民乐，岂不美哉！」孔明在车上大笑曰：「吾以为汉朝大老元臣，必有高论，岂期出此鄙言！吾有一言，诸军静听：昔桓、灵之世，汉统陵替，宦官酿祸；国乱岁凶，四方扰攘。黄巾之后，董卓、傕、汜等接踵而起，迁劫汉帝，残暴生灵。因庙堂之上，朽木为官；殿陛之间，禽兽食禄。狼心狗行之辈，滚滚当朝；奴颜婢膝之徒，纷纷秉政。以致社稷邱墟，苍生涂炭。吾素知汝所行！世居东海之滨，初举孝廉入仕。理合匡君辅国，安汉兴刘；何期反助逆贼，同谋篡位！罪恶深重，天地不容！天下之人，愿食汝肉！」「今幸天意不绝炎汉，昭烈皇帝继统西川。吾今奉嗣君之旨，兴师讨贼。汝既为谄谀之臣，只可潜身缩首，苟图衣食；安敢在行伍之前，妄称天数耶！皓首匹夫！苍髯老贼！汝即日将归于九泉之下，何面目见二十四帝乎！老贼速退！可叫反臣与吾共决胜负！」王朗听罢，气满胸膛，大叫一声，撞死于马下。后人有诗赞孔明曰：",same_body_paragraph
吕布,杨修,1,1,60,"Chapter 60, P060-011: 操变色视之。松全无惧意，杨修频以目视松。操谓松曰：「吾视天下鼠辈犹草芥耳。大军到处，战无不胜，攻无不取。顺吾者生，逆吾者死。汝知之乎？」松曰：「丞相驱兵到处，战必胜，攻必取，松亦素知。昔日濮阳攻吕布之时，宛城战张绣之日；赤壁遇周郎，华容逢关羽；割须弃袍于潼关，夺船箭于渭水：此皆无敌于天下也。」操大怒曰：「竖儒焉敢揭吾短处！」喝左右推出斩之。杨修谏曰：「松虽可斩，奈从蜀道而来入贡，若斩之，恐失远人之意。」",same_body_paragraph
吕布,蔡瑁,1,1,31,"Chapter 31, P031-026: 表大喜曰：「玄德，吾弟也。久欲相会，而不可得。今肯惠顾，实为幸甚。」蔡瑁谮曰：「不可。刘备先从吕布，后事曹操，近投袁绍，皆不克终，足可见其为人。今若纳之，曹操必加兵于我，枉动干戈；不如斩孙干之首，以献曹操，操必重待主公也。」孙干正色曰：「干非惧死之人也。刘使君忠心为国，非曹操、袁绍、吕布等比。前此相从，不得已也。今闻刘将军汉朝苗裔，谊切同宗，故千里相投。尔何献谗而妒贤如此耶！」",same_body_paragraph
吕布,许攸,1,1,22,"Chapter 22, P022-021: 孔融默然。操大笑曰：「皆不出荀文若之料。」遂唤前军刘岱、后军王忠引军五万，打著丞相旗号，去徐州攻刘备。原来刘岱旧为衮州刺史；及操取衮州，岱降于操，操用为偏将，故今差他与王忠一同领兵。操却自引大军二十万，进黎阳，拒袁绍。程昱曰：「恐刘岱、王忠不称其使。」操曰：「吾亦知非刘备敌手，权且虚张声势。」分付：「不可轻进。待我破绍，再勒兵破备。」刘岱、王忠领兵去了。曹操自引兵至黎阳。两军隔八十里，各自深沟高垒，相持不战。自八月守至十月。原来许攸不乐审配领兵，沮授又恨绍不用其谋，各不相和，不图进取。袁绍心怀疑惑，不思进兵。操乃唤吕布手下降将臧霸把守青、徐；于禁、李典屯兵河上；曹仁总督大军，屯于官渡。操自引一军，竟回许都。",same_body_paragraph
吕布,贾诩,1,1,16,"Chapter 16, P016-029: 操正欲起兵，自往征吕布，忽流星马报说张济自关中引兵攻南阳，为流矢所中而死；济姪张绣统其众，用贾诩为谋士，结连刘表，屯兵宛城，欲兴兵犯阙夺驾。操大怒，欲兴兵讨之，又恐吕布来攻许都，乃问计于荀彧。彧曰：「此易事耳。吕布无谋之辈，见利必喜；明公可遣使往徐州，加官赐赏，令与玄德解和。布喜，则不思远图矣。」操曰：「善。」遂差奉军都尉王则，赍官诰并和解书，往徐州去讫；一面起兵五十万，亲讨张绣。分军三路而行，以夏侯惇为先锋。军马至淯水下寨。",same_body_paragraph
吕布,郭淮,1,1,93,"Chapter 93, P093-010: 三军鼓角己罢，司徒王朗乘马而出。上首乃都督曹真，下首乃副都督郭淮：两个先锋压住阵角。探子马出军前，大叫曰：「请对阵主将答话！」只见蜀兵门旗开处，关兴、张苞，分左右而出，立马于两边；次后一队队骁将分列；门旗影下，中央一辆四轮车，孔明端坐车中，纶巾羽扇，素衣皂（左糸右条），飘然而出。孔明举目见魏阵前三个麾盖，旗上大书姓名，中央白髯老者，乃军师司徒王朗。孔明暗忖曰：「王朗必不说词，吾当随机应之。」遂教推车出阵外，令护军小校传曰：「汉丞相与司徒会话。」王朗纵马而出。孔明于车上拱手，王朗在马上欠身答礼。朗曰：「久闻公之大名，今幸一会。公既知天命、识时务，何故兴无名之师？」孔明曰：「吾奉诏讨贼，何谓无名？」朗曰：「天数有变，神器更易，而归有德之人，此自然之理也。曩自桓、灵以来，黄巾倡乱，天下争横。降至初平、建安之岁，董卓造逆，傕、汜继虐；袁术僭号于寿春，袁绍称雄于邺上；刘表占据荆州，吕布虎吞徐郡：盗贼蜂起，奸雄鹰扬，社稷有累卵之危，生灵有倒悬之急。我太祖武皇帝，扫清六合，席卷八荒；万姓倾心，四方迎德：非以权势取之，实天命所归也。世祖文帝，神圣文武，以膺大统，应天合人，法尧禅舜，处中国以治万邦，岂非天心人意乎？今公蕴大才，报大器，欲自比于管乐，何乃强欲逆天理，背人情而行事耶？岂不闻古人云：『顺天者昌，逆天者亡。」今我大魏带甲百万，良将千员。谅腐草之萤光，怎及天心之皓月？公可倒戈卸甲，以礼来降，不失封侯之位。国安民乐，岂不美哉！」孔明在车上大笑曰：「吾以为汉朝大老元臣，必有高论，岂期出此鄙言！吾有一言，诸军静听：昔桓、灵之世，汉统陵替，宦官酿祸；国乱岁凶，四方扰攘。黄巾之后，董卓、傕、汜等接踵而起，迁劫汉帝，残暴生灵。因庙堂之上，朽木为官；殿陛之间，禽兽食禄。狼心狗行之辈，滚滚当朝；奴颜婢膝之徒，纷纷秉政。以致社稷邱墟，苍生涂炭。吾素知汝所行！世居东海之滨，初举孝廉入仕。理合匡君辅国，安汉兴刘；何期反助逆贼，同谋篡位！罪恶深重，天地不容！天下之人，愿食汝肉！」「今幸天意不绝炎汉，昭烈皇帝继统西川。吾今奉嗣君之旨，兴师讨贼。汝既为谄谀之臣，只可潜身缩首，苟图衣食；安敢在行伍之前，妄称天数耶！皓首匹夫！苍髯老贼！汝即日将归于九泉之下，何面目见二十四帝乎！老贼速退！可叫反臣与吾共决胜负！」王朗听罢，气满胸膛，大叫一声，撞死于马下。后人有诗赞孔明曰：",same_body_paragraph
吕布,黄盖,1,1,9,"Chapter 9, P009-032: 吕布再三相劝，王允只是不肯去。不一时，各门火燄竟天，吕布只得弃却家小，引百余骑飞奔出关，投袁术去了。李傕、郭汜纵兵大掠，太常卿种拂，太仆鲁馗，大鸿胪周奂，城门校尉崔烈，越骑校尉王颀皆死于国难。贼兵围绕内庭至急，侍臣请天子上宣平门止乱。李傕等望见黄盖，约住军士，口呼万岁。献帝倚楼问曰：「卿不候奏请，辄入长安，意欲何为？」李傕、郭汜仰面奏曰：「董太师乃陛下社稷之臣，无端被王允谋杀，臣等特来报雠，非敢造反。但见王允，臣便退兵。」",same_body_paragraph
吕蒙,曹洪,1,1,51,"Chapter 51, P051-029: 曹仁大喜，随即商议今夜便去劫寨，夺周瑜之尸，斩其首级，送赴许都。陈矫曰：「此计速行，不可迟误。」曹仁遂令牛金为先锋，自为中军，曹洪，曹纯为合后，只留陈矫领些少军士守城，其余军兵尽起。初更时出城，迳投周瑜大寨。来到寨门，不见一人，但见虚插旗枪而已。情知中计，急忙退军。四下砲声齐发，东边韩当，蒋钦杀来，西边周泰，潘璋杀来，南边徐盛，丁奉杀来，北边陈武，吕蒙杀来。曹兵大败，三路军皆被冲散，首尾不能相救。",same_body_paragraph
吕蒙,袁绍,1,1,50,"Chapter 50, P050-005: 正走间，背后一军赶到，大叫：「曹贼休走！」火光中现出吕蒙旗号。操催军马向前，留张辽断后，抵敌吕蒙。却见前面火把又起，从山谷中拥出一军，大叫：「凌统在此！」曹操肝胆皆裂。忽刺斜里一彪军到，大叫：「丞相休慌！徐晃在此！」彼此混战一场，路望北而走。忽见一队军马，屯在山坡前。徐晃出问，乃是袁绍手下降将马延，张𫖮，有三千北地军马，列寨在彼；当夜见满天火起，未敢转动，恰好接著曹操。操教二将引一千军马开路，其余留著护身。操得这枝生力军马，心中稍安。马延，张𫖮二将，飞骑前行。不到十里，喊声起处，一彪军出。为首一将，大呼曰：「吾乃东吴，甘兴霸也！」马延正欲交锋，早被甘宁一刀斩于马下。张𫖮挺枪来迎，宁大喝一声，𫖮措手不及，被宁手起一刀，翻身落马。后军飞报曹操。",same_body_paragraph
吕蒙,贾诩,1,1,82,"Chapter 82, P082-006: 权大喜，即写表称臣，令赵咨为使。星夜到了许都，先见太尉贾诩等，并大小官僚。次日早朝，贾诩出班奏曰：「东吴遣中大夫赵咨上表。」曹丕笑曰：「此欲退蜀兵故也。」即令召入。咨拜伏于丹墀。丕览表毕，遂问咨曰：「吴侯乃何如主也？」咨曰：「聪明仁智雄略之主也。」丕笑曰：「卿褒奖毋乃太甚？」咨曰：「臣非过誉也。吴侯纳鲁肃于凡品，是其聪明也；拔吕蒙于行阵，是其明也；获于禁而不害，是其仁也；取荆州兵不血刃，是其智也；据三江虎视天下，是其雄也；屈身于陛下，是其略也：--以此论之，岂不为聪明仁智雄略之主乎？」",same_body_paragraph
吕蒙,赵云,1,1,56,"Chapter 56, P056-017: 却说鲁肃回见周瑜，说玄德，孔明欢喜不疑，准备出城劳军。周瑜大笑曰：「原来今番也中了吾计！」便教鲁肃禀报吴侯，并遣程普引兵接应。周瑜此时箭疮已渐平愈，身躯无事，使甘宁为先锋，自与徐盛，丁奉为第二；凌统，吕蒙为后队。水陆大兵五百万，望荆州而来。周瑜在船中，时复欢笑，以为孔明中计。前军至夏口，周瑜问：「荆州有人在前面接否？」人报：「刘皇叔使糜竺来见都督。」瑜唤至，问劳军如何。糜竺曰：「主公皆准备安排下了。」瑜曰：「皇叔何在？」竺曰：「在荆州城门相等，与都督把盏。」瑜曰：「今为汝家之事，出兵远征；劳军之礼，休得轻易。」糜竺领了言语先回。战船密密排在江上，依次而进。看看至公安，并无一双军船，又无一人远接。周瑜催船速行。离荆州十余里，只见江面上静荡荡的。哨探的回报：「荆州城上，插两面白旗，并不见一人之影。」瑜心疑，教把船傍岸，亲自上岸，乘马带了甘宁，徐盛，丁奉一班军官，引亲随精军三千人，迳望荆州来。既至城下，并不见动静。瑜勒住马，令军士叫门。城上问是谁人。吴军答曰：「是东吴周都督亲自此。」言未毕，忽一声梆子响，城上一齐都竖起鎗刀。敌楼上赵云出曰：「都督此行，端的为何？」瑜曰：「吾替汝主取西川，汝岂犹未知耶？」云曰：「孔明军师已知都督『假途灭虢』之计，故留赵云在此。吾主公有言：『孤与刘璋，皆汉室宗亲，安忍背义而取西川？若汝东吴端的取蜀，吾当披发入山，不失信于天下也。』」周瑜闻之，勒马便回。只见一人打著令字旗，于马前报说：「探得四路军马，一齐杀到：关某从江陵杀来，张飞从秭归杀来，黄忠从公安杀来，魏延从彝陵小路杀来：四路正不知多少军马。喊声远近震动百余里，皆言要捉周瑜。」瑜马上大叫一声，箭鎗复裂，墬于马下。正是：一著掑高难对敌，几番算定总成空。不知周瑜性命如何，且看下文解。",same_body_paragraph
吕蒙,顾雍,1,1,38,"Chapter 38, P038-017: 却说孙权自孙策死后，据住江东，承父兄基业，广纳贤士，开宾馆于吴会，命顾雍、张纮延接四方宾客。连年以来，你我相荐。时有会稽阚泽，字德润；彭城严畯，字曼才；沛县薛综，字敬文；汝南程秉，字德枢；吴郡朱桓，字休穆；陆绩，字公纪；吴人张温，字惠恕；会稽凌统，字公续；乌程吴粲，字孔休：此数人皆至江东。孙权敬礼甚厚。又得良将数人，乃汝阳吕蒙，字子明，吴郡陆逊，字伯言，瑯琊徐盛，字文向，东郡潘璋，字文珪，庐江丁奉，字承渊。文武诸人，共相辅佐。由此江东称得人之盛。",same_body_paragraph
吕蒙,魏延,1,1,56,"Chapter 56, P056-017: 却说鲁肃回见周瑜，说玄德，孔明欢喜不疑，准备出城劳军。周瑜大笑曰：「原来今番也中了吾计！」便教鲁肃禀报吴侯，并遣程普引兵接应。周瑜此时箭疮已渐平愈，身躯无事，使甘宁为先锋，自与徐盛，丁奉为第二；凌统，吕蒙为后队。水陆大兵五百万，望荆州而来。周瑜在船中，时复欢笑，以为孔明中计。前军至夏口，周瑜问：「荆州有人在前面接否？」人报：「刘皇叔使糜竺来见都督。」瑜唤至，问劳军如何。糜竺曰：「主公皆准备安排下了。」瑜曰：「皇叔何在？」竺曰：「在荆州城门相等，与都督把盏。」瑜曰：「今为汝家之事，出兵远征；劳军之礼，休得轻易。」糜竺领了言语先回。战船密密排在江上，依次而进。看看至公安，并无一双军船，又无一人远接。周瑜催船速行。离荆州十余里，只见江面上静荡荡的。哨探的回报：「荆州城上，插两面白旗，并不见一人之影。」瑜心疑，教把船傍岸，亲自上岸，乘马带了甘宁，徐盛，丁奉一班军官，引亲随精军三千人，迳望荆州来。既至城下，并不见动静。瑜勒住马，令军士叫门。城上问是谁人。吴军答曰：「是东吴周都督亲自此。」言未毕，忽一声梆子响，城上一齐都竖起鎗刀。敌楼上赵云出曰：「都督此行，端的为何？」瑜曰：「吾替汝主取西川，汝岂犹未知耶？」云曰：「孔明军师已知都督『假途灭虢』之计，故留赵云在此。吾主公有言：『孤与刘璋，皆汉室宗亲，安忍背义而取西川？若汝东吴端的取蜀，吾当披发入山，不失信于天下也。』」周瑜闻之，勒马便回。只见一人打著令字旗，于马前报说：「探得四路军马，一齐杀到：关某从江陵杀来，张飞从秭归杀来，黄忠从公安杀来，魏延从彝陵小路杀来：四路正不知多少军马。喊声远近震动百余里，皆言要捉周瑜。」瑜马上大叫一声，箭鎗复裂，墬于马下。正是：一著掑高难对敌，几番算定总成空。不知周瑜性命如何，且看下文解。",same_body_paragraph
吕蒙,黄忠,1,1,56,"Chapter 56, P056-017: 却说鲁肃回见周瑜，说玄德，孔明欢喜不疑，准备出城劳军。周瑜大笑曰：「原来今番也中了吾计！」便教鲁肃禀报吴侯，并遣程普引兵接应。周瑜此时箭疮已渐平愈，身躯无事，使甘宁为先锋，自与徐盛，丁奉为第二；凌统，吕蒙为后队。水陆大兵五百万，望荆州而来。周瑜在船中，时复欢笑，以为孔明中计。前军至夏口，周瑜问：「荆州有人在前面接否？」人报：「刘皇叔使糜竺来见都督。」瑜唤至，问劳军如何。糜竺曰：「主公皆准备安排下了。」瑜曰：「皇叔何在？」竺曰：「在荆州城门相等，与都督把盏。」瑜曰：「今为汝家之事，出兵远征；劳军之礼，休得轻易。」糜竺领了言语先回。战船密密排在江上，依次而进。看看至公安，并无一双军船，又无一人远接。周瑜催船速行。离荆州十余里，只见江面上静荡荡的。哨探的回报：「荆州城上，插两面白旗，并不见一人之影。」瑜心疑，教把船傍岸，亲自上岸，乘马带了甘宁，徐盛，丁奉一班军官，引亲随精军三千人，迳望荆州来。既至城下，并不见动静。瑜勒住马，令军士叫门。城上问是谁人。吴军答曰：「是东吴周都督亲自此。」言未毕，忽一声梆子响，城上一齐都竖起鎗刀。敌楼上赵云出曰：「都督此行，端的为何？」瑜曰：「吾替汝主取西川，汝岂犹未知耶？」云曰：「孔明军师已知都督『假途灭虢』之计，故留赵云在此。吾主公有言：『孤与刘璋，皆汉室宗亲，安忍背义而取西川？若汝东吴端的取蜀，吾当披发入山，不失信于天下也。』」周瑜闻之，勒马便回。只见一人打著令字旗，于马前报说：「探得四路军马，一齐杀到：关某从江陵杀来，张飞从秭归杀来，黄忠从公安杀来，魏延从彝陵小路杀来：四路正不知多少军马。喊声远近震动百余里，皆言要捉周瑜。」瑜马上大叫一声，箭鎗复裂，墬于马下。正是：一著掑高难对敌，几番算定总成空。不知周瑜性命如何，且看下文解。",same_body_paragraph
吴国太,诸葛亮,1,1,44,"Chapter 44, P044-001: 却说吴国太见孙权疑惑不决，乃谓之曰：「先姊遗言云：『伯符临终有言：内事不决问张昭，外事不决问周瑜。』今何不请公瑾问之？」权大喜，即遣使往鄱阳请周瑜议事。原来周瑜在鄱阳湖训练水师，闻曹操大军至汉上，便星夜回柴桑郡议军机事。使者未发，周瑜已先到。鲁肃与瑜最厚，先来接著，将前项事细述一番。周瑜曰：「子敬休忧，瑜自有主张。今可速请孔明来相见。」",same_body_paragraph
吴国太,鲁肃,1,1,44,"Chapter 44, P044-001: 却说吴国太见孙权疑惑不决，乃谓之曰：「先姊遗言云：『伯符临终有言：内事不决问张昭，外事不决问周瑜。』今何不请公瑾问之？」权大喜，即遣使往鄱阳请周瑜议事。原来周瑜在鄱阳湖训练水师，闻曹操大军至汉上，便星夜回柴桑郡议军机事。使者未发，周瑜已先到。鲁肃与瑜最厚，先来接著，将前项事细述一番。周瑜曰：「子敬休忧，瑜自有主张。今可速请孔明来相见。」",same_body_paragraph
周瑜,夏侯惇,1,1,51,"Chapter 51, P051-033: 正分拨间，忽然探马飞来报说：「诸葛亮自得了南郡，遂用兵符，星夜诈调荆州守城军马来救，却教张飞袭了荆州。」又一探马飞来报说：「夏侯惇在襄阳，被诸葛亮差人赍兵符，诈称曹仁求救，诱惇引兵出，却教云长袭取了襄阳。」二处城池，全不费力，皆属刘玄德矣。」周瑜曰：「诸葛亮怎得兵符？」程普曰：「他拏住陈矫，兵符自然尽属之矣。」周瑜大叫一声，金疮迸裂。正是：几郡城池无我分，一场辛苦为谁忙。未知性命如何，且看下文分解。",same_body_paragraph
周瑜,孙坚,1,1,15,"Chapter 15, P015-010: 策拜谢，遂引军马，带领朱治，吕范，旧将程普，黄盖，韩当等，择日起兵。行至历阳，见一军到。当先一人：姿质风流，仪容秀丽；见了孙策，下马便拜。策视其人，乃庐江舒城人：姓周，名瑜，字公瑾。原来孙坚讨董卓之时，移家舒城，瑜与孙策同年，交情甚密，因结为昆仲。策长瑜两月，瑜以兄事策。瑜叔周尚，为丹阳太守，今往省亲，到此与策相遇。",same_body_paragraph
周瑜,程昱,1,1,56,"Chapter 56, P056-013: 操点头曰：「是也。」昱曰：「某有一计，使孙、刘自相吞并，丞相乘间图之，一鼓而二敌俱破。」操大喜，遂问其计。程昱曰：「东吴所倚者，周瑜也。丞相今表奏周瑜为南郡太守、程普为江夏太守，留华歆在周瑜既领南郡，愈思报雠，遂上书吴侯，乞命鲁肃去讨还荆州。孙权乃命肃曰：「汝昔保荆州与刘备，今备迁延不还，等待何时？」肃曰：「文书上明白写著，得了西川便还。」权叱曰：「只说取西川，至今又不动兵，不等老了人！」肃曰：「某愿往言之。」遂乘投荆州而来。",same_body_paragraph
周瑜,董卓,1,1,15,"Chapter 15, P015-010: 策拜谢，遂引军马，带领朱治，吕范，旧将程普，黄盖，韩当等，择日起兵。行至历阳，见一军到。当先一人：姿质风流，仪容秀丽；见了孙策，下马便拜。策视其人，乃庐江舒城人：姓周，名瑜，字公瑾。原来孙坚讨董卓之时，移家舒城，瑜与孙策同年，交情甚密，因结为昆仲。策长瑜两月，瑜以兄事策。瑜叔周尚，为丹阳太守，今往省亲，到此与策相遇。",same_body_paragraph
周瑜,许攸,1,1,45,"Chapter 45, P045-002: 周瑜分拨已定，使人请孔明议事。孔明至中军帐，叙礼毕。瑜曰：「昔曹操兵少，袁绍兵多，而操反胜绍者，因用许攸之谋，先断乌巢之粮也。今操兵八十三万，我兵只五六万，安能拒之？亦必须先断操之粮，然后可破。我已探知操军粮草，俱屯于聚铁山。先生久居汉上，熟知地理。敢烦先生与关，张，子龙，辈－吾亦助兵千人－星夜往聚铁山断操粮道。彼此各为主人之事，幸勿推调。」",same_body_paragraph
周瑜,陆逊,1,1,75,"Chapter 75, P075-016: 由是吕蒙托病不起，上书辞职。陆逊回见孙权，具言前计。孙权乃召吕蒙还建业养病。蒙至，入见权。权问曰：「陆口之任，昔周公瑾荐鲁子敬以自代；后子敬又荐卿自代；今卿亦须荐一才望兼隆者，代卿为妙。」蒙曰：「若用望重之人，云长必然防备。陆逊意思深长，而未有远名，非云长所忌；若即用以代臣之任，必有所济。」",same_body_paragraph
周瑜,顾雍,1,1,44,"Chapter 44, P044-002: 鲁肃上马去了。周瑜方才歇息。忽报张昭、顾雍、张纮、步骘四人来相探。瑜接入堂中坐定，叙寒温毕。张昭曰：「都督知江东之利害否？」瑜曰：「未知也。」昭曰：「曹操拥众百万，屯于汉上，昨传檄文至此，欲请主公会猎于江夏。虽有相吞之意，尚未露其形。昭等劝主公且降之，庶免江东之祸。不想鲁子敬从江夏带刘备军师诸葛亮至此，彼因自欲雪愤，特下说词以激主公。子敬却执迷不悟。正欲待都督一决。」瑜曰：「公等之见皆同否？」顾雍等曰：「所议皆同。」瑜曰：「吾亦欲降久矣。公等请回。明早见主公，自有定议。」",same_body_paragraph
周瑜,马腾,1,1,57,"Chapter 57, P057-019: 早有人报到许昌，言刘备有诸葛亮，庞统为谋士，招军买马，积草屯粮，连结东吴，早晚必兴兵北伐。曹操闻之，遂聚谋士商议南征。荀攸进曰：「周瑜新死，可先取孙权，次攻刘备。」操曰：「我若远征，恐马腾来袭许都。前在赤壁之时，军中有讹言，亦传西凉入寇之事，今不可不防也。」荀攸曰：「以愚所见，不若降诏，加马腾为征南将军，使讨孙权；诱入京师，先除此人，则南征无患矣。」操大喜，即日遣人赍诏至西凉召马腾。",same_body_paragraph
夏侯惇,孙坚,1,1,6,"Chapter 6, P006-009: 且说孙坚飞奔洛阳，遥望火焰冲天，黑烟铺地，二三百里，并无鸡犬人烟；坚先发兵救灭了火，令众诸侯各于荒地上屯住军马。曹操来见袁绍曰：「今董贼西去，正可乘势追袭；本初按兵不动，何也？」绍曰：「诸兵疲困，进恐无益。」操曰：「董贼焚烧宫室，劫迁天子，海内震动，不知所归；此天亡之时也，一战而天下定矣。诸侯何疑而不进？」众诸侯皆言不可轻动。操大怒曰：「竖子不足与谋！」遂自引兵万余，领夏侯惇，夏侯渊，曹仁，曹洪，李典，乐进，星夜来赶董卓。",same_body_paragraph
夏侯惇,孙策,1,1,17,"Chapter 17, P017-015: 袁术知曹兵至，令大将桥蕤引兵五万作先锋。两军会于寿春界口。桥蕤当先出马，与夏侯惇战不三合，被夏侯惇搠死。术军大败，奔走回城。忽报孙策发船攻江边西面，吕布引兵攻东面，刘备、关、张引兵攻南面，操自引兵十七万攻北面。术大惊，急聚众文武商议。杨大将曰：「寿春水旱连年，人皆缺食；今又动兵扰民，民既生怨，兵至难以拒敌。不如留军在寿春，不必与战。待彼粮尽，必然生变。陛下且统御林军渡淮；一者就熟，二者暂避其锐。」",same_body_paragraph
夏侯惇,徐庶,1,1,39,"Chapter 39, P039-018: 操即命夏侯惇为都督；于禁、李典、夏侯兰、韩浩为副将；领兵十万，直抵博望城，以窥新野。荀彧谏曰：「刘备英雄，今更兼诸葛亮为军师，不可轻敌。」惇曰：「刘备鼠辈耳，吾必擒之。」徐庶曰：「将军勿轻视刘玄德。今玄德得诸葛亮为辅，如虎生翼矣。」操曰：「诸葛亮何人也？」庶曰：「亮字孔明，道号卧龙先生。有经天纬地之才，出鬼入神之计，真当世奇士，非可小觑。」",same_body_paragraph
夏侯惇,曹叡,1,1,91,"Chapter 91, P091-027: 众视之，乃夏侯渊之子夏侯楙也。楙字子休﹔其性最急，又最吝。自幼嗣与夏侯惇为子。后夏侯渊为黄忠所斩，曹操怜之，以女清河公主招楙为驸马，因此朝中钦敬。虽掌兵权，未尝临阵。当时自请出征，曹叡即命为大都督，调关西诸路军马前去破敌。",same_body_paragraph
夏侯惇,李儒,1,1,6,"Chapter 6, P006-010: 且说董卓行至荥阳地方，太守徐荣出接。李儒曰：「丞相新弃洛阳，防有追兵。可教徐荣伏军荥阳城外山坞之旁：若有兵追来，可竟放过；待我这里杀败，然后截住掩杀。令后来者不敢复追。」卓从其计，又令吕布引精兵遏后。布正行间，曹操一军赶上。吕布大笑曰：「不出李儒所料也」！将军马摆开。曹操出马，大叫：「逆贼！劫迁天子，流徙百姓，将欲何往？」吕布骂曰：「背主懦夫，何得妄言！」夏侯惇挺鎗跃马，直取吕布。战不数合，李傕引一军，从左边杀来，操急令夏侯渊迎敌。右边喊声又起，郭汜引军杀到，操急令曹仁迎敌。三路军马，势不可当。夏侯惇抵敌吕布不住，飞马回阵。布引铁骑掩杀，操军大败，回望荥阳而走。走至一荒山脚下，时约二更，月明如昼。方才聚集残兵。",same_body_paragraph
夏侯惇,田丰,1,1,30,"Chapter 30, P030-001: 却说袁绍兴兵，望官渡进发。夏侯惇发书告急。曹操起军七万，前往迎敌，留荀彧守许都。绍兵临发，田丰从狱中上书谏曰：「今且宜静守以待天时，不可妄兴大兵，恐有不利。」逢纪谮曰：「主公兴仁义之师，田丰何得出此不祥之语？」",same_body_paragraph
夏侯惇,祢衡,1,1,23,"Chapter 23, P023-008: 帝览表，以付曹操。操遂使人召衡至。礼毕，操不命坐。祢衡仰天叹曰：「天地虽阔，何无一人也！」操曰：「吾手下有数十人，皆当世英雄，何谓无人？」衡曰：「愿闻。」操曰：「荀彧，荀攸，郭嘉，程昱，机深智远，虽萧何，陈平不及也。张辽[陈怡妏3]，许褚，乐进，李典，勇不可当，虽岑彭，马武不及也。吕虔，满宠，为从事；于禁，徐晃，为先锋。夏侯惇，天下奇才；曹子孝，世间福将。安得无人？」衡笑曰：「公言差矣。此等人物，吾尽识之：荀彧可使吊丧问疾，荀攸可使看坟守墓，程昱可使关门闭户，郭嘉可使白词念赋，张辽可使击鼓鸣金，许褚可使牧牛放马，乐进可使取状读诏，李典可使传书送檄，吕虔可使磨刀铸剑，满宠可使饮酒食糟，于禁可使负版筑墙，徐晃可使屠猪杀狗。夏侯惇称为『完体将军』，曹子孝呼为『要钱太守』。其余皆是衣架！饭囊！酒桶！肉袋耳！」操怒曰：「汝有何能？」衡曰：「天文地理，无一不通；三教九流，无一不晓；上可以致君为尧、舜，下可以配德于孔、颜。岂与俗子共论乎！」时止有张辽在侧，掣剑欲斩之。操曰：「吾正少一鼓吏；早晚朝贺宴享，可令祢衡充此职。」衡不推辞，应声而去。辽曰：「此人出言不逊，何不杀之？」操曰：「此人素有虚名，远近所闻。今日杀之，天下必谓我不能容物，彼自以为能，故令为鼓吏以辱之。」",same_body_paragraph
夏侯惇,董承,1,1,78,"Chapter 78, P078-018: 次日，觉气冲上焦，目不见物，急召夏侯惇商议。惇至殿门前，忽见伏皇后、董贵人、二皇子、伏完、董承等，立在阴云之中。惇大惊昏倒，左右扶出，自此得病。操召曹洪、陈群、贾诩、司马懿等，同至卧榻前，嘱以后事。曹洪等顿首曰：「大王善保玉体，不日定当霍然。」操曰：「孤纵横天下三十余年，群雄皆灭，止有江东孙权，西蜀刘备，未曾剿除。孤今病危，不能再与卿等相叙，特以家事相托：孤长子曹昂，刘氏所生，不幸早年殁于宛城。今卞氏生四子：丕、彰、植、熊。孤平生所爱第三子植，为人虚华少诚实，嗜酒放纵，因此不立；次子曹彰，勇而无谋；四子曹熊，多病难保；惟长子曹丕，笃厚恭谨，可继我业。卿等宜辅佐之。」",same_body_paragraph
夏侯惇,许攸,1,1,30,"Chapter 30, P030-020: 次日，操自选马步军士五千，准备往乌巢劫粮。张辽曰：「袁绍屯粮之所，安得无备？丞相未可轻往。恐许攸有诈。」操曰：「不然。许攸此来，天败袁绍。今吾军粮不给，难以久持；若不用许攸之计，是坐而待困也。彼若有诈，安肯留我寨中？且吾亦欲劫寨久矣。今劫粮之举，计在必行，君请勿疑。」辽曰：「亦须防袁绍乘虚来袭。」操笑曰：「吾已筹之熟矣。」便教荀攸、贾诩、曹洪同许攸守大寨，夏侯惇、夏侯渊领一军伏于左，曹仁、李典领一军伏于右，以备不虞。教张辽、许褚在前，徐晃、于禁在后，操自引诸将居中，共五千人马，打著袁军旗号，军士皆束草负薪，人衔枚，马勒口，黄昏时分，望乌巢进发。是夜星光满天。",same_body_paragraph
夏侯霸,曹操,1,1,114,"Chapter 114, P114-017: 维大喜，谓瓘曰：「汝既诚心来降，吾不诚心相待；吾军中所患者，不过粮耳。今有粮草，现在川口。汝可运赴祁山。吾只今去取祁山寨也。」瓘心中大喜，以为中计，忻然领诺。姜维曰：「汝去运粮，不必用五千人，但引三千人去，留下二千人引路，以打祁山。」瓘恐维疑惑，乃引三千兵去了。维令傅佥引二千魏兵随征听用。忽报夏侯霸到。霸曰：「都督何故准信王瓘之言也？吾在魏，虽不知备细，未闻王瓘是王经之姪：其中多诈，请将军察之。」维大笑曰：「我已知王瓘之诈，故分其兵势，将计就计而行。」霸曰：「公试言之。」维曰：「司马昭奸雄比于曹操，既杀王经，灭其三族，安肯存亲姪于关外领兵？知其诈也。仲权之见与我暗合。」",same_body_paragraph
夏侯霸,魏延,1,1,104,"Chapter 104, P104-002: 魏延领命,出帐上马,引兵杀出寨来。夏侯霸见了魏延,慌妄引军退走。延追赶二十余里方回。孔明令魏延自回本寨把守。",same_body_paragraph
太史慈,张郃,1,1,50,"Chapter 50, P050-006: 操此时指望合淝有兵救应，不想孙权在合淝路口，望见江中火光，知是我军得胜，便教陆逊举火为号；太史慈见了，与陆逊合兵一处，冲杀将来。操只得望彝陵而走。路上撞见张郃，操令断后。纵马加鞭，走至五更，回望火光渐远，操心方定，问曰：「此是何处？」左右曰：「此是乌林之西，宜都之北。」",same_body_paragraph
太史慈,诸葛瑾,1,1,53,"Chapter 53, P053-024: 少顷，太史慈入帐，言：「某手下有一人，姓戈，名定，与张辽手下养马后槽是弟兄。后槽被责怀怨，今晚使人报来，举火为号，刺杀张辽，以报宋谦之雠，某请引兵为外应。」权曰：「戈定何在？」太史慈曰：「已混入合淝城中去了。某愿乞五千兵去。」诸葛瑾曰：「张辽多谋，恐有准备，不可造次。」太史慈坚执要行，权因伤感宋谦之死，急要报雠，遂令太史慈引兵五千，去为外应。",same_body_paragraph
姜维,孙坚,1,1,120,"Chapter 120, P120-047: 高祖提剑入咸阳，炎炎红日升扶桑。光武龙兴成大统，金乌飞上天中央。哀哉献帝绍海宇，红轮西坠咸池傍！何进无谋中贵乱，凉州董卓居朝堂。王允定计诛逆党，李傕郭泛兴刀枪。四方盗贼如蚁聚，六合奸雄皆鹰扬。孙坚孙策起江左，袁绍袁术兴河梁。刘焉父子据巴蜀，刘表军旅屯荆襄。张修张鲁霸南郑，马腾韩遂守西凉。陶谦张绣公孙瓒，各逞雄才占一方。曹操专权居相府，牢笼英俊用文武。威震天子令诸侯，总领貔貅镇中土。楼桑玄德本皇孙，义结关张愿扶主。东西奔走恨无家，将寡兵微作羁旅。南阳三顾情可深，卧龙一见分寰宇。先取荆州后取川，霸业王图在天府。呜呼三载逝升遐，白帝托孤堪痛楚！孔明六出祁山前，愿以只手将天补。何期历数到此终，长星半夜落山坞！姜维独凭气力高，九伐中原空劬劳。钟会邓艾分兵进，汉室江山尽属曹。丕、叡、芳、髦才及奂，司马又将天下交。受禅台前云雾起，石头城下无波涛。陈留归命与安乐，王侯公爵从根苗。纷纷世事无穷尽，天数茫茫不可逃。鼎足三分已成梦，后人凭吊空牢骚。",same_body_paragraph
姜维,孙策,1,1,120,"Chapter 120, P120-047: 高祖提剑入咸阳，炎炎红日升扶桑。光武龙兴成大统，金乌飞上天中央。哀哉献帝绍海宇，红轮西坠咸池傍！何进无谋中贵乱，凉州董卓居朝堂。王允定计诛逆党，李傕郭泛兴刀枪。四方盗贼如蚁聚，六合奸雄皆鹰扬。孙坚孙策起江左，袁绍袁术兴河梁。刘焉父子据巴蜀，刘表军旅屯荆襄。张修张鲁霸南郑，马腾韩遂守西凉。陶谦张绣公孙瓒，各逞雄才占一方。曹操专权居相府，牢笼英俊用文武。威震天子令诸侯，总领貔貅镇中土。楼桑玄德本皇孙，义结关张愿扶主。东西奔走恨无家，将寡兵微作羁旅。南阳三顾情可深，卧龙一见分寰宇。先取荆州后取川，霸业王图在天府。呜呼三载逝升遐，白帝托孤堪痛楚！孔明六出祁山前，愿以只手将天补。何期历数到此终，长星半夜落山坞！姜维独凭气力高，九伐中原空劬劳。钟会邓艾分兵进，汉室江山尽属曹。丕、叡、芳、髦才及奂，司马又将天下交。受禅台前云雾起，石头城下无波涛。陈留归命与安乐，王侯公爵从根苗。纷纷世事无穷尽，天数茫茫不可逃。鼎足三分已成梦，后人凭吊空牢骚。",same_body_paragraph
姜维,曹叡,1,1,103,"Chapter 103, P103-033: 于是令军中传说：魏主命辛毗持节，传谕司马懿勿得出战。蜀将闻知此事，报与孔明。孔明笑曰：「此乃司马懿安三军之法也。」姜维曰：「丞相何以知之？」孔明曰：「彼本无战心;所以请战者，以示武于众耳。岂不闻：『将在外,君命有所不受』？安有千里而请战者乎？此乃司马懿因将士忿怒，故借曹叡之意，以制众人。今又播传此言，欲懈我军心也。」",same_body_paragraph
姜维,王允,1,1,120,"Chapter 120, P120-047: 高祖提剑入咸阳，炎炎红日升扶桑。光武龙兴成大统，金乌飞上天中央。哀哉献帝绍海宇，红轮西坠咸池傍！何进无谋中贵乱，凉州董卓居朝堂。王允定计诛逆党，李傕郭泛兴刀枪。四方盗贼如蚁聚，六合奸雄皆鹰扬。孙坚孙策起江左，袁绍袁术兴河梁。刘焉父子据巴蜀，刘表军旅屯荆襄。张修张鲁霸南郑，马腾韩遂守西凉。陶谦张绣公孙瓒，各逞雄才占一方。曹操专权居相府，牢笼英俊用文武。威震天子令诸侯，总领貔貅镇中土。楼桑玄德本皇孙，义结关张愿扶主。东西奔走恨无家，将寡兵微作羁旅。南阳三顾情可深，卧龙一见分寰宇。先取荆州后取川，霸业王图在天府。呜呼三载逝升遐，白帝托孤堪痛楚！孔明六出祁山前，愿以只手将天补。何期历数到此终，长星半夜落山坞！姜维独凭气力高，九伐中原空劬劳。钟会邓艾分兵进，汉室江山尽属曹。丕、叡、芳、髦才及奂，司马又将天下交。受禅台前云雾起，石头城下无波涛。陈留归命与安乐，王侯公爵从根苗。纷纷世事无穷尽，天数茫茫不可逃。鼎足三分已成梦，后人凭吊空牢骚。",same_body_paragraph
姜维,董卓,1,1,120,"Chapter 120, P120-047: 高祖提剑入咸阳，炎炎红日升扶桑。光武龙兴成大统，金乌飞上天中央。哀哉献帝绍海宇，红轮西坠咸池傍！何进无谋中贵乱，凉州董卓居朝堂。王允定计诛逆党，李傕郭泛兴刀枪。四方盗贼如蚁聚，六合奸雄皆鹰扬。孙坚孙策起江左，袁绍袁术兴河梁。刘焉父子据巴蜀，刘表军旅屯荆襄。张修张鲁霸南郑，马腾韩遂守西凉。陶谦张绣公孙瓒，各逞雄才占一方。曹操专权居相府，牢笼英俊用文武。威震天子令诸侯，总领貔貅镇中土。楼桑玄德本皇孙，义结关张愿扶主。东西奔走恨无家，将寡兵微作羁旅。南阳三顾情可深，卧龙一见分寰宇。先取荆州后取川，霸业王图在天府。呜呼三载逝升遐，白帝托孤堪痛楚！孔明六出祁山前，愿以只手将天补。何期历数到此终，长星半夜落山坞！姜维独凭气力高，九伐中原空劬劳。钟会邓艾分兵进，汉室江山尽属曹。丕、叡、芳、髦才及奂，司马又将天下交。受禅台前云雾起，石头城下无波涛。陈留归命与安乐，王侯公爵从根苗。纷纷世事无穷尽，天数茫茫不可逃。鼎足三分已成梦，后人凭吊空牢骚。",same_body_paragraph
姜维,袁绍,1,1,120,"Chapter 120, P120-047: 高祖提剑入咸阳，炎炎红日升扶桑。光武龙兴成大统，金乌飞上天中央。哀哉献帝绍海宇，红轮西坠咸池傍！何进无谋中贵乱，凉州董卓居朝堂。王允定计诛逆党，李傕郭泛兴刀枪。四方盗贼如蚁聚，六合奸雄皆鹰扬。孙坚孙策起江左，袁绍袁术兴河梁。刘焉父子据巴蜀，刘表军旅屯荆襄。张修张鲁霸南郑，马腾韩遂守西凉。陶谦张绣公孙瓒，各逞雄才占一方。曹操专权居相府，牢笼英俊用文武。威震天子令诸侯，总领貔貅镇中土。楼桑玄德本皇孙，义结关张愿扶主。东西奔走恨无家，将寡兵微作羁旅。南阳三顾情可深，卧龙一见分寰宇。先取荆州后取川，霸业王图在天府。呜呼三载逝升遐，白帝托孤堪痛楚！孔明六出祁山前，愿以只手将天补。何期历数到此终，长星半夜落山坞！姜维独凭气力高，九伐中原空劬劳。钟会邓艾分兵进，汉室江山尽属曹。丕、叡、芳、髦才及奂，司马又将天下交。受禅台前云雾起，石头城下无波涛。陈留归命与安乐，王侯公爵从根苗。纷纷世事无穷尽，天数茫茫不可逃。鼎足三分已成梦，后人凭吊空牢骚。",same_body_paragraph
姜维,邓芝,1,1,95,"Chapter 95, P095-003: 孔明曰：「吾与汝二万五千精兵，再拨一员上将，相助你去。」即唤王平分付曰：「吾素知汝平生谨慎，故特以此重任相托。汝可小心谨慎此地下寨必当要道之处，使贼兵急切不能偷过。安营既毕，便画四至八道地理形状图本来我看。凡事商议停当而行，不可轻易。如所守无危，则是取长安第一功也。戒之！戒之！」二人拜辞引兵而去。孔明寻思，恐二人有失，又唤高翔曰：「街亭东北上有一城，名列柳城，乃山僻小路：此可以屯兵扎寨。与汝一万兵，去此城屯扎。但街亭危，可引兵救之。」高翔引兵而去。孔明又思高翔非张郃对手，必得一员大将，屯兵于街亭之右，方可防之！遂唤魏延引本部兵去街亭之后屯扎。延曰：「某为前部，理合当先破敌，何故置某于安闲之地？」孔明曰：「前锋破敌，乃偏裨之事耳。今令汝接应街亭，当阳平关冲要道路，总守汉中咽喉，此乃大任也。何为安闲乎？汝勿以等闲视之，失吾大事。切宜小心在意！」魏延大喜，引兵而去。孔明恰才心安，如乃唤赵云、邓芝分付曰：「今司马懿出兵，与往日不同。汝二人各引一军出箕谷，以为疑兵。如逢魏兵，或战、或不战，以惊其心。吾自统大军，由斜谷迳取郿城：若得郿城，长安可破矣。」二人受命而去。孔明令姜维作先锋，兵出斜谷。",same_body_paragraph
姜维,郭汜,1,1,112,"Chapter 112, P112-019: 却说长城镇守将军司马望，乃司马昭之族兄也。城内粮草甚多，人马却少。望听知蜀兵到，急与王真、李鹏二将，引兵离城二十里下寨。次日蜀兵来到，望引二将出阵。姜维出马，指望而言曰：「今司马昭迁主于军中，必有李★（榷自字木改为人字旁）、郭汜之意也。吾今奉朝廷明命，前来问罪，汝当早降。若还愚迷，全家诛戳！」望大声而答曰：「汝等无礼。数犯上国，如不早退，令汝片甲不归！」",same_body_paragraph
姜维,马腾,1,1,120,"Chapter 120, P120-047: 高祖提剑入咸阳，炎炎红日升扶桑。光武龙兴成大统，金乌飞上天中央。哀哉献帝绍海宇，红轮西坠咸池傍！何进无谋中贵乱，凉州董卓居朝堂。王允定计诛逆党，李傕郭泛兴刀枪。四方盗贼如蚁聚，六合奸雄皆鹰扬。孙坚孙策起江左，袁绍袁术兴河梁。刘焉父子据巴蜀，刘表军旅屯荆襄。张修张鲁霸南郑，马腾韩遂守西凉。陶谦张绣公孙瓒，各逞雄才占一方。曹操专权居相府，牢笼英俊用文武。威震天子令诸侯，总领貔貅镇中土。楼桑玄德本皇孙，义结关张愿扶主。东西奔走恨无家，将寡兵微作羁旅。南阳三顾情可深，卧龙一见分寰宇。先取荆州后取川，霸业王图在天府。呜呼三载逝升遐，白帝托孤堪痛楚！孔明六出祁山前，愿以只手将天补。何期历数到此终，长星半夜落山坞！姜维独凭气力高，九伐中原空劬劳。钟会邓艾分兵进，汉室江山尽属曹。丕、叡、芳、髦才及奂，司马又将天下交。受禅台前云雾起，石头城下无波涛。陈留归命与安乐，王侯公爵从根苗。纷纷世事无穷尽，天数茫茫不可逃。鼎足三分已成梦，后人凭吊空牢骚。",same_body_paragraph
孔融,孙坚,1,1,5,"Chapter 5, P005-008: 第一镇，后将军南阳太守袁术。第二镇，冀州刺史韩馥。第三州镇，豫州刺史孔。第四镇，兖州刺史刘岱。第五镇，河内郡太守王匡。第六镇，陈留太守张邈。第七镇，东郡太守乔瑁。第八镇，山阳太守刘遗。第九镇，济北相鲍信。第十镇，北海太守孔融。第十一镇，广陵太守张超。第十二镇，徐州刺史陶谦。第十三镇，西凉太守马腾。第十四镇，北平太守公孙瓒。第十五镇，上党太守张杨。第十六镇，乌程侯长沙太守孙坚。第十七镇，祁乡侯渤海太守袁绍。诸路军马，少不等，一有三万者，有一二万者一，各领文官武将，投洛阳来。",same_body_paragraph
孔融,孙权,1,1,40,"Chapter 40, P040-003: 大中大夫孔融谏曰：「刘备、刘表皆汉室宗亲，不可轻伐。孙权虎踞六郡，且有大江之险，亦不易取。今丞相兴此无义之师，恐失天下之望。」操怒曰：「刘备、刘表、孙权皆逆命之臣，岂容不讨？」遂叱退孔融，下令如有再谏者必斩。孔融出府，仰天叹曰：「以至不仁伐至仁，安得不败乎！」",same_body_paragraph
孔融,张郃,1,1,22,"Chapter 22, P022-020: 孔融闻之，来见操曰：「袁绍势大，不可与战，只可与和。」荀彧曰：「袁绍无用之人，何必议和？」融曰：「袁绍土广民强。其部下如许攸，郭图，审配，逢纪，皆智谋之士；田丰，沮授，皆忠臣也；颜良，文丑，勇冠三军；其余高览，张郃，淳于琼，等俱世之名将，──何谓绍为无用之人乎？」彧笑曰：「绍兵多而不整；田丰刚而犯上，许攸贪而不智，审配专而无谋，逢纪果而无用，此四人者，势不相容，必生内变。颜良，文丑，匹夫之勇，一战可擒。其余碌碌等辈，纵有百万，何足道哉！」",same_body_paragraph
孔融,田丰,1,1,22,"Chapter 22, P022-020: 孔融闻之，来见操曰：「袁绍势大，不可与战，只可与和。」荀彧曰：「袁绍无用之人，何必议和？」融曰：「袁绍土广民强。其部下如许攸，郭图，审配，逢纪，皆智谋之士；田丰，沮授，皆忠臣也；颜良，文丑，勇冠三军；其余高览，张郃，淳于琼，等俱世之名将，──何谓绍为无用之人乎？」彧笑曰：「绍兵多而不整；田丰刚而犯上，许攸贪而不智，审配专而无谋，逢纪果而无用，此四人者，势不相容，必生内变。颜良，文丑，匹夫之勇，一战可擒。其余碌碌等辈，纵有百万，何足道哉！」",same_body_paragraph
孔融,贾诩,1,1,23,"Chapter 23, P023-001: 却说曹操欲斩刘岱、王忠。孔融谏曰：「二人本非刘备敌手，若斩之，恐失将士之心。」操乃免其死，黜罢爵禄，欲自起兵伐玄德。孔融曰：「方今隆冬盛寒，未可动兵；待来春未为晚也。可先使人招安张绣、刘表，然后再图徐州。」操然其言，先遣刘晔往说张绣。晔至襄城，先见贾诩，陈说曹公盛德。诩乃留晔于家中。",same_body_paragraph
孔融,马腾,1,1,5,"Chapter 5, P005-008: 第一镇，后将军南阳太守袁术。第二镇，冀州刺史韩馥。第三州镇，豫州刺史孔。第四镇，兖州刺史刘岱。第五镇，河内郡太守王匡。第六镇，陈留太守张邈。第七镇，东郡太守乔瑁。第八镇，山阳太守刘遗。第九镇，济北相鲍信。第十镇，北海太守孔融。第十一镇，广陵太守张超。第十二镇，徐州刺史陶谦。第十三镇，西凉太守马腾。第十四镇，北平太守公孙瓒。第十五镇，上党太守张杨。第十六镇，乌程侯长沙太守孙坚。第十七镇，祁乡侯渤海太守袁绍。诸路军马，少不等，一有三万者，有一二万者一，各领文官武将，投洛阳来。",same_body_paragraph
孙乾,法正,1,1,65,"Chapter 65, P065-027: 玄德从之，设一大宴，请刘璋收拾财物，佩领振威将军印绶，将妻子良贱，尽赴南郡公安住歇，即日起行。玄德自领益州牧，其所降文武，尽皆重赏，定拟名爵。严颜为前将军，法正为蜀郡太守，董和为掌军中郎将，许靖为左将军长史，庞义为营中司马，刘巴为左将军，黄权为右将军。其余吴懿，费观，彭羕，卓膺，李严，吴兰，雷同，李恢，张翼，秦宓，谯周，吕义，霍峻，邓芝，杨洪，周群，费袆，费诗，孟达，……文武投降官员，共六十余人，并皆擢用。诸葛亮军师，关云长为荡寇将军汉寿亭侯，张飞为征远将军新亭侯，赵云为镇远将军，黄忠为征西将军，魏延为扬武将军，马超为平西将军。孙干，简雍，糜竺、糜芳，刘封，关平，周仓，廖化，马良，马谡，蒋琬，伊籍，及旧日荆襄一班文武官员，尽皆升赏。遣使赍黄金五百斤，白银一千斤，钱五千万，蜀锦一千疋，赐与云长。其余官将，给赐有差。杀牛宰马，大饷士卒，开仓赈济百姓，军民大悦。",same_body_paragraph
孙乾,荀彧,1,1,16,"Chapter 16, P016-026: 却说玄德前奔许都，到城外下寨，先使孙干来见曹操，言被吕布追迫，特来相投。操曰：「玄德与吾兄弟也。」便请入城相见。次日，玄德留关、张在城外，自带孙干、糜竺入见操。操待以上宾之礼。玄德备诉吕布之事。操曰：「布乃无义之辈，吾与贤弟并力诛之。」玄德称谢。操设宴相待，至晚送出。荀彧入见曰：「刘备英雄也，今不早图，后必为患。」",same_body_paragraph
孙乾,许攸,1,1,22,"Chapter 22, P022-005: 四人争论未定，绍踌躇不决。忽许攸、荀谌自外而入。绍曰：「二人多有见识，且看如何主张。」二人施礼毕，绍曰：「郑尚书有书来，令我起兵助刘备，攻曹操。起兵是乎？不起兵是乎？」二人齐声应曰：「明公以众克寡，以强攻弱，讨汉贼以扶王室：起兵是心。」绍曰：「二人所见，正合我心。」便商议兴兵。先令孙干回报郑玄，并约玄德准备接应；一面令审配、逢纪为统军，田丰、荀谌、许攸为谋士，颜良、文丑为将军，起马军一十五万，步兵一十五万，共精兵三十万，望黎阳进发。",same_body_paragraph
孙乾,许褚,1,1,31,"Chapter 31, P031-019: 正战间，许褚追至，与赵云力战。背后于禁、李典又到。玄德见势危，落荒而走。听得背后喊声渐远，玄德望深山僻路，单马逃生。挨到天明，侧首一彪军冲出。玄德大惊，视之，乃刘辟引败军千余骑，护送玄德家小前来；孙干、简雍、糜芳亦至，诉说：「夏侯惇军势甚锐，因此弃城而走。曹兵赶来，幸得云长当住，因此得脱。玄德曰：「不知云长今在何处？」刘辟曰：「将军且行，却再理会。」",same_body_paragraph
孙乾,邓芝,1,1,65,"Chapter 65, P065-027: 玄德从之，设一大宴，请刘璋收拾财物，佩领振威将军印绶，将妻子良贱，尽赴南郡公安住歇，即日起行。玄德自领益州牧，其所降文武，尽皆重赏，定拟名爵。严颜为前将军，法正为蜀郡太守，董和为掌军中郎将，许靖为左将军长史，庞义为营中司马，刘巴为左将军，黄权为右将军。其余吴懿，费观，彭羕，卓膺，李严，吴兰，雷同，李恢，张翼，秦宓，谯周，吕义，霍峻，邓芝，杨洪，周群，费袆，费诗，孟达，……文武投降官员，共六十余人，并皆擢用。诸葛亮军师，关云长为荡寇将军汉寿亭侯，张飞为征远将军新亭侯，赵云为镇远将军，黄忠为征西将军，魏延为扬武将军，马超为平西将军。孙干，简雍，糜竺、糜芳，刘封，关平，周仓，廖化，马良，马谡，蒋琬，伊籍，及旧日荆襄一班文武官员，尽皆升赏。遣使赍黄金五百斤，白银一千斤，钱五千万，蜀锦一千疋，赐与云长。其余官将，给赐有差。杀牛宰马，大饷士卒，开仓赈济百姓，军民大悦。",same_body_paragraph
孙乾,马腾,1,1,21,"Chapter 21, P021-019: 却说马腾见玄德已去，边报又急，亦回西凉州去了。玄德兵至徐州，刺史车胄出迎。公宴毕，孙干，糜竺，等都来参见。玄德回家探视老小，一面差人探听袁术。探子回报：「袁术奢侈太过，雷薄，陈兰，皆投嵩山去了。术声势甚衰，乃作书让帝号于袁绍，绍命人召术，术乃收拾人马，宫禁御用之物，先到徐州来。」",same_body_paragraph
孙乾,魏延,1,1,65,"Chapter 65, P065-027: 玄德从之，设一大宴，请刘璋收拾财物，佩领振威将军印绶，将妻子良贱，尽赴南郡公安住歇，即日起行。玄德自领益州牧，其所降文武，尽皆重赏，定拟名爵。严颜为前将军，法正为蜀郡太守，董和为掌军中郎将，许靖为左将军长史，庞义为营中司马，刘巴为左将军，黄权为右将军。其余吴懿，费观，彭羕，卓膺，李严，吴兰，雷同，李恢，张翼，秦宓，谯周，吕义，霍峻，邓芝，杨洪，周群，费袆，费诗，孟达，……文武投降官员，共六十余人，并皆擢用。诸葛亮军师，关云长为荡寇将军汉寿亭侯，张飞为征远将军新亭侯，赵云为镇远将军，黄忠为征西将军，魏延为扬武将军，马超为平西将军。孙干，简雍，糜竺、糜芳，刘封，关平，周仓，廖化，马良，马谡，蒋琬，伊籍，及旧日荆襄一班文武官员，尽皆升赏。遣使赍黄金五百斤，白银一千斤，钱五千万，蜀锦一千疋，赐与云长。其余官将，给赐有差。杀牛宰马，大饷士卒，开仓赈济百姓，军民大悦。",same_body_paragraph
孙坚,孙权,1,1,108,"Chapter 108, P108-016: 却说孙峻字子远，乃孙坚弟孙静曾孙，孙恭之子也。孙权在日，甚爱之，命掌御林军马。今闻诸葛恪令张约、朱恩二人掌御林军，夺其权，心中大怒。太常卿滕胤，素与诸葛恪有隙，乃乘间说峻曰：「诸葛恪专权恣虐，杀害公卿，将有不臣之心。公系宗室，何不早图之？」峻曰：「我有是心久矣。今当即奏天子，请旨诛之。」",same_body_paragraph
孙坚,张昭,1,1,98,"Chapter 98, P098-020: 谥父孙坚为武烈皇帝。母吴氏为武烈皇后。兄孙策为长沙桓王。立子孙登为皇太子。命诸葛瑾长子诸葛恪为太子左辅，张昭次子张休为太子右弼。",same_body_paragraph
孙坚,张飞,1,1,6,"Chapter 6, P006-001: 却说张飞拍马赶到关下，关上矢石如雨，不得进而回。八路诸侯，同请玄德、关、张贺功，使人去袁绍寨中报捷。绍遂移檄孙坚，令其进兵。坚引程普，黄盖，至袁术寨中相见。坚以杖画地曰：「董卓与我，本无雠隙。今我奋不顾身，亲冒矢石，来决死战者：上为国家讨贼，下为将军家门之私；而将军却听谗言，不发粮草，致坚败绩，将军何安！」",same_body_paragraph
孙坚,曹洪,1,1,6,"Chapter 6, P006-009: 且说孙坚飞奔洛阳，遥望火焰冲天，黑烟铺地，二三百里，并无鸡犬人烟；坚先发兵救灭了火，令众诸侯各于荒地上屯住军马。曹操来见袁绍曰：「今董贼西去，正可乘势追袭；本初按兵不动，何也？」绍曰：「诸兵疲困，进恐无益。」操曰：「董贼焚烧宫室，劫迁天子，海内震动，不知所归；此天亡之时也，一战而天下定矣。诸侯何疑而不进？」众诸侯皆言不可轻动。操大怒曰：「竖子不足与谋！」遂自引兵万余，领夏侯惇，夏侯渊，曹仁，曹洪，李典，乐进，星夜来赶董卓。",same_body_paragraph
孙坚,王允,1,1,120,"Chapter 120, P120-047: 高祖提剑入咸阳，炎炎红日升扶桑。光武龙兴成大统，金乌飞上天中央。哀哉献帝绍海宇，红轮西坠咸池傍！何进无谋中贵乱，凉州董卓居朝堂。王允定计诛逆党，李傕郭泛兴刀枪。四方盗贼如蚁聚，六合奸雄皆鹰扬。孙坚孙策起江左，袁绍袁术兴河梁。刘焉父子据巴蜀，刘表军旅屯荆襄。张修张鲁霸南郑，马腾韩遂守西凉。陶谦张绣公孙瓒，各逞雄才占一方。曹操专权居相府，牢笼英俊用文武。威震天子令诸侯，总领貔貅镇中土。楼桑玄德本皇孙，义结关张愿扶主。东西奔走恨无家，将寡兵微作羁旅。南阳三顾情可深，卧龙一见分寰宇。先取荆州后取川，霸业王图在天府。呜呼三载逝升遐，白帝托孤堪痛楚！孔明六出祁山前，愿以只手将天补。何期历数到此终，长星半夜落山坞！姜维独凭气力高，九伐中原空劬劳。钟会邓艾分兵进，汉室江山尽属曹。丕、叡、芳、髦才及奂，司马又将天下交。受禅台前云雾起，石头城下无波涛。陈留归命与安乐，王侯公爵从根苗。纷纷世事无穷尽，天数茫茫不可逃。鼎足三分已成梦，后人凭吊空牢骚。",same_body_paragraph
孙坚,诸葛亮,1,1,120,"Chapter 120, P120-047: 高祖提剑入咸阳，炎炎红日升扶桑。光武龙兴成大统，金乌飞上天中央。哀哉献帝绍海宇，红轮西坠咸池傍！何进无谋中贵乱，凉州董卓居朝堂。王允定计诛逆党，李傕郭泛兴刀枪。四方盗贼如蚁聚，六合奸雄皆鹰扬。孙坚孙策起江左，袁绍袁术兴河梁。刘焉父子据巴蜀，刘表军旅屯荆襄。张修张鲁霸南郑，马腾韩遂守西凉。陶谦张绣公孙瓒，各逞雄才占一方。曹操专权居相府，牢笼英俊用文武。威震天子令诸侯，总领貔貅镇中土。楼桑玄德本皇孙，义结关张愿扶主。东西奔走恨无家，将寡兵微作羁旅。南阳三顾情可深，卧龙一见分寰宇。先取荆州后取川，霸业王图在天府。呜呼三载逝升遐，白帝托孤堪痛楚！孔明六出祁山前，愿以只手将天补。何期历数到此终，长星半夜落山坞！姜维独凭气力高，九伐中原空劬劳。钟会邓艾分兵进，汉室江山尽属曹。丕、叡、芳、髦才及奂，司马又将天下交。受禅台前云雾起，石头城下无波涛。陈留归命与安乐，王侯公爵从根苗。纷纷世事无穷尽，天数茫茫不可逃。鼎足三分已成梦，后人凭吊空牢骚。",same_body_paragraph
孙坚,诸葛瑾,1,1,98,"Chapter 98, P098-020: 谥父孙坚为武烈皇帝。母吴氏为武烈皇后。兄孙策为长沙桓王。立子孙登为皇太子。命诸葛瑾长子诸葛恪为太子左辅，张昭次子张休为太子右弼。",same_body_paragraph
孙坚,邓艾,1,1,120,"Chapter 120, P120-047: 高祖提剑入咸阳，炎炎红日升扶桑。光武龙兴成大统，金乌飞上天中央。哀哉献帝绍海宇，红轮西坠咸池傍！何进无谋中贵乱，凉州董卓居朝堂。王允定计诛逆党，李傕郭泛兴刀枪。四方盗贼如蚁聚，六合奸雄皆鹰扬。孙坚孙策起江左，袁绍袁术兴河梁。刘焉父子据巴蜀，刘表军旅屯荆襄。张修张鲁霸南郑，马腾韩遂守西凉。陶谦张绣公孙瓒，各逞雄才占一方。曹操专权居相府，牢笼英俊用文武。威震天子令诸侯，总领貔貅镇中土。楼桑玄德本皇孙，义结关张愿扶主。东西奔走恨无家，将寡兵微作羁旅。南阳三顾情可深，卧龙一见分寰宇。先取荆州后取川，霸业王图在天府。呜呼三载逝升遐，白帝托孤堪痛楚！孔明六出祁山前，愿以只手将天补。何期历数到此终，长星半夜落山坞！姜维独凭气力高，九伐中原空劬劳。钟会邓艾分兵进，汉室江山尽属曹。丕、叡、芳、髦才及奂，司马又将天下交。受禅台前云雾起，石头城下无波涛。陈留归命与安乐，王侯公爵从根苗。纷纷世事无穷尽，天数茫茫不可逃。鼎足三分已成梦，后人凭吊空牢骚。",same_body_paragraph
孙坚,钟会,1,1,120,"Chapter 120, P120-047: 高祖提剑入咸阳，炎炎红日升扶桑。光武龙兴成大统，金乌飞上天中央。哀哉献帝绍海宇，红轮西坠咸池傍！何进无谋中贵乱，凉州董卓居朝堂。王允定计诛逆党，李傕郭泛兴刀枪。四方盗贼如蚁聚，六合奸雄皆鹰扬。孙坚孙策起江左，袁绍袁术兴河梁。刘焉父子据巴蜀，刘表军旅屯荆襄。张修张鲁霸南郑，马腾韩遂守西凉。陶谦张绣公孙瓒，各逞雄才占一方。曹操专权居相府，牢笼英俊用文武。威震天子令诸侯，总领貔貅镇中土。楼桑玄德本皇孙，义结关张愿扶主。东西奔走恨无家，将寡兵微作羁旅。南阳三顾情可深，卧龙一见分寰宇。先取荆州后取川，霸业王图在天府。呜呼三载逝升遐，白帝托孤堪痛楚！孔明六出祁山前，愿以只手将天补。何期历数到此终，长星半夜落山坞！姜维独凭气力高，九伐中原空劬劳。钟会邓艾分兵进，汉室江山尽属曹。丕、叡、芳、髦才及奂，司马又将天下交。受禅台前云雾起，石头城下无波涛。陈留归命与安乐，王侯公爵从根苗。纷纷世事无穷尽，天数茫茫不可逃。鼎足三分已成梦，后人凭吊空牢骚。",same_body_paragraph
孙权,徐晃,1,1,68,"Chapter 68, P068-009: 却说陈武听得江边厮杀，引一军来，正与庞德相遇，两军混战。孙权在濡须坞中，听得曹兵杀到江边，亲自与周泰引军前来助战。正见徐盛在李典军中搅做一团厮杀，便麾军杀入接应。却被张辽，徐晃两枝军，把孙权困在垓心。曹操上高阜处看见孙权被围，急令许褚纵马持刀杀入军中，把孙权军冲作两段，彼此上不能相救。",same_body_paragraph
孙权,荀彧,1,1,34,"Chapter 34, P034-002: 于是留曹植与曹丕在邺郡造台，使张燕守北寨。操将所得袁绍之兵，共五六十万，班师回许都，大封功臣；又表赠郭嘉为贞侯，养其子奕于府中。复聚众谋士商议，欲南征刘表。荀彧曰：「大军方北征而回，未可复动。且待半年，养精蓄锐，刘表、孙权，可一鼓而下也。」操从之，遂分兵屯田，以候调用。",same_body_paragraph
孙权,董卓,1,1,38,"Chapter 38, P038-008: 孔明曰：「自董卓造逆以来，天下豪杰并起。曹操势不及袁绍，而竟能克绍者，非惟天时，抑亦人谋也。今操已拥百万之众，挟天子以令诸侯，此诚不可与争锋。孙权据有江东，已历三世，国险而民附，此可用为援，而不可图也。荆州北据汉沔，利尽南海，东连吴会，西通巴蜀，此用武之地，非其主不能守。是殆天所以资将军，将军岂可弃乎？益州险塞，沃野千里，天府之国，高祖因之以成帝业。今刘璋暗弱，民殷国富，而不知存恤，智能之士，思得明君。将军既帝室之胄，信义著于四海，总揽英雄，思贤如渴，若跨有荆益，保其岩阻，西和诸戎，南抚彝越，外结孙权，内修政理；待天下有变，则命一上将，将荆州之兵，以向宛洛；将军身率益州之众，以出秦川，百姓有不箪食壸浆以迎将军者乎？诚如是，则大业可成，汉室可兴矣。此亮所以为将军谋者也。惟将军图之。」言罢，命童子取出画一轴，挂于中堂，指谓玄德曰：「此西川五十四州之图也。将军欲成霸业，北让曹操占天时，南让孙权占地利，将军可占人和。先取荆州为家，后即取西川建基业，以成鼎足之势，然后可图中原也。」",same_body_paragraph
孙权,董承,1,1,78,"Chapter 78, P078-018: 次日，觉气冲上焦，目不见物，急召夏侯惇商议。惇至殿门前，忽见伏皇后、董贵人、二皇子、伏完、董承等，立在阴云之中。惇大惊昏倒，左右扶出，自此得病。操召曹洪、陈群、贾诩、司马懿等，同至卧榻前，嘱以后事。曹洪等顿首曰：「大王善保玉体，不日定当霍然。」操曰：「孤纵横天下三十余年，群雄皆灭，止有江东孙权，西蜀刘备，未曾剿除。孤今病危，不能再与卿等相叙，特以家事相托：孤长子曹昂，刘氏所生，不幸早年殁于宛城。今卞氏生四子：丕、彰、植、熊。孤平生所爱第三子植，为人虚华少诚实，嗜酒放纵，因此不立；次子曹彰，勇而无谋；四子曹熊，多病难保；惟长子曹丕，笃厚恭谨，可继我业。卿等宜辅佐之。」",same_body_paragraph
孙权,蔡瑁,1,1,40,"Chapter 40, P040-013: 众官未及对，幕官李珪答曰：「公子之言甚善。今可急发哀书至江夏，请大公子为荆州之主；就命玄德一同理事。北可以敌曹操，南可以拒孙权，此万全之策也。」蔡瑁叱曰：「汝何人，敢乱言以逆主公遗命！」李珪大骂曰：「汝内外朋谋，假称遗命，废长立幼，眼见荆襄九郡，送于蔡氏之手！故主有灵，必当殛汝！」",same_body_paragraph
孙权,郭嘉,1,1,34,"Chapter 34, P034-002: 于是留曹植与曹丕在邺郡造台，使张燕守北寨。操将所得袁绍之兵，共五六十万，班师回许都，大封功臣；又表赠郭嘉为贞侯，养其子奕于府中。复聚众谋士商议，欲南征刘表。荀彧曰：「大军方北征而回，未可复动。且待半年，养精蓄锐，刘表、孙权，可一鼓而下也。」操从之，遂分兵屯田，以候调用。",same_body_paragraph
孙权,马腾,1,1,57,"Chapter 57, P057-019: 早有人报到许昌，言刘备有诸葛亮，庞统为谋士，招军买马，积草屯粮，连结东吴，早晚必兴兵北伐。曹操闻之，遂聚谋士商议南征。荀攸进曰：「周瑜新死，可先取孙权，次攻刘备。」操曰：「我若远征，恐马腾来袭许都。前在赤壁之时，军中有讹言，亦传西凉入寇之事，今不可不防也。」荀攸曰：「以愚所见，不若降诏，加马腾为征南将军，使讨孙权；诱入京师，先除此人，则南征无患矣。」操大喜，即日遣人赍诏至西凉召马腾。",same_body_paragraph
孙权,黄忠,1,1,62,"Chapter 62, P062-030: 却说玄德令黄忠，魏延各守一寨，自回涪城，与军师庞统商议。细作报说：「东吴孙权遣人结好东川张鲁，将欲来攻葭萌关。」玄德惊曰：「若葭萌关有失，截断后路，吾进退不得，当如之何？」庞统谓孟达曰：「公乃蜀中人，多知地理，去守葭萌关，如何？」达曰：「某保一人与某同去守关，万无一失。」玄德问何人。达曰：「此人曾在荆州刘表部下为中郎将，乃南郡枝江人。姓霍，名峻，字仲邈。」玄德大喜，即时遣孟达，霍峻守葭萌关去了。",same_body_paragraph
孙策,曹洪,1,1,17,"Chapter 17, P017-020: 操踌躇未决。忽报马到，报说：「张绣依托刘表，复肆猖獗；南阳诸县复反；曹洪拒敌不住，连输数阵，今特来告急。」操乃驰书与孙策，令其跨江布阵，以为刘表疑兵，使不敢妄动；自己即日班师，别议征张绣之事。临行，令玄德仍屯兵小沛，与吕布结为兄弟，互相救助，再无相侵。吕布引兵自回徐州。操密谓玄德曰：「吾令汝屯兵小沛，是『掘坑待虎』之计也。公但与陈珪父子商议，勿致有失。某当为公外援。」话毕而别。",same_body_paragraph
孙策,王允,1,1,120,"Chapter 120, P120-047: 高祖提剑入咸阳，炎炎红日升扶桑。光武龙兴成大统，金乌飞上天中央。哀哉献帝绍海宇，红轮西坠咸池傍！何进无谋中贵乱，凉州董卓居朝堂。王允定计诛逆党，李傕郭泛兴刀枪。四方盗贼如蚁聚，六合奸雄皆鹰扬。孙坚孙策起江左，袁绍袁术兴河梁。刘焉父子据巴蜀，刘表军旅屯荆襄。张修张鲁霸南郑，马腾韩遂守西凉。陶谦张绣公孙瓒，各逞雄才占一方。曹操专权居相府，牢笼英俊用文武。威震天子令诸侯，总领貔貅镇中土。楼桑玄德本皇孙，义结关张愿扶主。东西奔走恨无家，将寡兵微作羁旅。南阳三顾情可深，卧龙一见分寰宇。先取荆州后取川，霸业王图在天府。呜呼三载逝升遐，白帝托孤堪痛楚！孔明六出祁山前，愿以只手将天补。何期历数到此终，长星半夜落山坞！姜维独凭气力高，九伐中原空劬劳。钟会邓艾分兵进，汉室江山尽属曹。丕、叡、芳、髦才及奂，司马又将天下交。受禅台前云雾起，石头城下无波涛。陈留归命与安乐，王侯公爵从根苗。纷纷世事无穷尽，天数茫茫不可逃。鼎足三分已成梦，后人凭吊空牢骚。",same_body_paragraph
孙策,荀彧,1,1,18,"Chapter 18, P018-010: 操还许都，表奏孙策有功，封为讨逆将军，赐爵吴侯，遣使赍诏江东，谕令防剿刘表。操回府，众官参见毕。荀彧问曰：「丞相缓行至安众，何以知必胜贼兵？」操曰：「彼退无归路，必将死战，吾缓诱之而暗图之，是以知其必胜也。」",same_body_paragraph
孙策,荀攸,1,1,48,"Chapter 48, P048-006: 饮至半夜，操酒酣，遥指南岸曰：「周瑜，鲁肃，不识天时。今幸有投降之人，为彼心腹之患，此天助吾也。」荀攸曰：「丞相勿言，恐有泄漏。」操大笑曰：「座上诸公，与近侍左右，皆吾心腹之人也，，言之何碍？」又指夏口曰：「刘备，诸葛亮，汝不料蝼蚁之力，欲撼泰山，何其愚耶！」顾谓诸将曰：「吾今年五十四岁矣。如得江南，窃有所喜。昔日乔公与吾至契，吾知其二女皆有国色。后不料为孙策，周瑜，所娶。吾今新构铜雀台于漳水之上，如得江南，当娶二乔，置之台上，以娱暮年，吾愿足矣。」言罢大笑。唐人杜牧之有诗曰：折戟沈沙铁未消，自将磨洗认前朝。东风不与周郎便，铜雀春深锁二乔。",same_body_paragraph
孙策,蔡瑁,1,1,7,"Chapter 7, P007-027: 吕公截住三十骑，并皆杀尽，于起连珠号砲。城中黄祖，蒯越，蔡瑁，分头引兵杀出，江东诸军大乱。黄盖听得喊声震天，引水军杀来，正迎著黄祖。战不两合，生擒黄祖。程普保著孙策，急待寻路，正遇吕公。程普纵马向前，战不到数合，一矛刺吕公于马下。两军大战，杀到天明，各自收军。刘表军自入城。孙策回到汉水，方知父亲被乱箭射死，尸首已被刘表军士扛抬入城去了，放声大哭。众军俱号泣。策曰：「父尸在彼，安得回乡！」黄盖曰：「今活捉黄祖在此，得一人入城讲和，将黄祖去换主公尸首。」",same_body_paragraph
孙策,诸葛瑾,1,1,98,"Chapter 98, P098-020: 谥父孙坚为武烈皇帝。母吴氏为武烈皇后。兄孙策为长沙桓王。立子孙登为皇太子。命诸葛瑾长子诸葛恪为太子左辅，张昭次子张休为太子右弼。",same_body_paragraph
孙策,贾诩,1,1,18,"Chapter 18, P018-003: 却说贾诩见操败走，急劝张绣遗书刘表，使起兵截其后路。表得书，即欲起兵，忽探马报孙策屯兵湖口。蒯良曰：「策屯兵湖口，乃曹操之计也。今操新败，若不乘势击之，后必有患。」表乃令黄祖坚守隘口，自己统兵至安众县截操后路；一面约会张绣。绣知表兵已起，即同贾诩引兵袭操。",same_body_paragraph
孙策,邓艾,1,1,120,"Chapter 120, P120-047: 高祖提剑入咸阳，炎炎红日升扶桑。光武龙兴成大统，金乌飞上天中央。哀哉献帝绍海宇，红轮西坠咸池傍！何进无谋中贵乱，凉州董卓居朝堂。王允定计诛逆党，李傕郭泛兴刀枪。四方盗贼如蚁聚，六合奸雄皆鹰扬。孙坚孙策起江左，袁绍袁术兴河梁。刘焉父子据巴蜀，刘表军旅屯荆襄。张修张鲁霸南郑，马腾韩遂守西凉。陶谦张绣公孙瓒，各逞雄才占一方。曹操专权居相府，牢笼英俊用文武。威震天子令诸侯，总领貔貅镇中土。楼桑玄德本皇孙，义结关张愿扶主。东西奔走恨无家，将寡兵微作羁旅。南阳三顾情可深，卧龙一见分寰宇。先取荆州后取川，霸业王图在天府。呜呼三载逝升遐，白帝托孤堪痛楚！孔明六出祁山前，愿以只手将天补。何期历数到此终，长星半夜落山坞！姜维独凭气力高，九伐中原空劬劳。钟会邓艾分兵进，汉室江山尽属曹。丕、叡、芳、髦才及奂，司马又将天下交。受禅台前云雾起，石头城下无波涛。陈留归命与安乐，王侯公爵从根苗。纷纷世事无穷尽，天数茫茫不可逃。鼎足三分已成梦，后人凭吊空牢骚。",same_body_paragraph
孙策,郭嘉,1,1,29,"Chapter 29, P029-007: 孙策为人最是性急，恨不得即日便愈。将息到二十余日，忽闻张纮有使者自许昌回，策唤问之。使者曰：「曹操甚惧主公；其帐下谋士，亦俱敬服；惟有郭嘉不服。」策曰：「郭嘉曾有何说？」使者不敢言。策怒，固问之。使者只得从实告曰：「郭嘉曾对曹操言：主公不足惧也。轻而无备，性急少谋，乃匹夫之勇耳；他日必死于小人之手。」策闻言，大怒曰：「匹夫安敢料吾！吾誓取许昌！」遂不待疮愈，便欲商议出兵。张昭谏曰：「医者戒主公百日休动，今何因一时之忿，自轻万乘之躯？」",same_body_paragraph
孙策,钟会,1,1,120,"Chapter 120, P120-047: 高祖提剑入咸阳，炎炎红日升扶桑。光武龙兴成大统，金乌飞上天中央。哀哉献帝绍海宇，红轮西坠咸池傍！何进无谋中贵乱，凉州董卓居朝堂。王允定计诛逆党，李傕郭泛兴刀枪。四方盗贼如蚁聚，六合奸雄皆鹰扬。孙坚孙策起江左，袁绍袁术兴河梁。刘焉父子据巴蜀，刘表军旅屯荆襄。张修张鲁霸南郑，马腾韩遂守西凉。陶谦张绣公孙瓒，各逞雄才占一方。曹操专权居相府，牢笼英俊用文武。威震天子令诸侯，总领貔貅镇中土。楼桑玄德本皇孙，义结关张愿扶主。东西奔走恨无家，将寡兵微作羁旅。南阳三顾情可深，卧龙一见分寰宇。先取荆州后取川，霸业王图在天府。呜呼三载逝升遐，白帝托孤堪痛楚！孔明六出祁山前，愿以只手将天补。何期历数到此终，长星半夜落山坞！姜维独凭气力高，九伐中原空劬劳。钟会邓艾分兵进，汉室江山尽属曹。丕、叡、芳、髦才及奂，司马又将天下交。受禅台前云雾起，石头城下无波涛。陈留归命与安乐，王侯公爵从根苗。纷纷世事无穷尽，天数茫茫不可逃。鼎足三分已成梦，后人凭吊空牢骚。",same_body_paragraph
孙策,阚泽,1,1,38,"Chapter 38, P038-017: 却说孙权自孙策死后，据住江东，承父兄基业，广纳贤士，开宾馆于吴会，命顾雍、张纮延接四方宾客。连年以来，你我相荐。时有会稽阚泽，字德润；彭城严畯，字曼才；沛县薛综，字敬文；汝南程秉，字德枢；吴郡朱桓，字休穆；陆绩，字公纪；吴人张温，字惠恕；会稽凌统，字公续；乌程吴粲，字孔休：此数人皆至江东。孙权敬礼甚厚。又得良将数人，乃汝阳吕蒙，字子明，吴郡陆逊，字伯言，瑯琊徐盛，字文向，东郡潘璋，字文珪，庐江丁奉，字承渊。文武诸人，共相辅佐。由此江东称得人之盛。",same_body_paragraph
孙策,顾雍,1,1,38,"Chapter 38, P038-017: 却说孙权自孙策死后，据住江东，承父兄基业，广纳贤士，开宾馆于吴会，命顾雍、张纮延接四方宾客。连年以来，你我相荐。时有会稽阚泽，字德润；彭城严畯，字曼才；沛县薛综，字敬文；汝南程秉，字德枢；吴郡朱桓，字休穆；陆绩，字公纪；吴人张温，字惠恕；会稽凌统，字公续；乌程吴粲，字孔休：此数人皆至江东。孙权敬礼甚厚。又得良将数人，乃汝阳吕蒙，字子明，吴郡陆逊，字伯言，瑯琊徐盛，字文向，东郡潘璋，字文珪，庐江丁奉，字承渊。文武诸人，共相辅佐。由此江东称得人之盛。",same_body_paragraph
孙策,马腾,1,1,120,"Chapter 120, P120-047: 高祖提剑入咸阳，炎炎红日升扶桑。光武龙兴成大统，金乌飞上天中央。哀哉献帝绍海宇，红轮西坠咸池傍！何进无谋中贵乱，凉州董卓居朝堂。王允定计诛逆党，李傕郭泛兴刀枪。四方盗贼如蚁聚，六合奸雄皆鹰扬。孙坚孙策起江左，袁绍袁术兴河梁。刘焉父子据巴蜀，刘表军旅屯荆襄。张修张鲁霸南郑，马腾韩遂守西凉。陶谦张绣公孙瓒，各逞雄才占一方。曹操专权居相府，牢笼英俊用文武。威震天子令诸侯，总领貔貅镇中土。楼桑玄德本皇孙，义结关张愿扶主。东西奔走恨无家，将寡兵微作羁旅。南阳三顾情可深，卧龙一见分寰宇。先取荆州后取川，霸业王图在天府。呜呼三载逝升遐，白帝托孤堪痛楚！孔明六出祁山前，愿以只手将天补。何期历数到此终，长星半夜落山坞！姜维独凭气力高，九伐中原空劬劳。钟会邓艾分兵进，汉室江山尽属曹。丕、叡、芳、髦才及奂，司马又将天下交。受禅台前云雾起，石头城下无波涛。陈留归命与安乐，王侯公爵从根苗。纷纷世事无穷尽，天数茫茫不可逃。鼎足三分已成梦，后人凭吊空牢骚。",same_body_paragraph
孟获,曹操,1,1,88,"Chapter 88, P088-008: 却说董荼那引蛮兵到夹山谷下寨，马岱引兵来迎。部内军有认得是董荼那，说与马岱如此如此。岱纵马向前大骂曰：「无义背恩之徒！吾丞相饶汝性命，今又背反，岂不自羞！」董荼那满面羞惭，无言可答，不战而退。马岱掩杀一阵而回。董荼那回见孟获曰：「马岱英雄，抵敌不住。」获大怒曰：「吾知汝原受诸葛亮之恩，今故不战而退！正是卖阵之计！」喝教出斩了。众酋长再三哀告，方才免死，叱武士将董荼那打了一百大棍，放归本寨。诸多酋长，皆来告董荼那曰：「我等虽居蛮方，未尝敢犯中国；中国亦不曾侵我。今因孟获势力相逼，不得已而造反，想孔明神机莫测，曹操孙权尚自惧之，何况我等蛮方乎？况我等皆受其活命之恩，无可为报。今欲舍一死命，杀孟获去投孔明，以免洞中百姓涂炭之苦。」董荼那曰：「未知汝等心下若何？」内有原蒙孔明放回的人，一齐同声应曰：「愿往！」于是董荼那手执钢刀，引百余人，直奔大寨而来，时孟获大醉于帐中。董荼那引众人持刀而入，帐下有两将侍立。董荼那以刀指曰：「汝等亦受诸葛丞相活命之恩，宜当报效。」二将曰：「不须将军下手，某当生擒孟获，去献丞相。」于是一齐入帐，将孟获执缚已定，押到泸水边，驾船直过北岸，先使人报知孔明。却说孔明已有细作探知此事，于是密传号令，教各寨将士，整顿军器，方教为首酋长，解孟获入来，其余皆回本寨听候。董荼那先入中军见孔明，细说其事。孔明重加赏劳，用好言抚慰，遣董荼那引众酋长去了，然后令刀斧手推孟获入。孔明笑曰：「汝前者有言：『但再擒得，便肯降服。』今日如何？」获曰：「此非汝之能也，乃吾手下之人自相残害，以致如此：如何肯服？」孔明曰：「吾今再放汝去，若何？」孟获曰：「吾虽蛮人，颇知兵法；若丞相端的肯放吾回洞中，吾当率兵再决胜负。若丞相这番再擒得我，那时倾心吐胆归降，并不敢改移也。」",same_body_paragraph
孟获,费祎,1,1,88,"Chapter 88, P088-009: 孔明曰：「这番生擒，如又不服，必无轻恕。」令左右去其绳索，仍前赐以酒食，列坐于帐上。孔明曰：「吾自出茅庐，战无不胜，攻无不取。汝蛮邦之人，何为不服？」获默然不答。孔明酒后，唤孟获同上马出寨，看视诸营寨栅所屯粮草，所积军器。孔明指谓获曰：「汝不降吾，真愚人也；吾有如此之精兵猛将，粮草器械，汝安能胜吾哉？汝若早降，吾当奏闻天子，令汝不先王位，子子孙孙，永镇蛮邦。意下若何？」获曰：「某虽肯降，怎奈洞中之人，未肯心服。若丞相肯再放回去，就当招安本部人马，同心合胆，方可归顺。」孔明欣然，又与孟获回到大寨，饮酒至晚。获辞去，孔明亲自送至泸水边，以船送获归寨。孟获来到本寨，先伏刀斧手于帐下，差心腹人到董荼那、阿会喃寨中，只推孔明有使命在，将二人赚到大寨帐下，尽皆杀之，弃尸于涧。孟获随即遣亲信之人，把守隘口，自引军出了夹山谷，要与马岱交战，却并不见一人；及问土人，皆言昨夜尽搬粮草复渡泸水，归大寨去了。获再回洞中，与亲弟孟优商议曰：「如今诸葛亮之虚实，吾已尽知，汝可去如此如此。」孟优领了兄计，引百余蛮兵，搬载金珠、宝贝、象牙、犀角之类，渡了泸水，迳投孔明大寨而来；方才过了河时，前面鼓角齐鸣，一彪军摆开，为首大将，乃马岱也。孟优大惊。岱问了来情，令在外厢，差人来报孔明。孔明正在帐中与马谡，吕凯，蒋琬，费祎等，共议平蛮之事，忽帐下一人，报称孟获差弟孟优来进宝贝。孔明回顾马谡曰；「汝知其来意否？」谡曰：「不敢明言。容某暗写于纸上，呈与丞相，看合钧意否？」孔明从之。马谡写讫，呈与孔明。孔明看毕，抚掌大笑曰：「擒孟获之计，吾已差派下也。汝之所见，正与吾同。」遂唤赵云入，向耳畔分付如此如此；又唤魏延入，亦低言分付；又唤王平、马忠、关索入，亦各密地分付。各人受了计策，皆依令而去，方召孟优入帐。优再拜于帐下曰：「家兄孟获，感丞相活命之恩，无可奉献，辄具金珠宝贝若干，权为赏军之资。续后别有贡天子礼物。」孔明曰：「汝兄今在何处？」优曰：「为感丞相大恩，迳往银坑山中收拾宝物去了，少时便回来也。」孔明曰：「汝带多少人来？」优曰：「不敢多带：只是随行百余人，皆运货物者。」孔明尽教入帐看时，皆是青眼黑面，黄发紫须，耳带金环，鬅头跣足，长力大之士。孔明就令随席而坐，教诸将劝酒，慇懃相待。",same_body_paragraph
孟获,陆逊,1,1,87,"Chapter 87, P087-002: 建兴三年，益州飞报：「蛮王孟获，大起蛮兵十万，犯境侵掠。建宁太守雍闿，乃汉朝什邡侯雍齿之后，今结连孟获造反。牂牁郡太守朱褒、越隽郡太守高定，二人献了城。止有永昌郡太守王伉不肯反。现今雍闿、朱褒、高定三人部下人马，皆与孟获为乡导官，攻打永昌郡。赖王伉与功曹吕凯，会集百姓，死守此城，其势甚急。」孔明乃入朝奏后主曰：「臣观南蛮不服，实国家之大患也。臣当自领大军，前去征讨。」后主曰：「东有孙权，北有曹丕；今相父弃朕而去，倘吴、魏来攻，如之奈何？」孔明日：「东吴方与我国讲和，料无异心；若有异心，李严在白帝城，此人可当陆逊也。曹丕新败，锐气已丧，未能远图；且有马超守把汉中诸处关口，不必忧也。臣又留关兴、张苞等分两军为救应，保陛下万无一失。今臣先去扫荡蛮方，然后北伐，以图中原，报先帝三顾之恩，托孤之重。」后主曰：「朕年幼无知，惟相父斟酌行之。」言未毕，班部内一人出曰：「不可！不可！」众视之，乃南阳人也：姓王，名连，字文仪；见为谏议大夫。连谏曰：「南方不毛之地，瘴疫之乡；丞相秉钧衡之重任，而自远征，非所宜也。且雍闿等乃疥癣之疾，丞相只须遣一大将讨之，必然成功。」孔明曰：「南蛮之地，离国甚远，人多不习王化，收伏甚难，吾当亲往征之。可刚可柔，别有斟酌，非可容易托人。」",same_body_paragraph
孟达,庞统,1,1,62,"Chapter 62, P062-030: 却说玄德令黄忠，魏延各守一寨，自回涪城，与军师庞统商议。细作报说：「东吴孙权遣人结好东川张鲁，将欲来攻葭萌关。」玄德惊曰：「若葭萌关有失，截断后路，吾进退不得，当如之何？」庞统谓孟达曰：「公乃蜀中人，多知地理，去守葭萌关，如何？」达曰：「某保一人与某同去守关，万无一失。」玄德问何人。达曰：「此人曾在荆州刘表部下为中郎将，乃南郡枝江人。姓霍，名峻，字仲邈。」玄德大喜，即时遣孟达，霍峻守葭萌关去了。",same_body_paragraph
孟达,王平,1,1,73,"Chapter 73, P073-002: 且说玄德命刘封、孟达、王平等，攻取上庸诸郡。申耽等闻操已弃汉中而走，遂皆投降。玄德安民已定，大赏三军，人心大悦。于是众将皆有推尊玄德为帝之心；未敢迳启，却来禀告诸葛军师。孔明曰：「吾意已有定夺了。」随引法正等入见玄德曰：「今曹操专权，百姓无主；主公仁义著于天下，今已抚有两川之地，可以应天顺人，即皇帝位，名正言顺，以讨国贼。事不宜迟，便请择吉。」",same_body_paragraph
孟达,邓芝,1,1,65,"Chapter 65, P065-027: 玄德从之，设一大宴，请刘璋收拾财物，佩领振威将军印绶，将妻子良贱，尽赴南郡公安住歇，即日起行。玄德自领益州牧，其所降文武，尽皆重赏，定拟名爵。严颜为前将军，法正为蜀郡太守，董和为掌军中郎将，许靖为左将军长史，庞义为营中司马，刘巴为左将军，黄权为右将军。其余吴懿，费观，彭羕，卓膺，李严，吴兰，雷同，李恢，张翼，秦宓，谯周，吕义，霍峻，邓芝，杨洪，周群，费袆，费诗，孟达，……文武投降官员，共六十余人，并皆擢用。诸葛亮军师，关云长为荡寇将军汉寿亭侯，张飞为征远将军新亭侯，赵云为镇远将军，黄忠为征西将军，魏延为扬武将军，马超为平西将军。孙干，简雍，糜竺、糜芳，刘封，关平，周仓，廖化，马良，马谡，蒋琬，伊籍，及旧日荆襄一班文武官员，尽皆升赏。遣使赍黄金五百斤，白银一千斤，钱五千万，蜀锦一千疋，赐与云长。其余官将，给赐有差。杀牛宰马，大饷士卒，开仓赈济百姓，军民大悦。",same_body_paragraph
庞统,荀攸,1,1,57,"Chapter 57, P057-019: 早有人报到许昌，言刘备有诸葛亮，庞统为谋士，招军买马，积草屯粮，连结东吴，早晚必兴兵北伐。曹操闻之，遂聚谋士商议南征。荀攸进曰：「周瑜新死，可先取孙权，次攻刘备。」操曰：「我若远征，恐马腾来袭许都。前在赤壁之时，军中有讹言，亦传西凉入寇之事，今不可不防也。」荀攸曰：「以愚所见，不若降诏，加马腾为征南将军，使讨孙权；诱入京师，先除此人，则南征无患矣。」操大喜，即日遣人赍诏至西凉召马腾。",same_body_paragraph
庞统,蔡瑁,1,1,47,"Chapter 47, P047-015: 周瑜沈吟未决，正寻思没个机会，忽报蒋干又来。瑜大喜，一面分付庞统用计；一面坐于帐上，使人请干。干见不来接，心中疑虑，教把船于僻静岸口缆系，乃入寨见周瑜。瑜作色曰：「子翼何故欺吾太甚？」蒋干笑曰：「吾想与你乃旧日弟兄，特来吐心腹事，何言相欺也？」瑜曰：「汝要说我降，除非海枯石烂！前番吾念旧日交情，请你痛饮一醉，留你同榻；你却盗吾私书，不辞而去，归报曹操，杀了蔡瑁，张允，致使吾事不成。今日何故又来，必不怀好意！吾不看旧日之情，一刀两段！本待送你过去，争奈吾一二日间，便要破曹贼；待留你在军中，又必有泄漏。」便教左右：「送子翼往西山庵中歇息。──待吾破了曹操，那时渡你过江未迟。」",same_body_paragraph
庞统,阚泽,1,1,47,"Chapter 47, P047-025: 统拜别，至江边，正欲下船，忽见岸上一人，道袍竹冠，一把扯住统曰：「你好大胆！黄盖用苦肉计，阚泽下诈降书，你又来献连环计，只恐烧不尽绝！你们拿出这等毒手来，只好瞒曹操，也须瞒我不得！」吓得庞统魂飞散。正是：莫道东南能制胜，谁云西北独无人？毕竟此人是谁，且看下文分解。",same_body_paragraph
庞统,黄盖,1,1,47,"Chapter 47, P047-025: 统拜别，至江边，正欲下船，忽见岸上一人，道袍竹冠，一把扯住统曰：「你好大胆！黄盖用苦肉计，阚泽下诈降书，你又来献连环计，只恐烧不尽绝！你们拿出这等毒手来，只好瞒曹操，也须瞒我不得！」吓得庞统魂飞散。正是：莫道东南能制胜，谁云西北独无人？毕竟此人是谁，且看下文分解。",same_body_paragraph
张昭,曹真,1,1,98,"Chapter 98, P098-019: 却说吴主孙权设朝，有细作人报知：「蜀诸葛承相出兵两次，魏都督曹真兵损将亡。」于是群臣皆劝吴王兴师伐魏，以图中原，权犹豫未决。张昭奏曰：「近闻武昌东山，凤凰来仪；大江之中，黄龙屡现。主公德配唐虞，明并文、武，可即皇帝位，然后兴兵。」多官皆应曰：「子布之言是也。」遂选定夏四月丙寅日，筑台于武昌南郊。是日群臣请权登坛即皇帝位，改黄武八年为黄龙元年。",same_body_paragraph
张昭,邓芝,1,1,86,"Chapter 86, P086-004: 孙权知了此信，乃谓文武曰：「陆伯言真神算也。孤若妄动，又结怨于西蜀矣。」忽报西蜀遣邓芝到。张昭曰：「此又是诸葛亮退兵之计，遣邓芝为说客也。」权曰「当何以答之？」昭曰：「先于殿前立一大鼎盛，贮油数百斤，下用炭烧。待其油沸，可选身长面大武士一千人，各执刀在手，从宫门前直排至殿上，却唤芝入见。休等此人开言下说词，责以郦食其说齐故事，效此例烹之，看其人如何对答。」",same_body_paragraph
张昭,郭嘉,1,1,29,"Chapter 29, P029-007: 孙策为人最是性急，恨不得即日便愈。将息到二十余日，忽闻张纮有使者自许昌回，策唤问之。使者曰：「曹操甚惧主公；其帐下谋士，亦俱敬服；惟有郭嘉不服。」策曰：「郭嘉曾有何说？」使者不敢言。策怒，固问之。使者只得从实告曰：「郭嘉曾对曹操言：主公不足惧也。轻而无备，性急少谋，乃匹夫之勇耳；他日必死于小人之手。」策闻言，大怒曰：「匹夫安敢料吾！吾誓取许昌！」遂不待疮愈，便欲商议出兵。张昭谏曰：「医者戒主公百日休动，今何因一时之忿，自轻万乘之躯？」",same_body_paragraph
张昭,阚泽,1,1,83,"Chapter 83, P083-020: 权大惊，举止失措，阚泽出班奏曰：「见有擎天之柱，如何不用耶？」权急问何人。泽曰：「昔日东吴大事，全任周郎；后鲁子敬代之；子敬亡后，决于吕子明；今子明虽丧．见有陆伯言在荆州。此人名虽儒生，实有雄才大略，以臣论之；不在周郎之下；前破关公，其谋皆出于伯言。主上若能用之，破蜀必矣。如或有失，臣愿与同罪。」权曰：「非德润之言，孤误大事。」张昭曰：「陆逊乃一书生耳，非刘备敌手；恐不可用。」顾雍亦曰：「陆逊年幼望轻，恐诸公不服；若不服则生祸乱，必误大事。」步骘亦曰：「逊才堪治郡耳；若托以大事，非其宜也。」阚泽大呼曰：「若不用陆伯言，则东吴休矣！臣愿以全家保之！」权曰：「孤亦素知陆伯言乃奇才也：孤意已决，卿等勿言。」",same_body_paragraph
张松,祢衡,1,1,60,"Chapter 60, P060-009: 当下张松欲辞回。修曰：「公且暂居馆舍，容某再禀丞相，令公面君。」松谢而退。修入见操曰：「适来丞相何慢张松乎？」操曰：「言语不逊，吾故慢之。」修曰：「丞相尚容一祢衡，何不纳张松？」操曰：「祢衡文章，播于当今，吾故不忍杀之。松有何能？」修曰：「且无论其口似悬河，辩才无碍。适修以丞相所撰「孟德新书」示之，彼观一遍，即能暗诵。如此博闻强记，世所罕有。松言此书乃战国时无名氏所作，蜀中小儿，皆能熟记。」操曰：「莫非古人与我暗合否？」令扯碎其书烧之。修曰：「此人可使面君，教见天朝气象。」操曰：「来日我于西教场点军，汝可先引他来，使见我军容之盛，教他回去传说：吾即日下了江南，便来收川。」",same_body_paragraph
张松,赵云,1,1,60,"Chapter 60, P060-023: 正商议间，一人自外突入，汗流满面，大叫曰：「主公若听张松之言，则四十一州郡，已属他人矣！」松大惊；视其人，乃西阆中巴人，姓黄，名权，字公衡，现为刘璋府下主簿。璋问曰：「玄德与我同宗，吾故结之为援；汝何出此言？」权曰：「某素知刘备宽以待人，柔能克刚，英雄莫敌。远得人心，近得民望。兼有诸葛亮，庞统之智谋，关，张，赵云，黄忠，魏延为羽翼。若召到蜀中，以部曲待之，刘备岂肯伏低做小？若以客礼待之，又一国不容二主。今听臣言，则西蜀有泰山之安；不听臣言，则主公有累卵之危矣。张松昨从荆州过，必与刘备同谋。可先斩张松，后绝刘备，则西川万幸也。」璋曰：「曹操，张鲁到来，何以拒之？」权曰：「不如闭境绝塞，棎沟高垒，以待时清。」璋曰：「贼兵犯界，有燃眉之急；若待时清，则是慢计也。」遂不从其言，遣法正行。又一人阻曰：「不可！不可！」",same_body_paragraph
张松,马腾,1,1,60,"Chapter 60, P060-010: 修领命。至次曰，与张松同至西教场。操点虎卫雄兵五万，布于教场中，果然盔甲鲜明，衣袍灿烂；金鼓震天，戈矛耀日，四方八面，各分队伍；旌旗飏彩，人马腾空。松斜目视之。良久，操唤松指而示曰：「汝川中曾见此英雄人物否？」松曰：「吾蜀中不曾见此兵革，但以仁义治人。」",same_body_paragraph
张辽,曹丕,1,1,86,"Chapter 86, P086-024: 诸将奋力救出魏主。魏主渡淮河，行不三十里，淮河中一带芦苇，预灌鱼油，尽皆火著；顺风而下，风势甚急；火燄漫空，截住龙舟。丕大惊，急下小船。傍岸时，龙舟上早已火著。丕慌忙上马，岸上一彪军杀来，为首大将，乃丁奉也。张辽急拍马来迎，被奉一箭射中其腰，却得徐晃救了，同保魏主而走；折军无数。背后孙韶、丁奉夺得马匹、车仗、船只、器械，不计其数。魏兵大败而回。吴将徐盛，全获大功。吴王重加赏赐。张辽回到许昌，箭疮迸裂而亡。曹丕厚葬之，不在话下。",same_body_paragraph
张辽,祢衡,1,1,23,"Chapter 23, P023-008: 帝览表，以付曹操。操遂使人召衡至。礼毕，操不命坐。祢衡仰天叹曰：「天地虽阔，何无一人也！」操曰：「吾手下有数十人，皆当世英雄，何谓无人？」衡曰：「愿闻。」操曰：「荀彧，荀攸，郭嘉，程昱，机深智远，虽萧何，陈平不及也。张辽[陈怡妏3]，许褚，乐进，李典，勇不可当，虽岑彭，马武不及也。吕虔，满宠，为从事；于禁，徐晃，为先锋。夏侯惇，天下奇才；曹子孝，世间福将。安得无人？」衡笑曰：「公言差矣。此等人物，吾尽识之：荀彧可使吊丧问疾，荀攸可使看坟守墓，程昱可使关门闭户，郭嘉可使白词念赋，张辽可使击鼓鸣金，许褚可使牧牛放马，乐进可使取状读诏，李典可使传书送檄，吕虔可使磨刀铸剑，满宠可使饮酒食糟，于禁可使负版筑墙，徐晃可使屠猪杀狗。夏侯惇称为『完体将军』，曹子孝呼为『要钱太守』。其余皆是衣架！饭囊！酒桶！肉袋耳！」操怒曰：「汝有何能？」衡曰：「天文地理，无一不通；三教九流，无一不晓；上可以致君为尧、舜，下可以配德于孔、颜。岂与俗子共论乎！」时止有张辽在侧，掣剑欲斩之。操曰：「吾正少一鼓吏；早晚朝贺宴享，可令祢衡充此职。」衡不推辞，应声而去。辽曰：「此人出言不逊，何不杀之？」操曰：「此人素有虚名，远近所闻。今日杀之，天下必谓我不能容物，彼自以为能，故令为鼓吏以辱之。」",same_body_paragraph
张辽,董卓,1,1,19,"Chapter 19, P019-044: 方操送宫下楼时，布告玄德曰：「公为坐上客，布为阶下囚，何不发一言而相宽乎？」玄德点头。及操上楼来，布叫曰：「明公所患，不过于布。布今已服矣。公为大将，布副之，天下不难定也。」操回顾玄德曰：「何如？」玄德答曰：「公不见丁建阳、董卓之事乎？」布目视玄德曰：「是儿最无信者！」操令牵下楼缢之。布回顾玄德曰：「大耳儿！不记辕门射戟时耶？」忽一人大叫曰：「吕布匹夫！死则死耳，何惧之有！」众视之，乃刀斧手拥张辽至。操令将吕布缢死，然后枭首。后人有诗叹曰：",same_body_paragraph
张辽,诸葛瑾,1,1,53,"Chapter 53, P053-024: 少顷，太史慈入帐，言：「某手下有一人，姓戈，名定，与张辽手下养马后槽是弟兄。后槽被责怀怨，今晚使人报来，举火为号，刺杀张辽，以报宋谦之雠，某请引兵为外应。」权曰：「戈定何在？」太史慈曰：「已混入合淝城中去了。某愿乞五千兵去。」诸葛瑾曰：「张辽多谋，恐有准备，不可造次。」太史慈坚执要行，权因伤感宋谦之死，急要报雠，遂令太史慈引兵五千，去为外应。",same_body_paragraph
张辽,贾诩,1,1,30,"Chapter 30, P030-020: 次日，操自选马步军士五千，准备往乌巢劫粮。张辽曰：「袁绍屯粮之所，安得无备？丞相未可轻往。恐许攸有诈。」操曰：「不然。许攸此来，天败袁绍。今吾军粮不给，难以久持；若不用许攸之计，是坐而待困也。彼若有诈，安肯留我寨中？且吾亦欲劫寨久矣。今劫粮之举，计在必行，君请勿疑。」辽曰：「亦须防袁绍乘虚来袭。」操笑曰：「吾已筹之熟矣。」便教荀攸、贾诩、曹洪同许攸守大寨，夏侯惇、夏侯渊领一军伏于左，曹仁、李典领一军伏于右，以备不虞。教张辽、许褚在前，徐晃、于禁在后，操自引诸将居中，共五千人马，打著袁军旗号，军士皆束草负薪，人衔枚，马勒口，黄昏时分，望乌巢进发。是夜星光满天。",same_body_paragraph
张辽,郭淮,1,1,98,"Chapter 98, P098-004: 孙礼曰：「某去祁山虚装做运粮兵，车上尽装干柴茅草，以硫黄燄硝灌之，却教人虚报陇西运粮到。若蜀兵无粮，必然来抢。待入其中，放火烧车，外以伏兵应之，可胜矣。」真喜曰：「此计大妙！」即令孙礼引兵依计而行。又遣人教王双于小路巡哨，郭淮引兵提调箕谷、街亭，令诸路军马把守险要。真又令张辽子张虎为先锋，乐进子乐★（左糸右林）为副先锋，同守头营，不许出战。",same_body_paragraph
张郃,田丰,1,1,22,"Chapter 22, P022-020: 孔融闻之，来见操曰：「袁绍势大，不可与战，只可与和。」荀彧曰：「袁绍无用之人，何必议和？」融曰：「袁绍土广民强。其部下如许攸，郭图，审配，逢纪，皆智谋之士；田丰，沮授，皆忠臣也；颜良，文丑，勇冠三军；其余高览，张郃，淳于琼，等俱世之名将，──何谓绍为无用之人乎？」彧笑曰：「绍兵多而不整；田丰刚而犯上，许攸贪而不智，审配专而无谋，逢纪果而无用，此四人者，势不相容，必生内变。颜良，文丑，匹夫之勇，一战可擒。其余碌碌等辈，纵有百万，何足道哉！」",same_body_paragraph
张郃,荀彧,1,1,22,"Chapter 22, P022-020: 孔融闻之，来见操曰：「袁绍势大，不可与战，只可与和。」荀彧曰：「袁绍无用之人，何必议和？」融曰：「袁绍土广民强。其部下如许攸，郭图，审配，逢纪，皆智谋之士；田丰，沮授，皆忠臣也；颜良，文丑，勇冠三军；其余高览，张郃，淳于琼，等俱世之名将，──何谓绍为无用之人乎？」彧笑曰：「绍兵多而不整；田丰刚而犯上，许攸贪而不智，审配专而无谋，逢纪果而无用，此四人者，势不相容，必生内变。颜良，文丑，匹夫之勇，一战可擒。其余碌碌等辈，纵有百万，何足道哉！」",same_body_paragraph
张郃,荀攸,1,1,30,"Chapter 30, P030-029: 却说袁绍既去了许攸，又去了张郃、高览，又失了乌巢粮，军心皇皇。许攸又劝曹操作速进兵；张郃、高览请为先锋；操从之。即令张郃、高览领兵往劫绍寨。当夜三更时分，出军三路劫寨。混战到明，各自收兵，绍军折其大半。荀攸献计曰：「今可扬言调拨人马，一路取酸枣，攻邺郡；一路取黎阳，断袁兵归路。袁绍闻之，必然惊惶，分兵拒我；我乘其兵动时击之，绍可破也。」",same_body_paragraph
张郃,邓芝,1,1,95,"Chapter 95, P095-003: 孔明曰：「吾与汝二万五千精兵，再拨一员上将，相助你去。」即唤王平分付曰：「吾素知汝平生谨慎，故特以此重任相托。汝可小心谨慎此地下寨必当要道之处，使贼兵急切不能偷过。安营既毕，便画四至八道地理形状图本来我看。凡事商议停当而行，不可轻易。如所守无危，则是取长安第一功也。戒之！戒之！」二人拜辞引兵而去。孔明寻思，恐二人有失，又唤高翔曰：「街亭东北上有一城，名列柳城，乃山僻小路：此可以屯兵扎寨。与汝一万兵，去此城屯扎。但街亭危，可引兵救之。」高翔引兵而去。孔明又思高翔非张郃对手，必得一员大将，屯兵于街亭之右，方可防之！遂唤魏延引本部兵去街亭之后屯扎。延曰：「某为前部，理合当先破敌，何故置某于安闲之地？」孔明曰：「前锋破敌，乃偏裨之事耳。今令汝接应街亭，当阳平关冲要道路，总守汉中咽喉，此乃大任也。何为安闲乎？汝勿以等闲视之，失吾大事。切宜小心在意！」魏延大喜，引兵而去。孔明恰才心安，如乃唤赵云、邓芝分付曰：「今司马懿出兵，与往日不同。汝二人各引一军出箕谷，以为疑兵。如逢魏兵，或战、或不战，以惊其心。吾自统大军，由斜谷迳取郿城：若得郿城，长安可破矣。」二人受命而去。孔明令姜维作先锋，兵出斜谷。",same_body_paragraph
张郃,陆逊,1,1,50,"Chapter 50, P050-006: 操此时指望合淝有兵救应，不想孙权在合淝路口，望见江中火光，知是我军得胜，便教陆逊举火为号；太史慈见了，与陆逊合兵一处，冲杀将来。操只得望彝陵而走。路上撞见张郃，操令断后。纵马加鞭，走至五更，回望火光渐远，操心方定，问曰：「此是何处？」左右曰：「此是乌林之西，宜都之北。」",same_body_paragraph
张飞,曹真,1,1,85,"Chapter 85, P085-022: 丕大喜，随即密遣能言官四员为使前去；又命曹真为大都督，领兵十万，迳取阳平关。此时张辽等一班旧将，皆封列侯，俱在冀、徐、青及合淝等处，据守关津隘口，故不复调用。却说蜀汉后主刘禅，自即位以来，旧臣多有病亡者，不能细说。凡一应朝廷、选法、钱粮、词讼等事，皆听诸葛丞相裁处。时后主未立皇后。孔明与群臣上言曰：「故车骑将军张飞之女甚贤，年十七岁，可纳为正宫皇后。」后主即纳之。",same_body_paragraph
张飞,李儒,1,1,5,"Chapter 5, P005-019: 曹操大喜。只见玄德背后转出张飞，高声大叫：「俺哥哥斩了华雄，不就这里杀入关去，活拏董卓，更待何时！」袁术大怒，喝曰：「俺大臣尚自谦让，量一县令手下小卒，安敢在此耀武扬威！都与赶出帐去！」曹操曰：「得功者赏，何计贵贱乎？」袁术曰：「既然公等只重一县令，我当告退。」操曰：「岂可因一言而误大事耶？」命公孙瓒且带玄德、关、张回寨。众官皆散。曹操暗使人赍牛酒抚慰三人。却说华雄手下败军，报上关来。李肃慌忙写告急文书，申闻董卓。卓急聚李儒、吕布等商议。儒曰：「今失了上将华雄，贼势浩大。袁绍为盟主，绍叔袁隗，现为太傅；倘或里应外合，深为不便，可先除之。请丞相亲领大军，分拨剿捕。」",same_body_paragraph
张飞,李肃,1,1,5,"Chapter 5, P005-019: 曹操大喜。只见玄德背后转出张飞，高声大叫：「俺哥哥斩了华雄，不就这里杀入关去，活拏董卓，更待何时！」袁术大怒，喝曰：「俺大臣尚自谦让，量一县令手下小卒，安敢在此耀武扬威！都与赶出帐去！」曹操曰：「得功者赏，何计贵贱乎？」袁术曰：「既然公等只重一县令，我当告退。」操曰：「岂可因一言而误大事耶？」命公孙瓒且带玄德、关、张回寨。众官皆散。曹操暗使人赍牛酒抚慰三人。却说华雄手下败军，报上关来。李肃慌忙写告急文书，申闻董卓。卓急聚李儒、吕布等商议。儒曰：「今失了上将华雄，贼势浩大。袁绍为盟主，绍叔袁隗，现为太傅；倘或里应外合，深为不便，可先除之。请丞相亲领大军，分拨剿捕。」",same_body_paragraph
张飞,田丰,1,1,7,"Chapter 7, P007-014: 正说之间，忽见赵云冲到面前。弓箭手急待射时，云连刺数人，众军皆走。后面瓒军团团围裹上来。田丰慌对绍曰：「主公且于空墙中躲避！」绍以兜鍪扑地，大呼曰：「大丈夫愿临阵斗死，岂可入墙而望活乎！」众军士齐心死战，赵云冲突不入，绍兵大队掩至，颜良亦引军来到，两路并杀。赵云保公孙瓒杀透重围，回到界桥。绍驱兵大进，复赶过桥，落水死者，不计其数。袁绍当先赶来，不到五里，只听得山背后喊声大起，闪出一彪人马，为首三员大将，乃是刘玄德，关云长，张翼德。因在平原探知公孙瓒与袁绍相争，特来助战。当下三匹马，三般兵器，飞奔前来，直取袁绍。绍惊得魂飞天外，手中宝刀坠于马下，忙拨马而逃，众人死救过桥。公孙瓒亦收军归寨。玄德、关、张动问毕，瓒曰：「若非玄德远来救我，几乎狼狈。」教与赵云相见。玄德甚相敬爱，便有不舍之心。",same_body_paragraph
张飞,蔡瑁,1,1,39,"Chapter 39, P039-009: 玄德依言，来到荆州，馆驿安下，留张飞屯兵城外。玄德与孔明入城见刘表。礼毕，玄德请罪于阶下。表曰：「吾已悉知贤弟被害之事。当时即欲斩蔡瑁之首，以献贤弟。因众人告免，故姑恕之。弟幸勿见罪。」玄德曰：「非干蔡将军之事，想皆下人所为耳。」表曰：「今江夏失守，黄祖遇害，故请贤弟共议报复之策。」玄德曰：「黄祖性暴，不能用人，故致此祸。今若兴兵南征，倘曹操北来，又将奈何？」表曰：「吾今年老多病，不能理事，贤弟可来助我。我死之后，弟便为荆州之主也。」玄德曰：「兄何出此言？量备安敢当此重任？」",same_body_paragraph
张飞,邓芝,1,1,65,"Chapter 65, P065-027: 玄德从之，设一大宴，请刘璋收拾财物，佩领振威将军印绶，将妻子良贱，尽赴南郡公安住歇，即日起行。玄德自领益州牧，其所降文武，尽皆重赏，定拟名爵。严颜为前将军，法正为蜀郡太守，董和为掌军中郎将，许靖为左将军长史，庞义为营中司马，刘巴为左将军，黄权为右将军。其余吴懿，费观，彭羕，卓膺，李严，吴兰，雷同，李恢，张翼，秦宓，谯周，吕义，霍峻，邓芝，杨洪，周群，费袆，费诗，孟达，……文武投降官员，共六十余人，并皆擢用。诸葛亮军师，关云长为荡寇将军汉寿亭侯，张飞为征远将军新亭侯，赵云为镇远将军，黄忠为征西将军，魏延为扬武将军，马超为平西将军。孙干，简雍，糜竺、糜芳，刘封，关平，周仓，廖化，马良，马谡，蒋琬，伊籍，及旧日荆襄一班文武官员，尽皆升赏。遣使赍黄金五百斤，白银一千斤，钱五千万，蜀锦一千疋，赐与云长。其余官将，给赐有差。杀牛宰马，大饷士卒，开仓赈济百姓，军民大悦。",same_body_paragraph
张飞,黄盖,1,1,6,"Chapter 6, P006-001: 却说张飞拍马赶到关下，关上矢石如雨，不得进而回。八路诸侯，同请玄德、关、张贺功，使人去袁绍寨中报捷。绍遂移檄孙坚，令其进兵。坚引程普，黄盖，至袁术寨中相见。坚以杖画地曰：「董卓与我，本无雠隙。今我奋不顾身，亲冒矢石，来决死战者：上为国家讨贼，下为将军家门之私；而将军却听谗言，不发粮草，致坚败绩，将军何安！」",same_body_paragraph
徐晃,曹丕,1,1,86,"Chapter 86, P086-024: 诸将奋力救出魏主。魏主渡淮河，行不三十里，淮河中一带芦苇，预灌鱼油，尽皆火著；顺风而下，风势甚急；火燄漫空，截住龙舟。丕大惊，急下小船。傍岸时，龙舟上早已火著。丕慌忙上马，岸上一彪军杀来，为首大将，乃丁奉也。张辽急拍马来迎，被奉一箭射中其腰，却得徐晃救了，同保魏主而走；折军无数。背后孙韶、丁奉夺得马匹、车仗、船只、器械，不计其数。魏兵大败而回。吴将徐盛，全获大功。吴王重加赏赐。张辽回到许昌，箭疮迸裂而亡。曹丕厚葬之，不在话下。",same_body_paragraph
徐晃,曹叡,1,1,94,"Chapter 94, P094-013: 却说徐晃被孟达射中头额，众军救到寨中，取了箭头，令医调治；当晚身死，时年五十九岁。司马懿令人扶柩还洛阳安葬。次日，孟达登城遍视，只见魏兵四面围得铁桶相似。达行坐不安，惊疑未定，忽见两路兵自外杀来，旗上大书「申耽」、「申仪」。孟达只道是救军到，忙引本部兵大开城门杀出。耽、仪大叫曰：「反贼休走！早早受死！」达见事变，拨马望城中便走，城上乱箭射下。李辅、邓贤二人在城上大骂曰：「吾等已献了城也！」达夺路而走，申耽赶来。达人困马乏，措手不及，被申耽一鎗刺于马下，枭其首级。余军皆降。李辅、邓贤大开城门，迎接司马懿入城。抚民劳军已毕，遂遣人奏知魏主曹叡。叡大喜，教将孟达首级去洛阳城市示众；加申耽、申仪官职，就随司马懿征进；命李辅、邓贤守新城、上庸。",same_body_paragraph
徐晃,曹真,1,1,86,"Chapter 86, P086-017: 丕从之。于是日夜并工，造龙舟十只，长二十余丈，可容二千余人；收拾战船三千余只。魏黄初五年秋八月，会聚大小将士，令曹真为前部，张辽、张邰、文聘、徐晃等为大将先行，许褚、吕虔为中军护卫，曹休为合后，刘晔、蒋济为参谋。前后水陆军马三十余万，克日起兵。封司马懿为尚书仆射，留在许昌。凡国政大事，并皆听懿决断。",same_body_paragraph
徐晃,祢衡,1,1,23,"Chapter 23, P023-008: 帝览表，以付曹操。操遂使人召衡至。礼毕，操不命坐。祢衡仰天叹曰：「天地虽阔，何无一人也！」操曰：「吾手下有数十人，皆当世英雄，何谓无人？」衡曰：「愿闻。」操曰：「荀彧，荀攸，郭嘉，程昱，机深智远，虽萧何，陈平不及也。张辽[陈怡妏3]，许褚，乐进，李典，勇不可当，虽岑彭，马武不及也。吕虔，满宠，为从事；于禁，徐晃，为先锋。夏侯惇，天下奇才；曹子孝，世间福将。安得无人？」衡笑曰：「公言差矣。此等人物，吾尽识之：荀彧可使吊丧问疾，荀攸可使看坟守墓，程昱可使关门闭户，郭嘉可使白词念赋，张辽可使击鼓鸣金，许褚可使牧牛放马，乐进可使取状读诏，李典可使传书送檄，吕虔可使磨刀铸剑，满宠可使饮酒食糟，于禁可使负版筑墙，徐晃可使屠猪杀狗。夏侯惇称为『完体将军』，曹子孝呼为『要钱太守』。其余皆是衣架！饭囊！酒桶！肉袋耳！」操怒曰：「汝有何能？」衡曰：「天文地理，无一不通；三教九流，无一不晓；上可以致君为尧、舜，下可以配德于孔、颜。岂与俗子共论乎！」时止有张辽在侧，掣剑欲斩之。操曰：「吾正少一鼓吏；早晚朝贺宴享，可令祢衡充此职。」衡不推辞，应声而去。辽曰：「此人出言不逊，何不杀之？」操曰：「此人素有虚名，远近所闻。今日杀之，天下必谓我不能容物，彼自以为能，故令为鼓吏以辱之。」",same_body_paragraph
徐晃,管辂,1,1,71,"Chapter 71, P071-017: 操令人寻管辂时，不知何处去了。操深恨黄忠，遂亲统率大军，来定军山与夏侯渊报雠，令徐晃作先锋。行到汉水，张郃，杜袭，接著曹操。二将曰：「今定军山已失，可将米仓山粮草移于北山寨中屯积，然后进兵。」曹操依允。",same_body_paragraph
徐晃,陆逊,1,1,76,"Chapter 76, P076-009: 是夜，关平引一枝兵杀入魏寨，不见一人。平知是计，火速退时，左边徐商，右边吕建，两下夹攻。平大败回营，魏兵乘势追杀前来，四面围住。关平、廖化支持不住，弃了第一屯，迳投四冢寨来。早望见寨中火起。急到寨前，只见皆是魏兵旗号。关平等退兵，忙奔樊城大路而走。前面一军拦住，为首大将，乃徐晃也。平、化二人奋力死战，夺路而走，回到大寨，来见关公曰：「今徐晃夺了偃城等处；又兼曹操自引大军，分三路来救樊城；多有人言荆州已被吕蒙袭了。」关公喝曰：「此敌人讹言，以乱我军心耳！东吴吕蒙病危，孺子陆逊代之，不足为虑！」",same_body_paragraph
徐晃,马腾,1,1,57,"Chapter 57, P057-028: 次日，马腾领著西凉兵马，将次近城，只见前面一簇红旗，打著丞相旗号。马腾只道曹操自来点军，拍马向前。忽听得一声砲响，红旗开处，弓弩齐发。一将当先，乃曹洪也。马腾急拨马回时，两下喊声又起。左边许褚杀来，右边夏侯渊杀来，后面又是徐晃领兵杀至，截断西凉军马，将马腾父子三人困在垓心。",same_body_paragraph
曹丕,曹洪,1,1,78,"Chapter 78, P078-018: 次日，觉气冲上焦，目不见物，急召夏侯惇商议。惇至殿门前，忽见伏皇后、董贵人、二皇子、伏完、董承等，立在阴云之中。惇大惊昏倒，左右扶出，自此得病。操召曹洪、陈群、贾诩、司马懿等，同至卧榻前，嘱以后事。曹洪等顿首曰：「大王善保玉体，不日定当霍然。」操曰：「孤纵横天下三十余年，群雄皆灭，止有江东孙权，西蜀刘备，未曾剿除。孤今病危，不能再与卿等相叙，特以家事相托：孤长子曹昂，刘氏所生，不幸早年殁于宛城。今卞氏生四子：丕、彰、植、熊。孤平生所爱第三子植，为人虚华少诚实，嗜酒放纵，因此不立；次子曹彰，勇而无谋；四子曹熊，多病难保；惟长子曹丕，笃厚恭谨，可继我业。卿等宜辅佐之。」",same_body_paragraph
曹丕,杨修,1,1,72,"Chapter 72, P072-024: 操欲试曹丕，曹植之才干。一日，令各出邺城门；却密使人分付门吏，令勿放出。曹丕先至。门吏阻之，丕只得退回。植闻知，问于修。修曰：「君奉王命而出，如有阻当者，竟斩之可也。」植然其言。及至门，门吏阻住。植叱曰：「吾奉王命，谁敢阻当！」立斩之。于是曹操以植为能。后有人告操曰：「此乃杨修之所教也。」操大怒，因此亦不喜植。",same_body_paragraph
曹丕,荀彧,1,1,34,"Chapter 34, P034-002: 于是留曹植与曹丕在邺郡造台，使张燕守北寨。操将所得袁绍之兵，共五六十万，班师回许都，大封功臣；又表赠郭嘉为贞侯，养其子奕于府中。复聚众谋士商议，欲南征刘表。荀彧曰：「大军方北征而回，未可复动。且待半年，养精蓄锐，刘表、孙权，可一鼓而下也。」操从之，遂分兵屯田，以候调用。",same_body_paragraph
曹丕,董承,1,1,78,"Chapter 78, P078-018: 次日，觉气冲上焦，目不见物，急召夏侯惇商议。惇至殿门前，忽见伏皇后、董贵人、二皇子、伏完、董承等，立在阴云之中。惇大惊昏倒，左右扶出，自此得病。操召曹洪、陈群、贾诩、司马懿等，同至卧榻前，嘱以后事。曹洪等顿首曰：「大王善保玉体，不日定当霍然。」操曰：「孤纵横天下三十余年，群雄皆灭，止有江东孙权，西蜀刘备，未曾剿除。孤今病危，不能再与卿等相叙，特以家事相托：孤长子曹昂，刘氏所生，不幸早年殁于宛城。今卞氏生四子：丕、彰、植、熊。孤平生所爱第三子植，为人虚华少诚实，嗜酒放纵，因此不立；次子曹彰，勇而无谋；四子曹熊，多病难保；惟长子曹丕，笃厚恭谨，可继我业。卿等宜辅佐之。」",same_body_paragraph
曹丕,许攸,1,1,33,"Chapter 33, P033-003: 却说曹操统领众将，入冀州城，将入城门，许攸纵马近前，以鞭指城门呼操曰：「阿瞒，汝不得我，安得入此门？」操大笑。众将闻言，俱怀不平。操至绍府门下，问曰：「谁曾入此门来？」守将对曰：「世子在内。」操唤出责之。刘氏出拜曰：「非世子不能保全妾家，愿献甄氏为世子执箕帚。」操教唤出甄氏拜于前。操视之曰：「真吾儿妇也！」遂令曹丕纳之。",same_body_paragraph
曹丕,许褚,1,1,79,"Chapter 79, P079-006: 丕闻之，大怒，即令许褚领虎卫军三千，火速至临淄擒曹植等一干人来。褚奉命，引军至临淄城。临淄守将拦阻，褚立斩之，直入城中，无一人敢当锋锐，迳到府堂。只见曹植与丁仪、丁廙等尽皆醉倒。褚皆缚之，载于车上，并将府下大小属官，尽行拿解邺郡，听候曹丕发落。丕下令，先将丁仪、丁廙等尽皆诛戮。丁仪字正礼，丁廙字敬礼，沛国人，乃一时文士；及其被杀，人多惜之。",same_body_paragraph
曹丕,邓芝,1,1,86,"Chapter 86, P086-016: 却说吴王见张温入蜀未还，乃聚文武商议。忽近臣奏曰；「蜀遣邓芝同张温入国答礼。」权召入。张温拜于殿前，备称后主、孔明之德，愿求永结盟好，特遣邓尚书又来答礼。权大喜，乃设宴待之。权问邓芝曰：「若吴、蜀二国同心灭魏，得天下太平，二主分治，岂不乐乎？」芝答曰：「『天无二日，民无二王』。如灭魏之后，未识天命所归何人。但为君者，各修其德；为臣者，各尽其忠，则战争方息耳。」权大笑曰：「君之诚款，乃如是耶！」遂厚赠邓芝还蜀。自此吴、蜀通好。却说魏国细作人探知此事，火速报入中原。魏主曹丕听知，大怒曰：「吴、蜀连和，必有图中原之意也。不若朕先伐之。」于是大集文武，商议起兵伐吴。此时大司马曹仁、太尉贾诩已亡。侍中辛毗出班奏曰：「中原之地，土阔民稀，而欲用兵，未见其利。今日之计，莫若养兵屯田十年，足食足兵，然后用之，则吴、蜀方可破也。」丕怒曰：「此迂儒之论也！今吴、蜀连和，早晚必来侵境，何暇等待十年？」即传旨起兵伐吴。司马懿奏曰：「吴有长江之险，非船莫渡。陛下必御驾亲征，可选大小战船，从蔡颍而入淮，取寿春，至广陵，渡江口，迳取南徐：此为上策。」",same_body_paragraph
曹丕,郭嘉,1,1,34,"Chapter 34, P034-002: 于是留曹植与曹丕在邺郡造台，使张燕守北寨。操将所得袁绍之兵，共五六十万，班师回许都，大封功臣；又表赠郭嘉为贞侯，养其子奕于府中。复聚众谋士商议，欲南征刘表。荀彧曰：「大军方北征而回，未可复动。且待半年，养精蓄锐，刘表、孙权，可一鼓而下也。」操从之，遂分兵屯田，以候调用。",same_body_paragraph
曹丕,马超,1,1,87,"Chapter 87, P087-002: 建兴三年，益州飞报：「蛮王孟获，大起蛮兵十万，犯境侵掠。建宁太守雍闿，乃汉朝什邡侯雍齿之后，今结连孟获造反。牂牁郡太守朱褒、越隽郡太守高定，二人献了城。止有永昌郡太守王伉不肯反。现今雍闿、朱褒、高定三人部下人马，皆与孟获为乡导官，攻打永昌郡。赖王伉与功曹吕凯，会集百姓，死守此城，其势甚急。」孔明乃入朝奏后主曰：「臣观南蛮不服，实国家之大患也。臣当自领大军，前去征讨。」后主曰：「东有孙权，北有曹丕；今相父弃朕而去，倘吴、魏来攻，如之奈何？」孔明日：「东吴方与我国讲和，料无异心；若有异心，李严在白帝城，此人可当陆逊也。曹丕新败，锐气已丧，未能远图；且有马超守把汉中诸处关口，不必忧也。臣又留关兴、张苞等分两军为救应，保陛下万无一失。今臣先去扫荡蛮方，然后北伐，以图中原，报先帝三顾之恩，托孤之重。」后主曰：「朕年幼无知，惟相父斟酌行之。」言未毕，班部内一人出曰：「不可！不可！」众视之，乃南阳人也：姓王，名连，字文仪；见为谏议大夫。连谏曰：「南方不毛之地，瘴疫之乡；丞相秉钧衡之重任，而自远征，非所宜也。且雍闿等乃疥癣之疾，丞相只须遣一大将讨之，必然成功。」孔明曰：「南蛮之地，离国甚远，人多不习王化，收伏甚难，吾当亲往征之。可刚可柔，别有斟酌，非可容易托人。」",same_body_paragraph
曹丕,鲁肃,1,1,82,"Chapter 82, P082-006: 权大喜，即写表称臣，令赵咨为使。星夜到了许都，先见太尉贾诩等，并大小官僚。次日早朝，贾诩出班奏曰：「东吴遣中大夫赵咨上表。」曹丕笑曰：「此欲退蜀兵故也。」即令召入。咨拜伏于丹墀。丕览表毕，遂问咨曰：「吴侯乃何如主也？」咨曰：「聪明仁智雄略之主也。」丕笑曰：「卿褒奖毋乃太甚？」咨曰：「臣非过誉也。吴侯纳鲁肃于凡品，是其聪明也；拔吕蒙于行阵，是其明也；获于禁而不害，是其仁也；取荆州兵不血刃，是其智也；据三江虎视天下，是其雄也；屈身于陛下，是其略也：--以此论之，岂不为聪明仁智雄略之主乎？」",same_body_paragraph
曹叡,袁绍,1,1,91,"Chapter 91, P091-008: 却说魏主曹丕在位七年，即蜀汉建兴四年也。丕先纳夫人甄氏，即袁绍次子袁熙之妇，前破邺城时所得。后生一子，名叡，字元仲，自幼聪明，丕甚爱之。后丕又纳安平广宗人郭永之女为贵妃，甚有颜色﹔其父尝曰：「吾女乃女中之王也。」故号为「女王」。自丕纳为贵妃，因甄夫人失宠，郭贵妃欲谋为后，却与幸臣张韬商议。时丕有疾，韬乃诈称于甄夫人宫中掘得桐木偶人，上书天子年月日时，为压镇之事。丕大怒，遂将甄夫人赐死，立郭贵妃为皇后。因无出，养曹叡为己子。虽甚爱之，不立为嗣。",same_body_paragraph
曹叡,邓芝,1,1,91,"Chapter 91, P091-026: 却说边庭探知此事，报入洛阳。是日曹叡设朝，近臣奏曰：「边官报称：诸葛亮率大兵三十余万，出屯汉中，令赵云、邓芝为前部先锋，引兵入境。」叡大惊，问群臣曰：「谁可为将，以退蜀兵？」忽一人应声而出曰：「臣父死于汉中，切齿之恨，未尝得报。今蜀兵犯境，臣愿引本部猛将，更乞陛下赐关西之兵，前往破蜀。上为国家效力，下报父雠，臣万死不恨！」",same_body_paragraph
曹叡,郭淮,1,1,93,"Chapter 93, P093-008: 时魏主曹叡太和元年，升殿设朝。近臣奏曰：「夏侯驸马已失三郡，逃窜羌中去了。今蜀兵已到祁山，前军临渭水之西，乞早发兵破敌。」叡大惊，乃问群臣曰：「谁可为朕退蜀兵耶？」司徒王朗出班奏曰：「臣观先帝每用大将军曹真，所到必克；今陛下何不拜为大都督，以退蜀兵？」叡准奏，乃宣曹真曰：「先帝托孤与卿，今蜀兵入寇中原，卿安忍坐视乎？」真奏曰：「臣才（左为疏之左．右为束）智浅，不称其职。」王朗曰：「将军乃社稷之臣，不可固辞。老臣虽驽钝，愿随将军前往。」真又奏曰：「臣受大恩，安敢推辞？但乞一人为副将。」叡曰：「卿自举之。」真乃保太原阳曲人：姓郭，名淮，字伯济，官封射亭侯，领雍州刺史。叡从之，遂拜曹真为大都督，赐节钺；命郭淮为副都督，王朗为军师；朗时年已七十六岁矣。选拨东西二京军马二十万与曹真。真命宗弟曹遵为先锋，又命荡寇将军朱赞为副先锋。时年十一月出师，魏主曹叡亲自送出西门之方回。",same_body_paragraph
曹叡,马超,1,1,92,"Chapter 92, P092-001: 却说孔明率兵前至沔县，经过马超坟墓，乃令其弟马岱挂孝，孔明亲自祭之。祭毕，回到寨中，商议进兵。忽哨马报道：「魏主曹叡遣驸马夏侯楙，调关中诸路军马，前来拒敌。」魏延上帐献策曰：「夏侯楙乃膏粱子弟，懦弱无谋。延愿得精兵五千，取路出褒中，循秦岭以东，当子午谷而投北，不过十日，可到长安。夏侯楙若闻某骤至，必然弃城望邸阁横门而走。某却从东方而来，丞相可大驱士马，自斜谷而进：如此行之，则咸阳以西，一举可定也。」孔明笑曰：「此非万全之计也：汝欺中原无好人物，倘有人进言，于山僻中以兵截杀，非惟五千人受害，亦大伤锐气。决不可用。」魏延又曰：「丞相兵从大路进言，彼必尽起关中之兵，于路迎敌；则旷日持久，何时而得中原？」孔明曰：「吾从陇右居平坦大路，依法进兵，何忧不胜？」遂不用魏延之计。魏延怏怏不悦。孔明差人令赵云进兵。",same_body_paragraph
曹叡,魏延,1,1,92,"Chapter 92, P092-001: 却说孔明率兵前至沔县，经过马超坟墓，乃令其弟马岱挂孝，孔明亲自祭之。祭毕，回到寨中，商议进兵。忽哨马报道：「魏主曹叡遣驸马夏侯楙，调关中诸路军马，前来拒敌。」魏延上帐献策曰：「夏侯楙乃膏粱子弟，懦弱无谋。延愿得精兵五千，取路出褒中，循秦岭以东，当子午谷而投北，不过十日，可到长安。夏侯楙若闻某骤至，必然弃城望邸阁横门而走。某却从东方而来，丞相可大驱士马，自斜谷而进：如此行之，则咸阳以西，一举可定也。」孔明笑曰：「此非万全之计也：汝欺中原无好人物，倘有人进言，于山僻中以兵截杀，非惟五千人受害，亦大伤锐气。决不可用。」魏延又曰：「丞相兵从大路进言，彼必尽起关中之兵，于路迎敌；则旷日持久，何时而得中原？」孔明曰：「吾从陇右居平坦大路，依法进兵，何忧不胜？」遂不用魏延之计。魏延怏怏不悦。孔明差人令赵云进兵。",same_body_paragraph
曹叡,黄忠,1,1,91,"Chapter 91, P091-027: 众视之，乃夏侯渊之子夏侯楙也。楙字子休﹔其性最急，又最吝。自幼嗣与夏侯惇为子。后夏侯渊为黄忠所斩，曹操怜之，以女清河公主招楙为驸马，因此朝中钦敬。虽掌兵权，未尝临阵。当时自请出征，曹叡即命为大都督，调关西诸路军马前去破敌。",same_body_paragraph
曹操,李肃,1,1,5,"Chapter 5, P005-019: 曹操大喜。只见玄德背后转出张飞，高声大叫：「俺哥哥斩了华雄，不就这里杀入关去，活拏董卓，更待何时！」袁术大怒，喝曰：「俺大臣尚自谦让，量一县令手下小卒，安敢在此耀武扬威！都与赶出帐去！」曹操曰：「得功者赏，何计贵贱乎？」袁术曰：「既然公等只重一县令，我当告退。」操曰：「岂可因一言而误大事耶？」命公孙瓒且带玄德、关、张回寨。众官皆散。曹操暗使人赍牛酒抚慰三人。却说华雄手下败军，报上关来。李肃慌忙写告急文书，申闻董卓。卓急聚李儒、吕布等商议。儒曰：「今失了上将华雄，贼势浩大。袁绍为盟主，绍叔袁隗，现为太傅；倘或里应外合，深为不便，可先除之。请丞相亲领大军，分拨剿捕。」",same_body_paragraph
曹操,王平,1,1,73,"Chapter 73, P073-002: 且说玄德命刘封、孟达、王平等，攻取上庸诸郡。申耽等闻操已弃汉中而走，遂皆投降。玄德安民已定，大赏三军，人心大悦。于是众将皆有推尊玄德为帝之心；未敢迳启，却来禀告诸葛军师。孔明曰：「吾意已有定夺了。」随引法正等入见玄德曰：「今曹操专权，百姓无主；主公仁义著于天下，今已抚有两川之地，可以应天顺人，即皇帝位，名正言顺，以讨国贼。事不宜迟，便请择吉。」",same_body_paragraph
曹操,邓艾,1,1,120,"Chapter 120, P120-047: 高祖提剑入咸阳，炎炎红日升扶桑。光武龙兴成大统，金乌飞上天中央。哀哉献帝绍海宇，红轮西坠咸池傍！何进无谋中贵乱，凉州董卓居朝堂。王允定计诛逆党，李傕郭泛兴刀枪。四方盗贼如蚁聚，六合奸雄皆鹰扬。孙坚孙策起江左，袁绍袁术兴河梁。刘焉父子据巴蜀，刘表军旅屯荆襄。张修张鲁霸南郑，马腾韩遂守西凉。陶谦张绣公孙瓒，各逞雄才占一方。曹操专权居相府，牢笼英俊用文武。威震天子令诸侯，总领貔貅镇中土。楼桑玄德本皇孙，义结关张愿扶主。东西奔走恨无家，将寡兵微作羁旅。南阳三顾情可深，卧龙一见分寰宇。先取荆州后取川，霸业王图在天府。呜呼三载逝升遐，白帝托孤堪痛楚！孔明六出祁山前，愿以只手将天补。何期历数到此终，长星半夜落山坞！姜维独凭气力高，九伐中原空劬劳。钟会邓艾分兵进，汉室江山尽属曹。丕、叡、芳、髦才及奂，司马又将天下交。受禅台前云雾起，石头城下无波涛。陈留归命与安乐，王侯公爵从根苗。纷纷世事无穷尽，天数茫茫不可逃。鼎足三分已成梦，后人凭吊空牢骚。",same_body_paragraph
曹操,钟会,1,1,120,"Chapter 120, P120-047: 高祖提剑入咸阳，炎炎红日升扶桑。光武龙兴成大统，金乌飞上天中央。哀哉献帝绍海宇，红轮西坠咸池傍！何进无谋中贵乱，凉州董卓居朝堂。王允定计诛逆党，李傕郭泛兴刀枪。四方盗贼如蚁聚，六合奸雄皆鹰扬。孙坚孙策起江左，袁绍袁术兴河梁。刘焉父子据巴蜀，刘表军旅屯荆襄。张修张鲁霸南郑，马腾韩遂守西凉。陶谦张绣公孙瓒，各逞雄才占一方。曹操专权居相府，牢笼英俊用文武。威震天子令诸侯，总领貔貅镇中土。楼桑玄德本皇孙，义结关张愿扶主。东西奔走恨无家，将寡兵微作羁旅。南阳三顾情可深，卧龙一见分寰宇。先取荆州后取川，霸业王图在天府。呜呼三载逝升遐，白帝托孤堪痛楚！孔明六出祁山前，愿以只手将天补。何期历数到此终，长星半夜落山坞！姜维独凭气力高，九伐中原空劬劳。钟会邓艾分兵进，汉室江山尽属曹。丕、叡、芳、髦才及奂，司马又将天下交。受禅台前云雾起，石头城下无波涛。陈留归命与安乐，王侯公爵从根苗。纷纷世事无穷尽，天数茫茫不可逃。鼎足三分已成梦，后人凭吊空牢骚。",same_body_paragraph
曹洪,管辂,1,1,69,"Chapter 69, P069-027: 曹洪见马超连日不出，恐有诈谋，引军退回南郑。张郃来见曹洪，问曰：「将军既已斩将，如何退兵﹖」洪曰：「吾见马超不出，恐有别谋。且我在邺郡，闻神卜管辂有言，当于此地折一员大将。吾疑此言，故不敢轻进。」张郃大笑曰：「将军行兵半生，今奈何信卜者之言，而惑其心哉？郃虽不才，愿以本部兵取巴西。若得巴西，蜀郡易耳。」洪曰：「巴西守将张飞，非比等闲，不可轻敌。」张郃曰：「人皆怕张飞，吾视之如小儿耳！此去必擒之！」洪曰：「倘有疏失，若何﹖」郃曰：「甘当军命。」洪勒了文状，张郃进兵。正是：自古骄兵多致败，从来轻敌少成功。未知胜负如何，且看下文分解。",same_body_paragraph
曹洪,董卓,1,1,6,"Chapter 6, P006-009: 且说孙坚飞奔洛阳，遥望火焰冲天，黑烟铺地，二三百里，并无鸡犬人烟；坚先发兵救灭了火，令众诸侯各于荒地上屯住军马。曹操来见袁绍曰：「今董贼西去，正可乘势追袭；本初按兵不动，何也？」绍曰：「诸兵疲困，进恐无益。」操曰：「董贼焚烧宫室，劫迁天子，海内震动，不知所归；此天亡之时也，一战而天下定矣。诸侯何疑而不进？」众诸侯皆言不可轻动。操大怒曰：「竖子不足与谋！」遂自引兵万余，领夏侯惇，夏侯渊，曹仁，曹洪，李典，乐进，星夜来赶董卓。",same_body_paragraph
曹洪,诸葛亮,1,1,40,"Chapter 40, P040-002: 却说夏侯惇败回许昌，自缚见曹操，伏地请死。操释之。惇曰：「惇遭诸葛亮诡计，用火攻破我军。」操曰：「汝自幼用兵，岂不知狭处须防火攻？」惇曰：「李典、于禁曾言及此，悔之不及！」操乃赏二人。惇曰：「刘备如此猖獗，真腹心之患也，不可不急除。」操曰：「吾所虑者，刘备、孙权耳。余皆不足介意。今当乘此时扫平江南。」便传令起大兵五十万，令曹仁、曹洪，为第一队；张辽、张郃，为第二队；夏侯渊、夏侯惇，为第三队；于禁、李典，为第四队；操自领诸将为第五队。每队各引兵十万。又令许褚为折冲将军，引兵三千为先锋。选定建安十三年秋七月丙午日出师。",same_body_paragraph
曹洪,郭汜,1,1,14,"Chapter 14, P014-009: 须臾，曹洪，李典，乐进，来见驾。通名毕，洪奏曰：「臣兄知贼兵至近，恐夏侯惇孤力难为，故又差臣等倍道而来协助。」帝曰：「曹将军真社稷臣也！」遂命护驾前行。探马来报：「李傕，郭汜，领兵长驱而来。」帝令夏侯惇分两路迎之。惇乃与曹洪分为两翼，马军先出，步军后随，尽力攻击。傕、汜贼兵大败，斩首万余。于是还洛阳故宫。夏侯惇屯兵于城外。",same_body_paragraph
曹洪,陈宫,1,1,11,"Chapter 11, P011-030: 却说吕布于寨中劳军。陈宫曰：「西寨是个要紧去处，倘或曹操袭之，奈何？」布曰：「他今日输了一阵，如何敢来？」宫曰：「曹操是极能用兵之人，须防他攻我不备。」布乃拨高顺并魏续、侯成引兵往守西寨。却说曹操于黄昏时分，引军至西寨，四面突入。寨兵不能抵挡，四散奔走，曹操夺了寨。将及四更，高顺方引军到，杀将入来。曹操自引军马来迎，正逢高顺，三军混战。将及天明，正西鼓声大震，人报吕布自引军来了。操弃寨而走。背后高顺，魏续，侯成赶来，当头吕布亲自引军来到。于禁，乐进，双战吕布不住，操望北而行。山后一彪军出：左有张辽，右有臧霸。操使吕虔、曹洪战之，不利，操望西而走。忽又喊声大震，一彪军至：郝萌，曹性，成廉，宋宪四将拦住去路。众将死战，操当先冲阵。梆子响处，箭如骤雨射将来。操不能前进，无计可脱，大叫：「谁人救我！」",same_body_paragraph
曹真,董卓,1,1,93,"Chapter 93, P093-010: 三军鼓角己罢，司徒王朗乘马而出。上首乃都督曹真，下首乃副都督郭淮：两个先锋压住阵角。探子马出军前，大叫曰：「请对阵主将答话！」只见蜀兵门旗开处，关兴、张苞，分左右而出，立马于两边；次后一队队骁将分列；门旗影下，中央一辆四轮车，孔明端坐车中，纶巾羽扇，素衣皂（左糸右条），飘然而出。孔明举目见魏阵前三个麾盖，旗上大书姓名，中央白髯老者，乃军师司徒王朗。孔明暗忖曰：「王朗必不说词，吾当随机应之。」遂教推车出阵外，令护军小校传曰：「汉丞相与司徒会话。」王朗纵马而出。孔明于车上拱手，王朗在马上欠身答礼。朗曰：「久闻公之大名，今幸一会。公既知天命、识时务，何故兴无名之师？」孔明曰：「吾奉诏讨贼，何谓无名？」朗曰：「天数有变，神器更易，而归有德之人，此自然之理也。曩自桓、灵以来，黄巾倡乱，天下争横。降至初平、建安之岁，董卓造逆，傕、汜继虐；袁术僭号于寿春，袁绍称雄于邺上；刘表占据荆州，吕布虎吞徐郡：盗贼蜂起，奸雄鹰扬，社稷有累卵之危，生灵有倒悬之急。我太祖武皇帝，扫清六合，席卷八荒；万姓倾心，四方迎德：非以权势取之，实天命所归也。世祖文帝，神圣文武，以膺大统，应天合人，法尧禅舜，处中国以治万邦，岂非天心人意乎？今公蕴大才，报大器，欲自比于管乐，何乃强欲逆天理，背人情而行事耶？岂不闻古人云：『顺天者昌，逆天者亡。」今我大魏带甲百万，良将千员。谅腐草之萤光，怎及天心之皓月？公可倒戈卸甲，以礼来降，不失封侯之位。国安民乐，岂不美哉！」孔明在车上大笑曰：「吾以为汉朝大老元臣，必有高论，岂期出此鄙言！吾有一言，诸军静听：昔桓、灵之世，汉统陵替，宦官酿祸；国乱岁凶，四方扰攘。黄巾之后，董卓、傕、汜等接踵而起，迁劫汉帝，残暴生灵。因庙堂之上，朽木为官；殿陛之间，禽兽食禄。狼心狗行之辈，滚滚当朝；奴颜婢膝之徒，纷纷秉政。以致社稷邱墟，苍生涂炭。吾素知汝所行！世居东海之滨，初举孝廉入仕。理合匡君辅国，安汉兴刘；何期反助逆贼，同谋篡位！罪恶深重，天地不容！天下之人，愿食汝肉！」「今幸天意不绝炎汉，昭烈皇帝继统西川。吾今奉嗣君之旨，兴师讨贼。汝既为谄谀之臣，只可潜身缩首，苟图衣食；安敢在行伍之前，妄称天数耶！皓首匹夫！苍髯老贼！汝即日将归于九泉之下，何面目见二十四帝乎！老贼速退！可叫反臣与吾共决胜负！」王朗听罢，气满胸膛，大叫一声，撞死于马下。后人有诗赞孔明曰：",same_body_paragraph
曹真,袁绍,1,1,93,"Chapter 93, P093-010: 三军鼓角己罢，司徒王朗乘马而出。上首乃都督曹真，下首乃副都督郭淮：两个先锋压住阵角。探子马出军前，大叫曰：「请对阵主将答话！」只见蜀兵门旗开处，关兴、张苞，分左右而出，立马于两边；次后一队队骁将分列；门旗影下，中央一辆四轮车，孔明端坐车中，纶巾羽扇，素衣皂（左糸右条），飘然而出。孔明举目见魏阵前三个麾盖，旗上大书姓名，中央白髯老者，乃军师司徒王朗。孔明暗忖曰：「王朗必不说词，吾当随机应之。」遂教推车出阵外，令护军小校传曰：「汉丞相与司徒会话。」王朗纵马而出。孔明于车上拱手，王朗在马上欠身答礼。朗曰：「久闻公之大名，今幸一会。公既知天命、识时务，何故兴无名之师？」孔明曰：「吾奉诏讨贼，何谓无名？」朗曰：「天数有变，神器更易，而归有德之人，此自然之理也。曩自桓、灵以来，黄巾倡乱，天下争横。降至初平、建安之岁，董卓造逆，傕、汜继虐；袁术僭号于寿春，袁绍称雄于邺上；刘表占据荆州，吕布虎吞徐郡：盗贼蜂起，奸雄鹰扬，社稷有累卵之危，生灵有倒悬之急。我太祖武皇帝，扫清六合，席卷八荒；万姓倾心，四方迎德：非以权势取之，实天命所归也。世祖文帝，神圣文武，以膺大统，应天合人，法尧禅舜，处中国以治万邦，岂非天心人意乎？今公蕴大才，报大器，欲自比于管乐，何乃强欲逆天理，背人情而行事耶？岂不闻古人云：『顺天者昌，逆天者亡。」今我大魏带甲百万，良将千员。谅腐草之萤光，怎及天心之皓月？公可倒戈卸甲，以礼来降，不失封侯之位。国安民乐，岂不美哉！」孔明在车上大笑曰：「吾以为汉朝大老元臣，必有高论，岂期出此鄙言！吾有一言，诸军静听：昔桓、灵之世，汉统陵替，宦官酿祸；国乱岁凶，四方扰攘。黄巾之后，董卓、傕、汜等接踵而起，迁劫汉帝，残暴生灵。因庙堂之上，朽木为官；殿陛之间，禽兽食禄。狼心狗行之辈，滚滚当朝；奴颜婢膝之徒，纷纷秉政。以致社稷邱墟，苍生涂炭。吾素知汝所行！世居东海之滨，初举孝廉入仕。理合匡君辅国，安汉兴刘；何期反助逆贼，同谋篡位！罪恶深重，天地不容！天下之人，愿食汝肉！」「今幸天意不绝炎汉，昭烈皇帝继统西川。吾今奉嗣君之旨，兴师讨贼。汝既为谄谀之臣，只可潜身缩首，苟图衣食；安敢在行伍之前，妄称天数耶！皓首匹夫！苍髯老贼！汝即日将归于九泉之下，何面目见二十四帝乎！老贼速退！可叫反臣与吾共决胜负！」王朗听罢，气满胸膛，大叫一声，撞死于马下。后人有诗赞孔明曰：",same_body_paragraph
曹真,许褚,1,1,86,"Chapter 86, P086-017: 丕从之。于是日夜并工，造龙舟十只，长二十余丈，可容二千余人；收拾战船三千余只。魏黄初五年秋八月，会聚大小将士，令曹真为前部，张辽、张邰、文聘、徐晃等为大将先行，许褚、吕虔为中军护卫，曹休为合后，刘晔、蒋济为参谋。前后水陆军马三十余万，克日起兵。封司马懿为尚书仆射，留在许昌。凡国政大事，并皆听懿决断。",same_body_paragraph
曹真,贾诩,1,1,85,"Chapter 85, P085-009: 正议之间，忽探马报：「曹真、夏侯尚围了南郡，被陆逊伏兵于内，诸葛瑾伏兵于外，内外夹攻，因此大败。」言未毕，忽探马又报：「曹休亦被吕范杀败。」丕听知三路兵败，乃喟然叹曰：「朕不听贾诩、刘晔之言，果有此败！」时值夏天，大疫流行，马步军十死六七，遂引军回洛阳。吴、魏自此不和。",same_body_paragraph
曹真,邓芝,1,1,100,"Chapter 100, P100-012: 正言间，忽流星马报到，说陈式折了四千余人，止有四五百带伤人马，屯在谷中。孔明令邓芝再来箕谷抚慰陈式，防其生变；一面唤马岱、王平分付曰：「斜谷若有魏兵把守，汝二人引本部军越山岭，夜行昼伏，速出祈山之左，举火为号。」又唤马忠、张翼分付曰：「汝等亦从山僻小路，昼伏夜行，迳出祈山之右，举火为号。与马岱、王平会合，共劫曹真营寨。吾自从谷中三面攻之，魏兵可破也。」",same_body_paragraph
李儒,赵云,1,1,7,"Chapter 7, P007-015: 却说袁绍输了一阵，坚守不出。两军相拒月余，有人来长安报知董卓。李儒对卓曰：「袁绍与公孙瓒，亦当今豪杰。见在磐河厮杀，宜假天子之诏，差人往和解之。二人感德，必顺太师矣。」卓大喜。次日便使太傅马日䃅、太仆赵岐，赍诏前去。二人来至河北，绍出迎于百里之外，再拜奉诏。次日二人至瓒营宣谕，瓒乃遣使致书于绍，互相讲和；二人自回京复命。瓒即日班师，又表荐刘玄德为平原相。玄德与赵云分别，执手垂泪，不忍相离。云叹曰：「某日误认公孙瓒为英雄；今观所为，亦袁绍等辈耳！」玄德曰：「公且屈身事之，相见有日。」洒泪而别。",same_body_paragraph
李肃,郭汜,1,1,9,"Chapter 9, P009-011: 次日，李肃引十数骑，前到郿坞。人报天子有诏，卓叫唤入。李肃入拜。卓曰：「天子有何诏？」肃曰：「天子病体新痊，欲会文武于未央殿，议将禅位于太师，故有此诏。」卓曰：「王允之意若何？」肃曰：「王司徒已命人筑『受禅台』，只等主公来。」卓大喜曰：「吾夜梦一龙罩身，今果得此喜信。时哉不可失！」便命心腹将李傕，郭汜，张济，樊稠，四人领飞熊军三千守郿坞，自己即日排驾回京；顾谓李肃曰：「吾为帝，汝当为执金吾。」肃拜谢称臣。",same_body_paragraph
杨修,马超,1,1,72,"Chapter 72, P072-028: 马超兵已退。操带伤归寨。原来被魏延射中人中，折却门牙两个，急令医士调治。方忆杨修之言，随将修尸收回厚葬，就令班师；却教庞德断后。操卧于毡车之中，左右虎贲军护卫而行。忽报斜谷山上两边火起，伏兵赶来。曹兵人人惊恐。正是：依稀昔日潼关厄，仿佛当年赤壁危。未知曹操性命如何，且看下文分解。",same_body_paragraph
法正,王平,1,1,73,"Chapter 73, P073-002: 且说玄德命刘封、孟达、王平等，攻取上庸诸郡。申耽等闻操已弃汉中而走，遂皆投降。玄德安民已定，大赏三军，人心大悦。于是众将皆有推尊玄德为帝之心；未敢迳启，却来禀告诸葛军师。孔明曰：「吾意已有定夺了。」随引法正等入见玄德曰：「今曹操专权，百姓无主；主公仁义著于天下，今已抚有两川之地，可以应天顺人，即皇帝位，名正言顺，以讨国贼。事不宜迟，便请择吉。」",same_body_paragraph
法正,邓芝,1,1,65,"Chapter 65, P065-027: 玄德从之，设一大宴，请刘璋收拾财物，佩领振威将军印绶，将妻子良贱，尽赴南郡公安住歇，即日起行。玄德自领益州牧，其所降文武，尽皆重赏，定拟名爵。严颜为前将军，法正为蜀郡太守，董和为掌军中郎将，许靖为左将军长史，庞义为营中司马，刘巴为左将军，黄权为右将军。其余吴懿，费观，彭羕，卓膺，李严，吴兰，雷同，李恢，张翼，秦宓，谯周，吕义，霍峻，邓芝，杨洪，周群，费袆，费诗，孟达，……文武投降官员，共六十余人，并皆擢用。诸葛亮军师，关云长为荡寇将军汉寿亭侯，张飞为征远将军新亭侯，赵云为镇远将军，黄忠为征西将军，魏延为扬武将军，马超为平西将军。孙干，简雍，糜竺、糜芳，刘封，关平，周仓，廖化，马良，马谡，蒋琬，伊籍，及旧日荆襄一班文武官员，尽皆升赏。遣使赍黄金五百斤，白银一千斤，钱五千万，蜀锦一千疋，赐与云长。其余官将，给赐有差。杀牛宰马，大饷士卒，开仓赈济百姓，军民大悦。",same_body_paragraph
法正,郭嘉,1,1,77,"Chapter 77, P077-024: 却说汉中王自东川回成都，法正奏曰：「王上先夫人去世；孙夫人又南归，未必再来。人伦之道，不可废也。必纳王妃，以襄内政。」汉中王从之。法正复奏曰：「吴懿有一妹，美而且贤。尝闻有相者，相此女后必大贵。先曾许刘焉之子刘瑁；瑁早殀。其女至今寡居，大王可纳之为妃。」汉中王曰：「刘瑁与我同宗，于理不可。」法正曰：「论其亲疏，何异晋文之与怀嬴乎？」汉中王乃依允，遂纳吴氏为王妃。后生二子：长刘永，字公寿；次刘理，字奉孝。",same_body_paragraph
王允,诸葛亮,1,1,120,"Chapter 120, P120-047: 高祖提剑入咸阳，炎炎红日升扶桑。光武龙兴成大统，金乌飞上天中央。哀哉献帝绍海宇，红轮西坠咸池傍！何进无谋中贵乱，凉州董卓居朝堂。王允定计诛逆党，李傕郭泛兴刀枪。四方盗贼如蚁聚，六合奸雄皆鹰扬。孙坚孙策起江左，袁绍袁术兴河梁。刘焉父子据巴蜀，刘表军旅屯荆襄。张修张鲁霸南郑，马腾韩遂守西凉。陶谦张绣公孙瓒，各逞雄才占一方。曹操专权居相府，牢笼英俊用文武。威震天子令诸侯，总领貔貅镇中土。楼桑玄德本皇孙，义结关张愿扶主。东西奔走恨无家，将寡兵微作羁旅。南阳三顾情可深，卧龙一见分寰宇。先取荆州后取川，霸业王图在天府。呜呼三载逝升遐，白帝托孤堪痛楚！孔明六出祁山前，愿以只手将天补。何期历数到此终，长星半夜落山坞！姜维独凭气力高，九伐中原空劬劳。钟会邓艾分兵进，汉室江山尽属曹。丕、叡、芳、髦才及奂，司马又将天下交。受禅台前云雾起，石头城下无波涛。陈留归命与安乐，王侯公爵从根苗。纷纷世事无穷尽，天数茫茫不可逃。鼎足三分已成梦，后人凭吊空牢骚。",same_body_paragraph
王允,贾诩,1,1,9,"Chapter 9, P009-025: 且说李傕，郭汜，张济，樊稠逃居陕西，使人至长安上表求赦。王允曰：「卓之跋扈，皆此四人助之；今虽大赦天下，独不赦此四人。」使者回报李傕。傕曰：「求赦不得，各自逃生可也。」谋士贾诩曰：「诸君若弃军单行，则一亭长能缚君矣。不若诱集陕人，并本部军马，杀入长安，与董卓报雠。事济，奉朝廷以正天下；若其不胜，走亦未迟。」",same_body_paragraph
王允,邓艾,1,1,120,"Chapter 120, P120-047: 高祖提剑入咸阳，炎炎红日升扶桑。光武龙兴成大统，金乌飞上天中央。哀哉献帝绍海宇，红轮西坠咸池傍！何进无谋中贵乱，凉州董卓居朝堂。王允定计诛逆党，李傕郭泛兴刀枪。四方盗贼如蚁聚，六合奸雄皆鹰扬。孙坚孙策起江左，袁绍袁术兴河梁。刘焉父子据巴蜀，刘表军旅屯荆襄。张修张鲁霸南郑，马腾韩遂守西凉。陶谦张绣公孙瓒，各逞雄才占一方。曹操专权居相府，牢笼英俊用文武。威震天子令诸侯，总领貔貅镇中土。楼桑玄德本皇孙，义结关张愿扶主。东西奔走恨无家，将寡兵微作羁旅。南阳三顾情可深，卧龙一见分寰宇。先取荆州后取川，霸业王图在天府。呜呼三载逝升遐，白帝托孤堪痛楚！孔明六出祁山前，愿以只手将天补。何期历数到此终，长星半夜落山坞！姜维独凭气力高，九伐中原空劬劳。钟会邓艾分兵进，汉室江山尽属曹。丕、叡、芳、髦才及奂，司马又将天下交。受禅台前云雾起，石头城下无波涛。陈留归命与安乐，王侯公爵从根苗。纷纷世事无穷尽，天数茫茫不可逃。鼎足三分已成梦，后人凭吊空牢骚。",same_body_paragraph
王允,钟会,1,1,120,"Chapter 120, P120-047: 高祖提剑入咸阳，炎炎红日升扶桑。光武龙兴成大统，金乌飞上天中央。哀哉献帝绍海宇，红轮西坠咸池傍！何进无谋中贵乱，凉州董卓居朝堂。王允定计诛逆党，李傕郭泛兴刀枪。四方盗贼如蚁聚，六合奸雄皆鹰扬。孙坚孙策起江左，袁绍袁术兴河梁。刘焉父子据巴蜀，刘表军旅屯荆襄。张修张鲁霸南郑，马腾韩遂守西凉。陶谦张绣公孙瓒，各逞雄才占一方。曹操专权居相府，牢笼英俊用文武。威震天子令诸侯，总领貔貅镇中土。楼桑玄德本皇孙，义结关张愿扶主。东西奔走恨无家，将寡兵微作羁旅。南阳三顾情可深，卧龙一见分寰宇。先取荆州后取川，霸业王图在天府。呜呼三载逝升遐，白帝托孤堪痛楚！孔明六出祁山前，愿以只手将天补。何期历数到此终，长星半夜落山坞！姜维独凭气力高，九伐中原空劬劳。钟会邓艾分兵进，汉室江山尽属曹。丕、叡、芳、髦才及奂，司马又将天下交。受禅台前云雾起，石头城下无波涛。陈留归命与安乐，王侯公爵从根苗。纷纷世事无穷尽，天数茫茫不可逃。鼎足三分已成梦，后人凭吊空牢骚。",same_body_paragraph
王允,马腾,1,1,120,"Chapter 120, P120-047: 高祖提剑入咸阳，炎炎红日升扶桑。光武龙兴成大统，金乌飞上天中央。哀哉献帝绍海宇，红轮西坠咸池傍！何进无谋中贵乱，凉州董卓居朝堂。王允定计诛逆党，李傕郭泛兴刀枪。四方盗贼如蚁聚，六合奸雄皆鹰扬。孙坚孙策起江左，袁绍袁术兴河梁。刘焉父子据巴蜀，刘表军旅屯荆襄。张修张鲁霸南郑，马腾韩遂守西凉。陶谦张绣公孙瓒，各逞雄才占一方。曹操专权居相府，牢笼英俊用文武。威震天子令诸侯，总领貔貅镇中土。楼桑玄德本皇孙，义结关张愿扶主。东西奔走恨无家，将寡兵微作羁旅。南阳三顾情可深，卧龙一见分寰宇。先取荆州后取川，霸业王图在天府。呜呼三载逝升遐，白帝托孤堪痛楚！孔明六出祁山前，愿以只手将天补。何期历数到此终，长星半夜落山坞！姜维独凭气力高，九伐中原空劬劳。钟会邓艾分兵进，汉室江山尽属曹。丕、叡、芳、髦才及奂，司马又将天下交。受禅台前云雾起，石头城下无波涛。陈留归命与安乐，王侯公爵从根苗。纷纷世事无穷尽，天数茫茫不可逃。鼎足三分已成梦，后人凭吊空牢骚。",same_body_paragraph
王允,黄盖,1,1,9,"Chapter 9, P009-032: 吕布再三相劝，王允只是不肯去。不一时，各门火燄竟天，吕布只得弃却家小，引百余骑飞奔出关，投袁术去了。李傕、郭汜纵兵大掠，太常卿种拂，太仆鲁馗，大鸿胪周奂，城门校尉崔烈，越骑校尉王颀皆死于国难。贼兵围绕内庭至急，侍臣请天子上宣平门止乱。李傕等望见黄盖，约住军士，口呼万岁。献帝倚楼问曰：「卿不候奏请，辄入长安，意欲何为？」李傕、郭汜仰面奏曰：「董太师乃陛下社稷之臣，无端被王允谋杀，臣等特来报雠，非敢造反。但见王允，臣便退兵。」",same_body_paragraph
王平,费祎,1,1,88,"Chapter 88, P088-009: 孔明曰：「这番生擒，如又不服，必无轻恕。」令左右去其绳索，仍前赐以酒食，列坐于帐上。孔明曰：「吾自出茅庐，战无不胜，攻无不取。汝蛮邦之人，何为不服？」获默然不答。孔明酒后，唤孟获同上马出寨，看视诸营寨栅所屯粮草，所积军器。孔明指谓获曰：「汝不降吾，真愚人也；吾有如此之精兵猛将，粮草器械，汝安能胜吾哉？汝若早降，吾当奏闻天子，令汝不先王位，子子孙孙，永镇蛮邦。意下若何？」获曰：「某虽肯降，怎奈洞中之人，未肯心服。若丞相肯再放回去，就当招安本部人马，同心合胆，方可归顺。」孔明欣然，又与孟获回到大寨，饮酒至晚。获辞去，孔明亲自送至泸水边，以船送获归寨。孟获来到本寨，先伏刀斧手于帐下，差心腹人到董荼那、阿会喃寨中，只推孔明有使命在，将二人赚到大寨帐下，尽皆杀之，弃尸于涧。孟获随即遣亲信之人，把守隘口，自引军出了夹山谷，要与马岱交战，却并不见一人；及问土人，皆言昨夜尽搬粮草复渡泸水，归大寨去了。获再回洞中，与亲弟孟优商议曰：「如今诸葛亮之虚实，吾已尽知，汝可去如此如此。」孟优领了兄计，引百余蛮兵，搬载金珠、宝贝、象牙、犀角之类，渡了泸水，迳投孔明大寨而来；方才过了河时，前面鼓角齐鸣，一彪军摆开，为首大将，乃马岱也。孟优大惊。岱问了来情，令在外厢，差人来报孔明。孔明正在帐中与马谡，吕凯，蒋琬，费祎等，共议平蛮之事，忽帐下一人，报称孟获差弟孟优来进宝贝。孔明回顾马谡曰；「汝知其来意否？」谡曰：「不敢明言。容某暗写于纸上，呈与丞相，看合钧意否？」孔明从之。马谡写讫，呈与孔明。孔明看毕，抚掌大笑曰：「擒孟获之计，吾已差派下也。汝之所见，正与吾同。」遂唤赵云入，向耳畔分付如此如此；又唤魏延入，亦低言分付；又唤王平、马忠、关索入，亦各密地分付。各人受了计策，皆依令而去，方召孟优入帐。优再拜于帐下曰：「家兄孟获，感丞相活命之恩，无可奉献，辄具金珠宝贝若干，权为赏军之资。续后别有贡天子礼物。」孔明曰：「汝兄今在何处？」优曰：「为感丞相大恩，迳往银坑山中收拾宝物去了，少时便回来也。」孔明曰：「汝带多少人来？」优曰：「不敢多带：只是随行百余人，皆运货物者。」孔明尽教入帐看时，皆是青眼黑面，黄发紫须，耳带金环，鬅头跣足，长力大之士。孔明就令随席而坐，教诸将劝酒，慇懃相待。",same_body_paragraph
田丰,赵云,1,1,7,"Chapter 7, P007-014: 正说之间，忽见赵云冲到面前。弓箭手急待射时，云连刺数人，众军皆走。后面瓒军团团围裹上来。田丰慌对绍曰：「主公且于空墙中躲避！」绍以兜鍪扑地，大呼曰：「大丈夫愿临阵斗死，岂可入墙而望活乎！」众军士齐心死战，赵云冲突不入，绍兵大队掩至，颜良亦引军来到，两路并杀。赵云保公孙瓒杀透重围，回到界桥。绍驱兵大进，复赶过桥，落水死者，不计其数。袁绍当先赶来，不到五里，只听得山背后喊声大起，闪出一彪人马，为首三员大将，乃是刘玄德，关云长，张翼德。因在平原探知公孙瓒与袁绍相争，特来助战。当下三匹马，三般兵器，飞奔前来，直取袁绍。绍惊得魂飞天外，手中宝刀坠于马下，忙拨马而逃，众人死救过桥。公孙瓒亦收军归寨。玄德、关、张动问毕，瓒曰：「若非玄德远来救我，几乎狼狈。」教与赵云相见。玄德甚相敬爱，便有不舍之心。",same_body_paragraph
祢衡,程昱,1,1,23,"Chapter 23, P023-008: 帝览表，以付曹操。操遂使人召衡至。礼毕，操不命坐。祢衡仰天叹曰：「天地虽阔，何无一人也！」操曰：「吾手下有数十人，皆当世英雄，何谓无人？」衡曰：「愿闻。」操曰：「荀彧，荀攸，郭嘉，程昱，机深智远，虽萧何，陈平不及也。张辽[陈怡妏3]，许褚，乐进，李典，勇不可当，虽岑彭，马武不及也。吕虔，满宠，为从事；于禁，徐晃，为先锋。夏侯惇，天下奇才；曹子孝，世间福将。安得无人？」衡笑曰：「公言差矣。此等人物，吾尽识之：荀彧可使吊丧问疾，荀攸可使看坟守墓，程昱可使关门闭户，郭嘉可使白词念赋，张辽可使击鼓鸣金，许褚可使牧牛放马，乐进可使取状读诏，李典可使传书送檄，吕虔可使磨刀铸剑，满宠可使饮酒食糟，于禁可使负版筑墙，徐晃可使屠猪杀狗。夏侯惇称为『完体将军』，曹子孝呼为『要钱太守』。其余皆是衣架！饭囊！酒桶！肉袋耳！」操怒曰：「汝有何能？」衡曰：「天文地理，无一不通；三教九流，无一不晓；上可以致君为尧、舜，下可以配德于孔、颜。岂与俗子共论乎！」时止有张辽在侧，掣剑欲斩之。操曰：「吾正少一鼓吏；早晚朝贺宴享，可令祢衡充此职。」衡不推辞，应声而去。辽曰：「此人出言不逊，何不杀之？」操曰：「此人素有虚名，远近所闻。今日杀之，天下必谓我不能容物，彼自以为能，故令为鼓吏以辱之。」",same_body_paragraph
祢衡,荀攸,1,1,23,"Chapter 23, P023-008: 帝览表，以付曹操。操遂使人召衡至。礼毕，操不命坐。祢衡仰天叹曰：「天地虽阔，何无一人也！」操曰：「吾手下有数十人，皆当世英雄，何谓无人？」衡曰：「愿闻。」操曰：「荀彧，荀攸，郭嘉，程昱，机深智远，虽萧何，陈平不及也。张辽[陈怡妏3]，许褚，乐进，李典，勇不可当，虽岑彭，马武不及也。吕虔，满宠，为从事；于禁，徐晃，为先锋。夏侯惇，天下奇才；曹子孝，世间福将。安得无人？」衡笑曰：「公言差矣。此等人物，吾尽识之：荀彧可使吊丧问疾，荀攸可使看坟守墓，程昱可使关门闭户，郭嘉可使白词念赋，张辽可使击鼓鸣金，许褚可使牧牛放马，乐进可使取状读诏，李典可使传书送檄，吕虔可使磨刀铸剑，满宠可使饮酒食糟，于禁可使负版筑墙，徐晃可使屠猪杀狗。夏侯惇称为『完体将军』，曹子孝呼为『要钱太守』。其余皆是衣架！饭囊！酒桶！肉袋耳！」操怒曰：「汝有何能？」衡曰：「天文地理，无一不通；三教九流，无一不晓；上可以致君为尧、舜，下可以配德于孔、颜。岂与俗子共论乎！」时止有张辽在侧，掣剑欲斩之。操曰：「吾正少一鼓吏；早晚朝贺宴享，可令祢衡充此职。」衡不推辞，应声而去。辽曰：「此人出言不逊，何不杀之？」操曰：「此人素有虚名，远近所闻。今日杀之，天下必谓我不能容物，彼自以为能，故令为鼓吏以辱之。」",same_body_paragraph
祢衡,许褚,1,1,23,"Chapter 23, P023-008: 帝览表，以付曹操。操遂使人召衡至。礼毕，操不命坐。祢衡仰天叹曰：「天地虽阔，何无一人也！」操曰：「吾手下有数十人，皆当世英雄，何谓无人？」衡曰：「愿闻。」操曰：「荀彧，荀攸，郭嘉，程昱，机深智远，虽萧何，陈平不及也。张辽[陈怡妏3]，许褚，乐进，李典，勇不可当，虽岑彭，马武不及也。吕虔，满宠，为从事；于禁，徐晃，为先锋。夏侯惇，天下奇才；曹子孝，世间福将。安得无人？」衡笑曰：「公言差矣。此等人物，吾尽识之：荀彧可使吊丧问疾，荀攸可使看坟守墓，程昱可使关门闭户，郭嘉可使白词念赋，张辽可使击鼓鸣金，许褚可使牧牛放马，乐进可使取状读诏，李典可使传书送檄，吕虔可使磨刀铸剑，满宠可使饮酒食糟，于禁可使负版筑墙，徐晃可使屠猪杀狗。夏侯惇称为『完体将军』，曹子孝呼为『要钱太守』。其余皆是衣架！饭囊！酒桶！肉袋耳！」操怒曰：「汝有何能？」衡曰：「天文地理，无一不通；三教九流，无一不晓；上可以致君为尧、舜，下可以配德于孔、颜。岂与俗子共论乎！」时止有张辽在侧，掣剑欲斩之。操曰：「吾正少一鼓吏；早晚朝贺宴享，可令祢衡充此职。」衡不推辞，应声而去。辽曰：「此人出言不逊，何不杀之？」操曰：「此人素有虚名，远近所闻。今日杀之，天下必谓我不能容物，彼自以为能，故令为鼓吏以辱之。」",same_body_paragraph
祢衡,郭嘉,1,1,23,"Chapter 23, P023-008: 帝览表，以付曹操。操遂使人召衡至。礼毕，操不命坐。祢衡仰天叹曰：「天地虽阔，何无一人也！」操曰：「吾手下有数十人，皆当世英雄，何谓无人？」衡曰：「愿闻。」操曰：「荀彧，荀攸，郭嘉，程昱，机深智远，虽萧何，陈平不及也。张辽[陈怡妏3]，许褚，乐进，李典，勇不可当，虽岑彭，马武不及也。吕虔，满宠，为从事；于禁，徐晃，为先锋。夏侯惇，天下奇才；曹子孝，世间福将。安得无人？」衡笑曰：「公言差矣。此等人物，吾尽识之：荀彧可使吊丧问疾，荀攸可使看坟守墓，程昱可使关门闭户，郭嘉可使白词念赋，张辽可使击鼓鸣金，许褚可使牧牛放马，乐进可使取状读诏，李典可使传书送檄，吕虔可使磨刀铸剑，满宠可使饮酒食糟，于禁可使负版筑墙，徐晃可使屠猪杀狗。夏侯惇称为『完体将军』，曹子孝呼为『要钱太守』。其余皆是衣架！饭囊！酒桶！肉袋耳！」操怒曰：「汝有何能？」衡曰：「天文地理，无一不通；三教九流，无一不晓；上可以致君为尧、舜，下可以配德于孔、颜。岂与俗子共论乎！」时止有张辽在侧，掣剑欲斩之。操曰：「吾正少一鼓吏；早晚朝贺宴享，可令祢衡充此职。」衡不推辞，应声而去。辽曰：「此人出言不逊，何不杀之？」操曰：「此人素有虚名，远近所闻。今日杀之，天下必谓我不能容物，彼自以为能，故令为鼓吏以辱之。」",same_body_paragraph
程昱,许攸,1,1,22,"Chapter 22, P022-021: 孔融默然。操大笑曰：「皆不出荀文若之料。」遂唤前军刘岱、后军王忠引军五万，打著丞相旗号，去徐州攻刘备。原来刘岱旧为衮州刺史；及操取衮州，岱降于操，操用为偏将，故今差他与王忠一同领兵。操却自引大军二十万，进黎阳，拒袁绍。程昱曰：「恐刘岱、王忠不称其使。」操曰：「吾亦知非刘备敌手，权且虚张声势。」分付：「不可轻进。待我破绍，再勒兵破备。」刘岱、王忠领兵去了。曹操自引兵至黎阳。两军隔八十里，各自深沟高垒，相持不战。自八月守至十月。原来许攸不乐审配领兵，沮授又恨绍不用其谋，各不相和，不图进取。袁绍心怀疑惑，不思进兵。操乃唤吕布手下降将臧霸把守青、徐；于禁、李典屯兵河上；曹仁总督大军，屯于官渡。操自引一军，竟回许都。",same_body_paragraph
程昱,诸葛亮,1,1,92,"Chapter 92, P092-003: 邓芝见赵云大胜，率蜀兵掩杀，西凉兵大败而走。韩德险被赵云擒住，弃甲步行而逃。云与邓芝收军回寨。芝贺曰：「将军寿已七旬，英勇如昨。今日阵前力斩四将，世所罕有！」云曰：「丞相以吾年迈，不肯见用，故聊以自表耳。」遂差人解韩瑶，申报捷书，以达孔明。却说韩德引败军回见夏侯楙，哭其事。楙自统兵来迎赵云。探马报入蜀寨，说夏侯楙引兵到。云绰鎗上马，引千余军，就凤鸣山前摆成阵势。当日夏侯楙戴金盔，坐白马，手提大砍刀，立在门旗之下。见赵云跃马挺鎗，往来驰骋，楙欲自战。韩德曰：「杀吾四子之雠，如何不报！」纵马轮开山大斧，直取赵云。云奋怒挺鎗来迎；战不三合，鎗起处，刺死韩德于马下，急拨马直取夏侯楙。楙慌忙闪入本阵。邓芝驱兵掩杀，魏兵又折一阵，退十余里下寨。楙连夜与众将商议曰：「吾久闻赵云之名，未尝见面；今日年老，英雄尚在，方信当阳长（左土右反）之事。似此无人可敌，如之奈何？」参军程武乃程昱之子也，进言曰：「某料赵云有勇无谋，不足为虑。来日都督再引兵出，先伏两军于左右；都督临阵先退，诱赵云到伏兵处，都督却登山指挥四面军马，重叠围住，云可擒矣。」楙从其言，遂遣董禧引三万军伏于左，薛则引三万军伏于右：二人埋伏已定。",same_body_paragraph
程昱,赵云,1,1,92,"Chapter 92, P092-003: 邓芝见赵云大胜，率蜀兵掩杀，西凉兵大败而走。韩德险被赵云擒住，弃甲步行而逃。云与邓芝收军回寨。芝贺曰：「将军寿已七旬，英勇如昨。今日阵前力斩四将，世所罕有！」云曰：「丞相以吾年迈，不肯见用，故聊以自表耳。」遂差人解韩瑶，申报捷书，以达孔明。却说韩德引败军回见夏侯楙，哭其事。楙自统兵来迎赵云。探马报入蜀寨，说夏侯楙引兵到。云绰鎗上马，引千余军，就凤鸣山前摆成阵势。当日夏侯楙戴金盔，坐白马，手提大砍刀，立在门旗之下。见赵云跃马挺鎗，往来驰骋，楙欲自战。韩德曰：「杀吾四子之雠，如何不报！」纵马轮开山大斧，直取赵云。云奋怒挺鎗来迎；战不三合，鎗起处，刺死韩德于马下，急拨马直取夏侯楙。楙慌忙闪入本阵。邓芝驱兵掩杀，魏兵又折一阵，退十余里下寨。楙连夜与众将商议曰：「吾久闻赵云之名，未尝见面；今日年老，英雄尚在，方信当阳长（左土右反）之事。似此无人可敌，如之奈何？」参军程武乃程昱之子也，进言曰：「某料赵云有勇无谋，不足为虑。来日都督再引兵出，先伏两军于左右；都督临阵先退，诱赵云到伏兵处，都督却登山指挥四面军马，重叠围住，云可擒矣。」楙从其言，遂遣董禧引三万军伏于左，薛则引三万军伏于右：二人埋伏已定。",same_body_paragraph
程昱,邓芝,1,1,92,"Chapter 92, P092-003: 邓芝见赵云大胜，率蜀兵掩杀，西凉兵大败而走。韩德险被赵云擒住，弃甲步行而逃。云与邓芝收军回寨。芝贺曰：「将军寿已七旬，英勇如昨。今日阵前力斩四将，世所罕有！」云曰：「丞相以吾年迈，不肯见用，故聊以自表耳。」遂差人解韩瑶，申报捷书，以达孔明。却说韩德引败军回见夏侯楙，哭其事。楙自统兵来迎赵云。探马报入蜀寨，说夏侯楙引兵到。云绰鎗上马，引千余军，就凤鸣山前摆成阵势。当日夏侯楙戴金盔，坐白马，手提大砍刀，立在门旗之下。见赵云跃马挺鎗，往来驰骋，楙欲自战。韩德曰：「杀吾四子之雠，如何不报！」纵马轮开山大斧，直取赵云。云奋怒挺鎗来迎；战不三合，鎗起处，刺死韩德于马下，急拨马直取夏侯楙。楙慌忙闪入本阵。邓芝驱兵掩杀，魏兵又折一阵，退十余里下寨。楙连夜与众将商议曰：「吾久闻赵云之名，未尝见面；今日年老，英雄尚在，方信当阳长（左土右反）之事。似此无人可敌，如之奈何？」参军程武乃程昱之子也，进言曰：「某料赵云有勇无谋，不足为虑。来日都督再引兵出，先伏两军于左右；都督临阵先退，诱赵云到伏兵处，都督却登山指挥四面军马，重叠围住，云可擒矣。」楙从其言，遂遣董禧引三万军伏于左，薛则引三万军伏于右：二人埋伏已定。",same_body_paragraph
程昱,郭汜,1,1,11,"Chapter 11, P011-019: 正商议间，忽流星马飞报「祸事！」。操问其故，报说吕布已袭破兖州，进据濮阳。原来吕布自遭李、郭之乱，逃出武关，去投袁术；术怪吕布反复不定，拒而不纳。投袁绍，绍纳之，与布共破张燕于常山；布自以为得志，傲慢袁绍手下将士。绍欲杀之，布乃去投张扬，扬纳之。时庞舒在长安城中，私藏吕布妻小，送还吕布。李傕、郭汜知之，遂斩庞舒，写书与张扬，教杀吕布；布因弃张扬去投张邈。恰好张邈弟张超引陈宫来见张邈。宫说邈曰：「今天下分崩，英雄并起，君以千里之众，而反受制于人，不亦鄙乎！今曹操征东，兖州空虚，而吕布乃当世勇士，若与之共取兖州，伯业可图也。」张邈大喜，便令吕布袭破兖州，随据濮阳。止有鄄城，东阿，范县三处，被荀彧、程昱设计死守得全，其余俱破。曹仁屡战，皆不能胜，特此告急。",same_body_paragraph
程昱,陈登,1,1,24,"Chapter 24, P024-019: 且说曹操当夜取了小沛，随即进兵攻徐州。糜竺，简雍，守把不住，只弃城而走。陈登献了徐州。曹操大军入城，安民己毕，随唤众谋士议取下邛。荀彧曰：「云长保护玄德妻小，死守此城；若不速取，恐为袁绍所窃。」操曰：「吾素爱云长武艺人材，欲得之以为己用，不若令人说之使降。」郭嘉曰：「云长义气深重，必不肯降。若使人说之，恐被其害。」帐下一人出曰：「某与关公有一面之交，愿往说之。」众视之，乃张辽也。程昱曰：「文远虽与云长有旧，吾观此人，非可以言词说也。某有一计，使此人进退无路，然后用文远说之，彼必归丞相矣。」正是：整备窝弓射猛虎，安排香饵钓鳌鱼。未知其计若何，且看下文分解。",same_body_paragraph
程昱,马腾,1,1,24,"Chapter 24, P024-007: 操谕监宫官曰：「今后但有外戚宗族，不奉吾旨，辄入宫门者斩。守御不严，与同罪。」又拨心腹人三千充御林军，令曹洪统领，以为防察。操谓程昱曰：「今董承等虽诛，尚有马腾，刘备，亦在此数，不可不除。」昱曰：「马腾屯军西凉，未可轻取；但当以书慰劳，勿使生疑，诱入京师图之，可也。刘备现在徐州，分布掎角之势，亦不可轻敌。况今袁绍屯兵官渡，常有图许都之心。若我一旦东征，刘备势必求救于绍。绍趁虚来袭，何以当之？」操曰：「非也，备乃人杰也。今若不击，待其羽翼既成，急难图矣。袁绍虽强，事多怀疑不决，何足忧乎？」",same_body_paragraph
程昱,鲁肃,1,1,56,"Chapter 56, P056-013: 操点头曰：「是也。」昱曰：「某有一计，使孙、刘自相吞并，丞相乘间图之，一鼓而二敌俱破。」操大喜，遂问其计。程昱曰：「东吴所倚者，周瑜也。丞相今表奏周瑜为南郡太守、程普为江夏太守，留华歆在周瑜既领南郡，愈思报雠，遂上书吴侯，乞命鲁肃去讨还荆州。孙权乃命肃曰：「汝昔保荆州与刘备，今备迁延不还，等待何时？」肃曰：「文书上明白写著，得了西川便还。」权叱曰：「只说取西川，至今又不动兵，不等老了人！」肃曰：「某愿往言之。」遂乘投荆州而来。",same_body_paragraph
程昱,黄盖,1,1,49,"Chapter 49, P049-030: 却说曹操在大寨中，与众将商议，只等黄盖消息。当日东南风起甚紧，程昱入告曹操曰：「今日东南风起，宜预隄防。」操笑曰：「冬至一阳生，来复之时，安得无东南风？何足为怪？」",same_body_paragraph
管辂,鲁肃,1,1,69,"Chapter 69, P069-013: 操欲封辂为太吏。辂曰：「命薄相穷，不称此职，不敢受也。」操问其故。答曰；「辂额无主骨，眼无守睛；鼻无梁柱，脚无天根；背无三甲，腹无三壬。只可泰山治鬼，不能治生人也。」操曰：「汝相吾若何﹖」辂曰：「位极人臣，又何必相﹖」再三问之，辂但笑而不答。操令辂遍相文武官僚。辂曰：「皆治世之臣也。」操问休咎，皆不肯尽言。后人有诗赞管辂曰：平明神卜管公明，能算南辰北斗星。八卦幽微通鬼窍，六爻玄奥究天庭。预知相法应无寿，」自觉心源极有灵。可惜当年奇异术，后人无复授遗经。操令卜东吴，西蜀二处。辂设卦云：「东吴主亡一大将，西蜀有兵犯界。」操不信。忽合淝报来：「东吴陆口守将鲁肃身故。」操大惊，便差人往汉中探听消息。不数日，飞报：「刘玄德遣张飞，马超屯兵下办取关。」操大怒，便欲自领兵再入汉中，令管辂卜之，辂曰：「大王未可妄动。来春许都必有火灾。」",same_body_paragraph
管辂,黄忠,1,1,71,"Chapter 71, P071-017: 操令人寻管辂时，不知何处去了。操深恨黄忠，遂亲统率大军，来定军山与夏侯渊报雠，令徐晃作先锋。行到汉水，张郃，杜袭，接著曹操。二将曰：「今定军山已失，可将米仓山粮草移于北山寨中屯积，然后进兵。」曹操依允。",same_body_paragraph
荀彧,诸葛亮,1,1,39,"Chapter 39, P039-018: 操即命夏侯惇为都督；于禁、李典、夏侯兰、韩浩为副将；领兵十万，直抵博望城，以窥新野。荀彧谏曰：「刘备英雄，今更兼诸葛亮为军师，不可轻敌。」惇曰：「刘备鼠辈耳，吾必擒之。」徐庶曰：「将军勿轻视刘玄德。今玄德得诸葛亮为辅，如虎生翼矣。」操曰：「诸葛亮何人也？」庶曰：「亮字孔明，道号卧龙先生。有经天纬地之才，出鬼入神之计，真当世奇士，非可小觑。」",same_body_paragraph
荀彧,郭汜,1,1,11,"Chapter 11, P011-019: 正商议间，忽流星马飞报「祸事！」。操问其故，报说吕布已袭破兖州，进据濮阳。原来吕布自遭李、郭之乱，逃出武关，去投袁术；术怪吕布反复不定，拒而不纳。投袁绍，绍纳之，与布共破张燕于常山；布自以为得志，傲慢袁绍手下将士。绍欲杀之，布乃去投张扬，扬纳之。时庞舒在长安城中，私藏吕布妻小，送还吕布。李傕、郭汜知之，遂斩庞舒，写书与张扬，教杀吕布；布因弃张扬去投张邈。恰好张邈弟张超引陈宫来见张邈。宫说邈曰：「今天下分崩，英雄并起，君以千里之众，而反受制于人，不亦鄙乎！今曹操征东，兖州空虚，而吕布乃当世勇士，若与之共取兖州，伯业可图也。」张邈大喜，便令吕布袭破兖州，随据濮阳。止有鄄城，东阿，范县三处，被荀彧、程昱设计死守得全，其余俱破。曹仁屡战，皆不能胜，特此告急。",same_body_paragraph
荀彧,陈登,1,1,24,"Chapter 24, P024-019: 且说曹操当夜取了小沛，随即进兵攻徐州。糜竺，简雍，守把不住，只弃城而走。陈登献了徐州。曹操大军入城，安民己毕，随唤众谋士议取下邛。荀彧曰：「云长保护玄德妻小，死守此城；若不速取，恐为袁绍所窃。」操曰：「吾素爱云长武艺人材，欲得之以为己用，不若令人说之使降。」郭嘉曰：「云长义气深重，必不肯降。若使人说之，恐被其害。」帐下一人出曰：「某与关公有一面之交，愿往说之。」众视之，乃张辽也。程昱曰：「文远虽与云长有旧，吾观此人，非可以言词说也。某有一计，使此人进退无路，然后用文远说之，彼必归丞相矣。」正是：整备窝弓射猛虎，安排香饵钓鳌鱼。未知其计若何，且看下文分解。",same_body_paragraph
荀攸,陈宫,1,1,19,"Chapter 19, P019-030: 却说曹操攻城，两月不下，忽报：「河内太守张扬出兵东市，欲救吕布；部将杨丑杀之，欲将头献丞相，欲被张扬心腹将眭固所杀，反投大城去了。」操闻报，即遣史涣追斩眭固。因聚众将曰：「张扬虽幸自灭，然北有袁绍之忧，东有表、绣之患，下邳久围不克。吾欲舍布还都，暂且息战，何如？」荀攸急止曰：「不可，吕布屡败，锐气已堕。军以将为主，将衰则军无战心。彼陈宫虽有谋而迟，今布之气未复，宫之谋未定，作速政之，布可擒也。」郭嘉曰：「某有一计，下邳城可立破，胜于二十万师。」荀彧曰：「莫非决沂、泗之水乎？」嘉笑曰：「正是此意。」",same_body_paragraph
荀攸,马腾,1,1,57,"Chapter 57, P057-019: 早有人报到许昌，言刘备有诸葛亮，庞统为谋士，招军买马，积草屯粮，连结东吴，早晚必兴兵北伐。曹操闻之，遂聚谋士商议南征。荀攸进曰：「周瑜新死，可先取孙权，次攻刘备。」操曰：「我若远征，恐马腾来袭许都。前在赤壁之时，军中有讹言，亦传西凉入寇之事，今不可不防也。」荀攸曰：「以愚所见，不若降诏，加马腾为征南将军，使讨孙权；诱入京师，先除此人，则南征无患矣。」操大喜，即日遣人赍诏至西凉召马腾。",same_body_paragraph
荀攸,马超,1,1,59,"Chapter 59, P059-001: 却说当夜两兵混战，直到天明，各自收兵。马超屯兵渭口，日夜分兵，前后攻击。曹操在渭河内，将船筏锁链作浮桥三条，接连南岸。曹仁引军夹河立寨，将粮草车辆穿连，以为屏障。马超闻之，教军士各挟草一束，带著火种，与韩遂引军并力，杀到寨前，堆积草把，放起烈火。操兵抵敌不住，弃寨而走。车乘，浮桥，尽被烧毁。西凉兵大胜，截住渭河。曹操立不起营寨，心中忧惧。荀攸曰：「可取渭河沙土筑起土城，可以坚守。」操拨三万军担土筑城。马超又差庞德，马岱各引五百马军，往来冲突；更兼沙土不实，筑起便倒，操无计可施。",same_body_paragraph
荀攸,鲁肃,1,1,48,"Chapter 48, P048-006: 饮至半夜，操酒酣，遥指南岸曰：「周瑜，鲁肃，不识天时。今幸有投降之人，为彼心腹之患，此天助吾也。」荀攸曰：「丞相勿言，恐有泄漏。」操大笑曰：「座上诸公，与近侍左右，皆吾心腹之人也，，言之何碍？」又指夏口曰：「刘备，诸葛亮，汝不料蝼蚁之力，欲撼泰山，何其愚耶！」顾谓诸将曰：「吾今年五十四岁矣。如得江南，窃有所喜。昔日乔公与吾至契，吾知其二女皆有国色。后不料为孙策，周瑜，所娶。吾今新构铜雀台于漳水之上，如得江南，当娶二乔，置之台上，以娱暮年，吾愿足矣。」言罢大笑。唐人杜牧之有诗曰：折戟沈沙铁未消，自将磨洗认前朝。东风不与周郎便，铜雀春深锁二乔。",same_body_paragraph
董卓,贾诩,1,1,9,"Chapter 9, P009-025: 且说李傕，郭汜，张济，樊稠逃居陕西，使人至长安上表求赦。王允曰：「卓之跋扈，皆此四人助之；今虽大赦天下，独不赦此四人。」使者回报李傕。傕曰：「求赦不得，各自逃生可也。」谋士贾诩曰：「诸君若弃军单行，则一亭长能缚君矣。不若诱集陕人，并本部军马，杀入长安，与董卓报雠。事济，奉朝廷以正天下；若其不胜，走亦未迟。」",same_body_paragraph
董卓,赵云,1,1,7,"Chapter 7, P007-015: 却说袁绍输了一阵，坚守不出。两军相拒月余，有人来长安报知董卓。李儒对卓曰：「袁绍与公孙瓒，亦当今豪杰。见在磐河厮杀，宜假天子之诏，差人往和解之。二人感德，必顺太师矣。」卓大喜。次日便使太傅马日䃅、太仆赵岐，赍诏前去。二人来至河北，绍出迎于百里之外，再拜奉诏。次日二人至瓒营宣谕，瓒乃遣使致书于绍，互相讲和；二人自回京复命。瓒即日班师，又表荐刘玄德为平原相。玄德与赵云分别，执手垂泪，不忍相离。云叹曰：「某日误认公孙瓒为英雄；今观所为，亦袁绍等辈耳！」玄德曰：「公且屈身事之，相见有日。」洒泪而别。",same_body_paragraph
董卓,邓艾,1,1,120,"Chapter 120, P120-047: 高祖提剑入咸阳，炎炎红日升扶桑。光武龙兴成大统，金乌飞上天中央。哀哉献帝绍海宇，红轮西坠咸池傍！何进无谋中贵乱，凉州董卓居朝堂。王允定计诛逆党，李傕郭泛兴刀枪。四方盗贼如蚁聚，六合奸雄皆鹰扬。孙坚孙策起江左，袁绍袁术兴河梁。刘焉父子据巴蜀，刘表军旅屯荆襄。张修张鲁霸南郑，马腾韩遂守西凉。陶谦张绣公孙瓒，各逞雄才占一方。曹操专权居相府，牢笼英俊用文武。威震天子令诸侯，总领貔貅镇中土。楼桑玄德本皇孙，义结关张愿扶主。东西奔走恨无家，将寡兵微作羁旅。南阳三顾情可深，卧龙一见分寰宇。先取荆州后取川，霸业王图在天府。呜呼三载逝升遐，白帝托孤堪痛楚！孔明六出祁山前，愿以只手将天补。何期历数到此终，长星半夜落山坞！姜维独凭气力高，九伐中原空劬劳。钟会邓艾分兵进，汉室江山尽属曹。丕、叡、芳、髦才及奂，司马又将天下交。受禅台前云雾起，石头城下无波涛。陈留归命与安乐，王侯公爵从根苗。纷纷世事无穷尽，天数茫茫不可逃。鼎足三分已成梦，后人凭吊空牢骚。",same_body_paragraph
董卓,郭淮,1,1,93,"Chapter 93, P093-010: 三军鼓角己罢，司徒王朗乘马而出。上首乃都督曹真，下首乃副都督郭淮：两个先锋压住阵角。探子马出军前，大叫曰：「请对阵主将答话！」只见蜀兵门旗开处，关兴、张苞，分左右而出，立马于两边；次后一队队骁将分列；门旗影下，中央一辆四轮车，孔明端坐车中，纶巾羽扇，素衣皂（左糸右条），飘然而出。孔明举目见魏阵前三个麾盖，旗上大书姓名，中央白髯老者，乃军师司徒王朗。孔明暗忖曰：「王朗必不说词，吾当随机应之。」遂教推车出阵外，令护军小校传曰：「汉丞相与司徒会话。」王朗纵马而出。孔明于车上拱手，王朗在马上欠身答礼。朗曰：「久闻公之大名，今幸一会。公既知天命、识时务，何故兴无名之师？」孔明曰：「吾奉诏讨贼，何谓无名？」朗曰：「天数有变，神器更易，而归有德之人，此自然之理也。曩自桓、灵以来，黄巾倡乱，天下争横。降至初平、建安之岁，董卓造逆，傕、汜继虐；袁术僭号于寿春，袁绍称雄于邺上；刘表占据荆州，吕布虎吞徐郡：盗贼蜂起，奸雄鹰扬，社稷有累卵之危，生灵有倒悬之急。我太祖武皇帝，扫清六合，席卷八荒；万姓倾心，四方迎德：非以权势取之，实天命所归也。世祖文帝，神圣文武，以膺大统，应天合人，法尧禅舜，处中国以治万邦，岂非天心人意乎？今公蕴大才，报大器，欲自比于管乐，何乃强欲逆天理，背人情而行事耶？岂不闻古人云：『顺天者昌，逆天者亡。」今我大魏带甲百万，良将千员。谅腐草之萤光，怎及天心之皓月？公可倒戈卸甲，以礼来降，不失封侯之位。国安民乐，岂不美哉！」孔明在车上大笑曰：「吾以为汉朝大老元臣，必有高论，岂期出此鄙言！吾有一言，诸军静听：昔桓、灵之世，汉统陵替，宦官酿祸；国乱岁凶，四方扰攘。黄巾之后，董卓、傕、汜等接踵而起，迁劫汉帝，残暴生灵。因庙堂之上，朽木为官；殿陛之间，禽兽食禄。狼心狗行之辈，滚滚当朝；奴颜婢膝之徒，纷纷秉政。以致社稷邱墟，苍生涂炭。吾素知汝所行！世居东海之滨，初举孝廉入仕。理合匡君辅国，安汉兴刘；何期反助逆贼，同谋篡位！罪恶深重，天地不容！天下之人，愿食汝肉！」「今幸天意不绝炎汉，昭烈皇帝继统西川。吾今奉嗣君之旨，兴师讨贼。汝既为谄谀之臣，只可潜身缩首，苟图衣食；安敢在行伍之前，妄称天数耶！皓首匹夫！苍髯老贼！汝即日将归于九泉之下，何面目见二十四帝乎！老贼速退！可叫反臣与吾共决胜负！」王朗听罢，气满胸膛，大叫一声，撞死于马下。后人有诗赞孔明曰：",same_body_paragraph
董卓,钟会,1,1,120,"Chapter 120, P120-047: 高祖提剑入咸阳，炎炎红日升扶桑。光武龙兴成大统，金乌飞上天中央。哀哉献帝绍海宇，红轮西坠咸池傍！何进无谋中贵乱，凉州董卓居朝堂。王允定计诛逆党，李傕郭泛兴刀枪。四方盗贼如蚁聚，六合奸雄皆鹰扬。孙坚孙策起江左，袁绍袁术兴河梁。刘焉父子据巴蜀，刘表军旅屯荆襄。张修张鲁霸南郑，马腾韩遂守西凉。陶谦张绣公孙瓒，各逞雄才占一方。曹操专权居相府，牢笼英俊用文武。威震天子令诸侯，总领貔貅镇中土。楼桑玄德本皇孙，义结关张愿扶主。东西奔走恨无家，将寡兵微作羁旅。南阳三顾情可深，卧龙一见分寰宇。先取荆州后取川，霸业王图在天府。呜呼三载逝升遐，白帝托孤堪痛楚！孔明六出祁山前，愿以只手将天补。何期历数到此终，长星半夜落山坞！姜维独凭气力高，九伐中原空劬劳。钟会邓艾分兵进，汉室江山尽属曹。丕、叡、芳、髦才及奂，司马又将天下交。受禅台前云雾起，石头城下无波涛。陈留归命与安乐，王侯公爵从根苗。纷纷世事无穷尽，天数茫茫不可逃。鼎足三分已成梦，后人凭吊空牢骚。",same_body_paragraph
董卓,陈宫,1,1,13,"Chapter 13, P013-004: 玄德领众出城三十里，接著吕布，并马入城。都到州衙厅上，讲礼毕，坐下。布曰：「某自与王司徒计杀董卓之后，又遭傕、汜之变，飘零关东，诸侯多不能相容。近因曹贼不仁，侵犯徐州蒙使君力救陶谦，布因袭兖州以分其势；不料反堕奸计，败兵折将。今投使君，共图大事，未审尊意如何？」玄德曰：「陶使君新逝，无人管领徐州，因令备权摄州事。今幸将军至此，合当相让。」遂将牌印与吕布。吕布却待要接，只见玄德背后关、张二公各有怒色。布乃佯笑曰：「量吕布一勇夫，何能作州牧乎？」玄德又让。陈宫曰：「『强宾不压主』，请使君勿疑。」玄德方止。遂设宴相待，收拾宅院安下。",same_body_paragraph
董卓,马腾,1,1,120,"Chapter 120, P120-047: 高祖提剑入咸阳，炎炎红日升扶桑。光武龙兴成大统，金乌飞上天中央。哀哉献帝绍海宇，红轮西坠咸池傍！何进无谋中贵乱，凉州董卓居朝堂。王允定计诛逆党，李傕郭泛兴刀枪。四方盗贼如蚁聚，六合奸雄皆鹰扬。孙坚孙策起江左，袁绍袁术兴河梁。刘焉父子据巴蜀，刘表军旅屯荆襄。张修张鲁霸南郑，马腾韩遂守西凉。陶谦张绣公孙瓒，各逞雄才占一方。曹操专权居相府，牢笼英俊用文武。威震天子令诸侯，总领貔貅镇中土。楼桑玄德本皇孙，义结关张愿扶主。东西奔走恨无家，将寡兵微作羁旅。南阳三顾情可深，卧龙一见分寰宇。先取荆州后取川，霸业王图在天府。呜呼三载逝升遐，白帝托孤堪痛楚！孔明六出祁山前，愿以只手将天补。何期历数到此终，长星半夜落山坞！姜维独凭气力高，九伐中原空劬劳。钟会邓艾分兵进，汉室江山尽属曹。丕、叡、芳、髦才及奂，司马又将天下交。受禅台前云雾起，石头城下无波涛。陈留归命与安乐，王侯公爵从根苗。纷纷世事无穷尽，天数茫茫不可逃。鼎足三分已成梦，后人凭吊空牢骚。",same_body_paragraph
董承,袁绍,1,1,24,"Chapter 24, P024-007: 操谕监宫官曰：「今后但有外戚宗族，不奉吾旨，辄入宫门者斩。守御不严，与同罪。」又拨心腹人三千充御林军，令曹洪统领，以为防察。操谓程昱曰：「今董承等虽诛，尚有马腾，刘备，亦在此数，不可不除。」昱曰：「马腾屯军西凉，未可轻取；但当以书慰劳，勿使生疑，诱入京师图之，可也。刘备现在徐州，分布掎角之势，亦不可轻敌。况今袁绍屯兵官渡，常有图许都之心。若我一旦东征，刘备势必求救于绍。绍趁虚来袭，何以当之？」操曰：「非也，备乃人杰也。今若不击，待其羽翼既成，急难图矣。袁绍虽强，事多怀疑不决，何足忧乎？」",same_body_paragraph
董承,许褚,1,1,21,"Chapter 21, P021-016: 次日，玄德面奏献帝。操令玄德总督五万人马，又差朱灵、路昭二人同行。玄德辞帝，帝泣送之。玄德到寓，星夜收拾军军器鞍马，挂了将军印，催促便行。董承赶出十里长亭来送。玄德曰：「国舅忍耐，某次行必有以报命。」承曰：「公宜留意，勿负帝心。」二人分别。关，张在马上问曰：「兄今番出征，何故如此慌速？」玄德曰：「吾乃笼中鸟，网中鱼。此一行如鱼入大海，鸟上青霁，不受笼网之羁绊也。」因命关，张催朱灵，路昭，军马速行。时郭嘉，程昱，考较钱粮方回，知曹操已遣玄德进兵徐州，慌入谏曰：「丞相何故令刘备督军？」操曰：「欲截袁术耳。」程昱曰：「昔刘备为豫州牧时，某等请杀之，丞相不听；今日又与之兵，此放龙入海，纵虎归山也。后欲治之，其可得乎？」郭嘉曰：「丞相纵不杀备，亦不当使之去。古人云：『一日纵敌，万世之患。』望丞相察之。」操然其言，遂令许褚将兵五百前往，务要追玄德转来。许褚应诺而去。",same_body_paragraph
董承,贾诩,1,1,78,"Chapter 78, P078-018: 次日，觉气冲上焦，目不见物，急召夏侯惇商议。惇至殿门前，忽见伏皇后、董贵人、二皇子、伏完、董承等，立在阴云之中。惇大惊昏倒，左右扶出，自此得病。操召曹洪、陈群、贾诩、司马懿等，同至卧榻前，嘱以后事。曹洪等顿首曰：「大王善保玉体，不日定当霍然。」操曰：「孤纵横天下三十余年，群雄皆灭，止有江东孙权，西蜀刘备，未曾剿除。孤今病危，不能再与卿等相叙，特以家事相托：孤长子曹昂，刘氏所生，不幸早年殁于宛城。今卞氏生四子：丕、彰、植、熊。孤平生所爱第三子植，为人虚华少诚实，嗜酒放纵，因此不立；次子曹彰，勇而无谋；四子曹熊，多病难保；惟长子曹丕，笃厚恭谨，可继我业。卿等宜辅佐之。」",same_body_paragraph
董承,郭嘉,1,1,21,"Chapter 21, P021-016: 次日，玄德面奏献帝。操令玄德总督五万人马，又差朱灵、路昭二人同行。玄德辞帝，帝泣送之。玄德到寓，星夜收拾军军器鞍马，挂了将军印，催促便行。董承赶出十里长亭来送。玄德曰：「国舅忍耐，某次行必有以报命。」承曰：「公宜留意，勿负帝心。」二人分别。关，张在马上问曰：「兄今番出征，何故如此慌速？」玄德曰：「吾乃笼中鸟，网中鱼。此一行如鱼入大海，鸟上青霁，不受笼网之羁绊也。」因命关，张催朱灵，路昭，军马速行。时郭嘉，程昱，考较钱粮方回，知曹操已遣玄德进兵徐州，慌入谏曰：「丞相何故令刘备督军？」操曰：「欲截袁术耳。」程昱曰：「昔刘备为豫州牧时，某等请杀之，丞相不听；今日又与之兵，此放龙入海，纵虎归山也。后欲治之，其可得乎？」郭嘉曰：「丞相纵不杀备，亦不当使之去。古人云：『一日纵敌，万世之患。』望丞相察之。」操然其言，遂令许褚将兵五百前往，务要追玄德转来。许褚应诺而去。",same_body_paragraph
董承,马超,1,1,57,"Chapter 57, P057-021: 当日奉诏，乃与长子马超商议曰：「吾自与董承受衣带诏以来，与刘玄德约共讨贼，不幸董承已死，玄德屡败。我又僻处西凉，未能协助玄德。今闻玄德已得荆州，我正欲展昔日之志，而曹操反来召我，当是如何？」马超曰：「操奉天子之命以召父亲，今若不往，彼必以逆命责我矣。当乘其来召，竟往京师，于中取事，则昔日之志可展也。」",same_body_paragraph
蔡瑁,魏延,1,1,41,"Chapter 41, P041-007: 刘琮闻玄德至，惧而不出。蔡瑁、张允，迳来敌楼上，叱军士乱箭射下。城外百姓，皆望敌楼而哭。城中忽有一将，引数百人迳上城楼，大喝：「蔡瑁、张允，卖国之贼！刘使君乃仁德之人，今为救民而来投，何得相拒！」众观其人，身长八尺，面如重枣；乃义阳人也，姓魏，名延，字文长。",same_body_paragraph
袁绍,邓艾,1,1,120,"Chapter 120, P120-047: 高祖提剑入咸阳，炎炎红日升扶桑。光武龙兴成大统，金乌飞上天中央。哀哉献帝绍海宇，红轮西坠咸池傍！何进无谋中贵乱，凉州董卓居朝堂。王允定计诛逆党，李傕郭泛兴刀枪。四方盗贼如蚁聚，六合奸雄皆鹰扬。孙坚孙策起江左，袁绍袁术兴河梁。刘焉父子据巴蜀，刘表军旅屯荆襄。张修张鲁霸南郑，马腾韩遂守西凉。陶谦张绣公孙瓒，各逞雄才占一方。曹操专权居相府，牢笼英俊用文武。威震天子令诸侯，总领貔貅镇中土。楼桑玄德本皇孙，义结关张愿扶主。东西奔走恨无家，将寡兵微作羁旅。南阳三顾情可深，卧龙一见分寰宇。先取荆州后取川，霸业王图在天府。呜呼三载逝升遐，白帝托孤堪痛楚！孔明六出祁山前，愿以只手将天补。何期历数到此终，长星半夜落山坞！姜维独凭气力高，九伐中原空劬劳。钟会邓艾分兵进，汉室江山尽属曹。丕、叡、芳、髦才及奂，司马又将天下交。受禅台前云雾起，石头城下无波涛。陈留归命与安乐，王侯公爵从根苗。纷纷世事无穷尽，天数茫茫不可逃。鼎足三分已成梦，后人凭吊空牢骚。",same_body_paragraph
袁绍,郭汜,1,1,11,"Chapter 11, P011-019: 正商议间，忽流星马飞报「祸事！」。操问其故，报说吕布已袭破兖州，进据濮阳。原来吕布自遭李、郭之乱，逃出武关，去投袁术；术怪吕布反复不定，拒而不纳。投袁绍，绍纳之，与布共破张燕于常山；布自以为得志，傲慢袁绍手下将士。绍欲杀之，布乃去投张扬，扬纳之。时庞舒在长安城中，私藏吕布妻小，送还吕布。李傕、郭汜知之，遂斩庞舒，写书与张扬，教杀吕布；布因弃张扬去投张邈。恰好张邈弟张超引陈宫来见张邈。宫说邈曰：「今天下分崩，英雄并起，君以千里之众，而反受制于人，不亦鄙乎！今曹操征东，兖州空虚，而吕布乃当世勇士，若与之共取兖州，伯业可图也。」张邈大喜，便令吕布袭破兖州，随据濮阳。止有鄄城，东阿，范县三处，被荀彧、程昱设计死守得全，其余俱破。曹仁屡战，皆不能胜，特此告急。",same_body_paragraph
袁绍,郭淮,1,1,93,"Chapter 93, P093-010: 三军鼓角己罢，司徒王朗乘马而出。上首乃都督曹真，下首乃副都督郭淮：两个先锋压住阵角。探子马出军前，大叫曰：「请对阵主将答话！」只见蜀兵门旗开处，关兴、张苞，分左右而出，立马于两边；次后一队队骁将分列；门旗影下，中央一辆四轮车，孔明端坐车中，纶巾羽扇，素衣皂（左糸右条），飘然而出。孔明举目见魏阵前三个麾盖，旗上大书姓名，中央白髯老者，乃军师司徒王朗。孔明暗忖曰：「王朗必不说词，吾当随机应之。」遂教推车出阵外，令护军小校传曰：「汉丞相与司徒会话。」王朗纵马而出。孔明于车上拱手，王朗在马上欠身答礼。朗曰：「久闻公之大名，今幸一会。公既知天命、识时务，何故兴无名之师？」孔明曰：「吾奉诏讨贼，何谓无名？」朗曰：「天数有变，神器更易，而归有德之人，此自然之理也。曩自桓、灵以来，黄巾倡乱，天下争横。降至初平、建安之岁，董卓造逆，傕、汜继虐；袁术僭号于寿春，袁绍称雄于邺上；刘表占据荆州，吕布虎吞徐郡：盗贼蜂起，奸雄鹰扬，社稷有累卵之危，生灵有倒悬之急。我太祖武皇帝，扫清六合，席卷八荒；万姓倾心，四方迎德：非以权势取之，实天命所归也。世祖文帝，神圣文武，以膺大统，应天合人，法尧禅舜，处中国以治万邦，岂非天心人意乎？今公蕴大才，报大器，欲自比于管乐，何乃强欲逆天理，背人情而行事耶？岂不闻古人云：『顺天者昌，逆天者亡。」今我大魏带甲百万，良将千员。谅腐草之萤光，怎及天心之皓月？公可倒戈卸甲，以礼来降，不失封侯之位。国安民乐，岂不美哉！」孔明在车上大笑曰：「吾以为汉朝大老元臣，必有高论，岂期出此鄙言！吾有一言，诸军静听：昔桓、灵之世，汉统陵替，宦官酿祸；国乱岁凶，四方扰攘。黄巾之后，董卓、傕、汜等接踵而起，迁劫汉帝，残暴生灵。因庙堂之上，朽木为官；殿陛之间，禽兽食禄。狼心狗行之辈，滚滚当朝；奴颜婢膝之徒，纷纷秉政。以致社稷邱墟，苍生涂炭。吾素知汝所行！世居东海之滨，初举孝廉入仕。理合匡君辅国，安汉兴刘；何期反助逆贼，同谋篡位！罪恶深重，天地不容！天下之人，愿食汝肉！」「今幸天意不绝炎汉，昭烈皇帝继统西川。吾今奉嗣君之旨，兴师讨贼。汝既为谄谀之臣，只可潜身缩首，苟图衣食；安敢在行伍之前，妄称天数耶！皓首匹夫！苍髯老贼！汝即日将归于九泉之下，何面目见二十四帝乎！老贼速退！可叫反臣与吾共决胜负！」王朗听罢，气满胸膛，大叫一声，撞死于马下。后人有诗赞孔明曰：",same_body_paragraph
袁绍,钟会,1,1,120,"Chapter 120, P120-047: 高祖提剑入咸阳，炎炎红日升扶桑。光武龙兴成大统，金乌飞上天中央。哀哉献帝绍海宇，红轮西坠咸池傍！何进无谋中贵乱，凉州董卓居朝堂。王允定计诛逆党，李傕郭泛兴刀枪。四方盗贼如蚁聚，六合奸雄皆鹰扬。孙坚孙策起江左，袁绍袁术兴河梁。刘焉父子据巴蜀，刘表军旅屯荆襄。张修张鲁霸南郑，马腾韩遂守西凉。陶谦张绣公孙瓒，各逞雄才占一方。曹操专权居相府，牢笼英俊用文武。威震天子令诸侯，总领貔貅镇中土。楼桑玄德本皇孙，义结关张愿扶主。东西奔走恨无家，将寡兵微作羁旅。南阳三顾情可深，卧龙一见分寰宇。先取荆州后取川，霸业王图在天府。呜呼三载逝升遐，白帝托孤堪痛楚！孔明六出祁山前，愿以只手将天补。何期历数到此终，长星半夜落山坞！姜维独凭气力高，九伐中原空劬劳。钟会邓艾分兵进，汉室江山尽属曹。丕、叡、芳、髦才及奂，司马又将天下交。受禅台前云雾起，石头城下无波涛。陈留归命与安乐，王侯公爵从根苗。纷纷世事无穷尽，天数茫茫不可逃。鼎足三分已成梦，后人凭吊空牢骚。",same_body_paragraph
袁绍,顾雍,1,1,43,"Chapter 43, P043-027: 张昭知孙权欲兴兵，遂与众议曰：「中了孔明之计也！」急入见权曰：「昭等闻主公将兴兵与曹操争锋。主公自思比袁绍若何？曹操向日兵微将寡，尚能一鼓克袁绍，何况今日拥百万之众南征，岂可轻敌？若听诸葛亮之言，妄动甲兵，此所谓负薪救火也。」孙权只低头不语。顾雍曰：「刘备因为曹操所败，故欲借我江东之兵以拒之，主公奈何为其所用乎？愿听子布之言。」",same_body_paragraph
许攸,诸葛亮,1,1,45,"Chapter 45, P045-002: 周瑜分拨已定，使人请孔明议事。孔明至中军帐，叙礼毕。瑜曰：「昔曹操兵少，袁绍兵多，而操反胜绍者，因用许攸之谋，先断乌巢之粮也。今操兵八十三万，我兵只五六万，安能拒之？亦必须先断操之粮，然后可破。我已探知操军粮草，俱屯于聚铁山。先生久居汉上，熟知地理。敢烦先生与关，张，子龙，辈－吾亦助兵千人－星夜往聚铁山断操粮道。彼此各为主人之事，幸勿推调。」",same_body_paragraph
许攸,贾诩,1,1,30,"Chapter 30, P030-020: 次日，操自选马步军士五千，准备往乌巢劫粮。张辽曰：「袁绍屯粮之所，安得无备？丞相未可轻往。恐许攸有诈。」操曰：「不然。许攸此来，天败袁绍。今吾军粮不给，难以久持；若不用许攸之计，是坐而待困也。彼若有诈，安肯留我寨中？且吾亦欲劫寨久矣。今劫粮之举，计在必行，君请勿疑。」辽曰：「亦须防袁绍乘虚来袭。」操笑曰：「吾已筹之熟矣。」便教荀攸、贾诩、曹洪同许攸守大寨，夏侯惇、夏侯渊领一军伏于左，曹仁、李典领一军伏于右，以备不虞。教张辽、许褚在前，徐晃、于禁在后，操自引诸将居中，共五千人马，打著袁军旗号，军士皆束草负薪，人衔枚，马勒口，黄昏时分，望乌巢进发。是夜星光满天。",same_body_paragraph
许攸,赵云,1,1,45,"Chapter 45, P045-002: 周瑜分拨已定，使人请孔明议事。孔明至中军帐，叙礼毕。瑜曰：「昔曹操兵少，袁绍兵多，而操反胜绍者，因用许攸之谋，先断乌巢之粮也。今操兵八十三万，我兵只五六万，安能拒之？亦必须先断操之粮，然后可破。我已探知操军粮草，俱屯于聚铁山。先生久居汉上，熟知地理。敢烦先生与关，张，子龙，辈－吾亦助兵千人－星夜往聚铁山断操粮道。彼此各为主人之事，幸勿推调。」",same_body_paragraph
许褚,郭汜,1,1,14,"Chapter 14, P014-008: 出了洛阳，行无一箭之地，但见尘头蔽日，金鼓喧天，无限人马到来，帝、后战栗不能言。忽见一骑飞来，乃前差往山东之使命也；至车前拜启曰：「曹将军尽起山东之兵，应诏前来。闻李傕、郭汜犯洛阳，先差夏侯惇为先锋，引上将十员，精兵五万，前来保驾。」帝心方安。少顷，夏侯惇引许褚，典韦等，至驾前面君，俱以军礼见。帝慰谕方毕，忽报正东又有一路军到。帝即命夏侯惇往探之，回奏曰：「乃曹操步军也。」",same_body_paragraph
许褚,钟会,1,1,116,"Chapter 116, P116-003: 会视之，乃虎将许褚之子许仪也。众皆曰：「非此人不可为先锋。」会唤许仪曰：「汝乃虎体猿臂之将，父子有名：今众将亦皆保汝，汝可挂先锋印，领五千马军，一千步军，径取汉中。分兵三路：汝领中路，出斜谷：左军出骆谷；右军出子午谷。此皆崎岖山险之地，当令军填平道路，修理桥梁，凿山破石，勿使阻碍；如违必按军法。」许仪受命，领兵而进。钟会随后提十万余众，星夜起程。",same_body_paragraph
许褚,马腾,1,1,57,"Chapter 57, P057-028: 次日，马腾领著西凉兵马，将次近城，只见前面一簇红旗，打著丞相旗号。马腾只道曹操自来点军，拍马向前。忽听得一声砲响，红旗开处，弓弩齐发。一将当先，乃曹洪也。马腾急拨马回时，两下喊声又起。左边许褚杀来，右边夏侯渊杀来，后面又是徐晃领兵杀至，截断西凉军马，将马腾父子三人困在垓心。",same_body_paragraph
许褚,魏延,1,1,72,"Chapter 72, P072-011: 操正疑惑间，又报张飞，魏延，分兵劫粮。操问曰：「谁敢敌张飞？」许褚曰：「某愿往！」操令许褚引一千精兵，去阳平关路上护接粮草。解粮官接著，喜曰：「若非将军到此，粮不得到阳平矣。」遂将车上的酒肉，献与许褚。褚痛饮，不觉大醉，便乘酒兴，催粮车行。解粮官曰：「日已暮矣，前褒州之地，山势险恶，未可过去。」褚曰：「吾有万夫之勇，岂惧他人哉！今夜乘著月色，正好使粮车行走。」",same_body_paragraph
诸葛亮,钟会,1,1,120,"Chapter 120, P120-047: 高祖提剑入咸阳，炎炎红日升扶桑。光武龙兴成大统，金乌飞上天中央。哀哉献帝绍海宇，红轮西坠咸池傍！何进无谋中贵乱，凉州董卓居朝堂。王允定计诛逆党，李傕郭泛兴刀枪。四方盗贼如蚁聚，六合奸雄皆鹰扬。孙坚孙策起江左，袁绍袁术兴河梁。刘焉父子据巴蜀，刘表军旅屯荆襄。张修张鲁霸南郑，马腾韩遂守西凉。陶谦张绣公孙瓒，各逞雄才占一方。曹操专权居相府，牢笼英俊用文武。威震天子令诸侯，总领貔貅镇中土。楼桑玄德本皇孙，义结关张愿扶主。东西奔走恨无家，将寡兵微作羁旅。南阳三顾情可深，卧龙一见分寰宇。先取荆州后取川，霸业王图在天府。呜呼三载逝升遐，白帝托孤堪痛楚！孔明六出祁山前，愿以只手将天补。何期历数到此终，长星半夜落山坞！姜维独凭气力高，九伐中原空劬劳。钟会邓艾分兵进，汉室江山尽属曹。丕、叡、芳、髦才及奂，司马又将天下交。受禅台前云雾起，石头城下无波涛。陈留归命与安乐，王侯公爵从根苗。纷纷世事无穷尽，天数茫茫不可逃。鼎足三分已成梦，后人凭吊空牢骚。",same_body_paragraph
诸葛瑾,贾诩,1,1,85,"Chapter 85, P085-009: 正议之间，忽探马报：「曹真、夏侯尚围了南郡，被陆逊伏兵于内，诸葛瑾伏兵于外，内外夹攻，因此大败。」言未毕，忽探马又报：「曹休亦被吕范杀败。」丕听知三路兵败，乃喟然叹曰：「朕不听贾诩、刘晔之言，果有此败！」时值夏天，大疫流行，马步军十死六七，遂引军回洛阳。吴、魏自此不和。",same_body_paragraph
诸葛瑾,黄盖,1,1,43,"Chapter 43, P043-018: 于是黄盖与鲁肃引孔明入；至中门，正遇诸葛瑾，孔明施礼。瑾曰：「贤弟既到江东，如何不来见我？」孔明曰：「弟既事豫州，理宜先公后私，公事未毕，不敢及私。望兄见谅。」瑾曰：「贤弟见过吴侯，却来叙话。」说罢自去。",same_body_paragraph
费祎,赵云,1,1,88,"Chapter 88, P088-009: 孔明曰：「这番生擒，如又不服，必无轻恕。」令左右去其绳索，仍前赐以酒食，列坐于帐上。孔明曰：「吾自出茅庐，战无不胜，攻无不取。汝蛮邦之人，何为不服？」获默然不答。孔明酒后，唤孟获同上马出寨，看视诸营寨栅所屯粮草，所积军器。孔明指谓获曰：「汝不降吾，真愚人也；吾有如此之精兵猛将，粮草器械，汝安能胜吾哉？汝若早降，吾当奏闻天子，令汝不先王位，子子孙孙，永镇蛮邦。意下若何？」获曰：「某虽肯降，怎奈洞中之人，未肯心服。若丞相肯再放回去，就当招安本部人马，同心合胆，方可归顺。」孔明欣然，又与孟获回到大寨，饮酒至晚。获辞去，孔明亲自送至泸水边，以船送获归寨。孟获来到本寨，先伏刀斧手于帐下，差心腹人到董荼那、阿会喃寨中，只推孔明有使命在，将二人赚到大寨帐下，尽皆杀之，弃尸于涧。孟获随即遣亲信之人，把守隘口，自引军出了夹山谷，要与马岱交战，却并不见一人；及问土人，皆言昨夜尽搬粮草复渡泸水，归大寨去了。获再回洞中，与亲弟孟优商议曰：「如今诸葛亮之虚实，吾已尽知，汝可去如此如此。」孟优领了兄计，引百余蛮兵，搬载金珠、宝贝、象牙、犀角之类，渡了泸水，迳投孔明大寨而来；方才过了河时，前面鼓角齐鸣，一彪军摆开，为首大将，乃马岱也。孟优大惊。岱问了来情，令在外厢，差人来报孔明。孔明正在帐中与马谡，吕凯，蒋琬，费祎等，共议平蛮之事，忽帐下一人，报称孟获差弟孟优来进宝贝。孔明回顾马谡曰；「汝知其来意否？」谡曰：「不敢明言。容某暗写于纸上，呈与丞相，看合钧意否？」孔明从之。马谡写讫，呈与孔明。孔明看毕，抚掌大笑曰：「擒孟获之计，吾已差派下也。汝之所见，正与吾同。」遂唤赵云入，向耳畔分付如此如此；又唤魏延入，亦低言分付；又唤王平、马忠、关索入，亦各密地分付。各人受了计策，皆依令而去，方召孟优入帐。优再拜于帐下曰：「家兄孟获，感丞相活命之恩，无可奉献，辄具金珠宝贝若干，权为赏军之资。续后别有贡天子礼物。」孔明曰：「汝兄今在何处？」优曰：「为感丞相大恩，迳往银坑山中收拾宝物去了，少时便回来也。」孔明曰：「汝带多少人来？」优曰：「不敢多带：只是随行百余人，皆运货物者。」孔明尽教入帐看时，皆是青眼黑面，黄发紫须，耳带金环，鬅头跣足，长力大之士。孔明就令随席而坐，教诸将劝酒，慇懃相待。",same_body_paragraph
贾诩,邓芝,1,1,86,"Chapter 86, P086-016: 却说吴王见张温入蜀未还，乃聚文武商议。忽近臣奏曰；「蜀遣邓芝同张温入国答礼。」权召入。张温拜于殿前，备称后主、孔明之德，愿求永结盟好，特遣邓尚书又来答礼。权大喜，乃设宴待之。权问邓芝曰：「若吴、蜀二国同心灭魏，得天下太平，二主分治，岂不乐乎？」芝答曰：「『天无二日，民无二王』。如灭魏之后，未识天命所归何人。但为君者，各修其德；为臣者，各尽其忠，则战争方息耳。」权大笑曰：「君之诚款，乃如是耶！」遂厚赠邓芝还蜀。自此吴、蜀通好。却说魏国细作人探知此事，火速报入中原。魏主曹丕听知，大怒曰：「吴、蜀连和，必有图中原之意也。不若朕先伐之。」于是大集文武，商议起兵伐吴。此时大司马曹仁、太尉贾诩已亡。侍中辛毗出班奏曰：「中原之地，土阔民稀，而欲用兵，未见其利。今日之计，莫若养兵屯田十年，足食足兵，然后用之，则吴、蜀方可破也。」丕怒曰：「此迂儒之论也！今吴、蜀连和，早晚必来侵境，何暇等待十年？」即传旨起兵伐吴。司马懿奏曰：「吴有长江之险，非船莫渡。陛下必御驾亲征，可选大小战船，从蔡颍而入淮，取寿春，至广陵，渡江口，迳取南徐：此为上策。」",same_body_paragraph
贾诩,鲁肃,1,1,82,"Chapter 82, P082-006: 权大喜，即写表称臣，令赵咨为使。星夜到了许都，先见太尉贾诩等，并大小官僚。次日早朝，贾诩出班奏曰：「东吴遣中大夫赵咨上表。」曹丕笑曰：「此欲退蜀兵故也。」即令召入。咨拜伏于丹墀。丕览表毕，遂问咨曰：「吴侯乃何如主也？」咨曰：「聪明仁智雄略之主也。」丕笑曰：「卿褒奖毋乃太甚？」咨曰：「臣非过誉也。吴侯纳鲁肃于凡品，是其聪明也；拔吕蒙于行阵，是其明也；获于禁而不害，是其仁也；取荆州兵不血刃，是其智也；据三江虎视天下，是其雄也；屈身于陛下，是其略也：--以此论之，岂不为聪明仁智雄略之主乎？」",same_body_paragraph
赵云,陈登,1,1,11,"Chapter 11, P011-021: 且说来使回徐州，入城见陶谦，呈上书札，言曹兵已退。谦大喜，差人请孔融，田楷，云长，子龙等赴城大会。饮宴既毕，谦延玄德于上座，拱手对众曰：「老夫年迈，二子不才，不堪国家重任。刘公乃帝室之胄，德广才高，可领徐州。老夫情愿乞闲养病。」玄德曰：「孔文举令备来救徐州，为义也；今无端据而有之，天下将以备为无义人矣。」糜竺曰：「今汉室陵迟，海宇颠覆，树功立业，正在此时。徐州殷富，户口百万，刘使君领此，不可辞也。」玄德曰：「此事决不敢应命。」陈登曰：「陶府君多病，不能视事，明公勿辞。」玄德曰：「袁公路四世三公，海内所归，近在寿春，何不以州让之？」孔融曰：「袁公路冢中枯骨，何足挂齿！今日之事，天与不取，悔不可追。」",same_body_paragraph
邓艾,马腾,1,1,120,"Chapter 120, P120-047: 高祖提剑入咸阳，炎炎红日升扶桑。光武龙兴成大统，金乌飞上天中央。哀哉献帝绍海宇，红轮西坠咸池傍！何进无谋中贵乱，凉州董卓居朝堂。王允定计诛逆党，李傕郭泛兴刀枪。四方盗贼如蚁聚，六合奸雄皆鹰扬。孙坚孙策起江左，袁绍袁术兴河梁。刘焉父子据巴蜀，刘表军旅屯荆襄。张修张鲁霸南郑，马腾韩遂守西凉。陶谦张绣公孙瓒，各逞雄才占一方。曹操专权居相府，牢笼英俊用文武。威震天子令诸侯，总领貔貅镇中土。楼桑玄德本皇孙，义结关张愿扶主。东西奔走恨无家，将寡兵微作羁旅。南阳三顾情可深，卧龙一见分寰宇。先取荆州后取川，霸业王图在天府。呜呼三载逝升遐，白帝托孤堪痛楚！孔明六出祁山前，愿以只手将天补。何期历数到此终，长星半夜落山坞！姜维独凭气力高，九伐中原空劬劳。钟会邓艾分兵进，汉室江山尽属曹。丕、叡、芳、髦才及奂，司马又将天下交。受禅台前云雾起，石头城下无波涛。陈留归命与安乐，王侯公爵从根苗。纷纷世事无穷尽，天数茫茫不可逃。鼎足三分已成梦，后人凭吊空牢骚。",same_body_paragraph
邓芝,马超,1,1,65,"Chapter 65, P065-027: 玄德从之，设一大宴，请刘璋收拾财物，佩领振威将军印绶，将妻子良贱，尽赴南郡公安住歇，即日起行。玄德自领益州牧，其所降文武，尽皆重赏，定拟名爵。严颜为前将军，法正为蜀郡太守，董和为掌军中郎将，许靖为左将军长史，庞义为营中司马，刘巴为左将军，黄权为右将军。其余吴懿，费观，彭羕，卓膺，李严，吴兰，雷同，李恢，张翼，秦宓，谯周，吕义，霍峻，邓芝，杨洪，周群，费袆，费诗，孟达，……文武投降官员，共六十余人，并皆擢用。诸葛亮军师，关云长为荡寇将军汉寿亭侯，张飞为征远将军新亭侯，赵云为镇远将军，黄忠为征西将军，魏延为扬武将军，马超为平西将军。孙干，简雍，糜竺、糜芳，刘封，关平，周仓，廖化，马良，马谡，蒋琬，伊籍，及旧日荆襄一班文武官员，尽皆升赏。遣使赍黄金五百斤，白银一千斤，钱五千万，蜀锦一千疋，赐与云长。其余官将，给赐有差。杀牛宰马，大饷士卒，开仓赈济百姓，军民大悦。",same_body_paragraph
邓芝,黄忠,1,1,65,"Chapter 65, P065-027: 玄德从之，设一大宴，请刘璋收拾财物，佩领振威将军印绶，将妻子良贱，尽赴南郡公安住歇，即日起行。玄德自领益州牧，其所降文武，尽皆重赏，定拟名爵。严颜为前将军，法正为蜀郡太守，董和为掌军中郎将，许靖为左将军长史，庞义为营中司马，刘巴为左将军，黄权为右将军。其余吴懿，费观，彭羕，卓膺，李严，吴兰，雷同，李恢，张翼，秦宓，谯周，吕义，霍峻，邓芝，杨洪，周群，费袆，费诗，孟达，……文武投降官员，共六十余人，并皆擢用。诸葛亮军师，关云长为荡寇将军汉寿亭侯，张飞为征远将军新亭侯，赵云为镇远将军，黄忠为征西将军，魏延为扬武将军，马超为平西将军。孙干，简雍，糜竺、糜芳，刘封，关平，周仓，廖化，马良，马谡，蒋琬，伊籍，及旧日荆襄一班文武官员，尽皆升赏。遣使赍黄金五百斤，白银一千斤，钱五千万，蜀锦一千疋，赐与云长。其余官将，给赐有差。杀牛宰马，大饷士卒，开仓赈济百姓，军民大悦。",same_body_paragraph
郭嘉,陈宫,1,1,19,"Chapter 19, P019-030: 却说曹操攻城，两月不下，忽报：「河内太守张扬出兵东市，欲救吕布；部将杨丑杀之，欲将头献丞相，欲被张扬心腹将眭固所杀，反投大城去了。」操闻报，即遣史涣追斩眭固。因聚众将曰：「张扬虽幸自灭，然北有袁绍之忧，东有表、绣之患，下邳久围不克。吾欲舍布还都，暂且息战，何如？」荀攸急止曰：「不可，吕布屡败，锐气已堕。军以将为主，将衰则军无战心。彼陈宫虽有谋而迟，今布之气未复，宫之谋未定，作速政之，布可擒也。」郭嘉曰：「某有一计，下邳城可立破，胜于二十万师。」荀彧曰：「莫非决沂、泗之水乎？」嘉笑曰：「正是此意。」",same_body_paragraph
郭嘉,陈登,1,1,24,"Chapter 24, P024-019: 且说曹操当夜取了小沛，随即进兵攻徐州。糜竺，简雍，守把不住，只弃城而走。陈登献了徐州。曹操大军入城，安民己毕，随唤众谋士议取下邛。荀彧曰：「云长保护玄德妻小，死守此城；若不速取，恐为袁绍所窃。」操曰：「吾素爱云长武艺人材，欲得之以为己用，不若令人说之使降。」郭嘉曰：「云长义气深重，必不肯降。若使人说之，恐被其害。」帐下一人出曰：「某与关公有一面之交，愿往说之。」众视之，乃张辽也。程昱曰：「文远虽与云长有旧，吾观此人，非可以言词说也。某有一计，使此人进退无路，然后用文远说之，彼必归丞相矣。」正是：整备窝弓射猛虎，安排香饵钓鳌鱼。未知其计若何，且看下文分解。",same_body_paragraph
郭汜,陈宫,1,1,11,"Chapter 11, P011-019: 正商议间，忽流星马飞报「祸事！」。操问其故，报说吕布已袭破兖州，进据濮阳。原来吕布自遭李、郭之乱，逃出武关，去投袁术；术怪吕布反复不定，拒而不纳。投袁绍，绍纳之，与布共破张燕于常山；布自以为得志，傲慢袁绍手下将士。绍欲杀之，布乃去投张扬，扬纳之。时庞舒在长安城中，私藏吕布妻小，送还吕布。李傕、郭汜知之，遂斩庞舒，写书与张扬，教杀吕布；布因弃张扬去投张邈。恰好张邈弟张超引陈宫来见张邈。宫说邈曰：「今天下分崩，英雄并起，君以千里之众，而反受制于人，不亦鄙乎！今曹操征东，兖州空虚，而吕布乃当世勇士，若与之共取兖州，伯业可图也。」张邈大喜，便令吕布袭破兖州，随据濮阳。止有鄄城，东阿，范县三处，被荀彧、程昱设计死守得全，其余俱破。曹仁屡战，皆不能胜，特此告急。",same_body_paragraph
郭汜,黄盖,1,1,9,"Chapter 9, P009-032: 吕布再三相劝，王允只是不肯去。不一时，各门火燄竟天，吕布只得弃却家小，引百余骑飞奔出关，投袁术去了。李傕、郭汜纵兵大掠，太常卿种拂，太仆鲁馗，大鸿胪周奂，城门校尉崔烈，越骑校尉王颀皆死于国难。贼兵围绕内庭至急，侍臣请天子上宣平门止乱。李傕等望见黄盖，约住军士，口呼万岁。献帝倚楼问曰：「卿不候奏请，辄入长安，意欲何为？」李傕、郭汜仰面奏曰：「董太师乃陛下社稷之臣，无端被王允谋杀，臣等特来报雠，非敢造反。但见王允，臣便退兵。」",same_body_paragraph
郭淮,黄忠,1,1,70,"Chapter 70, P070-019: 两个商议定了，黄忠引军下关，与张郃对阵：张郃出马，见了黄忠，笑曰：「你许大年纪，犹不识羞，尚欲出战耶！」忠怒曰：「竖子欺我年老！吾手中宝刀却不老！」遂拍马向前与郃决战。二马相交，约战二十余合，忽然背后喊声起。原来是严颜从小路抄在张郃军后。两军夹攻，张郃大败。连夜赶去，张郃兵退八九十里。黄忠，严颜，收兵入寨，俱各按兵不动。曹洪听知张郃轮了一阵，又欲见罪。郭淮曰：「张郃被逼，必投西蜀；今可遣将助之，就近监督，使不生外心。」",same_body_paragraph
钟会,马腾,1,1,120,"Chapter 120, P120-047: 高祖提剑入咸阳，炎炎红日升扶桑。光武龙兴成大统，金乌飞上天中央。哀哉献帝绍海宇，红轮西坠咸池傍！何进无谋中贵乱，凉州董卓居朝堂。王允定计诛逆党，李傕郭泛兴刀枪。四方盗贼如蚁聚，六合奸雄皆鹰扬。孙坚孙策起江左，袁绍袁术兴河梁。刘焉父子据巴蜀，刘表军旅屯荆襄。张修张鲁霸南郑，马腾韩遂守西凉。陶谦张绣公孙瓒，各逞雄才占一方。曹操专权居相府，牢笼英俊用文武。威震天子令诸侯，总领貔貅镇中土。楼桑玄德本皇孙，义结关张愿扶主。东西奔走恨无家，将寡兵微作羁旅。南阳三顾情可深，卧龙一见分寰宇。先取荆州后取川，霸业王图在天府。呜呼三载逝升遐，白帝托孤堪痛楚！孔明六出祁山前，愿以只手将天补。何期历数到此终，长星半夜落山坞！姜维独凭气力高，九伐中原空劬劳。钟会邓艾分兵进，汉室江山尽属曹。丕、叡、芳、髦才及奂，司马又将天下交。受禅台前云雾起，石头城下无波涛。陈留归命与安乐，王侯公爵从根苗。纷纷世事无穷尽，天数茫茫不可逃。鼎足三分已成梦，后人凭吊空牢骚。",same_body_paragraph
陆逊,马超,1,1,87,"Chapter 87, P087-002: 建兴三年，益州飞报：「蛮王孟获，大起蛮兵十万，犯境侵掠。建宁太守雍闿，乃汉朝什邡侯雍齿之后，今结连孟获造反。牂牁郡太守朱褒、越隽郡太守高定，二人献了城。止有永昌郡太守王伉不肯反。现今雍闿、朱褒、高定三人部下人马，皆与孟获为乡导官，攻打永昌郡。赖王伉与功曹吕凯，会集百姓，死守此城，其势甚急。」孔明乃入朝奏后主曰：「臣观南蛮不服，实国家之大患也。臣当自领大军，前去征讨。」后主曰：「东有孙权，北有曹丕；今相父弃朕而去，倘吴、魏来攻，如之奈何？」孔明日：「东吴方与我国讲和，料无异心；若有异心，李严在白帝城，此人可当陆逊也。曹丕新败，锐气已丧，未能远图；且有马超守把汉中诸处关口，不必忧也。臣又留关兴、张苞等分两军为救应，保陛下万无一失。今臣先去扫荡蛮方，然后北伐，以图中原，报先帝三顾之恩，托孤之重。」后主曰：「朕年幼无知，惟相父斟酌行之。」言未毕，班部内一人出曰：「不可！不可！」众视之，乃南阳人也：姓王，名连，字文仪；见为谏议大夫。连谏曰：「南方不毛之地，瘴疫之乡；丞相秉钧衡之重任，而自远征，非所宜也。且雍闿等乃疥癣之疾，丞相只须遣一大将讨之，必然成功。」孔明曰：「南蛮之地，离国甚远，人多不习王化，收伏甚难，吾当亲往征之。可刚可柔，别有斟酌，非可容易托人。」",same_body_paragraph
陆逊,黄盖,1,1,44,"Chapter 44, P044-024: 令毕，即差韩当、黄盖，为前部先锋，领本部战船，即日起行，前至三江口下寨，别听将令；蒋钦、周泰，为第二队；凌统、潘璋，为第三队；太史慈、吕蒙，为第四队；陆逊、董袭为第五队；吕范、朱治为四方巡警使。催督六队官军，水陆并进，克期取齐。",same_body_paragraph
顾雍,黄盖,1,1,44,"Chapter 44, P044-015: 孔明与鲁肃辞出，相别而去。次日清晨，孙权升堂。左边文官张昭、顾雍等三十余人；右边武官程普、黄盖等三十余人。衣冠济济，剑佩锵锵，分班侍立。",same_body_paragraph
马超,鲁肃,1,1,69,"Chapter 69, P069-013: 操欲封辂为太吏。辂曰：「命薄相穷，不称此职，不敢受也。」操问其故。答曰；「辂额无主骨，眼无守睛；鼻无梁柱，脚无天根；背无三甲，腹无三壬。只可泰山治鬼，不能治生人也。」操曰：「汝相吾若何﹖」辂曰：「位极人臣，又何必相﹖」再三问之，辂但笑而不答。操令辂遍相文武官僚。辂曰：「皆治世之臣也。」操问休咎，皆不肯尽言。后人有诗赞管辂曰：平明神卜管公明，能算南辰北斗星。八卦幽微通鬼窍，六爻玄奥究天庭。预知相法应无寿，」自觉心源极有灵。可惜当年奇异术，后人无复授遗经。操令卜东吴，西蜀二处。辂设卦云：「东吴主亡一大将，西蜀有兵犯界。」操不信。忽合淝报来：「东吴陆口守将鲁肃身故。」操大惊，便差人往汉中探听消息。不数日，飞报：「刘玄德遣张飞，马超屯兵下办取关。」操大怒，便欲自领兵再入汉中，令管辂卜之，辂曰：「大王未可妄动。来春许都必有火灾。」",same_body_paragraph
魏延,鲁肃,1,1,56,"Chapter 56, P056-017: 却说鲁肃回见周瑜，说玄德，孔明欢喜不疑，准备出城劳军。周瑜大笑曰：「原来今番也中了吾计！」便教鲁肃禀报吴侯，并遣程普引兵接应。周瑜此时箭疮已渐平愈，身躯无事，使甘宁为先锋，自与徐盛，丁奉为第二；凌统，吕蒙为后队。水陆大兵五百万，望荆州而来。周瑜在船中，时复欢笑，以为孔明中计。前军至夏口，周瑜问：「荆州有人在前面接否？」人报：「刘皇叔使糜竺来见都督。」瑜唤至，问劳军如何。糜竺曰：「主公皆准备安排下了。」瑜曰：「皇叔何在？」竺曰：「在荆州城门相等，与都督把盏。」瑜曰：「今为汝家之事，出兵远征；劳军之礼，休得轻易。」糜竺领了言语先回。战船密密排在江上，依次而进。看看至公安，并无一双军船，又无一人远接。周瑜催船速行。离荆州十余里，只见江面上静荡荡的。哨探的回报：「荆州城上，插两面白旗，并不见一人之影。」瑜心疑，教把船傍岸，亲自上岸，乘马带了甘宁，徐盛，丁奉一班军官，引亲随精军三千人，迳望荆州来。既至城下，并不见动静。瑜勒住马，令军士叫门。城上问是谁人。吴军答曰：「是东吴周都督亲自此。」言未毕，忽一声梆子响，城上一齐都竖起鎗刀。敌楼上赵云出曰：「都督此行，端的为何？」瑜曰：「吾替汝主取西川，汝岂犹未知耶？」云曰：「孔明军师已知都督『假途灭虢』之计，故留赵云在此。吾主公有言：『孤与刘璋，皆汉室宗亲，安忍背义而取西川？若汝东吴端的取蜀，吾当披发入山，不失信于天下也。』」周瑜闻之，勒马便回。只见一人打著令字旗，于马前报说：「探得四路军马，一齐杀到：关某从江陵杀来，张飞从秭归杀来，黄忠从公安杀来，魏延从彝陵小路杀来：四路正不知多少军马。喊声远近震动百余里，皆言要捉周瑜。」瑜马上大叫一声，箭鎗复裂，墬于马下。正是：一著掑高难对敌，几番算定总成空。不知周瑜性命如何，且看下文解。",same_body_paragraph
鲁肃,黄忠,1,1,56,"Chapter 56, P056-017: 却说鲁肃回见周瑜，说玄德，孔明欢喜不疑，准备出城劳军。周瑜大笑曰：「原来今番也中了吾计！」便教鲁肃禀报吴侯，并遣程普引兵接应。周瑜此时箭疮已渐平愈，身躯无事，使甘宁为先锋，自与徐盛，丁奉为第二；凌统，吕蒙为后队。水陆大兵五百万，望荆州而来。周瑜在船中，时复欢笑，以为孔明中计。前军至夏口，周瑜问：「荆州有人在前面接否？」人报：「刘皇叔使糜竺来见都督。」瑜唤至，问劳军如何。糜竺曰：「主公皆准备安排下了。」瑜曰：「皇叔何在？」竺曰：「在荆州城门相等，与都督把盏。」瑜曰：「今为汝家之事，出兵远征；劳军之礼，休得轻易。」糜竺领了言语先回。战船密密排在江上，依次而进。看看至公安，并无一双军船，又无一人远接。周瑜催船速行。离荆州十余里，只见江面上静荡荡的。哨探的回报：「荆州城上，插两面白旗，并不见一人之影。」瑜心疑，教把船傍岸，亲自上岸，乘马带了甘宁，徐盛，丁奉一班军官，引亲随精军三千人，迳望荆州来。既至城下，并不见动静。瑜勒住马，令军士叫门。城上问是谁人。吴军答曰：「是东吴周都督亲自此。」言未毕，忽一声梆子响，城上一齐都竖起鎗刀。敌楼上赵云出曰：「都督此行，端的为何？」瑜曰：「吾替汝主取西川，汝岂犹未知耶？」云曰：「孔明军师已知都督『假途灭虢』之计，故留赵云在此。吾主公有言：『孤与刘璋，皆汉室宗亲，安忍背义而取西川？若汝东吴端的取蜀，吾当披发入山，不失信于天下也。』」周瑜闻之，勒马便回。只见一人打著令字旗，于马前报说：「探得四路军马，一齐杀到：关某从江陵杀来，张飞从秭归杀来，黄忠从公安杀来，魏延从彝陵小路杀来：四路正不知多少军马。喊声远近震动百余里，皆言要捉周瑜。」瑜马上大叫一声，箭鎗复裂，墬于马下。正是：一著掑高难对敌，几番算定总成空。不知周瑜性命如何，且看下文解。",same_body_paragraph
